id,title,abstract,authors,year,doi,venue,source
REC_0003,Autonomous Navigation in GPS-Denied Environments Using Visual SLAM,"This paper presents the real-time implementation of a visual Simultaneous Localization and Mapping (SLAM) for indoor quadcopter navigation. The research aims to autonomously navigate in GPS-denied spaces by localization and mapping in real time. The proposed system integrates an Intel RealSense D435 depth camera, a Raspberry Pi 4B for onboard computation, a laser rangefinder for altitude measurement, and a Pixhawk 4 flight controller. The RTAB-Map SLAM is first tested in a simulation using ROS and Gazebo to ensure its robustness and further deployed in real-world experiments. The experiments carried out successfully demonstrated autonomous indoor UAV navigation with a quadcopter operating at a maximum speed of 0.5 m/s while maintaining a set altitude of 0.5 m with a mean path error and mean altitude deviation of 0.094 ? 0.031 m and 0.027 ? 0.005 m respectively, across different indoor environments, while producing 2D grid maps and 3D point cloud (PCL) maps. This work demonstrates that indoor autonomous UAV navigation can be realized using low-cost, off-the-shelf components and open-source SLAM techniques.",L. B. Jayswal; S. Khadka; A. K. Shah; B. Yonzan; B. Rimal; N. Bhattarai; D. Chieng; B. Nakarmi,2026,10.1109/ICTP67998.2026.11485150,,IEEE_Xplore
REC_0006,A Multi-Sensor Fusion Framework for Unmanned Aerial Vehicle (UAV) Navigation and Inspection in GPS-Denied and Degraded Environments,"Reliable autonomous navigation of Unmanned Aerial Vehicles (UAVs) in GPS-denied environments remains a significant challenge due to signal attenuation, spoofing, and jamming. Indoor environments such as warehouses and industrial facilities suffer from GPS degradation caused by structural occlusions, while outdoor scenarios including forests and flat terrains lack reliable localization cues. To address these challenges, this paper presents a multi-sensor fusion framework for robust UAV navigation in GPS-compromised environments.The proposed approach employs a dual-strategy navigation framework: (i) Visual Simultaneous Localization and Mapping (VSLAM) with 3D point cloud generation for structured indoor environments, and (ii) a VSLAM-based 2D digital twin representation for outdoor environments, integrating visual data with inertial and altitude measurements. Software-in-the-loop (SIL) simulations using ROS and RTAB-Map validate autonomous navigation with obstacle avoidance in warehouse scenarios, while Hardware-in-the-loop (HIL) experiments on an in-house developed UAV platform demonstrate accurate indoor mapping and localization.The results demonstrate that the proposed vision-centric framework enables reliable navigation without dependence on GPS, offering a scalable and resilient solution for UAV operations in GPS-denied environments, with applications in inventory management, surveillance, and search-and-rescue missions.",V. V. Sai Viswa Kiran; A. S. Reddy; H. V. Sri Sai; H. Allaka; R. P. Kumar,2026,10.1109/APSCON68325.2026.11497125,,IEEE_Xplore
REC_0008,A Framework for UAV Navigation and Exploration in GPS-Denied Environments,"Unmanned Aerial Vehicles (UAV) are increasingly used in a wide range of applications such as civil infrastructure inspection, agriculture, ecology and remote sensing. UAV autonomous operation relies on the use of GPS in order to localise and plan a mission, however there are places in which GPS positioning is limited or not available, such as in urban and natural canyons or below the canopy. This paper presents the development of a framework that enables a drone to navigate in an unknown, unstructured and GPS-denied environment. The aim of this research is to combine the use of localisation algorithms such as Simultaneous Localisation and Mapping (SLAM) with Partially Observable Markov Decision Processes (POMDP) algorithms into a framework in which the navigation and exploration tasks are modelled as sequential decision problems under uncertainty. The framework tested in simulation allows the UAV to navigate safely, avoiding collisions whilst guiding exploration in order to create an occupancy map of the UAV's surroundings. The proposed system guides the UAV through a series of actions in order to maximise the information gain about the unknown environment. The implementation of the proposed framework will enable the use of UAV for autonomous navigation and exploration in challenging environments where GPS positioning is not available or limited.",F. Vanegas; K. J. Gaston; J. Roberts; F. Gonzalez,2019,10.1109/AERO.2019.8741612,,IEEE_Xplore
REC_0013,Quantum-Enhanced Drone Swarm Localization in GPS-Denied Environment,"Solutions for getting drone swarms localized when GPS is out of the picture. That's a big problem, really cuts into how reliable those autonomous jobs can be. This paper brings in a model that uses quantum stuff to boost the accuracy and how well the drones stick together. The idea here mixes quantum entanglement for syncing up between drones. It also throws in quantum-enhanced Kalman filtering to fuse sensor data better. That way, they get positions figured out more precisely and tougher against messes. We ran experiments on simulated groups of 10 drones. The setup cut down localization errors. It boosted computational efficiency too, by 25 per cent and 30 per cent in swarms dealing with different levels of interference. The thing is, these results point to quantum computing stepping up as a solid, scalable fix for swarm localization issues. It has real potential out there in tough spots without GPS, like disaster responses or city ops and even military stuff. The paper spells out how quantum tech could lead to the next wave of autonomous systems. It spots chances for using quantum algorithms in real-time navigation with multiple agents.",S. K. Thota,2026,10.1109/ICoECIT68303.2026.11497954,,IEEE_Xplore
REC_0017,Development of Nano UAV Platform for Navigation in GPS-Denied Environment Using Snapdragon,"In order to develop a nano UAV in a GPS-denied environment, a visual-inertial system (VINS) consisting of a monocular camera and a low-cost inertial measurement unit (IMU) should be integrated, as they make a minimum, ultra lightweight sensor suite that enables both autonomous flight and sufficient environment awareness. Although there are numerous potential applications, getting to understand the structure of the flight platform can be cumbersome and confusing. Packages and resources provided on the Qualcomm developer network (QCN) and their official GitHub group ATLFlight contain un-unified and disorderly chunks of information. In this paper, we present an organized documentation that presents in detail, the platform structure as a whole, from hardware to software architecture, including installation and API related applications.",Y. Zhou; G. Qin; F. Lin,2018,10.1109/IECON.2018.8592913,,IEEE_Xplore
REC_0025,Design of an UWB indoor-positioning system for UAV navigation in GNSS-denied environments,"Commonly used unmanned aerial vehicle (UAV) platforms rely on the use of global navigation satellite system (GNSS) receivers for navigation. To enable the autonomous navigation of cooperative UAVs in GNSS-denied environments, the use of an ultra-wideband (UWB) positioning system is proposed. This paper discusses the design and evaluation of a practical and cooperative UWB positioning system using newly available integrated radio frequency hardware and antennas. Constellation-aware parameters, as well as other effects like antenna characteristics, are taken into consideration. A non-line-of-sight rejection is implemented based on the ratio of the first path compared to the power of the cumulated channel impulse response. An experiment covering a range of positions and orientations is conducted to gain a broad, representative set of results to assess the system accuracy in real-life usage. In a first experiment the system performance achieves a root-mean-square error of under 10 cm in the horizontal plane and under 20 cm in the three-dimensional space with a probability of 95 %. A GNSS emulation system is implemented to evaluate the real-time in-flight use of the UWB positioning system on an experimental UAV carrier. A proof of concept is given that the GNSS emulation may be used with commercially available UAV platforms to augment those systems with indoor navigation capabilities.",J. Tiemann; F. Schweikowski; C. Wietfeld,2015,10.1109/IPIN.2015.7346960,,IEEE_Xplore
REC_0037,Deep Visual Localization for UAVs in GNSS-Denied Environments Using Satellite Imagery,"Accurate absolute localization is essential for the reliable and autonomous mission execution of unmanned aerial vehicles (UAVs). However, GNSS-based navigation may be disabled under electronic warfare, physical obstruction, or spoofing. In this study, absolute position is estimated in GNSS-denied environments by matching UAV camera images with open-source satellite imagery. The proposed visual localization pipeline combines deep matching with SuperPoint?LightGlue, satellite?camera alignment via homography, Efficient Perspective-n-Point (EPnP)-based absolute pose estimation, and Kalman fusion with an optical-flow backup. Compared with SIFT and ORB, it achieves higher matching success (mAP) and lower horizontal error. In real flights validated against RTK GNSS, a positioning error of 10 m (MAE) and 14 m (RMSE) in the X?Y plane is obtained at approximately 500 m altitude, running at approximately 5 Hz on a Jetson Orin Nano.",E. ?ks?z; B. Yal??n; T. Demirdal,2026,10.1109/SIU71813.2026.11636724,,IEEE_Xplore
REC_0041,UAV Navigation With Monocular Visual Inertial Odometry Under GNSS-Denied Environment,"In global satellite navigation system (GNSS)-denied environments, unmanned aerial vehicle (UAV) navigation based on visual?inertial odometry (VIO) has been widely studied. However, existing VIO methods still suffer from some practical problems, such as image enhancement oversaturation and unreasonable weighting in backend optimization. Therefore, this article presents monocular VIO with point-line fusion and backend adaptive optimization to improve the positioning accuracy and robustness of UAV navigation systems. In the front end, we proposed an adaptive gamma image correction algorithm for image preprocessing to avoid image oversaturation, which is more conducive to image extraction and matching. Instead of the traditional line segment detector (LSD) line feature extraction algorithm, we employed an improved EDLines algorithm to enhance the efficiency of line feature extraction, better meeting the high dynamic real-time requirements of UAV. In the backend, we proposed a tightly coupled nonlinear adaptive optimization method based on a two-step approach to address the issue of unreasonable static weights. In the first step, we established a factor graph model and performed the first nonlinear optimization based on a priori visual weights. In the second step, we calculated the reprojection error and established a functional model that examines the relationship between the reprojection error and the information matrix. We updated the information matrix using the reprojection error to adaptively adjust the weights of the point features and line features in real time. Finally, we performed a second nonlinear reoptimization. The proposed method was compared with the monocular visual-inertial system (VINS-MONO) (Qin et al. 2018) and point and line features (PL)-VINS (Fu et al. 2020) methods, the experimental results showing that the positioning accuracy of the proposed method on the public EuRoc dataset (Burri et al. 2016) improved by an average of 32.3% compared with the PL-VINS method, and by an average of 33.8% in three real-world scenarios under changing illumination, weak texture, and large-scale complex scenarios. The results demonstrated that the proposed method exhibited better robustness and higher positioning accuracy in various complex environments.",H. Luo; G. Li; D. Zou; K. Li; X. Li; Z. Yang,2023,10.1109/TGRS.2023.3323519,,IEEE_Xplore
REC_0043,Robust Sensor Fusion for Autonomous UAV Navigation in GPS denied Forest Environment,"Forestry and precision biodiversity data collection using UAVs can be cost-effective and time efficient solution. However, navigating in the forest canopy autonomously can be quite challenging because of its GPS denied environment, cluttered, dynamic, and large scale. Most of the commercial UAVs used in forest applications apply GPS-based navigation which is not suitable for navigating under the canopy. In this paper, an autonomous UAV flight mission in a cluttered forest-like canopy environment is presented. A robust multi-sensor fusion-based robust navigation method which has failure detection features is proposed to enable safe and reliable autonomous navigation. The autonomy architecture utilizes the navigation, planning, and control capabilities of the UAV in a simultaneous manner. To achieve autonomous missions in forest environment, the proposed system has been tested rigorously in a simulated environment and the result shows the capability of autonomous flights in such a challenging environment. The performance of the autonomous flight was evaluated based on mean velocity and path length with respect to the increasing number of trees in the forest.",S. M. Shithil; A. A. M. Faudzi; A. Abdullah; N. Islam; S. M. Saad,2022,10.1109/ROMA55875.2022.9915682,,IEEE_Xplore
REC_0057,ROS+unity: An efficient high-fidelity 3D multi-UAV navigation and control simulator in GPS-denied environments,"In this paper, we will introduce our newly developed 3D simulation system for miniature unmanned aerial vehicles (UAVs) navigation and control in GPS-denied environments. As we know, simulation technologies can verify the algorithms and identify potential problems before the actual flight test and to make the physical implementation smoothly and successfully. To enhance the capability of state-of-the-art of research-oriented UAV simulation system, we develop a 3D simulator based on robot operation system (ROS) and a game engine, Unity3D. Unity3D has powerful graphics and can support high-fidelity 3D environments and sensor modeling which is important when we simulate sensing technologies in cluttered and harsh environments. On the other hand, ROS can provide clear software structure and simultaneous operation between hardware devices for actual UAVs. By developing data transmitting interface and necessary sensor modeling techniques, we have successfully glued ROS and Unity together. The integrated simulator can handle real-time multi-UAV navigation and control algorithms, including online processing of a large number of sensor data.",W. Meng; Y. Hu; J. Lin; F. Lin; R. Teo,2015,10.1109/IECON.2015.7392488,,IEEE_Xplore
REC_0077,3D Path Planning for Autonomous UAV Navigation in GPS-Denied Environments,"This paper presents a UAV path planning framework designed to enable smooth, collision-free navigation in static, GPS-denied environments. The framework relies on point cloud data collected by a primary, pilot UAV, which uses onboard sensing, SLAM, and object detection to incrementally map an unknown environment and identify waypoints. Path planning is performed in a bounded SE(3) state space using sampling-based algorithms with a multi-objective formulation that balances path length, obstacle clearance, and orientation smoothness. Safety is ensured through tight integration with a dedicated collision detection and proximity query engine, enabling efficient collision and distance queries against the octree-based environment representation. Planned paths are further refined through shortcutting and B-spline smoothing to produce dynamically feasible trajectories, which are executed via a MAVROS-PX4 control pipeline. The enhanced collision validation approach for global path planning incorporates 6-DOF vehicle motion to facilitate accurate navigation. Simulation and flight test results demonstrate the effectiveness of the proposed framework for reliable UAV navigation in complex and GPS-denied environments.",T. Thakkar; R. Ramirez; R. Tsui; S. Bhandari; A. Raheja,2026,10.1109/ICUAS69441.2026.11598675,,IEEE_Xplore
REC_0080,Enabling Computer Vision-Based Autonomous Navigation for Unmanned Aerial Vehicles in Cluttered GPS-Denied Environments,"This paper presents a synthesis of techniques enabling vision-based autonomous Unmanned Aerial Vehicle (UAV) systems. A full stack of computer vision processing modules are used to exploit visual information to simultaneously perceive obstacles and refine localization in a GPS-denied environment. An omni-directional stereo-vision based setup is used to build a 3D representation of the surroundings. A fully 3D local obstacle grid, maintained through multiple frames and updated accordingly to the UAV movement, is built accumulating multiple observations coming from the 360 stereo vision sensing suite. Visual data is also used to extract information regarding the drone attitude and position while exploring the environment. Sparse optical flow collected from both front and down facing stereo cameras is used to estimate UAV movement through multiple frames. The down-looking stereo pair is also used to estimate the drone height from the ground and to refine the pose estimation in a Simultaneous Localization and Mapping (SLAM) fashion. An improved A* planning algorithm exploits both the 3D representation of the surroundings and precise localization information in order to find the shortest path and reach the goal through a three dimensional safe trajectory.",F. Valenti; D. Giaquinto; L. Musto; A. Zinelli; M. Bertozzi; A. Broggi,2018,10.1109/ITSC.2018.8569695,,IEEE_Xplore
REC_0084,Simulating GPS-denied Autonomous UAV Navigation for Detection of Surface Water Bodies,"The aim to colonize extra-terrestrial planets has been of great interest in recent years. For Mars, or other planets to sustain human life, it is essential that water is present and accessible. Mars may contain or provide signs of the possibility of near surface water, but this work will only focus on surface water for the purposes of simulation. In this paper, we present a method for autonomous navigation and detection of surface water bodies in the GPS denied environments of Mars via a fully autonomous UAV. A combination of existing state-of-the-art tools and techniques have been utilized to enable the development of this system. Additionally, we create a modular framework to simulate the mission using the AirSim simulation environment and the Robot Operating System (ROS). The simulation environment is leveraged by using the Unreal game engine running in Windows OS, interfacing with an open source software for simultaneous localization and mapping (SLAM), running on ROS and Linux OS. A simulated mission was successfully implemented and demonstrated using the framework. Results obtained indicate that the framework enables the navigation of a UAV in the simulated Mars environment and allows the UAV to detect surface water bodies. The developed simulation framework, along with the knowledge and techniques attained in this research, could accelerate the development, testing and deployment of missions for a real-world Mars UAV, for the detection of surface water bodies. Additionally, this research aims to support and build upon prior work to further aid the search for water on other planets, as well as assisting humans in becoming a multi-planet species.",A. D. Singh; F. Vanegas Alvarez,2020,10.1109/ICUAS48674.2020.9213927,,IEEE_Xplore
REC_0102,Quantum-Enhanced Multi-Sensor Fusion for UAV Navigation in GPS-Denied Environments,"Reliable navigation in GPS-denied or degraded environments remains a core challenge for Unmanned Aerial Vehicles (UAVs), as inertial-vision systems accumulate drift over time. This paper proposes a feasibility study of a quantum-enhanced multi-sensor fusion framework that integrates cold-atom accelerometer-inspired aiding and NV-center-based heading stabilization with conventional IMU, camera, and LiDAR measurements inside a unified Extended Kalman Filter (EKF). The proposed architecture combines high-rate classical sensing with low-rate, bias-stable quantum corrections to suppress long-term drift during GNSS outages. Using real IMU data from the EuRoC MAV benchmark, both a standard IMU+GPS/VO-style EKF and a quantum-enhanced EKF under injected GPS-denial intervals are evaluated. The results show substantially reduced velocity and position drift, extended holdover time, and improved error distributions for the quantum-aided filter. Deployment considerations, including power, cost, integration complexity, and scalability, are discussed to assess the real-world feasibility of quantum-aided fusion as a promising pathway toward resilient all-weather UAV autonomy across highly demanding environments.",A. Moussa; I. N. Him; K. Chawqi; Y. Salih-Alj,2026,10.1109/FET68771.2026.11601505,,IEEE_Xplore
REC_0107,Augmented Radar Odometry by Nested Optimal Filter Aided Navigation for UAVS in GNSS Denied Environment,"Now a days, Unmanned Aerial Vehicles (UAVs) have been exploited in numerous civil and military aspects such as disaster management and border monitoring. Although most of these UAVs are equipped with Global Navigation Satellite System (GNSS) / Inertial Navigation System (INS) reliable integrated system for localization proposes, they are susceptible to lose their GNSS signals under some environmental and artificial challenging circumstances such as, flying in urban areas, jamming, and spoofing. In such complicated scenarios, the navigation solution will degrade rapidly due to the accumulated INS drift errors. Although various aiding sensors such as cameras, and radar are employed to mitigate the INS drift errors, their estimated positioning accuracy is still affected by some factors. This paper presents a nested optimal filter approach (G-H filter, Extended Kalman Filter (EKF)) for UAVs in GNSS denied environment, to enhance the estimated positioning accuracy by integrating the Radar Odometry (RO)/INS/MAG to sustain a reliable navigation solution during GNSS outage. First, the UAV relative velocity is calculated based on image processing approach from the radar range doppler map, then the G-H filter is deployed to improve the accuracy of the vehicle estimated forward velocities based on the vehicle dynamic characteristics to reduce the effect of unrealistic velocity estimate from the radar. These improved velocities are then fused with the Inertial Measurement Unit (IMU), magnetometer, and barometer via EKF to mitigate the positioning RMS errors during the GNSS signals outages. The experimental results demonstrate the proposed system's ability to notably enhance the 3D positioning accuracy during the GNSS signal outage by more than 99% when compared to a stand-alone IMU dead reckoning solution.",S. Zahran; M. Mostafa; M. Moussa; A. Salib; A. Moussa; N. El-Sheimy,2021,10.1109/ITC-Egypt52936.2021.9513978,,IEEE_Xplore
REC_0111,Position Estimation for Drones based on Visual SLAM and IMU in GPS-denied Environment,"Due to the increased rate of drone usage in various commercial and industrial fields, the need for their autonomous operation is rapidly increasing. One major aspect of autonomous movement is the ability to operate safely in an unknown environment. The majority of current works are persistently using a global positioning system (GPS) to directly find the absolute position of the drone. However, GPS accuracy might be not suitable in some applications and this solution is not applicable to all situations. In this paper, a positioning system based on monocular SLAM and inertial measurement unit (IMU) is presented. The position is calculated through the semi-direct visual odometry (SVO) method alongside IMU data, and is integrated with an extended Kalman filter (EKF) to enhance the efficiency of the algorithm. The data is then employed to control the drone without any requirement to any source of external input. The experiment results for long-distance flying paths is very promising.",H. D. K. Motlagh; F. Lotfi; H. D. Taghirad; S. B. Germi,2019,10.1109/ICRoM48714.2019.9071826,,IEEE_Xplore
REC_0115,Low Computational Data Fusion Approach Using INS and UWB for UAV Navigation Tasks in GPS-Denied Environments,"This paper presents a low computational approach for unmanned aerial vehicles (UAV) navigation in GPS-denied environments. This approach is aiming to reduce computation load for UAV flying mission constraints. Small size, light weight on board hardware are constraints for UAV deployment and flying missions. The on board processor should not be built with high complexity and should consume as little computing as possible. Most existing approaches use Kalman filter, extended Kalman filter, Unscented filter, or particle filter to fuse different types of onboard sensor data to estimate UAV position. We developed a data fusion architecture that does not use these filters. We use an ultra-light-coupling fusion architecture. In this architecture, primary sensor and secondary sensor data are fused. When the secondary sensor is unavailable in most of the time, the UAV navigation uses the output of the primary sensor. When the secondary sensor signal is available, the primary sensor is re-aligned using the secondary sensor signal to bond the errors. In our approach, the primary sensor is Inertial Measurement Unit (IMU), and the secondary sensor inputs are from Ultra-wideband system (UWB). This approach is validated using demonstration of comparison of computing load, and simulation results for accuracy and reliability testing using UAV flying mission scenario.",X. Kong; G. Fang; L. Liu; T. P. Tran,2019,10.1109/PDCAT46702.2019.00080,,IEEE_Xplore
REC_0118,A Vision-Aided Navigation System by Ground-Aerial Vehicle Cooperation for UAV in GNSS-Denied Environments,"Modern UAVs are expected to be able to fly safely through the area where GNSS signal is weak or even could not be received. In order to realize it, the intuitive idea is by adding some airborne sensors and processor chips, which is, however, not practically feasible for the UAVs that have limited payload capability and online-computing resources. To address this issue, this paper presents a technical solution for building autonomous navigation system based on the concept of Ground-Aerial Vehicle Cooperation. The key features of the solution lie in four aspects: 1) A local reliable self-organizing network is constructed for transmitting control commands and estimated pose information between the UAV and a reusable ground robot; 2) A small and lightweight monocular camera is equipped on the UAV to achieve visual simultaneous localization and mapping (SLAM) considering the limitation of UAV's carrying capacity; 3) The modified ORB-SLAM2 system equipped on the ground robot rebuilds a global dense map and reconstructs the 3D environment based on the Octomap; and 4) The low-cost, commercial ground robots and rotor craft were chosen to facilitate other researchers to build a similar platform quickly. Four in-door flight experiments are conducted to verify the effectiveness of the technical solution. Other potential and extendable applications of the cooperation system include: real-time reconstruction of environmental maps, collaborative obstacle avoidance and path planning, and motion synchronization control.",Z. -H. Wang; T. Zhang; K. -Y. Qin; B. Zhu,2018,10.1109/GNCC42960.2018.9019191,,IEEE_Xplore
REC_0138,Autonomous Exploration and Mapping System Using Heterogeneous UAVs and UGVs in GPS-Denied Environments,"In this paper, we present a novel integrated vehicular system using collaborative unmanned aerial vehicles (UAVs) and unmanned ground vehicles (UGVs) for autonomous exploration, mapping, and navigation in GPS-denied 3-dimensional (3-D) unknown environments. The system implements a novel two-layered exploration strategy to decompose the perception task into a coarse exploration layer and a fine mapping layer. The coarse exploration makes use of a UGV to carry out fast autonomous exploration and active 2.5D simultaneous localization and mapping (SLAM) to generate a coarse environment model, which serves as a navigation reference for subsequent complementary 3-D fine mapping conducted by a UAV. The two layers share a novel optimized exploration path planning and navigation framework, which provides optimal exploration paths and integrates the collaborative exploration and mapping efforts through an OctoMap-based volumetric motion planning interface. The proposed system provides an efficient pipeline of fast environment perception taking advantages of the agility of the UAVs as well as the powerful computation resource aboard UGVs, also allowing assistive local perception with augmented object information when necessary. The effectiveness of our system is verified by both simulations and experiments, which demonstrate its capability of implementing heterogeneous UAV and UGV collaborative exploration and structural reconstruction of the environments through active SLAM, providing optimized perception for navigation tasks.",H. Qin; Z. Meng; W. Meng; X. Chen; H. Sun; F. Lin; M. H. Ang,2019,10.1109/TVT.2018.2890416,,IEEE_Xplore
REC_0149,Vision-Based Global Localization for UAVs Using Deep Convolutional Neural Networks,"This paper presents a reliable vision-based navigation system for guided aerial vehicles operating in GPS-denied environments. The proposed approach uses deep learning models trained on aerial map patches and high-resolution images captured directly by the unmanned aerial vehicles (UAV), enabling accurate position estimation without relying on GPS signals. By matching onboard visual information with preprocessed map data, the system enables accurate and stable position estimation. Experimental results show stable localization accuracy, with most positioning errors ranging between 5 m and 15 m using only vision sensors. Moreover, the system generalizes well to previously unseen areas without requiring additional GPS information, making it suitable for autonomous UAV navigation in GPS-denied environments.",M. Elbalshy; S. Mostafa; A. M. Kamel,2026,10.1109/IPCS69631.2026.11604264,,IEEE_Xplore
REC_0155,Cooperative Navigation and Guidance of a Micro-Scale Aerial Vehicle by an Accompanying UAV using 3D LiDAR Relative Localization,"A novel approach for cooperative navigation and guidance of a micro-scale aerial vehicle by an accompanying Unmanned Aerial Vehicle (UAV) using 3D Light Detection and Ranging (LiDAR) relative localization is proposed in this paper. The use of 3D LiDARs represents a reliable way of environment perception and robust UAV self-localization in Global Navigation Satellite System (GNSS)-denied environments. However, 3D LiDARs are relatively heavy and they need to be carried by large UAV platforms. On the contrary, visual cameras are cheap, light-weight, and therefore ideal for small UAVs. However, visual self-localization methods suffer from loss of precision in texture-less environments, scale unobservability during certain maneuvers, and long-term drift with respect to the global frame of reference. Nevertheless, a micro-scale camera-equipped UAV is ideal for complementing a 3D LiDAR-equipped UAV as it can reach places inaccessible to a large UAV platform. To gain the advantages of both navigation approaches, we propose a cooperative navigation and guidance architecture utilizing a large LiDAR-equipped UAV accompanied by a small secondary UAV carrying a significantly lighter monocular camera. The primary UAV is localized by a robust LiDAR Simultaneous Localization and Mapping (SLAM) algorithm, while the secondary UAV utilizes a Visual-Inertial Odometry (VIO) approach with lower precision and reliability. The LiDAR data are used for markerless relative localization between the UAVs to enable precise guidance of the secondary UAV in the frame of reference of the LiDAR SLAM. The performance of the proposed approach has been extensively verified in simulations and real-world experiments with the algorithms running onboard the UAVs with no external localization infrastructure.",V. Pritzl; M. Vrba; P. ?t?p?n; M. Saska,2022,10.1109/ICUAS54217.2022.9836116,,IEEE_Xplore
REC_0161,Sensor Fusion for Autonomous Indoor UAV Navigation in Confined Spaces,"In this paper, we address the challenge of navigating through unknown indoor environments using autonomous aerial robots within confined spaces. The core of our system involves the integration of key sensor technologies, including depth sensing from the ZED 2i camera, IMU data, and LiDAR measurements, facilitated by the Robot Operating System (ROS) and RTAB-Map. Through custom designed experiments, we demonstrate the robustness and effectiveness of this approach. Our results showcase a promising navigation accuracy, with errors as low as 0.4 meters, and mapping quality characterized by a Root Mean Square Error (RMSE) of just 0.13 m. Notably, this performance is achieved while maintaining energy efficiency and balanced resource allocation, addressing a crucial concern in UAV applications. Flight tests further underscore the precision of our system in maintaining desired flight orientations, with a remarkable error rate of only 0.1%. This work represents a significant stride in the development of autonomous indoor UAV navigation systems, with potential applications in search and rescue, facility inspection, and environmental monitoring within GPS-denied indoor environments.",A. James; A. Seth; E. Kuantama; S. Mukhopadhyay; R. Han,2023,10.1109/ICST59744.2023.10460820,,IEEE_Xplore
REC_0195,An Autonomous Continuous Positioning Method for Low-Altitude UAVs Based on Image Recognition in GNSS-Denied Environments,"The article proposes a five-stage autonomous continuous positioning method that integrates inertial navigation and image recognition to address the prob-lem of accumulated positioning errors in unmanned aerial vehicles (UAV) in satellite-denied environments. This method first used inertial navigation (INS) for initial positioning to capture satellite image basemaps, and achieved aerial image preprocessing through heading angle correction, scale registration, and maximum inscribed rectangle cropping. Then, this study combined a U-Net semantic segmentation model to extract building areas, and innovatively adopted a two-stage matching strategy of template matching and SuperPoint & SuperGlue feature point matching to effectively over-come the interference of seasonal and lighting changes on matching. Finally, the height data was integrated into output three-dimensional coordinates. The experiment was based on the UAV-VisLOC dataset, and showed that twostage matching can reduce the average plane positioning error from 26.32 m in single-stage matching to 12.95 m, a decrease of 49.2%. The maximum error decreased from 68.74 m to 18.67 m. The proposed framework significantly improves the robustness and accuracy of positioning in complex environments, providing reliable technical support for urban low-altitude operations, emergency rescue, and other scenarios.",T. Du; Y. Lin,2026,10.1109/RAITS68656.2026.11580149,,IEEE_Xplore
REC_0196,Navigation of Simultaneous Localization and Mapping by Fusing RGB-D Camera and IMU on UAV,"Simultaneous localization and mapping (SLAM) is one of the key components of the navigation system of unmanned aerial vehicles (UAVs). In this paper, a novel system that enables a UAV to navigation in a GPS-denied environment with an RGB-D (Red, Green, Blue, and Depth) camera and Inertial Measurement Unit (IMU) is presented. Such a system is realized via a host computer on a UAV, in which the IMU information read from the flight controller and the image information read from the RGB-D camera are fused using extended Kalman filter (EKF). Experiments are designed to test the feasibility of the proposed navigation scheme. Accurate assessment of our idea shows a good response when rapidly moving and rotating the UAV.",X. Dai; Y. Mao; T. Huang; B. Li; D. Huang,2019,10.1109/SAFEPROCESS45799.2019.9213339,,IEEE_Xplore
REC_0202,Design of A Positioning System for UAV in GPS-denied Environment,"In this paper, a method for UAV positioning in GPS-denied environment through a multi-sensor fusion algorithm is proposed. This method uses IMU and UWB to obtain acceleration and position information respectively. After processing the two sets of data, the position data is obtained, and the more accurate position data is obtained through the Kalman filter algorithm. Through simulation and experimental results, this method of positioning proved to be very effective. This method can significantly reduce the accuracy requirements for the positioning sensors, and obtain relatively high-precision results through the fusion processing of data collected by multiple low-precision sensors. This method can be used in the positioning system of low-cost UAVs, which is of great significance for reducing the cost and promoting commercial applications.",Z. Qiu; T. Li; F. Wang,2022,10.1109/ISCIT55906.2022.9931225,,IEEE_Xplore
REC_0211,SIA-KalmanNet: A Structurally Integrated Attention Kalman Filter for Multi-UAV Localization in Partially GNSS-Denied Environments,"Cooperative localization is an essential task in multiple uncrewed aerial vehicle (UAV) networks, especially in environments with partial global navigation satellite system (GNSS) denial. By effectively integrating low-precision inertial navigation system (INS)-derived priors, inter-UAV relative distances, and sparse anchor-based measurements, the extended Kalman filter (EKF) can be employed for UAV localization. However, localization accuracy suffers under nonlinear dynamics and inaccurate knowledge of process and measurement noise statistics. To address these challenges, this article proposes a structurally integrated attention Kalman filter called SIA-KalmanNet for accurate and robust state estimation. By combining state-space models with attention-based neural networks in the Kalman flow, the estimator preserves the data efficiency and interpretability of traditional model-driven methods while implicitly learning second-order covariance matrices from data. Specifically, two networks are devised to learn the Kalman gain: the self-attention residual masked network (SA-RMN) and the self-cross attention residual masked network (SCA-RMN). Among them, SA-RMN is a lightweight network for end-to-end state estimation. SCA-RMN introduces masked cross-attention to adaptively fuse forward state features and backward historical correction information to obtain a more precise state estimate. Furthermore, a practical training strategy based on sliding window and causal masking is developed to ensure efficient training and real-time inference. The experimental results show that the proposed algorithm achieves superior localization performance compared to the traditional EKF and KalmanNets. Moreover, it exhibits strong robustness against INS drift and non-line-of-sight (NLOS)-induced distance errors, even in harsh environments where only a limited number of UAVs can access GNSS signals.",X. Xin; H. Zhou; X. Feng; F. Pan; J. Wang; Z. Li,2026,10.1109/JIOT.2025.3650118,,IEEE_Xplore
REC_0215,GPS-Denied UAV-UGV Relative Positioning System via Vision-UWB Fusion,"Locating drones in GPS-denied environments is a challenging task, particularly for hardware platforms with limited computational resources and sensors. A common approach for positioning a drone within the environment is to cooperate with an unmanned ground vehicle (UGV) by estimating the drone?s relative position on the UGV frame. In this paper, we propose a real-time drone positioning system that uses a Vision-UWB fusion framework. The fusion system involves two steps: 1) processing the state estimation using UWB ranging measurements and vision information separately, and 2) fusing the estimations from UWB and vision to provide the final state estimation for the drone. To evaluate the accuracy of our method, we deployed an accurate localization system, named OptiTrack, as the ground truth system. The experimental results demonstrate the accuracy and robustness of the developed system, which overcomes the limitations of individual sensors and enhances their advantages.",G. Mingyang; K. Sagar; X. Ning,2023,10.1109/ICIEA58696.2023.10241577,,IEEE_Xplore
REC_0218,A Unified Error-State Kalman Filtering Framework for Multi-Sensor Navigation of Fixed-Wing UAVS in GNSS-Denied Scenarios,"Reliable navigation in Global Navigation Satellite System (GNSS)-denied environments remains a critical challenge for fixed-wing Unmanned Aerial Vehicles (UAVs). In such conditions, Inertial Navigation Systems (INSs) must be aided by heterogeneous sensors to mitigate drift and ensure long-term accuracy. This paper presents the development, implementation, and experimental validation of a unified ErrorState Extended Kalman Filter (ESEKF) designed for fixedwing UAV navigation under GNSS-denied and GNSS-degraded scenarios. The proposed framework integrates an INS with magnetometer, barometer, pitot tube with pseudovanes, VisualInertial Odometry (VIO), and Computer Vision (CV) Convolutional Neural Network (CNN)-based position estimates within a unified estimation architecture. A comprehensive mathematical description of the ESEKF is provided, with special attention given to the modeling of sensor systematic errors, which are explicitly included in the augmented error-state vector. The estimator performance is evaluated through a flight experiment using a custom fixed-wing UAV platform, where the contribution of each aiding sensor is assessed via systematic sensor deactivation under GNSS outage conditions. Experimental results demonstrate the robustness and modularity of the proposed ESEKF architecture, highlighting its ability to maintain navigation accuracy despite the loss of individual aiding sensors (except barometer and CV). The presented framework consolidates previously fragmented sensor fusion approaches into a single, self-consistent navigation solution, providing both a practical implementation reference and a foundation for future extensions and tuning strategies.",G. E. V. Hernandez; R. C. Fernandes; A. Sorokin; M. Korimi; F. O. Silva,2026,10.1109/ICUAS69441.2026.11598562,,IEEE_Xplore
REC_0239,Autonomous Flight Control Design Based on Multi-Sensor Fusion for a Low-Cost Quadrotor in GPS-Denied Environments,"This paper presents a fully autonomous and low-cost quadrotor helicopter system in GPS-denied environments. An extended Kalman filter (EKF) framework is employed to fuse the raw data from inertial measurement unit (IMU), optical flow, ultrasonic rangefinder to achieve real-time state estimation of the quadrotor. An improved cascaded proportional-integral-derivative (PID) control scheme is proposed to achieve high-precision flight control for the quadrotor. A lightweight, powerful app of DroneKit-Python is integrated to directly guide the flight mission of the quadrotor on an onboard computer. The onboard computer which communicates with the flight controller using the MAVLink protocol augments the performance of the autopilot by a low-latency link. Finally, the autonomous quadrotor system is justified by real-world experiments, and the experimental results show that the quadrotor can realize high-precision autonomous localization in an indoor environment.",J. Guo; X. Zhang; Z. Huang; B. Li,2022,10.1109/ACIRS55390.2022.9845557,,IEEE_Xplore
REC_0242,Survey on UAV navigation in GPS denied environments,"In the Unmanned Air Vehicle (UAV) navigation the main challenge is estimating and maintaining the accurate values of UAVs position and orientation. The onboard Inertial Measurement Unit (IMU) provide the measurements but it is mainly affected from the accumulated error due to drift in measurements. Traditionally the Global Position System (GPS) measurements of vehicles position data can be fused with IMU measurements to compensate the accumulated error, But the GPS signals is not available everywhere and it will be degraded or fully not available in hostile areas, building structures and water bodies. Researchers already evolved methods to handle the UAV navigation in GPS denied environment by using Vision based navigation like Visual Odometry (VO) and Simultaneous Localisation and Mapping (SLAM). In this survey paper we attempted to understand the existing research towards vision based navigation and finally proposed a Modular Multi-Sensor Data Fusion technique for UAV navigation in the GPS denied environment.",G. Balamurugan; J. Valarmathi; V. P. S. Naidu,2016,10.1109/SCOPES.2016.7955787,,IEEE_Xplore
REC_0244,Cooperative Relative Localization for UAV Swarm in GNSS-Denied Environments,"Relative localization of unmanned aerial vehicle (UAV) swarms in GNSS-denied environments is critical for emergency rescue and battlefield reconnaissance. Existing methods face large errors from packet loss and high complexity in large swarms. This paper proposes a clustering-based framework where UAVs leverage communication signals for channel estimation and ranging. Spectral clustering first divides the swarm into sub-clusters, where matrix completion and multidimensional scaling recover relative coordinates. A global map is then formed through inter-cluster anchor fusion. A case study of UAV integrated communication and sensing (ISAC) system is presented, where the Orthogonal Time Frequency Space (OTFS) is adopted for ranging and communication. Experimental results show that the proposed method reduces localization errors in large swarms and loss of range information. It also explores the impact of signal parameters on communication and localization, highlighting the interplay between communication and localization performance.",G. Lei; Y. Ping; T. Liang; H. Ding; T. Zhang,2025,10.1109/GLOBECOM59602.2025.11432122,,IEEE_Xplore
REC_0246,UAV Platforms for Autonomous Navigation in GPS-Denied Environments for Search and Rescue Missions,"This paper presents the development, instrumentation, system integration, algorithm development, and flight testing of two UAVs for autonomous search and rescue in GPS-denied environments. The first UAV uses a Simultaneous Localization and Mapping (SLAM) algorithm to map the environment and localize itself within it. As it explores the disaster zone, it is designed to scan the environment for victims using a computer vision algorithm. Once the victims are identified, a second UAV is designed to be deployed to distribute rescue packages to the identified victims. Location of the victims can also be saved in the generated maps to help human rescuers locate the victims. Simulation and flight test results are shown.",E. Ngo; J. Ramirez; M. Medina-Soto; S. Dirksen; E. D. Victoriano; S. Bhandari,2022,10.1109/ICUAS54217.2022.9836181,,IEEE_Xplore
REC_0264,Autonomous UAV Navigation for Target Detection in Visually Degraded and GPS Denied Environments,"The use of autonomous Unmanned Aerial Vehicles (UAVs) continues to increase for a wide range of applications, such as wildlife monitoring, planetary exploration, and emergency Search and Rescue (SAR). Autonomous UAVs typically rely on Global Positioning System (GPS) usage and most operations require correct flight conditions with good visibility (no rain, fog nor smoke). However, some difficult environments are characterized by partial to no GPS signal, limiting the drone's ability to localise itself. Moreover, visual obscurants affect the UAV's performance and behaviour by restricting its visibility, adding complexity to some subsystems such as target detection. This paper presents the development of a framework enabling a drone to autonomously navigate and explore in GPS denied environments impacted by visual obscurants. The study illustrates this by formulating the navigation and target detection problem as an autonomous Sequential Decision Problem (SDP) with uncertainty caused by degraded visibility and lack of GPS. The SDP is modelled as a Partially Observable Markov Decision Process (POMDP) and tested using the Adaptive Belief Tree (ABT) algorithm. The navigation task was created following the model of a classic SAR operation in a cluttered indoor environment with visual obscurants. The framework includes target detection under uncertainty from a vision-based camera. The formulated SDP is tested in a simulated environment with partial observability and in presence of smoke. The framework integrates Gazebo, Robot Operating System (ROS), Software In The Loop (SITL) and PX4 firmware to recreate a SAR scenario in simulation. Experiments conducted in the simulated SAR scenario test the target finding task under different levels of visibility, with the target position being unknown, and a pose uncertainty modelled from real-life flight experiments. The experiments in normal visibility were a success, but the developed framework was limited in presence of visual obscurants, reducing the target detection rate. Allowing an UAV to autonomously navigate in challenging environments with low visibility conditions aims at increasing the range of UAV's utilization in critical applications such as SAR and mining, where human interventions are often dangerous and unfeasible.",S. Boiteau; F. Vanegas; J. Sandino; F. Gonzalez; J. Galvez-Serna,2023,10.1109/AERO55745.2023.10115544,,IEEE_Xplore
REC_0271,Hybrid IMU-Aided Approach for Optimized Visual Odometry,"Autonomous navigation of unmanned vehicles in GPS-denied environments is a challenging problem, especially for small ground vehicles and micro aerial vehicles (MAVs) which are characterized by their small payload, short battery lifetime and limited processing resources. Stereo vision positioning has been introduced as a scale-free positioning technique, but it is computationally expensive. Monocular vision systems aided by inertial measurement unit (IMU) are more computationally efficient but it suffers from IMU random biases and scale errors. In this paper, we propose a hybrid visual-inertial odometry solution that minimizes the computation load by dividing the mission into two interchangeable stages. Firstly, a stereo vision stage in which a loosely coupled integration between stereo cameras and IMU is performed. In this stage, an extended Kalman filter (EKF) is used to automatically and dynamically estimate IMU biases. Once the IMU is calibrated, a monocular stage is activated where the system is downgraded into single camera getting the motion scale from the calibrated IMU. The proposed solution has been tested using the popular IMU-enabled ZED-Mini tracking camera. We compared our stereo vision solution against the IMU-aided monocular solution and the results showed accurate positioning with the advantage of less computation. Further analysis is provided where we compared our solution with the built-in solutions of the ZED Mini camera and the Intel Realsense T265 tracking camera.",A. Mahmoud; M. M. Atia,2019,10.1109/GlobalSIP45357.2019.8969460,,IEEE_Xplore
REC_0289,Development of a Simulated UAV Platform for Sensor-Fusion-Based SLAM,"Accurate positioning is crucial for autonomous navigation of unmanned aerial vehicles (UAVs), as it provides reliable pose information to the perception and planning-control modules. However, when global navigation satellite system (GNSS) signals are unavailable or degraded, the accumulated drift of deadreckoning and inertial estimates significantly reduces localization accuracy, especially in complex 3D environments. To address this issue, this paper proposes a simulation-based sensor fusion based simultaneous localization and mapping (SLAM) framework for robust UAV positioning without relying on GNSS. The framework directly utilizes sequential 3D LiDAR scans to estimate the UAV pose and incrementally build a dense map of the environment, while high-resolution camera streams provide contextual information for the segmentation task. In addition, a modular simulation pipeline is constructed to support configurable sensor models, flight trajectories, and scene geometries, enabling systematic evaluation under GNSS-denied scenarios. The proposed approach is validated using a simulation experiments on a complex environment, and the results demonstrate that the 3D LiDAR SLAM system achieves accurate and stable localization in the simulation environment.",M. F. Mummtaz; J. Yoo; I. B. K. Y. Utama; I. Zaini; Y. M. Jang,2026,10.1109/ICAIIC68212.2026.11454340,,IEEE_Xplore
REC_0296,Optical flow sensor integrated navigation system for quadrotor in GPS-denied environment,"The issues about navigation precision and indoor hovering of micro aerial vehicles (MAV) have been discussed frequently nowadays. This practical study presented a dedicated design for indoor hovering that is more precise than using GPS positioning. We adapted optical flow sensors and ultrasound sensors to comply indoor/outdoor hover mode. This design is safer, cheaper, and easier for users to control the MAV flight. The practical results showed the proposed scheme could reduce the errors of navigation parameters and achieve stable hovering performance under different conditions of lighting.",S. -E. Tsai; S. -H. Zhuang,2016,10.1109/ICRAE.2016.7738795,,IEEE_Xplore
REC_0305,A method based on CNN-BiLSTM for UAV navigation error compensation in GNSS denied environment,"When the Global Navigation Satellite System (GNSS) signal is unavailable, the performance of GNSS/Inertial Navigation System (INS) integrated navigation system will be seriously degraded. In order to compensate the performance of GNSS/INS integrated navigation system, an error compensation method based on Convolutional Neural Network (CNN) combined with Bidirectional Long Short-Term Memory (BiLSTM) network is proposed. In the proposed method, the Inertial Measurement Unit (IMU) dynamics measurement of Unmanned Aerial Vehicle (UAV) is used as the input, the GNSS high-precision navigation information is used as the label. CNN-BiLSTM establishes the relationship between IMU dynamics measurement and GNSS high-precision navigation information through the training of a large number of input and label data, since it can achieve more accurate prediction of position increment and velocity increment. At last, the experimental results show that when the GNSS signal is unavailable, CNN-BiLSTM obtains the lower average RMSE and MAE of prediction error and the higher prediction fitting degree compared with CNN-LSTM and LSTM.",Y. -h. Shao; B. Han; Y. Luo,2023,10.1109/ICCC59590.2023.10507546,,IEEE_Xplore
REC_0318,Cooperative Navigation Method Based on Adaptive CKF for UAVs In GPS Denied Areas,"Unmanned Aerial Vehicles (UAVs), when used in a formation setting, can be more advantageous. The concerted operation of UAV formations has many potential applications, such as cooperative reconnaissance, formation combat and search and rescue in mountainous regions. Nevertheless, modern navigation systems for UAVs are not able to guarantee the precision of pose estimation when GPS is unavailable in complex environment. The IMU drifts of navigation systems can cause poor calculation accuracy of position, velocity and attitude of all UAVs in the group within dozens of seconds. To solve this problem, this paper puts forward a new cooperative navigation method based on adaptive Cubature Kalman Filter which shares the relative observations between the UAVs and fuses these data with direct measurements from IMU to obtain better navigation performance. The simulation results demonstrate the validity of the proposed method.",Y. Yu; S. Peng; Q. Li; X. Dong; Z. Ren,2018,10.1109/GNCC42960.2018.9018972,,IEEE_Xplore
REC_0343,Vision-Aided Multi-UAV Autonomous Flocking in GPS-Denied Environment,"This paper presents a sophisticated vision-aided flocking system for unmanned aerial vehicles (UAVs), which is able to operate in GPS-denied unknown environments for exploring and searching missions, and also able to adopt two types of vision sensors, day and thermal cameras, to measure relative motion between UAVs in different lighting conditions without using wireless communication. In order to realize robust vision-aided flocking, an integrated framework of tracking-learning-detection on the basis of multifeature coded correlation filter has been developed. To achieve long-term tracking, a redetector is trained online to adaptively reinitialize target for global sensing. An advanced flocking strategy is developed to address the autonomous multi-UAVs' cooperative flight. Light detection and ranging (LiDAR)-based navigation modules are developed for autonomous localization, mapping, and obstacle avoidance. Flight experiments of a team of UAVs have been conducted to verify the performance of this flocking system in a GPS-denied environment. The extensive experiments validate the robustness of the proposed vision algorithms in challenging scenarios.",Y. Tang; Y. Hu; J. Cui; F. Liao; M. Lao; F. Lin; R. S. H. Teo,2019,10.1109/TIE.2018.2824766,,IEEE_Xplore
REC_0345,Distance function based 6DOF localization for unmanned aerial vehicles in GPS denied environments,"This paper presents an algorithm for localizing an unmanned aerial vehicle (UAV) in GPS denied environments. Localization is performed with respect to a pre-built map of the environment represented using the distance function of a binary mosaic, avoiding the need for extraction and explicit matching of visual features. Edges extracted from images acquired by an on-board camera are projected to the map to compute an error metric that indicates the misalignment between the predicted and true pose of the UAV. A constrained extended Kalman filter (EKF) framework is used to generate an estimate of the full 6-DOF location of the UAV by enforcing the condition that the distance function values are zero when there is no misalignment. Use of an EKF also makes it possible to seamlessly incorporate information from any other system on the UAV, for example, from its auto-pilot, a height sensor or an optical flow sensor. Experiments using a hexarotor UAV both in a simulation environment and in the field are presented to demonstrate the effectiveness of the proposed algorithm.",J. Unicomb; L. Dantanarayana; J. Arukgoda; R. Ranasinghe; G. Dissanayake; T. Furukawa,2017,10.1109/IROS.2017.8206421,,IEEE_Xplore
REC_0347,A Novel Three-Stage Robust Adaptive Filtering Algorithm for Visual-Inertial Odometry in GNSS-Denied Environments,"Visual-inertial odometry (VIO) has been widely applied in the autonomous navigation and positioning of unmanned aerial vehicles (UAVs) and unmanned ground vehicles (UGVs) in global navigation satellite system (GNSS)-denied environments. However, existing VIO filtering algorithms have the defects of low positioning accuracy and weak robustness, especially in complex and changeable environments. Therefore, a novel robust adaptive VIO algorithm is proposed here. First, the  $\text{H}{\infty} $  criterion is introduced into the popular cubature multistate constraint Kalman filter (CMSCKF), which improves the robustness of the VIO system. Second, this article designs a characterization method to judge the uncertainty degree of VIO based on the limited memory exponential weighting theory. Finally, inspired by the idea of the Institute of Geodesy and Geophysics (IGG) III model, we further put forward a three-stage robust adaptive  $\text{H}{\infty} $  filtering algorithm and test the performance with the numerical simulation and the publicly available real-world Karlsruhe Institute of Technology and Toyota Technological Institute (KITTI) dataset. The experimental results demonstrate that the proposed algorithm has better filtering accuracy and robustness.",Z. Yue; C. Tang; Y. Gao,2023,10.1109/JSEN.2023.3289313,,IEEE_Xplore
REC_0362,Unmanned aerial vehicle relative navigation in GPS denied environments,"This paper considers the problem of target handoff between Unmanned Aerial Vehicles (UAVs) in a GPS denied environment, and focuses on the design and evaluation of an estimation strategy for determining the relative pose of the aircraft. The estimation approach presented in this paper has three distinct components that act in concert to achieve the overall objective. First, a novel cooperative control and estimation strategy is used to determine relative pose from IMU and peer-to-peer ranging radio data without any a priori knowledge of either aircraft's pose. Next, a relative pose measurement is calculated using extracted features from downward looking cameras on the two UAVs. The computer vision technique first uses an indexing scheme based on a hierarchical statistical model to determine which frames from the two cameras have overlapping coverage, aligns the overlapping frames, and then calculates the relative pose estimate. Finally, a nonlinear Kalman Filter, which has been initialized with the a priori solution from the initialization filter is used to estimate relative pose by predicting it through the integration of IMU data of both UAVs with measurement updates from peer-to-peer radio ranging radios, magnetometers and the computer vision estimates.",J. Hardy; J. Strader; J. N. Gross; Y. Gu; M. Keck; J. Douglas; C. N. Taylor,2016,10.1109/PLANS.2016.7479719,,IEEE_Xplore
REC_0363,Enhanced UAV navigation in GNSS denied environment using repeated dynamics pattern recognition,"This paper presents an innovative approach to enhance the navigation of UAVs in GNSS denied environments. Considering the limited space, power, and size of small UAVs, the proposed approach does not require any sensors on the UAV. The typical repeated dynamic patterns of such UAVs are related to the actuators to offer a useful information for estimating the UAV navigation states. Machine learning (ML) classifier has been employed to detect these repeated dynamic patterns, then according to the detected pattern, an appropriate constraint/update is utilized to enhance the navigation solution through EKF to obtain a better estimate of the UAV states. Different test scenarios where conducted to verify the ability of the proposed approach to aid the INS solution during GNSS signal outages. The solution after fusing the Vheicle Model (VM) is enhaced by 98% compared to low cost stand-alone IMU solution.",S. Zahran; A. Moussa; N. El-Sheimy,2018,10.1109/PLANS.2018.8373497,,IEEE_Xplore
REC_0369,Autonomous Flight Control of a Nano Quadrotor Helicopter in a GPS-Denied Environment Using On-Board Vision,"In this paper, a nano quadrotor helicopter which weighs about only 45 grams and has a diameter less than 0.15 m is employed for the autonomous flight control development in GPS-denied environments. Due to the very limited payload ability of the helicopter, a micro onboard vision system is designed to provide visual pose measurement. Then the attitude data obtained from a low cost micro inertial measurement unit (IMU) are fused with the visual measurement to provide accurate estimation of the helicopter's translational position and velocity. Nonlinear flight controller is designed to hold the quadrotor in a certain position and altitude without external ground motion capture system. Moreover, trajectory tracking ability is achieved with the help of a modified visual simultaneous localization and mapping (SLAM) algorithm. Experimental results are included to demonstrate the good hovering and tracking control performance of the proposed design in GPS-denied indoor and outdoor environments. To our best knowledge, few of previous works have demonstrated autonomous control ability of a quadrotor helicopter weighs less than 50 grams without the help of external ground motion capture system in GPS-denied indoor and outdoor environments.",X. Zhang; B. Xian; B. Zhao; Y. Zhang,2015,10.1109/TIE.2015.2420036,,IEEE_Xplore
REC_0388,Multi-UAV Cooperative Navigation Based on Multisource Information Fusion: A Review,"Unmanned aerial vehicle (UAV) swarms are increasingly deployed in both civilian and military domains, where high-precision navigation in Global Navigation Satellite System (GNSS)-denied environments remains a critical challenge. Cooperative navigation (CN) has emerged as a promising paradigm by leveraging intervehicle information exchange and multisource information fusion (MSIF) to enhance swarm navigation performance. Although numerous surveys have summarized multisensor integration and state estimation methods for single-platform UAVs, comprehensive reviews dedicated to CN remain limited. This article presents a structured framework for CN that integrates multisource information acquisition, cooperative localization (CL) techniques in GNSS-denied environments, and multisource fusion algorithms. On this basis, we provide a systematic review of CN from three perspectives: relative measurement information, CN architectures, and swarm cooperative optimization algorithms. Furthermore, fusion algorithms are categorized into four classes, namely, mathematically derived, graph-based, filtering-based, and learning-based approaches, with their development trends systematically analyzed. The synergistic features of multisource information are then discussed, with emphasis on information selection, fault tolerance, and resilient fusion. Finally, the hierarchical structure of MSIF is highlighted, revealing the evolutionary trend from feature-level toward decision-level strategies. This survey aims to present a holistic understanding of UAV CN, outline key technical challenges, and shed light on future research directions in this rapidly evolving field.",F. Song; Q. Zeng; R. Zhang; X. Zhu; X. Ye; Z. Zhang,2026,10.1109/JSEN.2025.3646302,,IEEE_Xplore
REC_0391,Multi-UAV Collaboration and IMU Fusion Localization Method in Partial GNSS-Denied Scenarios,"When it comes to disaster rescue, quickly and accurately locating the trapped people will not miss the golden rescue time, thereby improving the success rate of rescue. The existing research has focused on the use of unmanned aerial vehicles (UAVs) to locate stationary user equipment (UE). However, the simultaneous movement of the UAVs and the UE brings about problems of UAV coordinate deviation and range interference, resulting in poor accuracy and stability of UE localization. To solve the mentioned issues above, a fusion localization method based on multi-UAV collaborative ranging and user-side inertial measurement unit (IMU) module was proposed for GNSS-denied scenarios. First, the initial coordinate deviations of the UAVs were corrected by multi-UAV collaboration; Then, a pre-processing scheme based on density peaks clustering (DPC) was proposed to eliminate the abnormal interference in the ranging data; Finally, the unscented Kalman filter (UKF) was used to realize the fusion localization based on multi-UAV ranging and user-side IMU module. The simulation results showed that the proposed scheme can maintain the accuracy and stability of UE localization in the presence of ranging interference, and the positioning error was reduced by 21.4% compared with the commonly used extended Kalman filter (EKF). Moreover, the proposed localization scheme had a better performance in low-altitude rather than high-altitude flight scenarios.",Y. Zheng; Y. Xie; J. Li,2023,10.1109/ACCESS.2023.3315870,,IEEE_Xplore
REC_0409,Dust-Resilient Autonomous Navigation and Mapping for UAVs in GNSS-Denied Underground Tunnels,"Autonomous UAVs enable safe inspection of hazardous underground environments, but simultaneous GNSS denial and visibility degradation from airborne dust present critical navigation challenges. Conventional visual odometry fails under feature scarcity, while LiDAR-based methods suffer from noise artifacts as suspended particles are misinterpreted as obstacles. This paper presents a UAV system for autonomous mapping in dust-laden, GNSS-Denied tunnels. LiDAR-Inertial odometry was integrated with IMU pre-integration to achieve 100 Hz state estimation for responsive control in confined spaces. An intensity-based dust filtering algorithm removes point cloud contamination in real-time, enabling autonomous capabilities despite visibility degradation. Experimental validation in a real mining tunnel under controlled visually degraded conditions demonstrates autonomous operation. The system completes exploration and mapping in 480 seconds, achieving 0.19 m mean mapping accuracy and 0.60 m RMS error against Total Station ground truth. Results establish quantitative benchmarks for UAV deployment in underground construction and emergency response scenarios where human access is restricted.",M. A. Montes-Grova; J. M. Gonz?lez-Mar?n; F. J. P?rez-Grau; A. Viguria,2026,10.1109/ICUAS69441.2026.11598747,,IEEE_Xplore
REC_0455,Airborne-Relay-based Algorithm for Locating Crashed UAVs in GPS-Denied Environments,"We propose a location algorithm to promptly search for crashed unmanned aerial vehicles (UAVs), using an airborne communication relay UAV (ACRU) in global positioning system (GPS)-denied environments. Conventional UAV based location methods require at least four UAVs to search for the crashed one. However, such methods are subject to significant errors according to the distance between the crashed UAV and the others. In the proposed algorithm, only one ACRU is required to locate the crashed UAV. The ACRU relays its own position and the signals from the crashed UAV in real-time to a ground control station (GCS), which then estimates the position of the crashed UAV based on time difference of arrival (TDOA) processing using the signals relayed from the ACRU. According to the estimated position of the crashed UAV, the ACRU then flies in the direction of the crashed UAV by applying a weighting algorithm to effectively estimate the distance to it. The performance of the proposed algorithm is verified by computer simulations by considering the conditions of an army battalion battlefield. We improve the accuracy of the proposed location algorithm by applying a weighting algorithm to the TDOA data, and we demonstrate that the location algorithm can be used to efficiently locate crashed UAVs in GPS denied environments.",D. Oh; J. Lim; J. -K. Lee; H. Baek,2019,10.1109/UEMCON47517.2019.8993065,,IEEE_Xplore
REC_0481,An Onboard Transformer-Based Physics-Informed System for UAV Trajectory Prediction and State Classification in GNSS-Denied Environments,"This work introduces a real-time, lightweight system deployed onboard unmanned aerial vehicles (UAVs) that achieves the two-fold objective of state classification and trajectory prediction by integrating a Transformer-based physicsinformed learning model with an extended Kalman filter (EKF). The proposed framework employs a two-stage sensor fusion mechanism that combines a physics-informed Transformer with an EKF-based measurement augmentation. In the first stage, an EKF fuses onboard sensor readings together with visionderived measurements (optical flow measurements) and external sensor information (such as weather station data of wind speed and direction) to construct an augmented and denoised input measurement vector. In the second stage, the resulting filtered state estimates are fed into a physics-informed Transformer network that exploits shared feature learning to jointly enhance robustness and improve state classification and trajectory forecasting performance in Global Navigation Satellite System (GNSS)-denied environments. The proposed EKF-assisted AI framework is trained and validated on a custom dataset of UAV trajectories collected across various outdoor environments, and its prototype implementation is thoroughly assessed and validated in real-world outdoor experiments.",N. Souli; Y. Grigoriou; P. Chrysanthou; P. Kolios; G. Ellinas,2026,10.1109/ICUAS69441.2026.11598599,,IEEE_Xplore
REC_0489,UAV Vision Aided INS/Odometer Integration for Land Vehicle Autonomous Navigation,"Autonomous navigation without external GNSS aiding is crucial for some kinds of land vehicle applications, such as military vehicles and unmanned vehicles navigation under GNSS denied environments. A typical solution for autonomous navigation can be achieved by integrating Inertial Navigation System (INS) and odometer, where the odometer can provide velocity aiding for INS. The INS/odometer integration approach can dramatically improve the navigation performances compared with the standalone INS approach, however its positioning error is still gradually accumulating with time because of lacking external position correction. This paper proposes an approach to aid the INS/odometer integration by using vision positioning, where a UAV is used to carry the vision camera and helps to realize the positioning of the vehicle by image matching. The UAV vision positioning acts a role like GNSS and provides constant position correction for INS/odometer integration. A dual-rate Kalman filter is proposed and utilized to realize the data fusing of vision, INS and odometer. Simulation and filed tests show that the proposed approach can dramatically improve the autonomous navigation performances for land vehicles.",J. Dong; X. Ren; S. Han; S. Luo,2022,10.1109/TVT.2022.3151729,,IEEE_Xplore
REC_0502,LD3DGS-SLAM: Long-Distance Monocular SLAM With 3-D Gaussian Splatting and GNSS-Aided Localization for UAVs,"Integrating neural rendering with simultaneous localization and mapping (SLAM) has shown great promise for achieving high-precision localization and photorealistic scene reconstruction. However, the dynamic perspectives of uncrewed aerial vehicles (UAVs), compounded by Global Navigation Satellite System (GNSS) signal interference and the accumulation of localization errors, pose significant challenges to existing monocular SLAM methods in complex environments. To address these limitations, we propose LD3DGS-SLAM, a novel framework that integrates monocular SLAM, GNSS, and 3-D Gaussian splatting (3DGS) to enhance UAV-based localization and mapping. The system integrates traditional geometric feature-based localization with the multiview synthesis capability of 3-D Gaussian rendering, achieving a breakthrough in accuracy while enhancing robustness. First, we construct a multisensor fusion graph optimization model that tightly integrates GNSS and monocular vision data, effectively mitigating the cumulative drift typical of traditional SLAM pipelines. Afterward, we introduce a 3-D Gaussian-based mapping strategy that incrementally refines a dense scene representation using SLAM-generated point clouds, fusing geometric and texture information to reconstruct highly accurate and detailed maps. To further enhance localization performance in GNSS-denied scenarios, we develop a dynamic frame interpolation and tracking approach based on 3-D Gaussian rendering. By synthesizing novel viewpoints, this method improves observation matching and strengthens loop closure detection, enabling robust relocalization in large-scale environments. To validate the effectiveness of the proposed framework, we implement a UAV test system and evaluate its performance on both the publicly available TUM dataset and a self-collected aerial dataset spanning several kilometers. Experimental results show that LD3DGS-SLAM achieves a state-of-the-art average localization error of only 0.8 m using just a monocular camera, even during long-range flight missions exceeding tens of kilometers and altitudes up to 500 m. Overall, LD3DGS-SLAM effectively addresses the limitations of monocular SLAM in aerial scenarios, providing a robust, accurate, and cost-effective localization solution for urban air mobility (UAM) and Aerial Internet of Things (IoT) applications.",D. Li; T. Yang; Y. Wang; H. Qin; S. Fan; S. Zhang; Y. Zhang; J. Li,2026,10.1109/JIOT.2025.3638876,,IEEE_Xplore
REC_0534,Integrated UWB-Vision Approach for Autonomous Docking of UAVs in GPS-denied Environments,"Though vision-based techniques have become quite popular for autonomous docking of Unmanned Aerial Vehicles (UAVs), due to limited field of view (FOV), the UAV must rely on other methods to detect and approach the target before vision can be used. In this paper we propose a method combining Ultra-wideband (UWB) ranging sensor with vision-based techniques to achieve both autonomous approaching and landing capabilities in GPS-denied environments. In the approaching phase, a robust and efficient recursive least-square optimization algorithm is proposed to estimate the position of the UAV relative to the target by using the distance and relative displacement measurements. Using this estimate, UAV is able to approach the target until the landing pad is detected by an onboard vision system, then UWB measurements and vision-derived poses are fused with onboard sensor of UAV to facilitate an accurate landing maneuver. Real-world experiments are conducted to demonstrate the efficiency of our method.",T. -M. Nguyen; T. H. Nguyen; M. Cao; Z. Qiu; L. Xie,2019,10.1109/ICRA.2019.8793851,,IEEE_Xplore
REC_0537,Indoor Navigation and Attitude Estimation for Uas Using Inertial Sensors and Extended Kalman Filtering,"Accurate position estimation during navigation is essential for missions conducted using Unmanned Aerial Systems (UASs), particularly in fully autonomous operations or missions performed in Beyond Visual Line of Sight (BVLOS) conditions. In outdoor environments, conventional positioning solutions primarily rely on Global Navigation Satellite Systems (GNSS). However, GNSS-based approaches are not suitable for indoor navigation scenarios or GPS-denied environments, where satellite signals are unavailable or severely degraded. As a result, alternative positioning and navigation technologies are required to ensure reliable and accurate UAS operation in such conditions. Inertial Navigation Systems (INS) are becoming essential components of UAS navigation architectures. By integrating low-cost Inertial Measurement Units (IMU), INS provide reliable navigation and attitude estimation capabilities, particularly in GNSS-denied environments. However, uncompensated bias and drift errors lead to the accumulation of position and velocity errors, resulting in significant navigation inaccuracies. This work investigates the impact of IMU bias and drift errors on UAS navigation and attitude estimation and introduces an estimation technique based on the Extended Kalman Filter (EKF) to jointly estimate and compensate these error sources. The proposed EKF-based approach estimates both bias and drift terms affecting the UAS position and attitude, thereby mitigating the accumulation of velocity and position errors over time. The effectiveness of the proposed method is validated through simulation tests conducted in MATLAB? and Simulink? environments, reproducing realistic operational scenarios. Simulation results demonstrate that the proposed approach significantly enhances UAS navigation performance by improving estimation accuracy and reducing overall navigation errors.",S. Ponte; G. Ariante; A. Menichino; V. Di Vito; G. Del Core,2026,10.1109/MetroAeroSpace69299.2026.11646697,,IEEE_Xplore
REC_0572,GNSS-Independent Navigation of UAV through Utilization of Sensor Fusion and Intelligence System,"Unmanned Aerial Vehicles (UAVs) have gained a lot of attention due to their applications in various sectors. Most of fully autonomous UAVs navigation system is dependent on GNSS for localization. But the security threats that emanates from GPS system; spoofing and jamming makes the reliance on GNSS problematic. In this work, we proposed a fully autonomous UAV navigation system without GNSS and wireless communication. The application area of interest in this work is military battlefield. The proposed navigation method combines information gathered by Intelligence Preparation for Battlefield (IPB) and Intelligence Surveillance Reconnaissance(ISR) group and onboard sensors. Then it applies AI-enabled multi sensor fusion, motion planning and decision making to accomplish the navigation successfully. The integrated way of navigation used to assess the conceptual possibility of autonomous navigation without the use of external navigation system and reliable operation of UAV at GPS and wireless signal denied environment. In addition, to ensure reliable operation of the navigation system, devices health monitoring system through the use of distributed monitoring agent and AI algorithms are proposed. The conceptual architecture is designed as six layer architecture with cross-layer interaction feature.",S. E. Meheretu; S. Y. Hailesilassie; E. Nigussie,2022,10.1109/ICT4DA56482.2022.9971437,,IEEE_Xplore
REC_0594,Google map aided visual navigation for UAVs in GPS-denied environment,"We propose a framework for Google Map aided UAV navigation in GPS-denied environment. Geo-referenced navigation provides drift-free localization and does not require loop closures. The UAV position is initialized via correlation, which is simple and efficient. We then use optical flow to predict its position in subsequent frames. During pose tracking, we obtain inter-frame translation either by motion field or homography decomposition, and we use HOG features for registration on Google Map. We employ particle filter to conduct a coarse to fine search to localize the UAV. Offline test using aerial images collected by our quadrotor platform shows promising results as our approach eliminates the drift in dead-reckoning, and the small localization error indicates the superiority of our approach as a supplement to GPS.",M. Shan; F. Wang; F. Lin; Z. Gao; Y. Z. Tang; B. M. Chen,2015,10.1109/ROBIO.2015.7418753,,IEEE_Xplore
REC_0617,Visual-Inertial Fusion for Indoor Autonomous Navigation of a Quadrotor Using ORB-SLAM,"This brief addresses the accuracy of the pose estimation of a Low-Cost Quadrotor using visual SLAM and sensor data fusion for making an autonomous indoor navigation in a known GPS-denied environment. To perform this approach, two kinds of modules are employed. For the former, a Simultaneous Localization and Mapping (SLAM) system is used. This SLAM system uses Oriented Fast and rotated BRIEF (ORB) features, also known as ORB_SLAM. The second module is Extended Kalman Filter (EKF) that is applied for combining the obtained pose from ORB_SLAM and Inertial Measurement Unit (IMU). Since in this paper the SLAM process is performed by the frontal monocular camera of Quadrotor, so developing scale factor estimation in order to calculate the scale of the map with minimum error is necessary. In addition, a Proportional Integral Derivative (PID) is utilized to conduct the maneuver of the robot. All of these processes are done by sending data via Wi-Fi to a ground station in order to perform the data processing. To show the performance of the proposed algorithm, two experiments are carried out on an AR-Drone 2.0 quadrotor. The first one is position holding that shows the robustness of the estimated position of the system in hovering situation after take-off. The second one is an indoor trajectory tracking that illustrates the difference between the downward camera output position and the estimated position.",S. J. Haddadi; E. B. Castelan,2018,10.1109/LARS/SBR/WRE.2018.00028,,IEEE_Xplore
REC_0620,Terrain Aided Planetary UAV Localization Based on Geo-referencing,"The autonomous real-time optical navigation of planetary unmanned aerial vehicle (UAV) is of the key technologies to ensure the success of the exploration. In such a GPS-denied environment, vision-based localization is an optimal approach. In this article, we proposed a terrain aided simultaneous localisation and mapping (SLAM) algorithm, which simultaneously reconstructs the 3-D map point of environment and estimates the location of a planet UAV based on preexisting digital elevation model (DEM). To directly georeference the onboard UAV images to the digital terrain model, a theoretical model is proposed to prove that topographic features of UAV image and DEM can be correlated in the frequency domain via cross power spectrum. To provide the six-DOF of the UAV, we developed an optimization approach, which fuses the geo-referencing result into an SLAM system via local bundle adjustment (LBA) to achieve robust and accurate vision-based navigation even in featureless planetary areas. To test the robustness and effectiveness of the proposed localization algorithm, a new dataset for planetary drone navigation is proposed based on simulation engine. The proposed dataset includes 40 200 synthetic drone images taken from nine planetary scenes with related DEM query images. Comparison experiments are carried out to demonstrate that over the flight distance of 33.8 km, the proposed method achieved an average localization error of 0.45 m, compared to 1.32 m by ORB-SLAM2 and 0.75 m by ORB-SLAM3, with the processing speed of 12 Hz, which will ensure real-time performance. We will make our datasets available to encourage further work on this topic.",X. Wan; Y. Shao; S. Zhang; S. Li,2022,10.1109/TGRS.2022.3198745,,IEEE_Xplore
REC_0631,Invited Speaker 1: Navigation without GPS for Unmanned Aerial Vehicles,"In recent years, research and development of unmanned aerial vehicles (UAVs) have gained much attention in the academic and industrial communities worldwide. Extensive research and development have been done for UAVs to operate in complex and unknown environments, especially in GPS-denied environments. Consideration of a wide range of factors needs to be observed in such environments. Control systems for the unmanned vehicles are required to integrate, not only the basic input-output control laws but also the high-level functionalities for perception, decision making and task scheduling. Software systems for unmanned vehicles are required to perform tasks from hardware driving to the management of device operations, and from traditional input-output control law implementation to sensing, task scheduling and event management. In this talk, in-depth research in the advanced autonomous systems on UAVs is presented, involving automate flight process in GPS-denied environments, such as below the forest canopy or indoor environments, in which a board range of sensing and navigation technologies have been used. The sensors and algorithms plan the drones' flight paths, make sense of where they are, and to ensure that they do not collide with obstacles. All these are done automatically with no human intervention. The proposed systems have been successfully tested in both simulations and real flight experiments. Several related applications of the autonomous systems on UAVs will also be presented.",L. Feng,2019,10.1109/IConDA47345.2019.9034681,,IEEE_Xplore
REC_0652,Reinforcement Learning-Based Autonomous UAV Navigation in Indoor Environments Towards Human Detection,"Unmanned Aerial Vehicles (UAVs) have become indispensable in search and rescue (SAR) missions by enabling rapid aerial reconnaissance in unstructured and GPS denied environments that are inaccessible to ground teams. Conventional autonomous navigation systems typically depend on heavy sensor suites such as LiDAR or reliable GPS signals, which are often impractical for lightweight and low-cost rescue drones operating in cluttered indoor spaces, including partially collapsed buildings in disaster zones. To address this limitation, this paper introduces a cost-effective, fully autonomous UAV navigation framework that leverages Deep Reinforcement Learning (DRL) to replace brittle rule-based decision logic with adaptive policy learning. The framework integrates real-time human detection using a monocular RGB camera and YOLOv8n, and evaluates two DRL strategies for autonomous indoor maneuvering toward detected humans, specifically Deep Q-Network (DQN) and Proximal Policy Optimization (PPO). Simulation results indicate that rule-based navigation shows low generalization to dynamic and unstructured conditions. Although DQN shows limited reliability, the PPO based agent achieves higher navigation success rates and more stable decision policies. The proposed system is further validated through Sim to Real transfer using a DJI Tello drone on indoor flight tasks, demonstrating practical deployment without expensive sensing hardware. The results confirm the feasibility of lightweight, low-cost, vision based autonomous UAV agents capable of adaptive indoor navigation toward detected humans.",V. Geeganage; L. Gamage; H. Weerathunga; C. Premachandra; B. H. Sudantha,2026,10.1109/ICIPRoB69625.2026.11497788,,IEEE_Xplore
REC_0701,Vision-Based Autonomous Drone Navigation Using Deep Reinforcement Learning,"Vision-guided autonomous drone navigation has been a high-priority field of research with the rise of the need of intelligent unmanned aerial vehicles that can be used in complex, dynamic, and GPS-denied settings. The classical and rule-based methods of control do not tend to be generalizable to different visual conditions, obstacles, and environmental versions because of uncertainties. With this, this paper introduces a deep reinforcement learning (DRL)-based autonomous drone navigation framework based on vision, which combines perception, decision-making and control in one learning framework. The system that is proposed would develop autonomous navigation as a sequential decision-making problem, in which the drone would learn the best navigation policies by observing the visual data itself using an on-board camera. The representation of states, actions and rewards are developed to provide stable learning without violating operational limits, e.g. collision avoidance, flight stability and constrained onboard computation. Various DRA algorithms, such as Deep Q-Networks (DQN), Proximal Policy Optimization (PPO), Asynchronous Advantage Actor-Critic (A3C) and Soft Actor-Critic (SAC) are compared to determine whether each can be used in real-time aerial navigation tasks. The perception module is based on convolutional neural network (CNN) that is used to derive compact and informative visual features on the raw image streams, and thus effective environment perception without depending on handcrafted features. This includes reward shaping and exploration techniques that will hasten convergence and improve policy resilience.",N. Narole; D. Prasad; S. R. Gaikwad; S. S. Badhiye; B. Jolad; J. S. Nadaf,2026,10.1109/ESCI68015.2026.11493377,,IEEE_Xplore
REC_0705,Recursive Extended Finite-Memory Positioning Algorithm for Robust UAV Positioning in GNSS-Denied Environment,"Recently, the operational domain of uncrewed aerial vehicles (UAVs) has expanded from outdoor environments to indoor spaces such as factories, power plants, and tunnels. In these environments, where the Global Navigation Satellite Systems (GNSS) is unavailable, and the risk of collision with surrounding structures is high, a positioning system with high accuracy and fast update rates is essential. In this article, we propose a novel 3-D positioning algorithm for UAVs operating in a GNSS-denied environment. The proposed algorithm is based on sensor fusion of the inertial measurement unit (IMU) and ultra-wideband-based wireless sensor network (UWB-WSN). The proposed algorithm, referred to as the recursive extended finite-memory positioning (REFMP), features a unique finite-memory (FM) structure that estimates the current position using only a limited set of recent information. This FM structure endows the algorithm with robustness against measurement model errors, linearization errors, and uncertainties in initial position information. We evaluated the performance of the proposed algorithm through both simulations and real-world experiments under various challenging conditions, including UAV collisions with walls, aggressive maneuvers inducing sensor measurement errors, and scenarios with uncertain initial position information. By comparing the proposed algorithm with state-of-the-art UAV positioning algorithms based on IMU and sensor fusion, we demonstrate the superior positioning accuracy and robustness of REFMP under harsh conditions.",S. S. Lee; J. M. Pak; P. Shi; C. K. Ahn,2026,10.1109/JIOT.2025.3629868,,IEEE_Xplore
REC_0713,Autonomous UAV Pipeline Landing via Depth-LiDAR Fusion in GNSS-Denied Refineries,"Autonomous UAV inspection in industrial refineries demands precise landing on pipelines under GNSS-denied conditions. This work presents a complete software architecture that integrates LiDAR-based localization with a novel multi-sensor framework for pipeline perception and tracking. The proposed method processes dual 2D laser scans and fuses them with depth data through a temporal filter. This enables consistent mapping and tracking of pipelines, effectively rejecting spurious detections and maintaining a reliable scene representation. The system is validated both in controlled indoor experiments and through fully autonomous landing missions in a real refinery, demonstrating robust performance and accurate alignment with the target infrastructure.",D. Tejero-Ruiz; M. A. Montes-Grova; F. J. P?rez-Grau; A. Viguria; A. Ollero,2026,10.1109/LRA.2026.3662655,,IEEE_Xplore
REC_0719,Autonomous landing of small unmanned aerial rotorcraft based on monocular vision in GPS-denied area,"Focusing on the low-precision attitude of a current small unmanned aerial rotorcraft at the landing stage, the present paper proposes a new attitude control method for the GPS-denied scenario based on the monocular vision. Primarily, a robust landmark detection technique is developed which leverages the well-documented merits of supporting vector machines (SVMs) to enable landmark detection. Then an algorithm of nonlinear optimization based on Newton iteration method for the attitude and position of camera is put forward to reduce the projection error and get an optimized solution. By introducing the wavelet analysis into the adaptive Kalman filter, the high frequency noise of vision is filtered out successfully. At last, automatic landing tests are performed to verify the method's feasibility and effectiveness.",C. Miao; J. Li,2015,10.1109/JAS.2015.7032912,,IEEE_Xplore
REC_0814,Monocular Vision Aided Autonomous UAV Navigation in Indoor Corridor Environments,"Deployment of autonomous Unmanned Aerial Vehicles (UAV) in various sectors such as disaster hit environments, industries, agriculture, etc., not only improves productivity but also reduces human intervention resulting in sustainable benefits. In this regard, we present a model for autonomous navigation and collision avoidance of UAVs in GPS-denied corridor environments. In the first stage, we suggest a fast procedure to estimate the set of parallel lines whose intersection would yield the position of the vanishing point (VP) inside the corridor. A suitable measure is then formulated based on the position of VP on the intersecting lines in reference to any of the image boundary axes. The knowledge of VP location alongside the formulated mechanism govern the necessary set of commands to safely navigate the UAV avoiding any collision with the side walls. Furthermore, the relative Euclidean distance scale expansion of matched scale-invariant keypoints in a pair of frames is taken into account to estimate the depth of a frontal obstacle; usually a wall at the end of the corridor. However, turbulence in the UAV arising due to its rotors or other external factors such as wind may introduce uncertainty in depth estimation. It is rectified with the help of a constant velocity aided Kalman filter model. Necessary set of control commands are then generated to avoid the frontal wall before collision. Exhaustive experiments in different corridors reveal the efficacy of the proposed scheme.",R. P. Padhy; F. Xia; S. K. Choudhury; P. K. Sa; S. Bakshi,2019,10.1109/TSUSC.2018.2810952,,IEEE_Xplore
REC_0870,"Recent Trends, Techniques, and Applications of AI Based Autonomous Drones","This paper presents a structured survey and comprehensive synthesis of influential research on autonomous drones, focusing on their development, applications, and performance evaluation. The studies span multiple domains, including medical delivery, agricultural automation, military surveillance, swarm coordination, urban navigation, and last-mile logistics. Techniques such as deep learning, fuzzy logic, reinforcement learning, SLAM, and LLM-based adaptive navigation have been applied and evaluated using both simulations and field deployments. Representative parameters include navigation accuracy, latency, battery life, payload capacity, flight time, and delivery efficiency. To complement this analysis, we highlight real-world drone deployments such as Zipline (medical logistics), Wing (urban parcel delivery), and Matternet (hospital supply chains), thereby linking experimental findings to operational viability. Emerging trends include the rise of AI-driven autonomy, integration with mobile and cloud applications, GPS-denied navigation, and use in fire detection, infrastructure inspection, and healthcare delivery. However, gaps remain in privacy-preserving data usage, AI responsibility, benchmarking standards, and commercial viability assessments. This survey identifies opportunities for future research toward scalable, context-aware, and ethically aligned deployment of autonomous drones.",H. M. Raghuwanshi; G. Dhopavkar,2026,10.1109/ICEI65890.2026.11447876,,IEEE_Xplore
REC_0896,Robust autonomous flight and mission management for MAVs in GPS-denied environments,"This paper addresses the problem of autonomous flight in GPS-denied environments. We present our systematic solution with integrated hardware and software design, robust state estimation and mission management. A micro aerial vehicle (MAV) equipped with 2D laser scanner, camera, on-board computer and flight controller is designed and constructed to realize our flight missions. The 2D laser-based localization and Kalman filter-based sensor fusion provide a robust state estimation for the MAV. We also design a task tree-based mission management method to handle a complete mission with multiple tasks. Moreover, vision-based detection algorithms complement various tasks, such as target searching and precision landing. Extensive experimental results demonstrate the robustness and effectiveness of the overall integrated system. It was also validated by our championship winning in Singapore Amazing Flight Machine Competition (SAFMC) 2017.",Y. Bi; M. Lan; J. Li; K. Zhang; H. Qin; S. Lai; B. M. Chen,2017,10.1109/ASCC.2017.8287144,,IEEE_Xplore
REC_0932,Development of a Plug-and-Play Infrared Landing System for Multirotor Unmanned Aerial Vehicles,"Precise landing of multirotor unmanned aerial vehicles (UAVs) in confined, GPS-denied and vision-compromised environments presents a challenge to common autopilot systems. In this work we outline an autonomous infrared (IR) landing system using a ground-based IR radiator, UAV-mounted IR camera, and image processing computer. Previous work has focused on UAV-mounted IR sources for UAV localization, or systems using multiple distributed ground-based IR sources to estimate UAV pose. We experimented with the use of a single ground-based IR radiator to determine the UAV's relative location in three-dimensional space. The outcome of our research significantly simplifies the landing zone setup by requiring only a single IR source, and increases operational flexibility, as the vision-based system adapts to changes in landing zone position. The usefulness of our system is especially demonstrated in vision-compromised applications such as nighttime operations, or in smoky environments observed during forest fires. We also evaluated a high-power IR radiator for future research in the field of outdoor autonomous point-to-point navigation between IR sources where GPS is unavailable.",E. Nowak; K. Gupta; H. Najjaran,2017,10.1109/CRV.2017.23,,IEEE_Xplore
REC_0951,PSS-LIO A Computationally Efficient LiDAR-Inertial Odometry Framework for UAV Building Inspection via Geometric Predictability and Structure Prior Learning,"Unmanned aerial vehicle (UAV)-based building inspection demands accurate and computationally efficient state estimation in GNSS-denied environments. Existing LiDAR-inertial odometry (LIO) systems suffer from suboptimal observation utilization: frame-based and point-by-point methods process observations without exploiting geometric predictability, scalar information metrics risk observability degradation by conflating directional constraints, and recent plane merging methods improve map quality but do not feed learned structure back into state estimation. This article presents PSS-LIO, a building-inspection-oriented LIO framework integrating three complementary mechanisms. First, a prediction-based coarse filtering mechanism bypasses observations conforming to range predictions from mapped surfaces. Second, an information-driven fine selection strategy decomposes Fisher Information along state subspaces, enabling multiresolution updates with directional coverage guarantees. Third, a structure-prior guided update mechanism learns dominant surface orientations online as adaptive soft constraints, directly enhancing state estimation rather than merely improving map representation. Experiments on public datasets and real-world UAV deployments demonstrate that PSS-LIO achieves consistent accuracy improvements while substantially reducing computational requirements. Code will be available at: https://github.com/KerouacDlg/PSS-LIO",Y. Wang; R. Qiu; A. Tang; L. Li; W. Li; S. Wan; X. Li,2026,10.1109/TIM.2026.3709427,,IEEE_Xplore
REC_0960,Cooperative Visual Inertial Odometry for Heterogeneous Swarm of Drones Navigating in Noisy Environments,"This paper presents a methodology for enhancing the localization performance of drone swarms by collaborative propagation of the estimates of drones equipped with higher cost sensors to the drones with lower-cost sensors. Although recent advances in visual-inertial odometry (VIO) enabled good performance in GPS denied environments, the localization performance is still highly dependent on the accuracy of inertial sensors. Moreover, environmental effects that corrupt visual inputs also contribute to the error rate of VIO estimates thus localization in noisy environments with low-grade sensors is still widely an open problem. We show that this problem can be alleviated when drones are navigating in the form of a swarm, and the relative distance measurements between drones are available through ultra-wideband (UWB) signals. In particular, we develop a collaborative Kalman filtering and optimization framework, where the drones with lower grade sensors receive updates from drones that have access to higher-quality measurements. We validate our approach in a simulation environment with realistic visual representations and show that the proposed methodology can significantly improve the localization performance, especially for the scenarios where the camera measurements are corrupted with high noise. We further present results in simplistic flight tests to demonstrate the applicability of our approach to real hardware.",K. C. Atik; E. Erdogan; A. Y. Yahsi; F. Kara; B. Yalcin; G. Cetin; N. K. Ure,2022,10.1109/ISIE51582.2022.9831647,,IEEE_Xplore
REC_0981,Multi-sensor Data Analysis in Terms of Autonomous Drone Flight without GPS,"The paper focuses on the movement of a drone without a GPS (Global Positioning System) signal. For this purpose, different types of sensors and their output data are described. In order to realize a flight without GPS, several steps need to be done such as data description and analysis and its correlation with GPS coordinates during the research. For data analysis, data from airspeed sensor, barometer, compass, GPS sensor, gyroscope sensor, accelerometer sensor and rangefinders sensor were used. Based on the correlation dependencies obtained, software for autonomous flight without GPS was designed.",G. Issassis; P. Marco?; J. Janou?ek; L. Venkrbec,2023,10.1109/PIERS59004.2023.10221335,,IEEE_Xplore
REC_0986,Field Test Results of GNSS-denied Inertial Navigation aided by Phased-array Radio Systems for UAVs,"Unmanned aerial vehicles (UAVs) often depend on global navigation satellite systems (GNSS) and magnetic compasses for navigation, making them exposed to malicious attacks and sensitive to magnetic anomalies, while restricting operations to within GNSS coverage. By rather relying on inertial navigation aided by spherical position measurements from a phased-array radio system (PARS), these vulnerabilities are avoided. The navigation system relies on a multiplicative extended Kalman filter for state corrections, and on outlier rejection to mitigate effects of radio reflections. Field testing shows that, despite the higher levels of noise in the PARS signal, the PARS-based position, velocity and attitude estimates are satisfactory when compared to the autopilot based attitude and velocity and the real-time kinematic (RTK) GNSS position reference solution.",K. Gryte; T. H. Bryne; S. M. Albrektsen; T. A. Johansen,2019,10.1109/ICUAS.2019.8798057,,IEEE_Xplore
REC_0994,Automated localization of UAVs in GPS-denied indoor construction environments using fiducial markers,"Unmanned Aerial Vehicles (UAVs) have opened a wide range of opportunities and applications in different sectors including construction. Such applications include: 3D mapping from 2D images and video footage, automated site inspection, and performance monitoring. All of the above-mentioned applications perform well outdoors where GPS is quite reliable for localization and navigation of UAV?s. Indoor localization and consequently indoor navigation have remained relatively untapped, because GPS is not sufficiently reliable and accurate in indoor environments. This paper presents a method for localization of aerial vehicles in GPS-denied indoor construction environments. The proposed method employs AprilTags that are linked to previously known coordinates in the 3D building information model (BIM). Using cameras on-board the UAV and extracting the transformation from the tag to the camera?s frame, the UAV can be localized on the site. It can then use the previously computed information for navigation between critical locations on construction sites. We use an experimental setup to verify and validate the proposed method by comparing with an indoor localization system as the ground truth. Results show that the proposed method is sufficiently accurate to perform indoor navigation. Moreover, the method does not intensify the complexity of the construction execution as the tags are simply printed and placed on available surfaces at the construction site. ? ISARC 2018 - 35th International Symposium on Automation and Robotics in Construction and International AEC/FM Hackathon: The Future of Building Things. All rights reserved.",Nahangi M.; Heins A.; McCabe B.; Schoellig A.,2018,10.22260/isarc2018/0012,,Scopus
REC_1001,Perception and navigation for an autonomous quadrotor in GPS-denied environments,"Robots need autonomous navigation to complete their tasks efficiently. This becomes more challenging in GPS-denied environments where positioning information is not available. For small flying robots and quadrotors, inherent limitations such as limited sensor payload and small system time-constant add another layer of challenge to the problem. This paper presents a solution for autonomous navigation of a quadrotor rotorcraft by performing autonomous behaviours, such as exploration, returning home, or following waypoints. The solution relies on accurate localization, mapping, and navigation between waypoints. Multiple tests were performed in simulated and real-world environments to show the effectiveness of the proposed solution.",Saeedi S.; Nagaty A.; Thibault C.; Trentini M.; Li H.,2016,10.2316/Journal.206.2016.6.206-4434,,Scopus
REC_1002,An integrated UAV navigation system based on geo-registered 3D point cloud,"The autonomous navigation of unmanned aerial vehicles (UAVs) require a lot of sensing modalities to improve their cruise efficiency. This paper presents a system for autonomous navigation and path planning of UAVs in GPS-denied environment based on the fusion of geo-registered 3D point clouds with proprioceptive sensors (IMU, odometry and barometer) and the 2D Google maps. The contributions of this paper are illustrated as follows: 1) combination of 2D map and geo-registered 3D point clouds; 2) registration of local point cloud to global geo-registered 3D point clouds; 3) integration of visual odometry, IMU, GPS and barometer. Experiment and simulation results demonstrate the efficacy and robustness of the proposed system. ? 2017 IEEE.",Zhang S.; Wang S.; Li C.; Liu G.; Hao Q.,2017,10.1109/MFI.2017.8170396,,Scopus
REC_1007,Robust geo-localization of UAVSAR in GPS-Denied environments using deep cross-modality matching with google Earth imagery,"The use of Unmanned Aerial Vehicles (UAVs) is rapidly increasing, making accurate localization essential for safe and reliable navigation. However, GPS signals can become unreliable or entirely unavailable in urban canyons, mountainous terrain, or environments with intentional interference. While many vision-based navigation methods rely on optical imagery, the potential of UAV-borne Synthetic Aperture Radar (UAVSAR) which performs reliably in all-weather and day?night conditions has received relatively little attention.This study presents a new three-stage geo-localization framework specifically designed for UAVSAR imagery: (1) coarse region retrieval by matching each UAVSAR image against low-resolution satellite tiles, (2) fine image alignment within the selected region using high-resolution reference imagery, and(3) final localization based on affine transformation estimation with compensation for the side-looking geometry of SAR. The feature extraction and matching process is driven by a Convolutional Multi-Scale Network with a ResNet-50 backbone, trained to learn robust, invariant features from image pairs captured under varying illumination, viewpoint, and sensor modality. Keypoints are extracted from intermediate feature maps, and mismatches are removed using adaptive distance filtering and RANSAC-based geometric verification. Experiments on a UAVSAR dataset covering more than 46,000?km? and 12 diverse flight paths demonstrate that the proposed method achieves RMSE values between 1.83 and 2.86?m (average 2.23?m) and yields a high Recall@1 in the coarse-retrieval stage.Compared with existing cross-modality matching approaches, the proposed framework consistently achieves higher retrieval accuracy and demonstrates more reliable operational performance.Training and testing across geographically distinct regions further confirm the strong generalization capability of the method.Overall, the results show that SAR-based visual navigation is a practical and robust alternative for GPS-limited or GPS-denied environments, offering a structured multi-stage pipeline and a cross-modality matching strategy that clearly distinguish it from prior work. ? The Author(s), under exclusive licence to Societ? Italiana di Fotogrammetria e Topografia (SIFET) 2026.",Naanjam R.; Ebadi H.; Farnood Ahmadi F.,2026,10.1007/s12518-026-00694-2,,Scopus
REC_1011,Real-time unmanned aerial system (UAS) based interference localization in a GNSS denied environment,"An unmanned aerial system (UAS) based system has been developed to be able to rapidly localize the source of GNSS interference to minimize the impact interference would have on critical infrastructure, such as an airport. Previously, the project, known as Jammer Acquisition with GPS Exploration and Reconnaissance or JAGER, has demonstrated capabilities of localizing a signal source in real time by physically rotating the antenna, however this approach proved to be a slow approach to localization [1]. Since that demonstration, the sensor has been upgraded to be electronically steered, the localizing algorithm and path planning has been improved to account for the higher rate of bearing measurements, and a GNSS independent navigation system has been developed. Each of these pieces have been demonstrated individually in both flight tests and simulation, however, until now, the full system has not been operated together in real-time [2]-[4]. This paper presents the real-time implementation of all the core sub-systems making up the JAGER platform working together to localizing a signal source in a GNSS denied environment. The JAGER system is made up of three sub-systems: the interference localization system, a GNSS denied navigation system, and a path planning system. The interference localization system is comprised of an electronically beam steered antenna making signal strength measurements to create received signal strength (RSS) patterns from which bearing information can be used to estimate the RFI source location. The GNSS denied navigation system is built around using optical flow from a gimbal stabilized FLIR Systems Boson infrared (IR) camera to measure velocity and in turn estimate the position of the vehicle. Finally, the path planning system sends velocity commands to the autopilot to fly a desired trajectory to get the best bearing measurements for estimating the RFI source. Flight tests were performed at Edwards Air Force Base with a 2W, 5MHz wide, 2.48 GHz signal source being localized by JAGER. The GNSS denied environment was created in software by disabling the use of GNSS by the autopilot for real time guidance and control. The flight tests were conducted at night, in the early morning (pre-sunrise), and in the late morning to stress test the IR based vision system and demonstrate the capabilities in a range of time periods. The location chosen at Edwards Air Force Base also consisted of a large hangar door that presented ?urban environment?-like challenges (namely reflections of the signal source). The flight tests comprised of 35 different mission attempts, where a mission consists of starting from a known location and fully autonomously executing the localization of the signal source with no user interaction until the source was determined to be localized. Of the 35 different mission attempts, 16 successfully localized the signal source with an average final 2D localization error of 13m, and the vision system demonstrated a drift rate of 4% and 6.1% during the day and night, respectively. ? 2019, Institute of Navigation.",Perkins A.; Chen Y.-H.; Lo S.; Lee C.; David Powell J.,2019,10.33012/2019.16992,,Scopus
REC_1012,Multi-Sensor Based Adaptive Fusion Scheme for Position Estimation of Multirotor UAV Systems in GPS-Denied Environments,"The use of Uncrewed Aerial Vehicles (UAVs) has seen significant growth across a wide range of applications over the past decade. UAVs are now commonly used for outdoor tasks such as surveillance, monitoring, inspection, delivery, and aerial photography, where a Global Positioning System (GPS) is available and in most cases sufficient for localization, as large distances to obstacles make high-precision position estimation less critical. In contrast, indoor environments present a challenge for UAV localization, as GPS signals are unavailable, making reliable positioning a primary concern in such areas. This work focuses on the implementation of a novel Kalman Filter based estimation technique that delivers reliable position information to a coaxial octorotor UAV in GPS-denied environments using inexpensive LIDAR technology. Accurate position estimation of a UAV is a primary challenge for navigation in a GPS-denied environment. Use of environmentally embedded sensors (such as a motion tracking system) is a popular choice. However, their use is not feasible in many applications outside of a controlled environment. The use of onboard sensors for localization is desirable in these conditions and is an active area of research where a variety of onboard sensors, each with its own limitations and capabilities, such as LIDAR, cameras, optical flow, and other proximity sensors have been used. However, developing a robust localization method that works under a variety of operating conditions is still a challenge. The main contribution of this paper is to introduce an Adaptive Kalman Filter (AKF) framework for precise position estimation of a multirotor UAV system in GPS-denied environments solely utilizing LIDAR and Inertial Measurement Unit (IMU) technology. The LIDAR sensors used in this research include a Unitree 4D LIDAR L1 in combination with a Garmin LIDAR-Lite V3. The system was developed on a Nvidia Jetson Orin Nano and a Cube Orange Flight Controller with PX4 Autopilot software. Point-LIO 3D SLAM was used to map the environment and obtain position information. The Robot Operating System (ROS) was used for data communication between the sensors, the onboard computer, and the flight controller. Lastly, the system and its performance were validated using a high-precision OptiTrack Motion Capture system as a ground truth reference. The Root Mean Square Error (RMSE) analysis demonstrated that the fusion and predictive capabilities of the AKF algorithm significantly improved the accuracy of position estimation of the GPS-denied UAV. ? 2025, American Institute of Aeronautics and Astronautics Inc, AIAA. All rights reserved.",Busse L.; Street L.; Kumar M.,2025,10.2514/6.2025-99640,,Scopus
REC_1013,Unmanned aerial vehicle localization using angle of departure from a single base station and dead-reckoning,"Localization in GNSS-denied environments for unmanned aerial vehicles (UAVs) has recently gained significant interest from the research community. Most of the research is focused primarily on visual localization. This paper examines an algorithm which employs angle of departure and UAVs payload sensor data for UAV localization. First the algorithm uses multiple angle of departures from a single base station and a travel calculated by applying dead-reckoning on the UAVs inertial measurement unit (IMU), to compute UAV location in 2D coordinates. The 2D location estimate is then fed into a modified extended Kalman filter, which employs the estimate, IMU and barometer data to compute the 3D coordinates for UAV. For the simulation, simulation-in-the-loop accompanied by Arducopter and MAVLink is used to simulate different trajectories and collect the required data for the algorithm. The algorithm is validated by comparing the extended Kalman filter estimates with IMU dead-reckoned positions. Three simulations were performed, consisting of linear, zigzag, and curved trajectories. A (Formula presented.) percentile error of 2.5 and 4 m is achieved for the x-coordinate and y-coordinate, respectively, on the zigzag and curved trajectories. Interestingly, the linear trajectory showed a larger localization error in its y-coordinate. ? 2024 The Authors. Electronics Letters published by John Wiley & Sons Ltd on behalf of The Institution of Engineering and Technology.",Rajasekaran A.; Meles M.; Virrankoski R.; J?ntti R.,2024,10.1049/ell2.13092,,Scopus
REC_1014,Cooperative UAV Swarm Communication Networks for Rapid Disaster Assessment in GPS-Denied Environments,"Timely situational awareness is essential in disaster management but normal Unmanned Aerial Vehicle (UAV) flight cannot take place when the Global Positioning System (GPS) signals are blocked or jammed. This paper addresses the issue of swarm cohesion and localization in these hostile conditions. We present a Cooperative Swarm-Mesh Network (CSMN), a hybrid structure that can alternate between an implicit Silent Mode and an explicit Leader?Follower mode based on distributed Extended Kalman Filters (DEKFs) in the face of communication failures. The system takes advantage of convex polygon decomposition to optimize the coverage in the area. The use of simulation studies with NS-3 and ROS has shown that the proposed framework can retain sub-meter localization error (RMSE < 0.9 m) in GPS-denied environments and provide 92% coverage of the area, which is 35% higher than the coverage with other baseline approaches. Within the simulated conditions evaluated using Gazebo/NS-3, sensor drift and network vulnerability are effectively addressed by the CSMN framework. These simulation-based results offer a promising blueprint for autonomous disaster evaluation, pending hardware-in-the-loop and field validation. Validation is conducted across two qualitatively distinct simulated environments: dense urban rubble and a sparse open field. Performance advantages generalise beyond a single test configuration, with mean localization RMSE remaining below 0.85 m in both scenarios. ? 2026 by the authors.",Wang P.; Li J.; Wei J.; Shi L.; Hou B.; Xie F.,2026,10.3390/drones10050355,,Scopus
REC_1015,Autonomous Navigation Method for UAV Based on the Fusion of Laser SLAM and AprilTag,"To improve the accuracy and efficiency of autonomous navigation for indoor UAV's (Unmanned Aerial Vehicle) in complex substation environments, this paper proposes a multi-sensor fusion-based autonomous navigation method. An indoor UAV platform integrating multi-dimensional LiDAR, depth cameras, and edge computing devices was designed and built. The method uses AprilTag markers as visual references and constructs maps based on laser SLAM(Simultaneous Localization And Mapping) technology. A relocation scheme that incorporates AprilTag information is proposed, and Dijkstra and DWA (Dynamic Window Approach) algorithms are used to plan the global and local navigation paths of the UAV, respectively. In a GPS-denied environment, the system achieves precise UAV localization and environmental point cloud mapping, ensuring accurate positioning and path planning. Multi-scenario experiments in a ROS (Robot Operating System) environment demonstrate that this method provides high positioning accuracy and strong robustness. ? Published under licence by IOP Publishing Ltd.",Zhou J.; Mao K.; Wang R.; He T.; Huang L.,2025,10.1088/1742-6596/3012/1/012002,,Scopus
REC_1018,OPsCV: A Robust Framework for Aerial Navigation under Global Positioning System Denied Conditions,"Unmanned aerial vehicles (UAVs) rely heavily on the global navigation satellite system (GNSS) for accurate localization. However, GNSS signals are often unavailable or unreliable in contested or cluttered environments. This study presents the optimized pose prediction and cross-view (OPsCV), a robust and adaptable navigation framework that integrates deep inertial odometry with a simulated cross-view geolocalization module through an error-state Kalman filter. The system enables dynamic switching from GNSS-based positioning to a fused solution that combines inertial and vision-based estimates as GNSS signal quality degrades. The framework was evaluated using real UAV flight data under persistent GNSS denial, with results demonstrating reliable pose estimation and improved positioning accuracy compared to the UAV?s internal navigation system. The OPsCV method maintained performance even with sparse cross-view updates, confirming its resilience under conservative operational conditions. These findings highlight the potential of fusing learned inertial measurements with statistical vision-based localization for autonomous aerial navigation in GNSS-denied environments. ? 2026, Departamento de Ciencia e Tecnologia Aeroespacial. All rights reserved.",Xavier N.A.Z.; Shiguemori E.H.; Maximo M.R.O.D.A.,2026,10.1590/jatm.v18.1413,,Scopus
REC_1019,Multi-Sensor Fusion SLAM for Interceptor UAVs in GNSS-Denied Environments: A Review,"With the rapid development of interceptor unmanned aerial vehicles (UAVs), they have become core equipment for counter-UAV missions. Interceptor UAVs exhibit high dynamic performance and high-speed maneuverability, yet maintaining stable operation in global navigation satellite system (GNSS)-denied environments remains a major challenge. Conventional simultaneous localization and mapping (SLAM) systems are extremely susceptible to motion distortion, which can lead to system failures. This paper presents an in-depth and systematic overview of multi-sensor fusion SLAM technologies for interceptor UAVs. Traditional SLAM and learning-based SLAM methods are categorized and summarized according to sensor types and the adoption of learning techniques, and their performance and limitations under interception scenarios including high-speed flight, maneuvering flight, and alternating low-and-high altitude flight are analyzed. This review identifies key technical gaps in existing studies, including discrepancies between simulation and real-world scenarios, limited onboard computing resources, and poor model interpretability. Furthermore, it outlines promising future research directions for interceptor UAV applications, such as learning-based cooperative SLAM and distributed swarm intelligence-based SLAM. This review aims to provide comprehensive research references for researchers and engineers, and facilitate the deployment and implementation of full-scene, high-precision and high-reliability SLAM technologies on new-generation interceptor UAVs. ? 2001-2012 IEEE.",Liu B.; Shi J.; Gong Y.; Li C.; Li H.,2026,10.1109/JSEN.2026.3720978,,Scopus
REC_1020,R-LVIO: Resilient LiDAR-Visual-Inertial Odometry for UAVs in GNSS-denied Environment,"In low-altitude, GNSS-denied scenarios, Unmanned aerial vehicles (UAVs) rely on sensor fusion for self-localization. This article presents a resilient multi-sensor fusion localization system that integrates light detection and ranging (LiDAR), cameras, and inertial measurement units (IMUs) to achieve state estimation for UAVs. To address challenging environments, especially unstructured ones, IMU predictions are used to compensate for pose estimation in the visual and LiDAR components. Specifically, the accuracy of IMU predictions is enhanced by increasing the correction frequency of IMU bias through data integration from the LiDAR and visual modules. To reduce the impact of random errors and measurement noise in LiDAR points on visual depth measurement, cross-validation of visual feature depth is performed using reprojection error to eliminate outliers. Additionally, a structure monitor is introduced to switch operation modes in hybrid point cloud registration, ensuring accurate state estimation in both structured and unstructured environments. In unstructured scenes, a geometric primitive capable of representing irregular planes is employed for point-to-surface registration, along with a novel pose-solving method to estimate the UAV?s pose. Both private and public datasets collected by UAVs validate the proposed system, proving that it outperforms state-of-the-art algorithms by at least 12.6%. ? 2024 by the authors.",Zhang B.; Shao X.; Wang Y.; Sun G.; Yao W.,2024,10.3390/drones8090487,,Scopus
REC_1023,A Hybrid Drone SINS/GNSS Information Fusion Method Based on Attention-Augmented TCN in GNSS-Denied Environments,"In the field of drone navigation systems, a high-precision positioning solution can be provided by an integrated strapdown inertial navigation system (SINS)/global navigation satellite system (GNSS). But when satellite signals are interfered with or blocked by tall buildings, the errors of SINS will disperse rapidly due to the complex air and mechanical vibrations, leading to a serious degradation of navigation accuracy. To enhance the positioning performance in this situation, this paper proposes a hybrid information fusion method based on attention-augmented temporal convolutional network (TCN) for drone SINS/GNSS navigation system. A feature integration and prediction model is constructed to provide a pseudo-positioning reference for the integrated navigation filter during GNSS-denied periods, in which TCN is used to establish a predictive positioning error correction model based on inertial measurements and SINS data, while a self-attention model is incorporated to extract complex global drone motion features. The performance of the proposed method has been experimentally verified using Global Positioning System (GPS) and SINS data collected from real drone flight test. Comparison results among the proposed model, SINS with TCN, SINS with convergent Kalman filter (KF) prediction section and SINS-only indicate that the proposed method can effectively improve the drone positioning accuracy in specific GNSS-denied environments. ? 2026 by the authors.",Xu C.; Chen S.; Zhao D.; Hou Z.; Jiang C.,2026,10.3390/rs18091379,,Scopus
REC_1026,Indoor UAV Localization via Multi-Anchor One-Shot Calibration and Factor Graph Fusion,"Indoor localization for unmanned aerial vehicles (UAVs) remains challenging in GNSS-denied environments due to the difficulty of position calibration of multiple ultra-wideband (UWB) anchors and the asynchronous fusion of heterogeneous sensors. This paper proposes a multi-sensor fusion localization framework that integrates multi-anchor one-shot calibration with factor graph optimization (FGO). First, Landmark Multidimensional Scaling (LMDS) is used to reconstruct the relative geometry of the anchors and the onboard tag from ranging measurements. Then, rigid Procrustes alignment is performed using a small number of anchors with known coordinates in the East?North?Up (ENU) frame to recover the transformation to the ENU frame, thereby enabling efficient position calibration of multiple UWB anchors and UAV pose initialization. Subsequently, a tightly coupled factor graph is constructed by incorporating inertial measurement unit (IMU) pre-integration, UWB ranging, laser rangefinder height measurements, and visual?inertial odometry (VIO) pose constraints. The resulting nonlinear optimization problem is solved using incremental smoothing, which improves robustness against non-line-of-sight (NLOS) errors and long-term drift. Experimental results on anchor calibration, public datasets, and real-world indoor UAV flights demonstrate that the proposed method improves the accuracy and robustness of indoor UAV localization. In particular, on the real-world rectangle trajectory, FGO-TC reduces the RMSE by approximately 38.8% compared with FGO-LC. ? 2026 by the authors.",Zhao J.; Deng Z.; Su W.; Lou B.; Liu Y.,2026,10.3390/rs18091407,,Scopus
REC_1028,Integrated navigation for autonomous drone in GPS and GPS-denied environments,"In this study, a novel robust navigation system for a drone in global positioning system (GPS) and GPS-denied environments is proposed. In general, the drone uses position and velocity information from GPS for guidance and control. However, GPS cannot be used in several environments; for example, GPS exhibits huge errors near buildings and trees, indoor environments. In such GPS-denied environments, a Laser Imaging Detection and Ranging (LI-DAR) sensor-based navigation system has generally been used. However, the LIDAR sensor also has a weakness, and it cannot be used in an open outdoor environment where GPS can be used. Therefore, it is advantageous to develop an integrated navigation system that operates seamlessly in both GPS and GPS-denied environments. In this study, an integrated navigation system for the drone using GPS and LIDAR was developed. The design of the navigation system is based on the extended Kalman filter, and the effectiveness of the developed system is verified by numerical simulation and experiment. ? 2018, Fuji Technology Press. All rights reserved.",Suzuki S.,2018,10.20965/jrm.2018.p0373,,Scopus
REC_1029,A Localization Strategy for Low-cost UAVs Sewers Inspection,"Inspecting sewers represents a significant challenge as these environments pose considerable safety risks to human operators. In this view, drones capable of autonomous flight can be used to perform inspection tasks reducing human exposure. However, sewer environments are typically confined, featureless, and poorly lit, hence, standard algorithms for the localization in GNSS-denied environments, such as Visual-Inertial Odometry (VIO), often fail. In addition, drone localization is further complicated by rotor-induced turbulence, and vibrations, that affect sensor measurements. This paper presents a low-cost multisensor-based method for robust pose reconstruction of Unmanned Aerial Vehicles (UAVs) to enable reliable navigation in visually degraded, GPS-denied environments. The proposed framework leverages environmental geometry, specifically obstacle and wall distances, to estimate relative motion and correct drift via a speed control strategy that maximizes the distance from any obstacle. The approach is validated through both simulation and real-world experiments, demonstrating its effectiveness in representative scenarios.  ? 2026 IEEE.",Maisto P.; Scognamiglio V.; Selvaggio M.; Lippiello V.,2026,10.1109/SII64115.2026.11404663,,Scopus
REC_1030,Towards an?UAV Visual Navigation System Based on?Map Processing and?Spatial Matching Techniques: A?Literature Review,"This paper reviews state-of-the-art methods for?UAV navigation in GNSS-denied environments, focusing on map-based spatial matching and vision-based techniques. It identifies trends and challenges in current approaches, emphasizing the integration?of cartographic data, visual odometry, and data fusion. A?novel methodology for identifying research gaps is presented, combining systematic literature review, qualitative and quantitative analysis with multi-criteria evaluation. The findings highlight limitations in existing methods and propose?a navigation system that leverages spatial pattern matching and object recognition, integrating vision-based and GIS data. This approach addresses real-time processing challenges and offers a foundation for improving UAV navigation accuracy in GNSS-denied settings. ? The Author(s), under exclusive license to Springer Nature Singapore Pte Ltd. 2025.",Ramanauskas E.; Jod?owiec M.; Kr?tkiewicz M.,2025,10.1007/978-981-96-6005-6_10,,Scopus
REC_1032,Synchronized Multi-Directional FMCW mmWave Radar?Inertial Odometry: Robust Positioning and Autonomous Navigation Experiments for UAVs in Low-Light Indoor Environments,"Highlights: What are the main findings? An engineering-ready Hybrid-RIO indoor localization and navigation system is developed, leveraging an ESKF-based fusion of four-directional FMCW mmWave radars and a high-rate IMU to provide stable state estimation for UAVs in GPS-denied, low-light, and airflow-disturbed environments. A radar ego-velocity estimation method based on three-point RANSAC-LSQ is introduced, together with an independent vertical mmWave radar for altitude fusion, effectively mitigating barometer disturbances and improving 3D positioning accuracy and consistency. What are the implications of the main findings? The proposed approach demonstrates the practical feasibility of radar?inertial fusion for real-world autonomous UAV flight and can be integrated into PX4 and ROS frameworks as a general-purpose indoor navigation solution. The results establish a reusable engineering pathway for UAV operations in confined and complex environments, with strong potential for deployment in tunnel inspection, underground exploration, and emergency rescue applications. This paper presents a robust approach for achieving accurate indoor positioning and autonomous navigation of quadcopters through the fusion of multiple radars and an inertial measurement unit (IMU) named hybrid-filtered Radar?Inertial Odometry (Hybrid-RIO). The Hybrid-RIO system integrates four-directional Frequency-Modulated Continuous-Wave (FMCW) millimeter-wave (mmWave) radars simultaneously with a high-performance IMU to continuously estimate the quadcopters? position, velocity, and orientation even in low-light and indoor environments. The autonomous flight commands from the system further enable indoor navigation without requiring human intervention. Experimental results reveal notable advancements in both the accuracy and consistency of positioning. The integration of the proposed Hybrid-RIO approach holds promise in a wide spectrum of domains, including cave exploration, tunnel rescue operations, and indoor navigation solutions. ? 2026 by the authors.",Jing Y.; Sipahi R.; Martinez-Lorenzo J.,2026,10.3390/drones10020120,,Scopus
REC_1033,VG-Fusion: A Novel Visual Geo-Localization Fused with IMU and LiDAR-Inertial Odometry for UAVs in GNSS-Denied Environments,"In recent years, unmanned aerial vehicles (UAVs) have experienced rapid advancements. Currently, the long-range autonomous flight capability of UAVs is heavily dependent on GNSS localization. However, achieving robust and rapid localization in GNSS-denied conditions remains a significant challenge in UAV localization and navigation. Existing research methods face several issues, including high time consumption, substantial computing resource requirements and low localization accuracy in field scenes. In this paper, we present a novel visual geo-localization (VG) method for UAV localization in GNSS-denied field environments utilizing remote sensing-UAV image registration to achieve absolute localization. We propose an improved approach for constructing a remote sensing image database and an enhanced method for image registration. Our method relies solely on the remote sensing image database and the images captured by the UAV?s onboard camera. Furthermore, we use LiDAR-inertial odometry (LIO) to compensate the displacement of VG during its operation, and then we obtain the precise and continuous localization by fuse the compensated VG, LIO and IMU using factor graph optimization (FGO) in order to improve the robustness and continuous of the localization system. This fusion method is referred to as VG-fusion. Finally, we conducted VPR benchmarking on public datasets and practical application tests on our own datasets. Across two different field scenes, our method achieves localization accuracy with an average error of less than 10 m, demonstrating its robustness and accuracy. The test results demonstrate that our approach provides continuous, stable and robust localization on a small UAV platform with limited computing power in GNSS-denied conditions. ? 2026 World Scientific Publishing Company.",Xu Z.; Zhong X.; Wang N.; Hu H.; Liu Q.,2025,10.1142/S2301385026500561,,Scopus
REC_1034,Uavs enhanced navigation in outdoor gnss denied environment using UWB and monocular camera systems,"The demand for small Unmanned Aerial Vehicles (UAVs) is massively increasing these days, due to the wide variety of applications utilizing such vehicles to perform tasks that may be dangerous or just to save time, effort, or cost. Small UAVs navigation system mainly depends on the integration between Global Navigation Satellite Systems (GNSS) and Inertial Measurement Unit (INS) to estimate the Positions, Velocities, and Attitudes (PVT) of the vehicle. Without GNSS such UAVs cannot navigate for long periods of time depending on INS alone, as the low-cost INS typically exhibits massive accumulation of errors during GNSS absence. Given the importance of ensuring full operability of the UAVs even during GNSS signals unavailability, other sensors must be used to bound the INS errors and enhance the navigation system performance. This paper proposes an enhanced UAV navigation system based on integration between monocular camera, Ultra-Wideband (UWB) system, and INS. In addition to using variable EKF weighting scheme. The paper also investigates this integration in the case of low density of UWB anchors, to reduce the cost required for such UWB system infrastructure. A GoPro Camera and UWB rover were attached to the belly of a quadcopter, an on the shelf commercial drone (3DR Solo), during the experimental flight. The velocity of the vehicle is estimated with Optical Flow (OF) from camera successive images, while the range measurements between the UWB rover and the stationary UWB anchors, which were distributed on the field, were used to estimate UAV position. ? Authors 2019.",Zahran S.; Masiero A.; Mostafa M.M.; Moussa A.M.; Vettore A.; El-Sheimy N.,2019,10.5194/isprs-archives-XLII-2-W13-665-2019,,Scopus
REC_1035,An improved selective correction adaptive particle filter-based cooperative navigation algorithm for UAV swarms in GNSS-denied areas,"In Global Navigation Satellite System-denied environments, positioning accuracy is critical for unmanned aerial vehicle (UAV) swarms. A particle filter-based cooperative localization algorithm is proposed to improve UAV positioning accuracy. To address the issues of particle impoverishment and loss of diversity inherent in traditional particle filters, a selective correction adaptive particle filter (SCA-PF) with an enhanced resampling strategy is introduced. First, the algorithm incorporates a threshold-based resampling improvement to mitigate particle impoverishment common in conventional particle filters. Second, an adaptive threshold feedback strategy, based on the residual variation rate, dynamically adjusts the weight threshold to more effectively select high-weight particles. Additionally, a firefly-inspired attraction mechanism is applied to fine-tune neighboring particles, thereby improving convergence and robustness under complex noise conditions. Simulation results demonstrate that the adaptive threshold strategy increases localization accuracy by an additional 10% over fixed-threshold methods. The proposed SCA-PF enhances cooperative navigation accuracy by approximately 15% compared to other algorithms. ? 2026 IOP Publishing Ltd. All rights, including for text and data mining, AI training, and similar technologies, are reserved. This article is available under the terms of the https://publishingsupport.iopscience.iop.org/iop-standard/v1.",Li C.; Li W.; Wang D.; Wang D.; Han Y.; Yang L.,2026,10.1088/1361-6501/ae65bc,,Scopus
REC_1036,Robust 6-DoF Absolute Visual Localization for UAVs via Deep Homography Estimation,"Accurate absolute localization is essential to uncrewed aerial vehicles (UAVs) operating in low-altitude environments. Global navigation satellite system (GNSS) signals are weak and susceptible to interference, making them unreliable in the case of absolute positioning. Absolute visual localization (AVL), which matches onboard images with geo-referenced satellite maps, provides a viable alternative in GNSS-denied scenarios. However, many existing approaches rely on an assumption of similarity transformation between images to be aligned, which is often violated by nonzero horizontal angles in practice, leading to localization bias and fragi7lity to appearance variations. This article proposes a visual alignment localization method that estimates the full homography between UAV and satellite images and fuses it with incremental motion observations. By jointly modeling orientation and position, the method reduces geometric bias and improves localization robustness under nonnadir viewing conditions. Experiments on real-world UAV datasets demonstrate improved localization accuracy and stability, particularly in flight sequences with nonzero horizontal attitude angles. The source code for our method is available at https://github.com/lizhipro/KF-HomoVAL  ? 2026 IEEE.",Li B.; Geng J.; Zhang H.; Wang F.,2026,10.1109/TGRS.2026.3718093,,Scopus
REC_1039,"Aerial Localization and Navigation for Surveillance of Large, Featureless, GNSS-Denied Maritime Environments","In this study, we tackle the problem of surveilling a large area over the sea without access to the global navigation satellite system (GNSS) while searching for the known target vessel. The system utilizes an unmanned aerial vehicle (UAV) equipped with long-range radio frequency (LoRa) localization and an RGB camera to detect the target vessel and reconstruct its position. To address issues such as low-frequency updates and noisy LoRa data, we utilized a Kalman filter, while Nyquist analysis was used to ensure control stability under latency. We also demonstrate the UAV's ability to identify targets and reconstruct their pose while operating nearly a kilometer away from the home location. Finally, we present the results of the complete task. This includes precise takeoff and landing guided by visual-based positioning using the AR tag markers. The UAV then transitions to the LoRa localization frame, surveys the area along predefined waypoints, identifies the target vessel, and successfully returns to the home location. ? 2025 The Author(s). Journal of Field Robotics published by Wiley Periodicals LLC.",Peti M.; Markovi? L.; Lon?ar I.; Bari?i? Kula? A.; Petric F.; Milas A.; Gori?anec J.; Car M.; Orsag M.; Ferreira B.A.; Bogdan S.,2025,10.1002/rob.22610,,Scopus
REC_1043,Consistent-Innovation-Aided Distributed Cooperative Localization for Multi-UAV Navigation in GNSS-Denied Environments,"Cooperative localization provides a promising solution for multi-UAV navigation in GNSS-denied environments. However, centralized cooperative localization and exact cross-covariance-based distributed methods usually require global state management or explicit propagation of inter-node cross-covariance, resulting in heavy communication and computational burdens. To address this problem, this paper proposes a consistent-innovation-aided distributed cooperative localization method for multi-glider UAV swarms. The method uses a strapdown inertial navigation system as the reference source and introduces inter-node ultra-wideband ranging as cooperative constraints. Each node maintains only its local state and covariance, while a conservative innovation covariance approximation is constructed to perform distributed measurement updates without explicitly propagating global cross-covariance. The cooperative localization sub-filter is further integrated with altitude, geomagnetic, and scene-matching sub-filters through a federated filtering framework with adaptive vector information allocation. A GNSS-denied multi-glider release simulation is established to compare the proposed method with non-cooperative localization, centralized cooperative localization, and an exact-cross-covariance distributed baseline. The results show that the proposed method reduces the position, velocity, and yaw RMSEs by 27.14%, 21.90%, and 9.68%, respectively, compared with the non-cooperative method. Compared with the exact-cross-covariance baseline, the proposed method achieves comparable localization accuracy while reducing communication traffic by approximately 91.44%. Packet-loss experiments further show that the proposed method maintains bounded errors under a 20% packet loss rate, demonstrating improved robustness and engineering feasibility for communication-constrained UAV swarm localization. ? 2026 by the authors.",Hou Z.; Xue C.; Chen S.; Xu C.; Jiang C.; Niu J.,2026,10.3390/rs18142286,,Scopus
REC_1044,Magnetometer-based enhanced visual-inertial odometry for reliable long-range navigation in GNSS-denied high-altitude environment,"A new visual-inertial odometry (VIO) algorithm for fixed-wing unmanned aerial vehicles (UAVs) operating in GNSS-denied, low to high altitude (50?800 m) environments is proposed. The method builds upon the Fast Multi-State Constraint Kalman Filter (FMSCKF) framework, introducing key innovations such as a dynamic feature extraction strategy, specialized handling of data for slow-motion imagery, selective feature utilization during filter updates, and magnetometer integration for improved heading estimation. Emphasis is placed on practical implementation and rigorous flight-testing on manned and unmanned multi-rotor vehicles. The proposed system is validated on a custom dataset obtained from a 15 km long-range flight via a conventional fixed-wing UAV in a desert-like environment. Experimental comparisons of results with standard Multi-State Constraint Kalman Filter (MSCKF), a semi-direct visual odometry approach with smoothing (SVO+GTSAM), and the VINS-Mono algorithm demonstrate the efficacy of the proposed system in terms of long-duration navigation, accuracy, and convergence while the other methods diverged. In addition, quantitative evaluation of the proposed integrated system using relative and absolute trajectory error (RTE and ATE) metrics confirms its robustness and accuracy under challenging conditions. ? 2026 Elsevier Masson SAS.",Abdollahi M.R.; Pourtakdoust S.H.,2026,10.1016/j.ast.2026.112673,,Scopus
REC_1045,Optical and mass flow sensors for aiding vehicle navigation in gnss denied environment,"Nowadays, autonomous vehicles have achieved a lot of research interest regarding the navigation, the surrounding environmental perception, and control. Global Navigation Satellite System/Inertial Navigation System (GNSS/INS) is one of the significant components of any vehicle navigation system. However, GNSS has limitations in some operating scenarios such as urban regions and indoor environments where the GNSS signal suffers from multipath or outage. On the other hand, INS standalone navigation solution degrades over time due to the INS errors. Therefore, a modern vehicle navigation system depends on integration between different sensors to aid INS for mitigating its drift during GNSS signal outage. However, there are some challenges for the aiding sensors related to their high price, high computational costs, and environmental and weather effects. This paper proposes an integrated aiding navigation system for vehicles in an indoor environment (e.g., underground parking). This proposed system is based on optical flow and multiple mass flow sensors integrations to aid the low-cost INS by providing the navigation extended Kalman filter (EKF) with forward velocity and change of heading updates to enhance the vehicle navigation. The optical flow is computed for frames taken using a consumer portable device (CPD) camera mounted in the upward-looking direction to avoid moving objects in front of the camera and to exploit the typical features of the underground parking or tunnels such as ducts and pipes. On the other hand, the multiple mass flow sensors measurements are modeled to provide forward velocity information. Moreover, a mass flow differential odometry is proposed where the vehicle change of heading is estimated from the multiple mass flow sensors measurements. This integrated aiding system can be used for unmanned aerial vehicles (UAV) and land vehicle navigations. However, the experimental results are implemented for land vehicles through the integration of CPD with mass flow sensors to aid the navigation system. ? 2020 by the authors. Licensee MDPI, Basel, Switzerland.",Moussa M.; Zahran S.; Mostafa M.; Moussa A.; El-Sheimy N.; Elhabiby M.,2020,10.3390/s20226567,,Scopus
REC_1046,A UAV scene matching method based on triplet relationship and sliding mode control for GPS-denied environments,"Scene matching plays an important role for UAV positioning under GPS-denied conditions. However, traditional feature matching methods struggle with scale, viewpoint, and illumination heterogeneity between UAV and satellite images, often relying on fixed thresholds that cannot adaptively suppress outliers. To address these issues, this paper introduces a scene matching method that integrates triplet relationships with a control-theoretic optimization strategy. Specifically, SuperPoint is first used for feature extraction, followed by triplet relationships and a greedy selection strategy based on matching scores and spatial distribution to improve initial model robustness. For the inlier optimization stage, this paper is the first to embed a sliding mode controller in the iterative refinement process, enabling dynamic residual feedback and adaptive outlier suppression. Additionally, to gain an insight of the working mechanism of sliding mode control strategy on feature matching, this paper provides a theoretical mechanism analysis, a Lyapunov-based convergence proof, and a parameter sensitivity analysis to clarify the physical interpretability and tunability of the SMC(sliding mode control) module. Extensive experiments on the University-1652 dataset, DenseUAV dataset, and a self-collected UAV dataset demonstrate that the proposed method significantly improves spatial representativeness, outlier removal capability, and matching stability. Compared to the RANSAC and TRESAC series of methods, the proposed method achieves an average improvement of approximately 4.51%?9.31% in F-score, reaching up to 96.24% in some complex scenarios, while maintaining relatively stable computational efficiency. The results verify the high matching accuracy and robustness of the proposed method under GPS-denied environments. ? 2026 Elsevier Ltd",Chen Z.; Zhou J.; Gao D.; Lin J.; Huang G.; Deng Z.,2026,10.1016/j.measurement.2026.120581,,Scopus
REC_1048,Airspeed-Aided State Estimation Algorithm of Small Fixed-Wing UAVs in GNSS-Denied Environments,"Aimed at improving the navigation accuracy of the fixed-wing UAVs in GNSS-denied environments, this paper proposes an algorithm of nongravitational acceleration estimation based on air-speed and IMU sensors, which use a differential tracker (TD) model to further supplement the effect of linear acceleration for UAVs under dynamic flight. We further establish the mapping relationship between vehicle nongravitational acceleration and the vehicle attitude misalignment angle and transform it into the attitude angle rate deviation through the nonlinear complementary filtering model for real-time compensation. It can improve attitude estimation precision significantly for vehicles in dynamic conditions. Furthermore, a lightweight complementary filter is used to improve the accuracy of vehicle velocity estimation based on airspeed, and a barometer is fused on the height channel to achieve the accurate tracking of height and the lift rate. The algorithm is actually deployed on low-cost fixed-wing UAVs and is compared with ACF, EKF, and NCF by using real flight data. The position error within 30 s (about 600 m flying) in the horizontal channel flight is less than 30 m, the error within 90 s (about 1800 m flying) is less than 50 m, and the average error of the height channel is 0.5 m. The simulation and experimental tests show that this algorithm can provide UAVs with good attitude, speed, and position calculation accuracy under UAV maneuvering environments. ? 2022 by the authors. Licensee MDPI, Basel, Switzerland.",Ye X.; Zeng Y.; Zeng Q.; Zou Y.,2022,10.3390/s22093156,,Scopus
REC_1050,Master-Slave Cross-Domain Unmanned System Cooperative Localization in GNSS Denied Environment,"The effectiveness of unmanned systems are seriously affected under GNSS denial environment. We present a cooperative localization strategy for ground-air cross-domain unmanned system formation based on master-slave architecture. The formation is composed by 1 UAV and 3 UGVs, and a UWB module is installed on each unmanned platform in the formation to enable distributed ranging. Firstly, the master UGV which configured a high precision IMU is positioned by dead reckoning. Secondly, the slaved UGVs which configured medium precision IMUs are cooperative positioned by an EKF fusion method between the range measurements with the master UGV and the dead reckoning of themselves. Thirdly, the UAV is positioned based on wireless ranging to the ground formation, and then fuses with the integrated sensors from flight control module. Finally, we verified the effectiveness of the master-slave cross-domain cooperative localization method for a UGV-UAV formation under field environment. The experiments showed that our method can effectively support the cross-domain unmanned system formation to obtain regional localization cooperatively. Moreover, the master UGV can be replaced by manned vehicle, which provides a feasible and high cost-effectiveness ratio solution for the manned/unmanned system collaborative application under GNSS denied scenario. ? Beijing HIWING Scientific and Technological Information Institute 2024.",Han J.; Xiang N.; Zou D.,2024,10.1007/978-981-97-1091-1_27,,Scopus
REC_1051,Autonomous vision-based UAV localization and optimization-based path planning in GPS-denied environments: a review,"Autonomous vision-based Unmanned Aerial Vehicles (UAVs) offer considerable potential in GPS-denied environments, where localization and path planning must rely solely on onboard visual perception systems. This review systematically analyses recent advancements in vision-based UAV localization and optimization-driven path planning, particularly under GPS-denied constraints. We first examine the capabilities and limitations of various onboard vision sensors, emphasizing their roles in data acquisition, environmental perception, and system-level integration. We then review visual Simultaneous Localization and Mapping (SLAM) frameworks, with a focus on pure visual SLAM approaches, including both feature-based and direct methods, and their adaptability to UAV flight scenarios. Furthermore, we analyze optimization-based path planning methods, categorized into gradient-based and heuristic-based algorithms, evaluating their ability to generate collision-free paths under UAV-specific motion constraints. Based on a critical analysis of existing research, this review identifies key gaps and proposes future directions, including improving UAVs? robustness to visual degradation, enhancing localization under dynamic and partially observable conditions, and emphasizing real-world validation in 3D dynamic environments. These steps are essential for bridging the gap between simulated performance and real-world autonomy. ? 2026 IOP Publishing Ltd. All rights, including for text and data mining, AI training, and similar technologies, are reserved.",Hu Z.; Butt M.Z.; Nasir N.; Salleh M.B.,2026,10.1088/2631-8695/ae305b,,Scopus
REC_1055,An Autonomously Navigation System for Forestry Quadrotor within GPS-denied Below-canopy Environment,"This paper presents a navigation system that enables quadrotor to navigate autonomously within GPS-denied below-canopy environment without GPS. The navigation system consists of the function of Simultaneous Localization and Mapping(SLAM) and path planning. The online real-time locating estimation is achieved by Semi-direct Visual Odometer(SVO) to calculate the odometer data; we locate the position using the fusion of laser radar data and the visual odometer in the front end, the graph-based optimization is used as an optimization mechanism to map in the back end. The path planning finds an obstacle-free trajectory based on the waypoints generated by the improved RRT algorithm fitted with the Bezier curve. ? 2018 IEEE.",Xia Y.; Song M.; Zhang J.; Hu C.,2018,10.1109/GNCC42960.2018.9019136,,Scopus
REC_1059,Enhanced drone navigation in GNSS denied environment using VDM and Hall effect sensor,"The last decade has witnessed a wide spread of small drones in many civil and military applications. With the massive advancement in the manufacture of small and lightweight Inertial Navigation System (INS), navigation in challenging environments became feasible. Navigation of these small drones mainly depends on the integration of Global Navigation Satellite Systems (GNSS) and INS. However, the navigation performance of these small drones deteriorates quickly when the GNSS signals are lost, due to accumulated errors of the low-cost INS that is typically used in these drones. During GNSS signal outages, another aiding sensor is required to bound the drift exhibited by the INS. Before adding any additional sensor on-board the drones, there are some limitations that must be taken into considerations. These limitations include limited availability of power, space, weight, and size. This paper presents a novel unconventional method, to enhance the navigation of autonomous drones in GNSS denied environment, through a new utilization of hall effect sensor to act as flying odometer ?Air-Odo? and vehicle dynamic model (VDM) for heading estimation. The proposed approach enhances the navigational solution by estimating the unmanned aerial vehicle (UAV) velocity, and heading and fusing these measurements in the Extended Kalman Filter (EKF) of the integrated system. ? 2019 by the authors.",Zahran S.; Moussa A.; El-Sheimy N.,2019,10.3390/ijgi8040169,,Scopus
REC_1062,Real-time geospatial positioning for uavs in gps-denied environments using lidar data,"The localization of unmanned aerial vehicles (UAVs) in GPS-denied environments has been known as a difficult problem for a long time, mainly due to variation in altitude and motion dynamics. This article proposes a robust and efficient simultaneous localization and mapping (SLAM) solution, with applications for speedy UAVs integrated with Light Detection and Ranging (LiDAR) and Inertial Measurement Unit (IMU) sensors. In each time interval, i) the initial map (surface) is reconstructed using a predicted UAV velocity and registered for the final map of the previous time interval, ii) an accurate velocity is estimated by solving an optimization problem, and iii) the final map is reconstructed using the estimated velocity. For its applications for outdoor speedy UAVs, efficient numerical algorithms are newly developed for filtering, surface reconstruction, and elevation registration. It has been numerically verified that the proposed navigation system could locate the UAV accurately taking less than half of the flight time, although the speed of the UAV exceeds 250 m/s. ? 2020, American Institute of Aeronautics and Astronautics Inc, AIAA. All rights reserved.",Kim H.; Kim D.; Kim S.,2020,10.2514/6.2020-2194,,Scopus
REC_1063,Visual Inertial Navigation for a Small UAV Using Sparse and Dense Optical Flow,There has been a recent surge in interest regarding small Unmanned Aerial Vehicles (UAV) that operate in indoor environments. A crucial part of such platforms is the navigation system that allows them to navigate in Global Navigation Satellite System (GNSS) denied environments. The two objectives of this work were to develop an Optical Flow (OF) based method for navigation and a high-fidelity simulation for testing and verification. This paper presents the Visual-Inertial Navigation System (VINS) developed that utilises sparse and dense Optical Flow patterns within an Extended Kalman Filter (EKF) framework for autonomous navigation in GNSS denied environments. The principal novelty is the use of dense Optical Flow measurements to estimate the velocity of the UAV. ? 2019 IEEE.,Fanin F.; Hong J.-H.,2019,10.1109/REDUAS47371.2019.8999672,,Scopus
REC_1067,GPS-denied navigation using location estimation and texel image correction,"This paper presents a localization system for Unmanned Aerial Vehicles (UAVs), specifically designed for small UAVs to be used in a GPS-denied local area by using estimation algorithms incorporating camera and Light Detection and Ranging (LiDAR) sensor fusion. Localization techniques classically rely on Global Positioning System (GPS) information. However, GPS is subject to jamming. This paper proposes methods of localization without reliance on the GPS. This system utilizes Error-State Extended Kalman Filtering (ESEKF) and methods of camera to LiDAR sensor fusion to correct for error propagations in the aerial vehicle's estimated location. Initial results from the GPS-denied navigation method showed that the location of the sUAV to an average error of 3.2 m was possible using only texel images and velocity measurements from an experimental flight. ? 2023 SPIE. All rights reserved.",Jensen N.I.; Budge S.E.,2023,10.1117/12.2664119,,Scopus
REC_1068,High-Accuracy Robust SLAM and Real-Time Autonomous Navigation of UAV in GNSS-denied Environments,"One of the most challenging tasks of UAV is to quickly and safely autonomous navigation and reconstruction in unknown and GNSS-denied environments. In this paper, we present a feasible design and development of a UAV system that is capable of autonomous navigation and rapid reconstruction in GNSS-denied environments. A multiple sensor information fusion based SLAM method is proposed to achieve UAV?s localization and reconstruction without GNSS reception, and a local path planner is then proposed based on A* and 3DVFH+ that iteratively searches for the optimal local path. Each subsystem is separately tested for their effectiveness, and comprehensive experiments are conducted to evaluate the performance of the presented system in GNSS-denied complex environments. ? 2022, The Editor(s) (if applicable) and The Author(s), under exclusive license to Springer Nature Singapore Pte Ltd.",Li Z.; Zhao C.; Wang J.; Hou X.; Hu J.; Pan Q.; Jia C.,2022,10.1007/978-981-15-8155-7_92,,Scopus
REC_1069,UAV?UGV Collaborative Localization in GNSS-Denied Large-Scale Environments: An Anchor-Free VIO?UWB Fusion with Adaptive Weighting and Outlier Suppression,"Highlights: What are the main findings? An anchor-free collaborative localization framework is proposed, effectively suppressing visual?inertial odometry (VIO) drift over long trajectories (up to kilometers) in GNSS-denied areas. A two-stage robust scheme integrating covariance-based outlier rejection and adaptive Fisher information estimation significantly improves positioning accuracy under dynamic Non-Line-of-Sight (NLOS) UWB ranging conditions. What are the implications of the main findings? The method enables precise, infrastructure-free multi-robot navigation in large-scale (~1.6 km2) complex environments, advancing applications like disaster response and cooperative inspection. The adaptive weighting strategy provides a generalizable approach for handling time-varying sensor uncertainty in real-world robotic systems. In GNSS-denied large-scale outdoor environments, UAVs and UGVs that rely solely on visual?inertial odometry (VIO) suffer from accumulated global drift as the trajectory grows. Meanwhile, inter-platform ultra-wideband (UWB) ranging exhibits unknown, time-varying noise under NLOS/multipath, rendering na?ve weighting unreliable. This paper presents an anchor-free collaborative localization framework for UAV?UGV teams that fuses pairwise UWB ranges (including UAV?UAV, UAV?UGV, and UGV?UGV) with onboard VIO in a factor-graph backend via a two-stage robust scheme. First, we bound VIO drift using per-agent state covariance and reject UWB outliers with a Mahalanobis gate, preventing early-stage bias when VIO is still accurate. Then, during global optimization, we adaptively estimate the Fisher information of UWB factors from measurement?state residuals, enabling online self-tuning of measurement confidence under time-varying SNR. Real-world experiments with three UAVs and two UGVs over multi-level rooftops and forest?open areas (~1.6 km2) show that, compared to an outlier-only variant, the proposed method further reduces localization RMSE by about 24.6% and maximum error by about 31.2% for both UAVs and UGVs, maintaining strong performance during long trajectories dominated by VIO drift and NLOS ranges. The approach requires no fixed anchors or GNSS and is applicable to UAV?UGV teams for disaster response, cooperative mapping/inspection, and bandwidth-limited operations. ? 2026 by the authors.",Xu H.; Zhao G.; Bo Y.,2026,10.3390/drones10030175,,Scopus
REC_1070,Hybrid Machine Learning VDM for UAVs in GNSS-denied Environment,"This paper presents a novel approach to enhance unmanned aerial vehicle (UAV) autonomous navigation, without adding extra load to the vehicle. The proposed approach employs the UAV vehicle dynamic model to aid the navigation estimation in a Global Navigation Satellite Systems (GNSS)-denied environment, without the need to model any part of the UAV, and avoids the requirement for special equipment during the modeling procedures typically required for vehicle dynamic model-aided navigation. Taking advantage of the available information from previous flights during availability of GNSS, and with the aid of a hybrid machine learning approach, the proposed technique is able to enhance the navigation accuracy during GNSS outage, despite the massive drift occurring from utilizing a low-cost inertial measurement unit (IMU) during the outage period. Different scenarios are investigated to prove the robustness of the proposed technique, and the results are compared to two types of IMUs with the aid of an inverse mechanization IMU simulator. ? 2018 Institute of Navigation. ? 2018 Institute of Navigation",Zahran S.; Moussa A.; El-Sheimy N.; Sesay A.B.,2018,10.1002/navi.249,,Scopus
REC_1071,Event-Based Visual/Inertial Odometry for UAV Indoor Navigation,"Indoor navigation is becoming increasingly essential for multiple applications. It is complex and challenging due to dynamic scenes, limited space, and, more importantly, the unavailability of global navigation satellite system (GNSS) signals. Recently, new sensors have emerged, namely event cameras, which show great potential for indoor navigation due to their high dynamic range and low latency. In this study, an event-based visual?inertial odometry approach is proposed, emphasizing adaptive event accumulation and selective keyframe updates to reduce computational overhead. The proposed approach fuses events, standard frames, and inertial measurements for precise indoor navigation. Features are detected and tracked on the standard images. The events are accumulated into frames and used to track the features between the standard frames. Subsequently, the IMU measurements and the feature tracks are fused to continuously estimate the sensor states. The proposed approach is evaluated using both simulated and real-world datasets. Compared with the state-of-the-art U-SLAM algorithm, our approach achieves a substantial reduction in the mean positional error and RMSE in simulated environments, showing up to 50% and 47% reductions along the x- and y-axes, respectively. The approach achieves 5?10 ms latency per event batch and 10?20 ms for frame updates, demonstrating real-time performance on resource-constrained platforms. These results underscore the potential of our approach as a robust solution for real-world UAV indoor navigation scenarios. ? 2024 by the authors.",Elamin A.; El-Rabbany A.; Jacob S.,2025,10.3390/s25010061,,Scopus
REC_1079,AN INTEGRATED UWB-VISION FRAMEWORK FOR AUTONOMOUS APPROACH AND LANDING OF UAVS IN GPS-DENIED ENVIRONMENTS,"This paper focuses on the challenge of autonomous landing of unmanned aerial vehicles (UAVs) on unknown moving unmanned ground vehicles (UGVs) in GPS-denied environments. We present a newly integrated UWB-Vision framework for autonomous approach and landing of UAVs in GPS-Denied environments. Our framework combines ultra-wideband (UWB) relative localization and Apriltag localization techniques. UWB technology is utilized to measure the relative distance between the UAV and UGV, while the inertial measurement unit (IMU) estimates the target's displacement for precise and real-time position estimation. In addition, Apriltag positioning is integrated into the framework to enhance landing accuracy. Experimental results validate the effectiveness and correctness of our proposed approach. This research contributes to the advancement of autonomous UAV landing in GPS-denied environments. ? (2025), (American Institute of Mathematical Sciences). All rights reserved.",Liu J.; Yan C.,2025,10.3934/mfc.2024022,,Scopus
REC_1080,Adaptive neural pose regression enabled by updatable graphics-based digital twin for robust UAV localization in GPS-denied civil infrastructure,"Autonomous inspection of civil structures using unmanned aerial vehicles (UAVs) offers a safer and more efficient alternative to manual methods; however, in GPS-denied environments, the absence of global positioning makes reliable navigation challenging and requires the use of onboard sensing. Conventional approaches such as Visual-Inertial Odometry (VIO) and Simultaneous Localization and Mapping (SLAM) estimate motion by tracking local features, but are susceptible to drift accumulation over time, even though loop closure can partially reduce this effect. Recent data-driven methods directly regress UAV poses from images, but their performance depends on large, accurately labeled datasets that are difficult to obtain in practice. To address this limitation, this study presents an updatable Graphics-Based Digital Twin (GBDT) that provides a globally referenced structural prior and generates synthetic image-pose datasets for training Siamese neural pose regressors for absolute pose estimation. The network embeds synthetic GBDT renders and real inspection images into a shared feature space, promoting reliance on geometric structure rather than appearance. To reduce the synthetic-to-real gap, geometric cues are emphasized through preprocessing while appearance variations are suppressed, and a geometric constraint loss enables indirect supervision on real images without ground-truth poses. By regressing poses relative to GBDT template views with known global poses, the method avoids cumulative drift and maintains consistent global alignment. Wireless communication between the UAV edge device and a base station enables real-time inference. Experiments on a custom-built drone demonstrate stable flight and improved global localization compared to the Intel T265 VIO-SLAM and RTAB-Map. As the GBDT is incrementally updated using inspection imagery, localization accuracy improves over successive deployments, enabling increasingly reliable autonomous UAV-based monitoring. Code is available at https://github.com/tmatiki2/GBDTpose/tree/main. ? 2026","Matiki T.; Narazaki Y.; Chowdhary G.; Spencer B.F., Jr.",2026,10.1016/j.robot.2026.105570,,Scopus
REC_1081,UAV platform for special operation,"Unmanned Aerial Vehicles (UAVs) are widely used in industrial inspection, agriculture, and security. This paper introduces a universal UAV platform designed for modular adaptability, extended flight endurance, and autonomous navigation. The hardware architecture includes a lightweight carbon fiber frame, high-efficiency propulsion, and a flexible power system, ensuring reliable performance across various missions. The software framework, built on ROS 2 middleware, enables seamless integration of SLAM-based navigation, visual odometry, and deep learning-based object detection. The UAV combines GNSS, INS, and LiDAR-based SLAM for precise localization, even in GNSS-denied environments. Equipped with multi-sensor payloads such as LiDAR, RGB-D cameras, and thermal imaging, this platform supports applications ranging from precision agriculture to infrastructure inspection, paving the way for advanced autonomous UAV operations. ? 2025, Brno University of Technology. All rights reserved.",Klouda J.; Marcon P.,2025,10.13164/eeict.2025.241,,Scopus
REC_1083,GNSS-Denied UAV Terrain Matching Navigation Based on the Autoencoder Network with Contrastive Learning,"Reliable navigation is critical for UAVs operating in GNSS-denied environments, where conventional Inertial Navigation System/Global Navigation Satellite System (INS/GNSS) integrated navigation struggles to meet the requirements of high-reliability and long-endurance missions. As a passive and autonomous approach, terrain-aided navigation (TAN) offers strong concealment and a high degree of autonomy. However, most existing TAN methods rely on handcrafted features, which limit their ability to fully exploit multi-level terrain information, while sensitivity to elevation noise and attitude variations further degrades matching accuracy and robustness. To address these issues, this paper proposes a GNSS-denied UAV terrain matching navigation method based on an autoencoder network with contrastive learning. A Global?Local Dual-branch Feature Extraction Network (GL-DualNet) is designed to combine the local detail extraction capability of CNNs with the global dependency modeling ability of the Swin Transformer, enabling effective multi-scale terrain representation. In addition, an Autoencoder Contrastive Learning Model (ACLM) is developed to jointly optimize reconstruction and contrastive objectives, enabling unsupervised learning of terrain features with improved discriminability and robustness against noise and rotational disturbances. Experiments on a public terrain dataset show that the proposed method outperforms conventional terrain matching approaches under different noise levels, rotational disturbances, and search ranges, demonstrating its effectiveness and robustness for UAV navigation in complex GNSS-denied environments. ? 2026 by the authors.",Jiang Y.; Miao Q.; Wu D.; He J.; Zhao C.,2026,10.3390/drones10050339,,Scopus
REC_1084,CLAK:CNN-LSTM-Attention and Kolmogorov-Arnold Networks for non-visual UAV localization in GNSS-denied environments,"Visual localization has shown promise for accurate Unmanned Aerial Vehicle (UAV) navigation in GNSS-denied environments due to its high spatial resolution. However, performance declines in low-light or texture-scarce conditions and incurs high computational costs. In contrast, non-visual sensors offer a lightweight, low-complexity alternative for localization under such conditions. This work introduces CLAK (CNN-LSTM-Attention-KAN), a deep learning framework that estimates global UAV positions (latitude, longitude, and elevation) using non-visual sensors such as LiDAR, barometric altitude, and Inertial Measurement Unit (IMU). CLAK combines Convolutional Neural Networks (CNNs) for spatial encoding, Long Short-Term Memory (LSTM) layers for temporal modeling, attention for feature prioritization, and Kolmogorov-Arnold Networks (KANs) for flexible nonlinear regression. The model is trained on synthetic UAV flight data generated using a ROS2 simulation framework that integrates Gazebo for 3D environment simulation and PX4 for autopilot control, with QGroundControl (QGC) managing mission planning and monitoring. Elevation data is extracted from a Digital Elevation Map (DEM) of the Taif region in Saudi Arabia, while ground truth positions are derived from simulated onboard Global Positioning System (GPS) outputs. Simulation results across different flight trajectories show CLAK can achieve up to 78.35% Mean Absolute Error (MAE) and 75.40% Root Mean Squared Error (RMSE) reduction compared to the LSTM baseline, while maintaining an average coefficient of determination (R2) of 0.998. These results demonstrate the scalability and precision of CLAK for UAV localization in GNSS-denied conditions. ? The Author(s) 2026.",Jarraya I.; Alahmed F.; Abdelkader M.; Gabr K.; Kadri M.B.; Boulila W.,2026,10.1186/s43020-026-00192-1,,Scopus
REC_1087,Heterogeneous Multirobot Team: Maritime Inspection and Intervention in Global Navigation Satellite System-Denied Scenarios,"Autonomous robotic systems play an increasingly important role in overcoming complex maritime challenges, where the environment requires high adaptability, robustness, and precision. Marsupial robotic systems, combining aerial systems and surface vessels, offer a powerful solution for coordinated missions in Global Navigation Satellite System (GNSS)-denied scenarios, leveraging the unique capabilities of each robot to form a versatile team. This article presents a system integrating advanced sensor fusion, localization, mission planning, and communication to enable seamless collaboration between unmanned aerial vehicles (UAVs) and autonomous surface vehicles (ASVs). The focus is on optimizing the vehicles? interaction to efficiently locate, retrieve, and transport objects from a target vessel in an adverse sea environment. This article provides a complete system overview, including the hardware setup, algorithms used, implementation details, and field trial results. The results analysis demonstrates the advanced capabilities of the developed ASV?UAV system in complex real-world maritime operations, underscoring its potential for coordinated multirobot tasks in environments where traditional navigation systems are unavailable. Notably, this system was developed by the team that secured first place in the Mohamed Bin Zayed International Robotic Challenge (MBZIRC), proving its excellence in challenging conditions. ? 1994-2011 IEEE.",Ferreira B.A.; Ivanovic A.; Peti M.; Mandic L.; Batos M.; Domislovic J.; Vasiljevic G.; Obradovic J.; Ferreira F.; Petric F.; Barisic-Kulas A.; Car M.; Goricanec J.; Krasevac N.; Krizmancic M.; Loncar I.; Markovic L.; Milijas R.; Stuhne D.; Orsag M.; Bogdan S.; Miskovic N.,2025,10.1109/MRA.2025.3639792,,Scopus
REC_1089,Monocular-SLAM-based navigation for autonomous micro helicopters in GPS-denied environments,"Autonomous micro aerial vehicles (MAVs) will soon play a major role in tasks such as search and rescue, environment monitoring, surveillance, and inspection. They allow us to easily access environments to which no humans or other vehicles can get access. This reduces the risk for both the people and the environment. For the above applications, it is, however, a requirement that the vehicle is able to navigate without using GPS, or without relying on a preexisting map, or without specific assumptions about the environment. This will allow operations in unstructured, unknown, and GPS-denied environments. We present a novel solution for the task of autonomous navigation of a micro helicopter through a completely unknown environment by using solely a single camera and inertial sensors onboard. Many existing solutions suffer from the problem of drift in the xy plane or from the dependency on a clean GPS signal. The novelty in the here-presented approach is to use a monocular simultaneous localization and mapping (SLAM) framework to stabilize the vehicle in six degrees of freedom. This way, we overcome the problem of both the drift and the GPS dependency. The pose estimated by the visual SLAM algorithm is used in a linear optimal controller that allows us to perform all basic maneuvers such as hovering, set point and trajectory following, vertical takeoff, and landing. All calculations including SLAM and controller are running in real time and online while the helicopter is flying. No offline processing or preprocessing is done. We show real experiments that demonstrate that the vehicle can fly autonomously in an unknown and unstructured environment. To the best of our knowledge, the here-presented work describes the first aerial vehicle that uses onboard monocular vision as a main sensor to navigate through an unknown GPS-denied environment and independently of any external artificial aids. Copyright ? 2011 Wiley Periodicals, Inc.",Weiss S.; Scaramuzza D.; Siegwart R.,2011,10.1002/rob.20412,,Scopus
REC_1090,UAV navigation in GPS-denied environment using particle filtered RVL,"Unmanned aerial vehicles have become widespread in today's world and are used for applications ranging from real estate marketing and bridge inspection to defense and military applications. These applications have in common some form of autonomous navigation that requires a good localization capability at all time. Most UAV are using a combination of global navigation satellite systems (GNSS) and inertial measurement unit (IMU) to perform this task. Unfortunately, GNSS are subject to signal unavailability and all sorts of interference impeding on the ability of the UAV to self-localize. In this paper, we propose a new algorithm to perform localization in GNSS-denied environments by using a relative visual localization technique. We developed a new measure based on the use of local feature points extracted with ORB to estimate the likelihood of a previously captured image to have been taken in a position close to the current UAV location. The measure is embedded in a particle filter in which IMU data is used in order to reduce the number of images we need to analyze to perform localization. The resulting method have shown significant improvement in both accuracy and execution time in comparison to previous approaches. ? 2019 SPIE.",Couturier A.; Akhloufi M.A.,2019,10.1117/12.2518516,,Scopus
REC_1091,LoLa-SLAM: Low-Latency LiDAR SLAM Using Continuous Scan Slicing,"Real-time 6D pose estimation is a key component for autonomous indoor navigation of Unmanned Aerial Vehicles (UAVs). This letter presents a low-latency LiDAR SLAM framework based on LiDAR scan slicing and concurrent matching, called LoLa-SLAM. Our framework uses sliced point cloud data from a rotating LiDAR in a concurrent multi-threaded matching pipeline for 6D pose estimation with high update rate and low latency. The LiDAR is actuated using a 2D Lissajous spinning pattern to overcome the sensor's limited FoV. We propose a two-dimensional roughness model to extract the feature points for fine matching and registration of the point cloud. In addition, the pose estimator engages a temporal motion predictor that assists in finding the feature correspondences in the map for the fast convergence of the non-linear optimizer. Subsequently, an Extended Kalman Filter (EKF) is adopted for final pose fusion. The framework is evaluated in multiple experiments by comparing the accuracy, latency, and the update rate of the pose estimation for the trajectories flown in an indoor environment. We quantify the superior quality of the generated volumetric map in comparison to the state-of-the-art frameworks. We further examine the localization precision using ground truth pose information recorded by a total station unit.  ? 2016 IEEE.",Karimi M.; Oelsch M.; Stengel O.; Babaians E.; Steinbach E.,2021,10.1109/LRA.2021.3060721,,Scopus
REC_1092,Efficient SLAM Algorithm Based on Quaternions for Real-Time Navigation of Unmanned Aerial Vehicles,"Efficient quaternion-based Simultaneous Localization and Mapping framework designed for real-time navigation of Unmanned Aerial Vehicles in GPS-denied environments is presented here. Unlike conventional Euler angle or matrix-based SLAM approaches, the proposed system employs quaternion-based propagation in Inertial Measurement Unit (IMU) module, thereby eliminating singularities such as gimbal lock and ensuring numerically stable orientation estimation. It integrates Quaternion Error-State Extended Kalman Filter for incremental fusion of visual and inertial measurements and incorporates an incremental pose-graph backend with quaternion retraction to reduce drift during long-term navigation. Novelty lies in unifying quaternion mathematics with lightweight incremental optimization, thereby achieving a balance between accuracy and computational feasibility for real-time onboard deployment. Experimental validation on KAIST Visual-Inertial Odometry dataset demonstrates significant performance gains. Raw IMU is ?50 Hz (20?25 ms/frame), far exceeding latency constraints of UAV flight dynamics. Additional analysis confirmed robustness with an average UAV speed of 1261.98 m/s, velocity stability (std. dev. 689.43 m/s) and reliable feature tracking (> 1800 map points reconstructed). These findings establish the framework as a novel, lightweight and robust SLAM solution suitable not only for UAVs but also for space?air?ground autonomous systems requiring accurate real-time navigation under computational constraints. ? 2026 John Wiley & Sons Ltd.",Wang X.; Wang M.; Liu X.,2026,10.1002/ett.70386,,Scopus
REC_1095,A multi-sensorial simultaneous localization and mapping (SLAM) system for low-cost micro aerial vehicles in GPS-denied environments,"One of the main challenges of aerial robots navigation in indoor or GPS-denied environments is position estimation using only the available onboard sensors. This paper presents a Simultaneous Localization and Mapping (SLAM) system that remotely calculates the pose and environment map of different low-cost commercial aerial platforms, whose onboard computing capacity is usually limited. The proposed system adapts to the sensory configuration of the aerial robot, by integrating different state-of-the art SLAM methods based on vision, laser and/or inertial measurements using an Extended Kalman Filter (EKF). To do this, a minimum onboard sensory configuration is supposed, consisting of a monocular camera, an Inertial Measurement Unit (IMU) and an altimeter. It allows to improve the results of well-known monocular visual SLAM methods (LSD-SLAM and ORB-SLAM are tested and compared in this work) by solving scale ambiguity and providing additional information to the EKF. When payload and computational capabilities permit, a 2D laser sensor can be easily incorporated to the SLAM system, obtaining a local 2.5D map and a footprint estimation of the robot position that improves the 6D pose estimation through the EKF. We present some experimental results with two different commercial platforms, and validate the system by applying it to their position control. ? 2017 by the authors. Licensee MDPI, Basel, Switzerland.",L?pez E.; Garc?a S.; Barea R.; Bergasa L.M.; Molinos E.J.; Arroyo R.; Romera E.; Pardo S.,2017,10.3390/s17040802,,Scopus
REC_1096,DTVIRM-Swarm: A Distributed and Tightly Integrated Visual-Inertial-UWB-Magnetic System for Anchor Free Swarm Cooperative Localization,"Highlights: This study proposes DTVIRM-Swarm, a distributed, anchor-free cooperative localizationsystem for UAV swarms that operates without GNSS or pre-deployed anchors. It introducesa novel MDS-MAP initialization method, achieving faster and more accurate swarm poseinitialization than conventional methods. The system demonstrates superior accuracy andstrong robustness, maintaining operation during vision loss where other methods fail. Itprovides a practical, scalable solution for GNSS-denied environments, enabling complexapplications like formation flying under severe conditions. What are the main findings? Superior Localization Accuracy and Efficiency: The proposed system and its novel MDS-MAP initialization method significantly outperform state-of-the-art alternatives, achieving faster and more accurate swarm pose initialization than conventional methods, culminating in real-world accuracy that is higher than leading VIO and collaborative methods. Enhanced Robustness in Degraded Conditions: The tightly-coupled framework demonstrates exceptional resilience, maintaining stable operation and reliable positioning during complete vision deprivation, a scenario in which comparable state-of-the-art systems fail entirely. What are the implications of the main findings? A Practical Enabler for GNSS-Denied Operations: This work provides a viable, infrastructure-independent solution for multi-robot collaborative localization, effectively addressing a critical gap for deploying low-cost UAV swarms in complex environments where traditional GNSS or anchor-dependent systems are infeasible. A Pathway to Scalable and Resilient Applications: The system?s design principles, including its efficient initialization and robust sensor fusion, pave the way for scalable applications involving large-scale swarms or heterogeneous robot teams, while its performance under harsh conditions expands the operational envelope for autonomous systems to more severe scenarios. Accurate Unmanned Aerial Vehicle (UAV) positioning is vital for swarm cooperation. However, this remains challenging in situations where Global Navigation Satellite System (GNSS) and other external infrastructures are unavailable. To address this challenge, we propose to use only the onboard Microelectromechanical System Inertial Measurement Unit (MIMU), Magnetic sensor, Monocular camera and Ultra-Wideband (UWB) device to construct a distributed and anchor-free cooperative localization system by tightly fusing the measurements. As the onboard UWB measurements under dynamic motion conditions are noisy and discontinuous, we propose an adaptive adjustment method based on chi-squared detection to effectively filter out inconsistent and false ranging information. Moreover, we introduce the pose-only theory to model the visual measurement, which improves the efficiency and accuracy for visual-inertial processing. A sliding window Extended Kalman Filter (EKF) is constructed to tightly fuse all the measurements, which is capable of working under UWB or visual deprived conditions. Additionally, a novel Multidimensional Scaling-MAP (MDS-MAP) initialization method fuses ranging, MIMU, and geomagnetic data to solve the non-convex optimization problem in ranging-aided Simultaneous Localization and Mapping (SLAM), ensuring fast and accurate swarm absolute pose initialization. To overcome the state consistency challenge inherent in the distributed cooperative structure, we model not only the UWB noisy uncertainty but also the neighbor agent?s position uncertainty in the measurement model. Furthermore, we incorporate the Covariance Intersection (CI) method into our UWB measurement fusion process to address the challenge of unknown correlations between state estimates from different UAVs, ensuring consistent and robust state estimation. To validate the effectiveness of the proposed methods, we have established both simulation and hardware test platforms. The proposed method is compared with state-of-the-art (SOTA) UAV localization approaches designed for GNSS-challenged environments. Extensive experiments demonstrate that our algorithm achieves superior positioning accuracy, higher computing efficiency and better robustness. Moreover, even when vision loss causes other methods to fail, our proposed method continues to operate effectively. ? 2026 by the authors.",Luo X.; Du X.; Yue S.; Lv Y.; Zhang L.; He X.; Wu W.; Mao J.,2026,10.3390/drones10010049,,Scopus
REC_1097,Indoor fixed-point hovering control for UAVs based on visual inertial SLAM,"Purpose: Autonomous flight of unmanned aerial vehicles (UAVs) in global position system (GPS)-denied environments has become an increasing research hotspot. This paper aims to realize the indoor fixed-point hovering control and autonomous flight for UAVs based on visual inertial simultaneous localization and mapping (SLAM) and sensor fusion algorithm based on extended Kalman filter. Design/methodology/approach: The fundamental of the proposed method is using visual inertial SLAM to estimate the position information of the UAV and position-speed double-loop controller to control the UAV. The motion and observation models of the UAV and the fusion algorithm are given. Finally, experiments are performed to test the proposed algorithms. Findings: A position-speed double-loop controller is proposed, by fusing the position information obtained by visual inertial SLAM with the data of airborne sensors. The experiment results of the indoor fixed-points hovering show that UAV flight control can be realized based on visual inertial SLAM in the absence of GPS. Originality/value: A position-speed double-loop controller for UAV is designed and tested, which provides a more stable position estimation and enabled UAV to fly autonomously and hover in GPS-denied environment. ? 2024, Emerald Publishing Limited.",Li Z.; Li H.; Liu Y.; Jin L.; Wang C.,2024,10.1108/RIA-06-2023-0081,,Scopus
REC_1098,Long-Duration Inspection of GNSS-Denied Environments with a Tethered UAV-UGV Marsupial System ?,"Highlights: What are the main findings? This paper describes an open-sourced autonomous tether marsupial system consisting of off-the-shelf hardware components. The system has been extensively validated in a set of seven experiments with a total duration of more than four hours without any issues. What is the implication of the main finding? The proposed system can be used for long-endurance inspection tasks of over two hours. Our novel planning and localization algorithms make our multi-robot tethered system able to generate and track safe trajectories from a sequence of points to interest to be visited in GNSS-denied environments. Unmanned Aerial Vehicles (UAVs) have become essential tools in inspection and emergency response operations due to their high maneuverability and ability to access hard-to-reach areas. However, their limited battery life significantly restricts their use in long-duration missions. This paper presents a tethered marsupial robotic system composed of a UAV and an Unmanned Ground Vehicle (UGV), specifically designed for autonomous, long-duration inspection tasks in Global Navigation Satellite System (GNSS)-denied environments. The system extends the UAV?s operational time by supplying power through a tether connected to high-capacity battery packs carried by the UGV. Our work details the hardware architecture based on off-the-shelf components to ensure replicability and describes our full-stack software framework used by the system, which is composed of open-source components and built upon the Robot Operating System (ROS). The proposed software architecture enables precise localization using a Direct LiDAR Localization (DLL) method and ensures safe path planning and coordinated trajectory tracking for the integrated UGV?tether?UAV system. We validate the system through three sets of field experiments involving (i) three manual flight endurance tests to estimate the operational duration, (ii) three experiments for validating the localization and the trajectory tracking systems, and (iii) three executions of an inspection mission to demonstrate autonomous inspection capabilities. The results of the experiments confirm the robustness and autonomy of the system in GNSS-denied environments. Finally, all experimental data have been made publicly available to support reproducibility and to serve as a common open dataset for benchmarking. ? 2025 by the authors.",Mart?nez-Rozas S.; Alejo D.; Carpio J.J.; Caballero F.; Merino L.,2025,10.3390/drones9110765,,Scopus
REC_1101,UWB-based localization for multi-UAV systems and collaborative heterogeneous multi-robot systems,"Ultra-wideband technology has emerged in recent years as a robust solution for localization in GNSS denied environments. In particular, its high accuracy when compared to other wireless localization solutions is enabling a wider range of collaborative and multi-robot application scenarios, being able to replace more complex and expensive motion-capture areas for use cases where accuracy in the order of tens of centimeters is sufficient. We present the first survey of UWB-based localization focused on multi-UAV systems and heterogeneous multi-robot systems. We have found that previous literature reviews do not consider in-depth the challenges in both aerial navigation and navigation with multiple robots, but also in terms of heterogeneous multi-robot systems. In particular, this is, to the best of our knowledge, the first survey to review recent advances in UWB-based (i) methods that enable ad-hoc and dynamic deployments; (ii) collaborative localization techniques; and (iii) cooperative sensing and cooperative maneuvers such as UAV docking on mobile platforms. Finally, we also review existing datasets and discuss the potential of this technology for both localization in GNSS-denied environments and collaboration in multi-robot systems. ? 2020 The Authors.",Shule W.; Almansa C.M.; Queralta J.P.; Zou Z.; Westerlund T.,2020,10.1016/j.procs.2020.07.051,,Scopus
REC_1105,3D SCENE RECONSTRUCTION AND PATH PLANNING METHOD FOR UAV IN GNSS-DENIED ENVIRONMENT,"Today, natural disasters have a huge impact all over the world, while GNSS plays an important role in disaster relief and rescue. However, when the ground surface is severely damaged and covered, satellite positioning means are denied. In addition, disaster site conditions are often very complex and may require unmanned robots such as UAVs for pre-surveying. To address the raised problem, we reconstructed the 3D scene by laser SLAM; improved PRM path planning method for better computational efficiency while solving feasible path results; and realized UAV autonomous flight along the planned path in GNSS-denied environment. The experiments prove that the reconstructed scene map provides a feasible means for UAV autonomous navigation in GNSS-denied environment, and the proposed path planning method has a significant improvement in computational efficiency.  ? Copyright:",Jin Q.; Zhao P.; Hu Q.; Duan X.; Ai M.,2022,10.5194/isprs-annals-X-3-W1-2022-69-2022,,Scopus
REC_1106,Adaptive Particle Filter-Neural Network Fusion for Cooperative Localization of Multi-UAV Systems in GNSS-Denied Indoor Environments,"Accurate autonomous navigation of unmanned aerial vehicles (UAVs) in complex indoor environments where satellite signals are denied remains a critical challenge. Conventional state estimation methods, such as particle filters, often suffer from particle degeneracy and high computational costs, limiting their robustness and real-time applicability. Here, we introduce an adaptive particle filter-neural network (PF-NN) fusion framework that achieves high-fidelity cooperative localization for multi-UAV systems. Our approach integrates a lightweight neural network that optimizes particle weight allocation by learning from motion consistency, thereby mitigating sample impoverishment. This is coupled with an adaptive resampling strategy that dynamically adjusts the particle population based on the effective sample size, balancing computational load with estimation accuracy. By fusing ultra-wideband (UWB) inter-vehicle ranging with visual landmark observations, the system leverages both global and local constraints to achieve robust state estimation. In simulations involving six UAVs in a complex indoor setting, our algorithm demonstrated superior performance, achieving an average root-mean-square error (RMSE) of 0.437 m. This work provides a robust and efficient solution for multi-UAV cooperative localization, paving the way for reliable autonomous operations in GNSS-denied scenarios such as search-and-rescue and industrial inspection. ? 2026 by the authors.",Wang Z.; Wang H.; Liu S.,2026,10.3390/computers15030172,,Scopus
REC_1107,Multi-UAV Cooperative Localization in Pseudolite-Augmented GNSS-Denied Regions: An Anomaly-Resilient Adaptive Kalman Filter with Group Covariance Compensation,"In complex low-altitude environments, unmanned aerial vehicles (UAVs) require reliable positioning, yet Global Navigation Satellite System (GNSS) signals are vulnerable to occlusion and interference. Pseudolite-augmented cooperative localization, which combines ground base-station signals with inter-UAV relative observations, can complement GNSS in such environments. However, two practical issues remain in real-world deployment: UAV-to-base-station (U-B) and UAV-to-UAV (U-U) observations have markedly different error statistics that a unified noise adjustment cannot handle, and the conservative covariance estimates produced by Covariance Intersection (CI) fusion bias the innovation-based adaptive noise estimation in distributed architectures. To address these issues, this paper proposes a Distributed Group Covariance Compensation Adaptive Kalman Filter (DGCC-AKF) for collaborative enhancement of UAV regional localization. DGCC-AKF establishes a group adaptive mechanism that independently adjusts the noise covariance matrices of U-B and U-U observations, enabling observation-type-level adaptive weighting that suppresses anomalous U-B or U-U measurements at the group level. In addition, a bounded covariance compensation factor is incorporated to alleviate the CI-induced conservatism in the adaptive noise estimation. The proposed method is evaluated on a 2800 km2 semi-physical testbed based on the Ground-based High-precision Local Positioning System (GH-LPS) pseudolite network using measured U-B observations and high-dynamic (>300 km/h) flight trajectories collected from a fixed-wing platform across three independent flight sessions. Results demonstrate that under observation fault periods, the proposed method improves 3D positioning accuracy by up to about 75% over single-UAV extended Kalman filter (EKF). Compared with two advanced algorithms in this field, variational Bayesian adaptive Kalman filter (VBAKF) and maximum correntropy criterion Kalman filter (MCC-EKF), it is the only scheme that remains accurate and stable across all UAVs and fault types. The framework provides a practical step toward field deployment for resilient multi-UAV cooperative navigation in pseudolite-augmented GNSS-denied regions. ? 2026 by the authors.",Ji C.; Guo X.; Tang Y.; Han X.; Song Y.,2026,10.3390/drones10060460,,Scopus
REC_1108,A collaborative navigation algorithm for UAV Ad Hoc network based on improved sequence quadratic programming and unscented Kalman filtering in GNSS denied area,"In global navigation satellite system (GNSS) denied area, collaborative positioning precision is important for unmanned aerial vehicle (UAV) to perform collaborative tasks in Ad Hoc network. Continuous optimization of algorithm complexity and parameter setting has long been a focal point in the field of collaborative positioning research. An algorithm of UAVs collaborative positioning based on improved sequential quadratic programming (SQP) and unscented kalman filter (UKF) is proposed. By optimizing the parameter constraints of SQP, parameters are controlled within certain conditions. The convergence speed of SQP is improved, and more accurate filtering parameters are obtained. The improved SQP and UKF are combined to optimize the location data of UAVs, which improves the precision of collaborative positioning. The simulation results show that the positioning precision can be greatly enhanced by approximately 25% when using the proposed algorithm, as compared to the traditional algorithm. The influence of the collaborative UAV number also is simulated. The positioning performance improve slowly when more than five UAVs are used for collaborative positioning. Therefore, the positioning performance cannot be improved only by increasing the number of UAVs, but also by improving the performance of collaborative positioning algorithm. ? 2024 Elsevier Ltd",Tang X.; Yang L.; Wang D.; Li W.; Xin D.; Jia H.,2025,10.1016/j.measurement.2024.115977,,Scopus
REC_1110,Cross-Session 3D LiDAR and Camera Fusion for Robust Localization of Unmanned Aerial Vehicles in GPS-Denied Environments,"Accurate localization of unmanned aerial vehicles (UAVs) is essential for applications such as structural health monitoring, especially in environments where global positioning system (GPS) signals are denied or unreliable, like indoor spaces, tunnels, urban canyons, or areas beneath large structures. To address this challenge, we propose cross-fusion, a novel method for real-time UAV localization that integrates data from a 3D light detection and ranging (LiDAR) and a monocular camera. A key contribution is its cross-session fusion strategy, which integrates visual and geometric information collected from multiple agents during routine baseline surveys to improve localization consistency and map completeness. The system employs LiDAR-based odometry for motion tracking and image-based feature matching via a single red?green?blue (RGB) camera to correct drift and improve accuracy. Unlike visual?inertial systems, cross-fusion maintains a simple sensor setup and avoids the complexity of stereo or global shutter configurations. Experimental results demonstrate that cross-fusion achieves localization accuracy comparable to GPS-based methods and performs reliably in challenging feature-sparse environments. Copyright ? 2026 Cong Hoang Quach et al. Journal of Robotics published by John Wiley & Sons Ltd.",Quach C.H.; Vo C.T.; Tran D.L.T.; Nguyen T.S.; Phung M.D.; Tran T.H.,2026,10.1155/joro/9948104,,Scopus
REC_1112,A coarse-to-fine visual geo-localization method for GNSS-denied UAV with oblique-view imagery,"Visual geo-localization enables the UAV to know its position in GNSS-denied application scenarios, such as disaster emergency response, forest inventory management and indoor facility monitoring. However, there are still some challenges in using oblique-view imagery, especially for UAV images with large oblique viewing angles, to perform visual geo-localization. On the one hand, using geotags of references as image-level geo-localization results is insufficient for oblique-view imagery, because the UAV is often situated at a distance and not directly over the observation area. On the other hand, the obvious differences in viewpoint, viewing angle, and scale between UAV oblique-view images and geo-tagged orthographic reference images severely limit the accuracy of all three steps in pixel-level geo-localization, including image-based retrieval, matching and space resection. In this study, we proposed a coarse-to-fine visual geo-localization method to address these challenges for UAV position determination using oblique-view imagery, assisted by orthographic references. Firstly, we proposed a novel image-level geo-localization method by employing Segments Direction Statistics (SDS) feature patterns and bilateral retrieval strategy. Secondly, we matched UAV oblique-view images with geo-tagged orthographic reference images using feature points and descriptors extracted by the improved SuperPoint network, incorporating the Discrete Gaussian Pyramid Module (DGPM) and the Two-stage Matching Results Refinement Module (TMRRM). Thirdly, based on the matched points with 2D pixel coordinates and 3D ground coordinates, we adopted the triangular pyramid constrained resection method with angle similarity constraints to accurately determine the pixel-level position of UAV. We conducted experiments using a publicly available multi-view images dataset (University-1652), as well as two self-collected datasets of oblique-view images captured by UAVs. Experiments indicate that the localization error of the proposed method is less than 0.1 m for applications with the flight height about 200 m. Meanwhile, the error is about 10 m for UAVs with extremely high flight height (more than 4 km) and large oblique viewing angle (more than 60?). And the average time cost of the proposed method is about 400 ms. Therefore, experimental results demonstrated the effectiveness and efficiency of the proposed method in automatically obtaining reliable UAV positions using oblique-view imagery, as well as its robustness for various UAV oblique-view image-based applications. ? 2024 International Society for Photogrammetry and Remote Sensing, Inc. (ISPRS)",Ye Q.; Luo J.; Lin Y.,2024,10.1016/j.isprsjprs.2024.05.006,,Scopus
REC_1113,Towards UAV Localization in GNSS-Denied Environments: The SatLoc Dataset and a Hierarchical Adaptive Fusion Framework,"Precise and robust localization for micro Unmanned Aerial Vehicles (UAVs) in GNSS-denied environments is hindered by the lack of diverse datasets and the limited real-world performance of existing visual matching methods. To address these gaps, we introduce two contributions: (1) the SatLoc dataset, a new benchmark featuring synchronized, multi-source data from varied real-world scenarios tailored for UAV-to-satellite image matching, and (2) SatLoc-Fusion, a hierarchical localization framework. Our proposed pipeline integrates three complementary layers: absolute geo-localization via satellite imagery using DinoV2, high-frequency relative motion tracking from visual odometry with XFeat, and velocity estimation using optical flow. An adaptive fusion strategy dynamically weights the output of each layer based on real-time confidence metrics, ensuring an accurate and self-consistent state estimate. Deployed on a 6 TFLOPS edge computer, our system achieves real-time operation at over 2 Hz, with an absolute localization error below 15 m and effective trajectory coverage exceeding (Formula presented.), demonstrating state-of-the-art performance. The SatLoc dataset and fusion pipeline provide a robust and comprehensive baseline for advancing UAV navigation in challenging environments. ? 2025 by the authors.",Zhou X.; Zhang X.; Yang X.; Zhao J.; Liu Z.; Shuang F.,2025,10.3390/rs17173048,,Scopus
REC_1115,SWA-PF: Semantic-weighted adaptive particle filter for memory-efficient 4-DoF UAV localization in GNSS-denied environments,"Vision-based Unmanned Aerial Vehicle (UAV) localization systems have been extensively investigated for Global Navigation Satellite System (GNSS)-denied environments. However, existing retrieval-based approaches face limitations in dataset availability and persistent challenges including suboptimal real-time performance, memory inefficiency for onboard deployment, environmental sensitivity, and limited generalization capability, particularly in dynamic or temporally varying environments. To overcome these limitations, we present a large-scale Multi-Altitude Flight Segments dataset (MAFS) for variable altitude scenarios and propose a novel Semantic-Weighted Adaptive Particle Filter (SWA-PF) method. This approach integrates robust semantic features from both UAV-captured images and satellite imagery through three core innovations: a compact 4-DoF particle representation with strictly linear memory complexity, a semantic weighting mechanism, and an optimized particle filtering architecture. The compact particle design achieves negligible per-particle memory overhead, enabling memory-efficient deployment on resource-constrained UAV onboard computing platforms. Evaluated using our dataset, the proposed method achieves approximately 10? end-to-end computational efficiency gain over classical feature-based methods when embedded in the same particle filter localization framework, maintains global positioning errors below 10 meters with respect to onboard GNSS-based pose measurements, and enables rapid 4 degree of freedom (4-DoF) pose estimation within seconds using accessible low-resolution satellite maps. Code and dataset will be available at https://github.com/YuanJiayuuu/SWA-PF. ? 2026 Elsevier Ltd",Yuan J.; Dai M.; Zheng E.; Su C.; Chen N.; Hu Q.; Zhu S.; Cao Y.,2026,10.1016/j.patcog.2026.114522,,Scopus
REC_1116,Development of a Visual SLAM-Based Autonomous UAV System for Greenhouse Plant Monitoring,"Highlights: What are the main findings? A UAV navigation framework enables autonomous monitoring missions in GPS-denied commercial greenhouses. A dual-link edge architecture offloads V-SLAM, while a side-view RGB stream supports deep learning-based phenotyping via flower detection and tracking. What are the implications of the main findings? The modular separation of navigation and sensing lowers onboard requirements and supports practical deployment with lightweight hardware. Daily flower monitoring demonstrates a scalable pathway toward automated, data-driven greenhouse management and plant phenotyping. Autonomous monitoring is essential for precision agriculture in greenhouses, yet deploying unmanned aerial vehicles (UAVs) in confined, GPS-denied environments remains limited by payload, power, and cost constraints. This study developed and validated an autonomous UAV system for reliable, low-cost operation in such conditions. The proposed system employs a dual-link edge-computing architecture: a lightweight onboard controller handles flight control and sensor acquisition, while visual simultaneous localization and mapping (V-SLAM) is offloaded to an edge computer via the FPV video link. Phenotyping (flower detection and tracking/counting) is performed offline from the side-view RGB stream and does not participate in the flight control loop. Using muskmelon (Cucumis melo L.) flower development as a case study, the UAV autonomously executed daily missions for 27 days in a commercial greenhouse, performing flower detection and tracking to monitor phenological dynamics. Localization and control accuracy were evaluated against a validated UWB reference system, achieving 5.4~8.0 cm 2D RMSE for trajectory tracking and 12.7 cm translation RMSE for greenhouse mapping. This work demonstrates a practical architecture for autonomous monitoring in GPS-denied agricultural environments, with operational boundaries characterized through the sustained field deployment. The system?s design principles may extend to other indoor or communication-limited scenarios requiring lightweight, intelligent robotic operation. ? 2026 by the authors.",Lin J.-H.; Lin T.-T.,2026,10.3390/drones10030205,,Scopus
REC_1117,Enhancing Visual?Inertial Odometry Robustness and Accuracy in Challenging Environments,"Visual?Inertial Odometry (VIO) algorithms are widely adopted for autonomous drone navigation in GNSS-denied environments. However, conventional monocular and stereo VIO setups often lack robustness under challenging environmental conditions or during aggressive maneuvers, due to the sensitivity of visual information to lighting, texture, and motion blur. In this work, we enhance an existing open-source VIO algorithm to improve both the robustness and accuracy of the pose estimation. First, we integrate an IMU-based motion prediction module to improve feature tracking across frames, particularly during high-speed movements. Second, we extend the algorithm to support a multi-camera setup, which significantly improves tracking performance in low-texture environments. Finally, to reduce the computational complexity, we introduce an adaptive feature selection strategy that dynamically adjusts the detection thresholds according to the number of detected features. Experimental results validate the proposed approaches, demonstrating notable improvements in both accuracy and robustness across a range of challenging scenarios. ? 2025 by the authors.",Minervini A.; Carrio A.; Guglieri G.,2025,10.3390/robotics14060071,,Scopus
REC_1118,GNSS-denied UAV indoor navigation with UWB incorporated visual inertial odometry,"The localization of unmanned aerial vehicles (UAVs) in GPS-denied areas is an essential issue for indoor navigation. This paper presents a technique to improve the accuracy of visual inertial odometry (VIO) by combining the ultra-wideband (UWB) positioning technology. The proposed architecture is divided into two stages. In the initial stage, the constraint on UWB short-term position change is adopted to improve the pose estimation results of the VIO system. It is also used to mitigate the translation error caused by the vibration and lack of features during the flight. In the second stage, a loose coupling approach based on nonlinear optimization is utilized to fuse the local pose estimator of the VIO system with the global constraints from the UWB positioning. At the beginning of each operation, the alignment between the VIO and UWB frames is estimated to avoid the influence of coordinate transformation due to the VIO cumulative error. It is shown that our optimization-based fusion method is able to achieve a smooth localization trajectory under the global coordinate frame. In the experiments, the performance evaluation carried out in the real-world scenes has demonstrated the effectiveness of the proposed technique. ? 2022 Elsevier Ltd",Lin H.-Y.; Zhan J.-R.,2023,10.1016/j.measurement.2022.112256,,Scopus
REC_1120,GNSS-denied geolocalization of UAVs using terrain-weighted constraint optimization,"Accurate geolocation using Global Navigation Satellite Systems (GNSS) is essential for safe and long-range unmanned aerial vehicles (UAVs) flights. However, GNSS systems are susceptible to blockages, jamming, and spoofing attacks. Localization using onboard cameras and satellite images provides a promising solution for UAVs operating in GNSS-denied environments. In this paper, we developed a novel UAV visual localization system for GNSS-denied situations, both day and night, that integrates image matching, visual odometry (VO), and terrain-weighted constraint optimization. First, an effective map management strategy is designed for satellite image chunking, real-time scheduling, and merging. Then, a 2D?3D geo-registration method, combining Bidirectional Homologous Points Search, is introduced to obtain accurate 3D virtual control points for UAV absolute localization. Lastly, a position estimation and optimization method, integrating the sliding window with terrain weighting constraints, is proposed to control position error accumulation and reduce position drift. Twenty experiments were conducted in typical and complex scenarios to validate our system's resilience to altitude changes, trajectory variations, and rolling terrain. Our system demonstrated drift-free and viewpoint-robust, maintaining stability even in feature-poor environments and seasonal variations. It does not require loop closure, allowing for re-localization after positioning failures. Additionally, we utilized thermal infrared images to demonstrate the system's performance in night-time conditions. With a Mean Absolute Error of less than 7 m, it can be a powerful complement to GNSS in the event of GNSS-Denied environments. All demonstration videos of our system can be found at https://github.com/YFS90/GNSS-Denied-UAV-Geolocalization. ? 2024",Yao F.; Lan C.; Wang L.; Wan H.; Gao T.; Wei Z.,2024,10.1016/j.jag.2024.104277,,Scopus
REC_1121,HCCNet: Hybrid Coupled Cooperative Network for Robust Indoor Localization,"Accurate localization of unmanned aerial vehicle (UAV) is critical for navigation in GPS-denied regions, which remains a highly challenging topic in recent research. This article describes a novel approach to multi-sensor hybrid coupled cooperative localization network (HCCNet) system that combines multiple types of sensors including camera, ultra-wideband (UWB), and inertial measurement unit (IMU) to address this challenge. The camera and IMU can automatically determine the position of UAV based on the perception of surrounding environments and their own measurement data. The UWB node and the UWB wireless sensor network (WSN) in indoor environments jointly determine the global position of UAV, and the proposed dynamic random sample consensus (D-RANSAC) algorithm can optimize UWB localization accuracy. To fully exploit UWB localization results, we provide an HCCNet system which combines the local pose estimator of visual inertial odometry (VIO) system with global constraints from UWB localization results. Experimental results show that the proposed D-RANSAC algorithm can achieve better accuracy than other UWB-based algorithms. The effectiveness of the proposed HCCNet method is verified by a mobile robot in real world and some simulation experiments in indoor environments. ? 2024 Copyright held by the owner/author(s).",Zhang L.; Zhou X.; Li D.; Yang Z.,2024,10.1145/3665645,,Scopus
REC_1126,Centralised cooperative UAV navigation in GPS-denied environments,"Global navigation satellite systems (GNSS) are critical for both military and civil aviation, yet their susceptibility to jamming and spoofing poses significant threats to reliable navigation. This paper explores and quantitatively evaluates a centralised error-state Kalman filter (EKF) approach using range-only inter-UAV measurements for cooperative navigation of unmanned aerial vehicle (UAV) fleets operating in GPS-denied environments. The centralised ES-EKF leverages inter-UAV correlations by aggregating data from all UAVs in a central unit, enabling accurate state estimation even when multiple UAVs lose GPS access. Through simulations involving six UAVs with systematically varied GPS availability (from three down to a single GPS-enabled UAV), we demonstrate that the centralised ES-EKF significantly reduces navigation uncertainty and maintains mission integrity by utilising collaborative measurements. Scenarios where up to five UAVs experience GPS jamming illustrate the algorithm?s capability to sustain accurate positioning through cooperative data fusion, provided at least one UAV retains GPS functionality. This analysis provides clear performance benchmarks for such a configuration. While centralised ES-EKF offers superior performance in capturing inter-agent correlations, it also presents challenges related to computational load, scalability, and communication reliability in large networks. Therefore, this study established a baseline for future decentralised localisation works. Copyright ? 2025 Inderscience Enterprises Ltd.",G?k?ay M.A.; Hajiyev C.,2025,10.1504/IJSA.2025.150666,,Scopus
REC_1127,Swarm UAVs for Area Mapping in GPS-Denied Locations,"Swarm of Unmanned Aerial Vehicles using Emergence (SUAVE) efficiently creates a map in GPS-denied locations using Simultaneous Localization and Mapping (SLAM). Each drone is outfitted with a Lidar and an Intel Realsense Camera, which will be used to develop a high-fidelity infrared 3D map of an area without the need for GPS. Upon completion of each flight, the point clouds made through photogrammetry on each drone will be recorded and fused, creating a map with higher precision and accuracy. The use of the swarm is to generate this map from multiple points of view so that shadow effects can be negated and a more populated, dense map can be produced in respect to one drone's map. To address localization with no GPS, the onboard IMU suite will be used to track relative position, while the onboard camera will track the local position. These two forms of localization, when coupled, allow for autonomous flights in lieu of GPS localization. This manuscript demonstrates the differences between one, three, and five fused maps during autonomous test flights on an Unmanned Aerial System (UAS) with a lack of GPS. ? 2024 SPIE.",Golan D.; Kennedy P.; Gonzalez B.; Taylor R.; Perry J.; Thomas E.; Ebrahimi R.; Fox K.; Drakunov S.,2024,10.1117/12.3013898,,Scopus
REC_1128,Self-calibrated Navigation System Based on?Fusion of?Distance Measurement and?Visual Odometry,"In this paper, a self-calibrated navigation system based on fusion of distance measurement and visual odometry (VO) is developed. The navigation system can locate the agent with low cumulative error in the GNSS-denied environment by using some randomly placed anchors. There are two stages in the system, calibrating and positioning. In the calibrating stage, the location of each anchor is estimated optimally. Meanwhile, a criterion is proposed. It can help judge whether current measurements are sufficient to estimate of the location of each anchor. In the positioning stage, the location of the agent is estimated based on fusing of VO and range measurements between the agent and anchors. The navigation system is validated via data sets and real-world experiments. The results show that the developed system can simultaneously estimate the location of each anchor and the drone accurately and stably. ? Beijing HIWING Scientific and Technological Information Institute 2024.",Li Y.; Hu J.; Xu Z.; Lv M.; Zhang J.,2024,10.1007/978-981-97-1107-9_35,,Scopus
REC_1130,Robust GNSS-denied localization for UAV using particle filter and visual odometry,"Conventional autonomous unmanned air vehicle (UAV) autopilot systems use global navigation satellite system (GNSS) signal for navigation. However, autopilot systems fail to navigate due to lost or jammed GNSS signal. To solve this problem, information from other sensors such as optical sensors are used. Monocular simultaneous localization and mapping (SLAM) algorithms have been developed over the last few years and achieved state-of-the-art accuracy (e.g., visual SLAM algorithms achieve centimeter-level precision in an in-doors environment). Also, map matching localization approaches are used for UAV localization relatively to imagery from static maps such as Google Maps. Unfortunately, the accuracy and robustness of these algorithms are very dependent on up-to-date maps. The purpose of this research is to improve the accuracy and robustness of map-relative particle filter-based localization using a downward-facing optical camera mounted on an autonomous aircraft. This research shows how image similarity to likelihood conversion function impacts the results of particle filter localization algorithm. Two parametric image similarity to likelihood conversion functions (logistic and rectifying) are proposed. A dataset of simulated aerial imagery is used for experiments. The experiment results are shown, that the particle filter localization algorithm using the logistic function was able to surpass the accuracy of state-of-the-art ORB-SLAM2 algorithm by 2.6 times. The algorithm is shown to be able to navigate using up-to-date maps more accurately and with an average decrease in precision by 30% using out-of-date maps. ? 2019, Springer-Verlag GmbH Germany, part of Springer Nature.",Jurevi?ius R.; Marcinkevi?ius V.; ?eibokas J.,2019,10.1007/s00138-019-01046-4,,Scopus
REC_1131,Enhancing UAV Autonomy and Path Optimization Through SBAS and Visual-Inertial Odometry; [Mejora de la autonom?a de UAV y optimizaci?n de trayectorias mediante odometr?a visual?inercial integrada con SBAS],"Unmanned Aerial Vehicles (UAVs) have become indispensable in fields such as disaster response, precision agriculture, environmental monitoring, and surveillance. Their ability to navigate complex and dynamic environments makes them essential for autonomous op-erations. However, ensuring accurate and reliable state estimation remains a significant challenge, particularly in GPS-denied environ-ments, where traditional navigation systems suffer from drift, localization errors, and trajectory inconsistencies. Addressing these limita-tions is crucial for improving UAV autonomy and operational efficiency. This study aims to enhance UAV autonomy and trajectory optimization by integrating a Satellite-Based Augmentation System (SBAS) with monocular visual-inertial odometry (VIO) within a factor graph optimization framework. The proposed methodology fuses visual and inertial sensor data, incorporating state constraints and prior knowledge to improve localization accuracy, reduce drift, and manage uncertainty. Experimental evaluations were conducted under different path optimization conditions to assess system performance. Results show that Path 1 achieved the highest optimization score of 0.481, Path 2 showed moderate optimization at 0.130, while Paths 3, 4, and 5 exhibited minimal improvements, with scores of ?6.176, ?0.041, and ?0.113, respectively. These findings confirm the effectiveness of the proposed approach in optimizing UAV trajec-tories and enhancing real-time navigation accuracy. The study concludes that integrating SBAS with VIO significantly enhances UAV state estimation, offering a promising solution for autonomous aerial operations in both indoor and outdoor environments. This approach provides a robust and scalable framework for improving UAV navigation in critical applications, ensuring greater reliability under GPS-denied conditions. ? 2026, Universidad Nacional de Colombia. All rights reserved.",Arumugam V.; Alagumalai V.,2026,10.15446/ing.investig.119122,,Scopus
REC_1132,Minimalistic approach for monocular SLAM system applied to micro aerial vehicles in GPS-denied environments,"In this work, a novel monocular simultaneous localization and mapping (SLAM) system with application to micro aerial vehicles is proposed. The main difference with respect to previous approaches is that a barometer is used as a unique sensory aid for incorporating altitude information into the system in order to recover an absolute metric scale. First, an observability analysis of a simplified model of a monocular SLAM system is developed. From this analysis, several theoretical results are derived. Among others, one important result is related to the fact that the metric scale can become observable when measurements of altitude are included in the system. In this case, sufficient conditions for observability are presented. The design of the proposed method is based on these theoretical results. Simulations and experiments with real data are presented to validate the proposed approach. The results confirm that the metric scale can be retrieved by including altitude measurements in the system. It is also shown that the proposed method can be practically implemented, using low-cost sensors, to perform visual-based navigation in GPS-denied environments. ? The Author(s) 2018.",Urzua S.; Mungu?a R.; Nu?o E.; Grau A.,2018,10.1177/0142331217747343,,Scopus
REC_1134,A Decision-Making Framework for Autonomous Aerial Vehicles in Responding to GPS Loss,"Unmanned Aerial Vehicles (UAVs) face critical challenges when operating in environments where Global Positioning System (GPS) signals are degraded or unavailable. Existing work on GPS-denied navigation has produced capable localization and control techniques, but these contributions are often siloed and rarely integrate energy constraints, decision logic, and regulatory considerations into a cohesive architecture, especially in Beyond-Visual-Line-Of-Sight (BVLOS) operations. This paper proposes a unified, modular framework that couples resilient multimodal localization, such as visual?inertial odometry and simultaneous localization and mapping, with an energy-aware trajectory planner and a contingency-aware decision layer that manages actions such as rerouting, hovering, reorienting, returning to home, or performing a safe landing. The proposed framework explicitly encodes navigation confidence, command-and-control integrity, and logging for post-flight audit, enabling traceable behavior suitable for certification and large-scale deployment. By moving GPS-denied response from ad-hoc failsafe logic to a standardized, closed-loop decision-making model, this work provides a blueprint that can inform future performance standards and accelerate trustworthy beyond-visual-line-of-sight and advanced air mobility operations in real-world industrial, public-safety, and urban contexts. ? 2025, American Institute of Aeronautics and Astronautics Inc, AIAA. All rights reserved.",Prell R.; Rubio R.; Joseph S.; Negash N.; Sun L.,2026,10.2514/6.2026-1992,,Scopus
REC_1135,UAV Localization in Low-Altitude GNSS-Denied Environments Based on POI and Store Signage Text Matching in UAV Images,"Localization is the most important basic information for unmanned aerial vehicles (UAV) during their missions. Currently, most UAVs use GNSS to calculate their own position. However, when faced with complex electromagnetic interference situations or multipath effects within cities, GNSS signals can be interfered with, resulting in reduced positioning accuracy or even complete unavailability. To avoid this situation, this paper proposes an autonomous UAV localization method for low-altitude urban scenarios based on POI and store signage text matching (LPS) in UAV images. The text information of the store signage is first extracted from the UAV images and then matched with the name of the POI data. Finally, the scene location of the UAV images is determined using multiple POIs jointly. Multiple corner points of the store signage in a single image are used as control points to the UAV position. As verified by real flight data, our method can achieve stable UAV autonomous localization with a positioning error of around 13 m without knowing the exact initial position of the UAV at take-off. The positioning effect is better than that of ORB-SLAM2 in long-distance flight, and the positioning error is not affected by text recognition accuracy and does not accumulate with flight time and distance. Combined with an inertial navigation system, it may be able to maintain high-accuracy positioning for UAVs for a long time and can be used as an alternative to GNSS in ultra-low-altitude urban environments. ? 2023 by the authors.",Liu Y.; Bai J.; Wang G.; Wu X.; Sun F.; Guo Z.; Geng H.,2023,10.3390/drones7070451,,Scopus
REC_1137,"Integrated guidance, navigation, and control system for a UAV in a GPS denied environment","This paper proposes an integrated guidance, navigation, and control system for operations of a UAV in GPS denied environments. The proposed system uses a sensor combination, which consists of an image sensor and a range sensor. The main idea of the system developed is that it replaces the conventional navigation information with the measurement from the image processing. For example, it is possible to substitute the look angle and look angle rate from the image sensor for the conventional navigation information like the relative target position and the body angular rate. As the preliminary study, the integrated guidance and control system is designed with a nonlinear back-stepping approach to investigate the possibility of the proposed system. And the proposed integrated guidance and control system is verified by the numerical simulation. Copyright ? 2018 by SCITEPRESS ? Science and Technology Publications, Lda. All rights reserved",Hong J.-H.; Ryoo C.-K.; Shin H.-S.; Tsourdos A.,2018,10.5220/0006908204400447,,Scopus
REC_1139,Vision-controlled micro flying robots: From system design to autonomous navigation and mapping in GPS-denied environments,"Autonomous microhelicopters will soon play a major role in tasks like search and rescue, environment monitoring, security surveillance, and inspection. If they are further realized in small scale, they can also be used in narrow outdoor and indoor environments and represent only a limited risk for people. However, for such operations, navigating based only on global positioning system (GPS) information is not sufficient. Fully autonomous operation in cities or other dense environments requires microhelicopters to fly at low altitudes, where GPS signals are often shadowed, or indoors and to actively explore unknown environments while avoiding collisions and creating maps. This involves a number of challenges on all levels of helicopter design, perception, actuation, control, and navigation, which still have to be solved. The Swarm of Micro Flying Robots (SFLY) project was a European Union-funded project with the goal of creating a swarm of vision-controlled microaerial vehicles (MAVs) capable of autonomous navigation, three-dimensional (3-D) mapping, and optimal surveillance coverage in GPS-denied environments. The SFLY MAVs do not rely on remote control, radio beacons, or motion-capture systems but can fly all by themselves using only a single onboard camera and an inertial measurement unit (IMU). This article describes the technical challenges that have been faced and the results achieved from hardware design and embedded programming to vision-based navigation and mapping, with an overview of how all the modules work and how they have been integrated into the final system. Code, data sets, and videos are publicly available to the robotics community. Experimental results demonstrating three MAVs navigating autonomously in an unknown GPS-denied environment and performing 3-D mapping and optimal surveillance coverage are presented. ? 2014 IEEE.",Scaramuzza D.; Achtelik M.C.; Doitsidis L.; Friedrich F.; Kosmatopoulos E.; Martinelli A.; Achtelik M.W.; Chli M.; Chatzichristofis S.; Kneip L.; Gurdan D.; Heng L.; Lee G.H.; Lynen S.; Pollefeys M.; Renzaglia A.; Siegwart R.; Stumpf J.C.; Tanskanen P.; Troiani C.; Weiss S.; Meier L.,2014,10.1109/MRA.2014.2322295,,Scopus
REC_1140,UAV navigation in large-scale GPS-denied bridge environments using fiducial marker-corrected stereo visual-inertial localisation,"The use of Unmanned Aerial Vehicles (UAVs) for bridge inspection has gained popularity recently; however, accurately localising the UAV in GPS-denied areas is still challenging, which hinders the development of fully autonomous UAV-assisted bridge inspection solutions. This paper proposes a fiducial marker-corrected stereo visual-inertial localisation (FMC-SVIL) method, running on a resource-constrained onboard computer, to estimate UAV's global pose underneath bridge girders. The proposed FMC-SVIL utilises an optimised stereo visual-inertial odometry for continuous relative pose estimation between consecutive camera frames and an improved AprilTag2-based measurement algorithm for accurate global referencing and periodic pose corrections. The method is validated through extensive experiments, and the results show that the FMC-SVIL achieved UAV localisation with a root mean square error of 0.416 m in sunny conditions and 0.340 m in cloudy conditions. FMC-SVIL outperforms the leading vision-based simultaneous localisation and mapping (SLAM) algorithms for flights over multiple bridge spans. ? 2023 The Authors",Wang F.; Zou Y.; Zhang C.; Buzzatto J.; Liarokapis M.; del Rey Castillo E.; Lim J.B.P.,2023,10.1016/j.autcon.2023.105139,,Scopus
REC_1141,"A ROS Multi-Tier UAV Localization Module Based on GNSS, Inertial and Visual-Depth Data","Uncrewed aerial vehicles (UAVs) are continuously gaining popularity in a wide spectrum of applications, while their positioning and navigation most often relies on Global Navigation Satellite Systems (GNSS). However, numerous conditions and practices require UAV operation in GNSS-denied environments, including confined spaces, urban canyons, vegetated areas and indoor places. For the purposes of this study, an integrated UAV navigation system was designed and implemented which utilizes GNSS, visual, depth and inertial data to provide real-time localization. The implementation is built as a package for the Robotic Operation System (ROS) environment to allow ease of integration in various systems. The system can be autonomously adjusted to the flight environment, providing spatial awareness to the aircraft. This system expands the functionality of UAVs, as it enables navigation even in GNSS-denied environments. This integrated positional system provides the means to support fully autonomous navigation under mixed environments, or malfunctioning conditions. Experiments show the capability of the system to provide adequate results in open, confined and mixed spaces. ? 2022 by the authors. Licensee MDPI, Basel, Switzerland.",Antonopoulos A.; Lagoudakis M.G.; Partsinevelos P.,2022,10.3390/drones6060135,,Scopus
REC_1142,Dual Quaternion-Based Unscented Kalman Filter with Visual Inertial Odometry for navigation in GPS-denied environments,"Reliable navigation in GPS-denied environments remains a fundamental challenge in robotics, aerospace, and autonomous vehicle applications. This paper presents a Dual Quaternion-Based Unscented Kalman Filter (DQUKF) equipped with a Visual Inertial Odometry (VIO) algorithm for accurate state estimation enabling navigation in GPS denied locations. The proposed framework formulates the DQUKF in an error state manner, where the nominal pose is represented by a unit dual quaternion and the local pose error is represented by a 6-dimensional twistor parameterization used for sigma point generation, covariance propagation, and measurement correction. In parallel, the VIO algorithm tracks features across image frames, synchronizes measurements between the IMU and camera, and provides visual constraints that complement inertial propagation. Simulation results on the EuRoC MAV dataset show that the proposed DQUKF converges under high initialization uncertainty and achieves a position RMSE of 0.2584 m in the difficult flight sequence, outperforming the benchmark filters. ? 2026 The Authors",Khalifa M.; Hashim H.A.,2026,10.1016/j.measurement.2026.121964,,Scopus
REC_1143,Multi-Robot Cooperative 3D Frontier Exploration Using Stereo Camera Based Mapping in GPS-Denied Environments,"Autonomous 3D exploration with lightweight uncrewed aerial vehicles is especially challenging when relying solely on stereo vision in GPS-denied environments. This paper proposes a decentralized multi unmanned aerial vehicle (UAV) exploration framework that integrates Real-Time Appearance-Based Visual SLAM (RTAB-Map) with an entropy-filtered frontier detection pipeline operating directly on a volumetric OctoMap. Frontier voxels are refined using Shannon entropy and clustered with Density-Based Spatial Clustering of Applications with Noise (DBSCAN), while a ray-casting-based Next-Best-View utility function selects informative, low-cost goals without centralized coordination. Rapidly-Exploring Random Tree Star (RRT*) planner with OctoMap collision checks generates feasible paths, and a Nonlinear Model Predictive Controller (NMPC) ensures stable trajectory tracking using filtered visual odometry. The Extended Kalman Filter is used for the fusion of visual odometry and IMU data. This framework enables scalable vision-based cooperative exploration without GPS or external infrastructure. ? 2026, American Institute of Aeronautics and Astronautics Inc, AIAA. All rights reserved.",Yadav R.; Subbarao K.,2026,10.2514/6.2026-0859,,Scopus
REC_1145,Enhancing Integrated Navigation with a Self-Attention LSTM Hybrid Network for UAVs in GNSS-Denied Environments,"Performing long-duration navigation without the global navigation satellite system (GNSS) network is a challenging task, particularly for small unmanned aerial vehicles (UAVs) equipped with low-cost micro-electro-mechanical sensors. This study proposes a hybrid neural network that integrates self-attention mechanisms with long short-term memory (SALSTM) to enhance GNSS-denied navigation performance. The estimation task of GNSS-denied navigation is first modeled based on UAV aerodynamics and kinematics, enabling a precise definition of the inputs and outputs that SALSTM needs to map. A self-attention layer is inserted in multiple LSTM layers to capture long-range dependencies in subtle dynamic changes. The output layer is designed to generate state sequences, leveraging the recursive nature of LSTM to enforce state continuity constraints. The outputs of SALSTM are fused to enhance integrated navigation within an extended Kalman filter framework. The performance of the proposed method is evaluated using flight data obtained from field tests. The results demonstrate that SALSTM-enhanced integrated navigation achieves superior long-term stability and improves velocity and position estimation accuracy by more than 50% compared to the best existing methods. ? 2025 by the authors.",Wang Z.; Shen X.; Li J.; Li J.; Wu X.; Yang Y.,2025,10.3390/drones9040279,,Scopus
REC_1147,LiDAR-Based High-Precision Mapping and?GNSS-Denied Localiztion for?UAV,"This paper mainly studies localization in GNSS-denied environments. The offline mapping is developed by DJI M300 RTK equipped with a lidar, which is the first work of this paper. Besides, in the process of offline mapping, this paper also proposes a matching method that uses multi-frame fusion to form MetaScan as the matching source instead of a single frame. The second work is to realize localization of the UAV in GNSS-denied environments with help of the offline map before. The experimental results show that the methods can effectively improve the navigation and localization ability of UAVs. ? 2023, Beijing HIWING Sci. and Tech. Info Inst.",Tu Z.; Fu H.; Sun Z.,2023,10.1007/978-981-99-0479-2_275,,Scopus
REC_1149,Simultaneous Localization and Mapping using Sensor Fusion for UAV Navigation in GPS-Denied Environments,"This paper presents the development and system integration of a UAV framework designed for indoor navigation and other GPS-denied environments. The framework features a UAV equipped with Simultaneous Localization and Mapping (SLAM) and object detection algorithms, designed for search and rescue missions or similar applications. As the SLAM model localizes the aircraft within the unknown environment, it creates a map of the surroundings. Meanwhile, computer vision techniques are employed to detect human targets (victims) within the scene. Upon identifying human targets, the corresponding information is relayed to the output of the SLAM algorithm, which uses it to mark the locations of the detected individuals within the map. Once the map and waypoints are generated, these data can be wirelessly transmitted to other vehicles, enabling them to perform path planning on the 3-dimensional map to navigate autonomously through the environment and provide aid to the victims. As the UAV traverses the environment, Visual-Inertial Odomerty techniques are employed to stabilize the vehicle during flight. Simulation and flight test results are shown. ? 2026, American Institute of Aeronautics and Astronautics Inc, AIAA. All rights reserved.",Ramirez R.; Lin T.; Kryzia D.; Luo Z.; Faraj N.; Espana D.; Thakkar T.; Bhandari S.; Raheja A.; Chowdhury M.,2026,10.2514/6.2026-0855,,Scopus
REC_1150,NaviLoc: Trajectory-Level Visual Localization for GNSS-Denied UAV Navigation,"Highlights: What are the main findings? NaviLoc enables training-free GNSS-denied aerial-to-satellite localization using trajectory-level fusion of image matching and motion sensing. On low-altitude (50?150 m) rural UAV flights, NaviLoc achieves a 19.5 m Mean Localization Error (16.0? better than prior state-of-the-art). What are the implications of the main finding? Trajectory-level optimization handles visually repetitive rural environments, enabling reliable GPS-free navigation. The lightweight algorithm enables real-time CPU-only deployment (9 FPS on Raspberry Pi 5), supporting embedded autonomy. Aerial-to-satellite visual localization enables GNSS-denied UAV navigation, but the appearance gap between low-altitude (50?150 m) UAV imagery and nadir satellite tiles makes per-frame Visual Place Recognition (VPR) unreliable. Under perceptual aliasing, high-similarity matches are often geographically inconsistent, so na?ve anchoring fails. We introduce NaviLoc, a training-free three-stage trajectory-level estimator that treats VPR as a noisy measurement source and exploits Visual-Inertial Odometry (VIO) as a relative-motion prior. Stage 1 (Global Align) estimates a global SE(2) transform by maximizing an explicit trajectory-level similarity objective. Stage 2 (Refinement) performs sliding-window bounded weighted Procrustes updates. Stage 3 (Smoothing) computes a strictly convex MAP trajectory estimate that fuses VIO displacements with VPR anchors while clamping detected outliers. On a challenging low-altitude rural UAV benchmark, NaviLoc attains 19.5 m Mean Localization Error (MLE)?a 16.0? reduction compared to state-of-the-art localization method AnyLoc-VLAD, and 32.1? compared to raw VIO drift. End-to-end inference runs at 9 FPS on Raspberry Pi 5, enabling real-time embedded deployment. ? 2026 by the authors.",Shpagin P.; Panchenko T.,2026,10.3390/drones10020097,,Scopus
REC_1153,UAV Sensor Data Fusion for Localization Using Adaptive Multiscale Feature Matching Mechanisms Under GPS-Deprived Environment,"The application of unmanned vehicles in civilian and military fields is increasingly widespread. Traditionally, unmanned vehicles primarily rely on Global Positioning Systems (GPSs) for positioning; however, GPS signals can be limited or completely lost in conditions such as building obstructions, indoor environments, or electronic interference. In addition, countries are actively developing GPS jamming and deception technologies for military applications, making precise positioning and navigation of unmanned vehicles in GPS-denied or constrained environments a critical issue that needs to be addressed. In this work, authors propose a method based on Visual?Inertial Odometry (VIO), integrating the extended Kalman filter (EKF), an Inertial Measurement Unit (IMU), optical flow, and feature matching to achieve drone localization in GPS-denied environments. The proposed method uses the heading angle and acceleration data obtained from the IMU as the state prediction for the EKF, and estimates relative displacement using optical flow. It further corrects the optical flow calculation errors through IMU rotation compensation, enhancing the robustness of visual odometry. Additionally, when re-selecting feature points for optical flow, it combines a KAZE feature matching technique for global position correction, reducing drift errors caused by long-duration flight. The authors also employ an adaptive noise adjustment strategy that dynamically adjusts the internal state and measurement noise matrices of the EKF based on the rate of change in heading angle and feature matching reliability, allowing the drone to maintain stable positioning in various flight conditions. According to the simulation results, the proposed method is able to effectively estimate the flight trajectory of drones without GPS. Compared to results that rely solely on optical flow or feature matching, it significantly reduces cumulative errors. This makes it suitable for urban environments, forest areas, and military applications where GPS signals are limited, providing a reliable solution for autonomous navigation and positioning of drones. ? 2025 by the authors.",Wang Y.-S.; Chang C.-H.,2025,10.3390/aerospace12121048,,Scopus
REC_1155,Relative Navigation of UAV Swarm in a GPS Denied Environment1,"A precise relative localization system is a crucial necessity for a swarm of Unmanned Aerial Vehicles (UAVs), particularly when collaborating on a task. This paper aims to provide an alternative navigation system to enable a swarm of UAVs to conduct autonomous missions in a Global Positioning System (GPS)-denied environment. To achieve this goal, this paper proposes a relative navigation system using an Extended Kalman Filter (EKF) fusing observations from the on-board Inertial Measurement Unit (IMU) with ranging measurements obtained from the on-board ranging sensors. To ensure secure and high data communication rates, the system employs two waveforms and a low-cost beam-switching phased array. This system thus enables drone operations even in GPS-denied environments. We demonstrate the effectiveness of our approach through simulation experiments involving a swarm of six drones, which includes three fixed and three moving drones in a challenging Blue-Angel scenario. The evaluation of the statistical tests on the results of the simulations shows that this method is efficient. ? 2023 SPIE.",Belfadel D.; Haessig D.; Chibane C.,2023,10.1117/12.2664917,,Scopus
REC_1156,Georeferenced UAV Localization in Mountainous Terrain Under GNSS-Denied Conditions,"In Global Navigation Satellite System (GNSS)-denied environments, unmanned aerial vehicles (UAVs) relying on Vision-Based Navigation (VBN) in high-altitude, mountainous terrain face severe challenges due to geometric distortions in aerial imagery. This paper proposes a georeferenced localization framework that integrates orthorectified aerial imagery with Scene Matching (SM) to achieve robust positioning. The method employs a camera projection model combined with Digital Elevation Model (DEM) to orthorectify UAV images, thereby mitigating distortions from central projection and terrain relief. Pre-processing steps enhance consistency with reference orthophoto maps, after which template matching is performed using normalized cross-correlation (NCC). Sensor fusion is achieved through extended Kalman filters (EKFs) incorporating Inertial Navigation System (INS), GNSS (when available), barometric altimeter, and SM outputs. The framework was validated through flight tests with an aircraft over 45 km trajectories at altitudes of 2.5 km and 3.5 km in mountainous terrain. The results demonstrate that orthorectification improves image similarity and significantly reduces localization error, yielding lower 2D RMSE compared to conventional rectification. The proposed approach enhances VBN by mitigating terrain-induced distortions, providing a practical solution for UAV localization in GNSS-denied scenarios. ? 2025 by the authors.",Lee I.; Sung C.-K.; Lee H.; Nam S.; Oh J.; Lee K.; Park C.,2025,10.3390/drones9100709,,Scopus
REC_1157,Vision-based heading estimation for navigation of a micro-aerial vehicle in GNSS-denied staircase environment using vanishing point,"Micro-aerial vehicles (MAVs) find it extremely difficult to navigate in GNSS-denied indoor staircase environments with obstructed Global navigation satellite system (GNSS) signals. To avoid hitting both static and moving obstacles, MAV must estimate its position and heading in the staircase indoor scenes. In order to detect vanishing points and estimate heading for MAV navigation in a staircase environment, five different input colour space image frames?namely RGB image into a grayscale image and RGB image into hyper-opponent colour space?O1, O2, O3, and Sobel R channel image frames?have been used in this work. To determine the position and direction of the MAV, the Hough transform technique and K-means clustering algorithm have been incorporated for line and vanishing point recognition in the staircase image frames. The position of the vanishing point detected in the staircase image frames indicates the position of the MAV (Centre, left or right) in the staircase. In addition, to compute the heading of MAV, the Euclidean distance between the staircase picture centre, mid-pixel coordinates at the image?s last row, and the detected vanishing point pixel coordinates in the succeeding staircase image frames are used. The position and heading measurement can be utilised to send the MAV a suitable control signal and align it at the centre of the staircase when it deviates from the centre. The integrated Hough transform technique and K-means clustering-based vanishing point detection are suitable for real-time MAV heading measurement using the O2 channel staircase image frames for indoor MAVs with a high accuracy of ? 0.15? when compared to the state-of-the-art grid-based vanishing point detection method heading accuracy of ? 1.5?. ? Shanghai Jiao Tong University 2024.",Anbarasu B.,2024,10.1007/s42401-024-00282-5,,Scopus
REC_1159,GPS-Denied Navigation Aided by Synthetic Aperture Radar Using the Range-Doppler Algorithm,"The need to successfully navigate in the absence of GNSS has grown in recent years. In particular, light aircraft such as UAVs are growing in popularity for a variety of applications vulnerable to GPS denial. The research presented here develops a GPS-denied navigation scheme for light aircraft employing images formed from a synthetic aperture radar system. Past research has explored the utility of radar telemetry in GPS-denied systems. This research advances previous work by exploiting radar images to obtain range and cross-range position measurements. Images are formed using the Range-Doppler Algorithm, an efficient image formation algorithm ideal for the sometimes limited processing packages available to light aircraft. An inertial navigation and radar processing system is implemented using both real and simulated radar images to aid in estimating an aircraft?s state in a GPS-denied environment. The results show that navigation in the absence of GPS using synthetic aperture radar is feasible with converging and bounded estimation errors. ? 2022 Institute of Navigation.",Lindstrom C.; Christensen R.; Gunther J.; Jenkins S.,2022,10.33012/navi.533,,Scopus
REC_1162,Enhanced deep reinforcement learning for integrated navigation in multi-UAV systems,"In multiple Unmanned Aerial Vehicles (UAV) systems, achieving efficient navigation is essential for executing complex tasks and enhancing autonomy. Traditional navigation methods depend on predefined control strategies and trajectory planning and often perform poorly in complex environments. To improve the UAV-environment interaction efficiency, this study proposes a multi-UAV integrated navigation algorithm based on Deep Reinforcement Learning (DRL). This algorithm integrates the Inertial Navigation System (INS), Global Navigation Satellite System (GNSS), and Visual Navigation System (VNS) for comprehensive information fusion. Specifically, an improved multi-UAV integrated navigation algorithm called Information Fusion with Multi-Agent Deep Deterministic Policy Gradient (IF-MADDPG) was developed. This algorithm enables UAVs to learn collaboratively and optimize their flight trajectories in real time. Through simulations and experiments, test scenarios in GNSS-denied environments were constructed to evaluate the effectiveness of the algorithm. The experimental results demonstrate that the IF-MADDPG algorithm significantly enhances the collaborative navigation capabilities of multiple UAVs in formation maintenance and GNSS-denied environments. Additionally, it has advantages in terms of mission completion time. This study provides a novel approach for efficient collaboration in multi-UAV systems, which significantly improves the robustness and adaptability of navigation systems. ? 2025 The Author(s)",CAO Z.; CHEN G.,2025,10.1016/j.cja.2025.103497,,Scopus
REC_1163,A comparative study of TERCOM-EKF and ViSensorRF for UAV localization in GNSS-denied environments,"Accurate localization is essential for Unmanned Aerial Vehicles (UAVs) in mission-critical applications such as military operations, search and rescue, and environmental monitoring. While Global Navigation Satellite Systems (GNSS) provide reliable positioning in open environments, GNSS-denied conditions remain challenging, such as in obstructed or hostile environments. Various localization strategies have been developed using visual and/or non-visual sensors such as LiDAR, barometers, Inertial Measurement Units (IMU), and cameras, with recent advances in machine learning. However, there is a lack of comparative studies that analyze the trade-offs between learning-based and conventional estimation approaches in such conditions. This study bridges that gap by comparing two fundamentally different methods: a Terrain Contour Matching algorithm-Extended Kalman Filter framework (TERCOM-EKF), and Visual-Inertial Sensor Fusion with Random Forest Regression (ViSensorRF), a machine learning approach based on Random Forest Regression (RFR). Both methods are evaluated in a GNSS-denied simulation environment using PX4, Robot Operating System (ROS) 2, Gazebo, and QGroundControl over a digital elevation model of the Taif region in Saudi Arabia. Results demonstrate that ViSensorRF achieves superior localization accuracy, with a root mean square error (RMSE) ranging between approximately 1 to 5 m across multiple trajectories, but requires significantly higher execution time of 1.92 s. In contrast, TERCOM-EKF offers faster computation of 0.04 s, making it suitable for real-time deployment in resource-constrained UAV systems. These findings highlight a trade-off between localization precision and computational efficiency, offering valuable insights for UAV deployment in GNSS-denied environments. ? 2025 The Author(s).",Jarraya I.; Gabr K.; Abdelkader M.; Alahmed F.; Bilal Kadri M.; Boulila W.,2026,10.1016/j.rineng.2025.108279,,Scopus
REC_1164,Lightweight and accurate infrared rangefinder-fused LiDAR-inertial localization for UAV-based bridge inspection in GPS-denied environments,"Effective Structural Health Monitoring (SHM) relies on high-precision and continuous data acquisition to support bridge damage detection, condition assessment, and maintenance decision-making. Unmanned aerial vehicles (UAVs) provide an efficient and flexible means for such data collection, but their reliability is constrained by localization accuracy. In practical bridge scenarios, GPS signals are often unavailable or severely degraded due to structural occlusion or electromagnetic interference, leading to significant localization errors. To address this challenge, this paper presents a lightweight and accurate infrared rangefinder-fused LiDAR-inertial localization (IRF-LIL) system designed for GPS-denied environments. The system incorporates residual modeling based on statistical features and grid-based map management into LiDAR-inertial odometry (LIO) to achieve efficient pose estimation, thereby reducing computational complexity and enabling real-time performance on resource-constrained platforms. An infrared-based altitude estimation module is further integrated with LIO through an Error-State Kalman Filter (ESKF) to suppress vertical drift and enhance altitude stability. Experiments conducted in a real-world bridge environment demonstrate that the proposed IRF-LIL system achieves high-precision localization, with an absolute position error (APE) of 0.17 m, outperforming two state-of-the-art LiDAR-inertial SLAM algorithms. ? 2025",Kong A.; Wang Y.; Zhao J.,2026,10.1016/j.measurement.2025.118983,,Scopus
REC_1166,VIO-UWB-Based Collaborative Localization and Dense Scene Reconstruction within Heterogeneous Multi-Robot Systems,"Effective collaboration in multi-robot systems requires accurate and robust estimation of relative localization: from cooperative manipulation to collaborative sensing, and including cooperative exploration or cooperative transportation. This paper introduces a novel approach to collaborative localization for dense scene reconstruction in heterogeneous multi-robot systems comprising ground robots and micro-aerial vehicles (MAVs). We solve the problem of full relative pose estimation without sliding time windows by relying on UWB-based ranging and Visual Inertial Odometry (VIO)-based egomotion estimation for localization, while exploiting lidars onboard the ground robots for full relative pose estimation in a single reference frame. During operation, the rigidity eigenvalue provides feedback to the system. To tackle the challenge of path planning and obstacle avoidance of MAVs in GNSS-denied environments, we maintain line-of-sight between ground robots and MAVs. Because lidars capable of dense reconstruction have limited FoV, this introduces new constraints to the system. Therefore, we propose a novel formulation with a variant of the Dubins multiple traveling salesman problem with neighborhoods (DMTSPN) where we include constraints related to the limited FoV of the ground robots. Our approach is validated with simulations and experiments with real robots for the different parts of the system.  ? 2022 IEEE.",Queralta J.P.; Li Q.; Schiano F.; Westerlund T.,2022,10.1109/ICARM54641.2022.9959470,,Scopus
REC_1168,Self-localization of tethered drones without a cable force sensor in GPS-denied environments,"This paper considers the self-localization of a tethered drone without using a cable-tension force sensor in GPS-denied environments. The original problem is converted to a state-estimation problem, where the cable-tension force and the three-dimensional position of the drone with respect to a ground platform are estimated using an extended Kalman filter (EKF). The proposed approach uses the data reported by the onboard electric motors (i.e., the pulse width modulation (PWM) signals), accelerometers, gyroscopes, and altimeter, embedded in the commercial-of-the-shelf (COTS) inertial measurement units (IMU). A system-identification experiment was conducted to determine the model that computes the drone thrust force using the PWM signals. The proposed approach was compared with an existing work that assumes known cable-tension force. Simulation results show that the proposed approach produces estimates with less than 0.3-m errors when the actual cable-tension force is greater than 1 N. ? 2021 by the authors. Licensee MDPI, Basel, Switzerland.",Al-Radaideh A.; Sun L.,2021,10.3390/drones5040135,,Scopus
REC_1171,"LiDAR-Based Multi-Modal UAV Navigation Dataset for Robust Benchmarking in Complex-Structured, GNSS-Denied Industrial Environments","To address the problem of lacking effective evaluation benchmarks for UAV navigation algorithms in complex-structured, GNSS-denied industrial environments (e.g., fully enclosed stockyards), this paper proposes and open-sources a multi-modal UAV navigation dataset. The dataset is collected in a real steel plant enclosed stockyard, integrating LiDAR point clouds, IMU, RGB images, and high-precision total station ground truth trajectories, and specially designs ArUco markers to aid visual localization. Different from existing datasets targeting urban or campus scenes, this dataset realistically reflects the challenges of GNSS-denied signal, weak texture, high dust, and complex spatial grid structures in industrial environments. Through the evaluation of various mainstream LiDAR odometry and fusion navigation algorithms, the difficulties encountered by existing methods in this scenario are highlighted, and the potential of the proposed dataset as a valuable benchmark for developing and quantitatively testing highly robust navigation algorithms is suggested. ? 2026 by the authors.",Qiu Z.; Lin D.; Liu B.; Han H.; Guo W.; Liang J.; Chen Z.; Yan Z.; Wang H.; Yang X.; Liu Z.; Zhao L.,2026,10.3390/drones10080611,,Scopus
REC_1172,LiDAR Inertial Mapping of Non-Manhattan Topologies for UAV-Based Aircraft Inspection in GNSS-Denied Environments,"In this paper we propose and evaluate a high resolution intensity yielding adaption of a 3D mapping approach for airplane inspection by autonomous unmanned aerial vehicles. We solely use a 16 column laserscanner and an industrial-grade inertial measurement unit, without a priori knowledge of the inspection object dimensions or its surroundings. Our approach includes the introduction of a novel cylinder feature detection and an according modification of the optimization-based state estimation. Robustness of the point cloud registration is proven based on measurements in a GNSS-denied hangar environment with a Boeing 737-500, comprising only sparse plane and edge features and for highly dynamic movement involving rapid roll or pitch rotation. The approach is suitable for the given application to datasets with strong non-Manhattan characteristics, as opposed to several state of the art algorithms. By means of including the intensity information, 2D projections of the 3D registration result depict a remarkable level of detail and sharpness, resembling that of camera images. Thus allowing for complete coverage of the environment with high spatial resolution using the discrete points and voxel grids with small leaf sizes, the obtained results perspectively can be used for visually matching multi-channel camera images. By fusion of such visual information with the LiDAR generated projections and using the LiDAR inertial odometry, 3D defect maps of the aircraft surface can be constructed, enabling the automated localization of structural damages that are detectable using convolutional neural networks, as shown in previous publications. Copyright ? 2022 The Authors.",Pugliese R.; Abel D.,2022,10.1016/j.ifacol.2023.01.132,,Scopus
REC_1174,TerraSLAM: Towards GPS-Denied Localization,"A long-standing concern with GPS-based location sensing is its vulnerability to satellite signal loss. This may arise from adversarial attacks or natural causes such as urban canyons. Today, there are no real alternatives to GPS for providing absolute global coordinates. We address this concern by introducing TerraSLAM, a new global positioning system that uses a 3D GIS model to bridge relative and absolute coordinate systems, thereby enhancing visual SLAM to function as a global positioning solution. TerraSLAM offers localization accuracy and efficiency comparable to GPS-RTK even in GPS-denied settings. Extensive evaluation on drone localization scenarios shows that TerraSLAM achieves an average global positioning accuracy of 0.21m and a 99th percentile within 0.67m, outperforming advanced GPS solutions by over 70% (0.72m) and 80% (3.62m). Additionally, when integrated with ORB-SLAM3, the localization latency per frame is 16.7ms, achieving a 60% reduction compared to the baseline of 41.3ms. Code is available at https://github.com/cmusatyalab/TerraSLAM. ? 2025 Copyright held by the owner/author(s).",Xu J.; Bala M.; Eiszler T.; Chen X.; Dong Q.; Chanana A.; Pillai P.; Satyanarayanan M.,2025,10.1145/3711875.3729144,,Scopus
REC_1175,Deep Learning for Autonomous UAV Navigation: Multi-Modal Visual-Inertial Pose Estimation in GPS-Denied Environments,"This paper presents DeepVIONet, a novel deep learning framework for autonomous UAV navigation in GPS-denied environments using multi-modal visual-inertial pose estimation. The system addresses the critical challenge of accurate localization and navigation when traditional GPS signals are unavailable or unreliable, such as in indoor spaces, urban canyons, or adversarial conditions. Our approach integrates synchronized camera imagery and inertial measurement unit (IMU) data through a dual-encoder architecture. The visual encoder employs a convolutional neural network followed by long short-term memory (LSTM) layers to extract spatio-temporal features from image sequences, while the IMU encoder processes accelerometer and gyroscope data using recurrent networks to capture motion dynamics. A fusion module combines these complementary modalities to predict relative pose transformations consisting of 3-DOF translation and 3-DOF rotation parameters. The network is trained and evaluated on the TUM Visual-Inertial dataset, demonstrating robust performance in challenging scenarios. Our multi-modal fusion strategy leverages the complementary strengths of visual and inertial sensing: cameras provide rich environmental context and feature-based localization, while IMU data offers high-frequency motion estimates and robustness to visual degradation. The architecture incorporates temporal modeling through LSTM networks to capture motion dynamics across sequential frames. Experimental results show significant improvements in pose estimation accuracy compared to single-modality approaches, with translation MAE of 0.089 m and rotation MAE of 0.043 radians. The system achieves real-time performance suitable for autonomous navigation applications while maintaining computational efficiency. This work advances the state-of-the-art in vision-based UAV navigation and demonstrates the effectiveness of deep learning for robust localization in GPS-denied environments. ? Author(s) 2026.",Izadbakhsh S.; Khademi M.,2026,10.5194/isprs-annals-X-4-W8-2025-389-2026,,Scopus
REC_1177,Monocular Vision-aided Depth Measurement from RGB Images for Autonomous UAV Navigation,"Monocular vision-based 3D scene understanding has been an integral part of many machine vision applications. Always, the objective is to measure the depth using a single RGB camera, which is at par with the depth cameras. In this regard, monocular vision-guided autonomous navigation of robots is rapidly gaining popularity among the research community. We propose an effective monocular vision-assisted method to measure the depth of an Unmanned Aerial Vehicle (UAV) from an impending frontal obstacle. This is followed by collision-free navigation in unknown GPS-denied environments. Our approach deals upon the fundamental principle of perspective vision that the size of an object relative to its field of view (FoV) increases as the center of projection moves closer towards the object. Our contribution involves modeling the depth followed by its realization through scale-invariant SURF features. Noisy depth measurements arising due to external wind, or the turbulence in the UAV, are rectified by employing a constant velocity-based Kalman filter model. Necessary control commands are then designed based on the rectified depth value to avoid the obstacle before collision. Rigorous experiments with SURF scale-invariant features reveal an overall accuracy of 88.6% with varying obstacles, in both indoor and outdoor environments.  ? 2023 Association for Computing Machinery.",Padhy R.P.; Sa P.K.; Narducci F.; Bisogni C.; Bakshi S.,2023,10.1145/3550485,,Scopus
REC_1178,Aerial-Ground Robots Collaborative 3D Mapping in GNSS-Denied Environments,"Collaborative heterogeneous robots are expected to perform comprehensive perception, mapping and coordination in search and rescue scenarios. The challenge of collaboration between heterogeneous robots lies in their huge differences in perception, mobility and processing capabilities. In this paper, a novel collaborative UAV-UGV mapping framework is proposed in GNSS-denied and unknown environments. The key novelty of this work is the proposing of a unified framework to formulate the UAV-UGV collaborative mapping problem with a continuous-discrete model, as well as its realization in real robotic systems. In order to project continuous space into discrete space, a novel information gain trigger scheme is pro-posed. The continuous space allows each robot to perform high frequency local map estimation, while discrete space describes the problem of multi-resolution hybrid map fusion. Considering the nature of data heterogeneity, a flexible probabilistic fusion algorithm is proposed that addresses the multi-resolution hybrid map fusion problem, where the local maps generated by UAV and UGV are fused based on Bayesian rule. The proposed UAV-UGV hybrid system is validated in various challenging scenarios, demonstrating its accuracy and utility in practical tasks. ? 2022 IEEE.",Yue Y.; Zhao C.; Wang Y.; Yang Y.; Wang D.,2022,10.1109/ICRA46639.2022.9812319,,Scopus
REC_1181,Positioning System for UAV Precision Tasks Near Walls in GPS Denied and Metallic Environments,"A positioning system based on the combination of various measurements is being developed in order to allow precise UAV navigation on GPS denied environments. In the case of study, the task is developed near walls in a closed fully metallic environment with nearly homogeneous floor and walls. This led up to some interesting challenges. The first one regarding RF signal transmission on a metallic environment. Secondly, the difficulty of using SLAM or other computer vision navigation solutions due to the homogeneity of the walls and floor. Finally, a working place located near walls, where positioning systems tend to offer worst accuracy. To overcome these challenges, the proposed positioning method combines an Ultra Wide Band (UWB) based system, for global location, with unidirectional laser range finders, for very precise near-wall measurements. Moreover, RF transmission on various frequencies and results of the proposed positioning precision experiments performed are shown and results analyzed. ? 2020, Springer Nature Switzerland AG.",Orjales F.; Losada-Pita J.; Paz-Lopez A.; Deibe A.,2020,10.1007/978-3-030-36150-1_26,,Scopus
REC_1182,An Aerial and Ground Multi-Agent Cooperative Location Framework in GNSS-Challenged Environments,"In order to realize the cooperative localization of multi-unmanned platforms in the GNSS-denied environment, this paper proposes a collaborative SLAM (simultaneous localization and mapping, SLAM) framework based on image feature point matching. Without GNSS, a single unmanned platform UGV and UAV (unmanned ground vehicle, UGV; unmanned aerial vehicle, UAV) equipped with vision and IMU (inertial measurement unit, IMU) sensors can exchange information through data communication to jointly build a three-dimensional visual point map, and determine the relative position of each other through visual-based position re- identification and PnP (Perspective-n-Points, PnP) methods. When any agent can receive reliable GNSS signals, GNSS positioning information will greatly improve the positioning accuracy without changing the positioning algorithm framework. In order to achieve this function, we designed a set of two-stage position estimation algorithms. In the first stage, we used the modified ORB-SLAM3 algorithm for position estimation by fusing visual and IMU information. In the second stage, we integrated GNSS positioning and cooperative positioning information using the factor graph optimization (FGO) algorithm. Our framework consists of an UGV as the central server node and three UAVs carried by the UGV, that will collaborate on space exploration missions. Finally, we simulated the influence of different visibility and lighting conditions on the framework function on the virtual simulation experiment platform built based on ROS (robot operating system, ROS) and Unity3D. The accuracy of the cooperative localization algorithm and the single platform localization algorithm was evaluated. In the two cases of GNSS-denied and GNSS-challenged, the error of co-location reduced by 15.5% and 19.7%, respectively, compared with single-platform independent positioning. ? 2022 by the authors.",Xu H.; Wang C.; Bo Y.; Jiang C.; Liu Y.; Yang S.; Lai W.,2022,10.3390/rs14195055,,Scopus
REC_1185,UAV swarm distributed cooperative localization in GNSS-denied environments: an ICMC and ACPM Fusion approach,"With the widespread use of Unmanned Aerial Vehicles (UAVs) in urban environments, achieving high-precision localization, particularly in Global Navigation Satellite System (GNSS)-denied environments, presents a significant challenge. Existing localization methods largely rely on centralized data processing, which often leads to issues such as information redundancy, high computational complexity, and limited real-time responsiveness. This paper proposes a UAV swarm collaborative localization strategy, termed I-ACPM, based on Imperialist Competitive Mechanism-based Clustering (ICMC) and the Ant Colony Pheromone Mechanism (ACPM). The ICMC is employed for multi-stage clustering of the UAV swarm, enhancing communication efficiency and reducing information redundancy. Meanwhile, the ACPM is used to fuse localization information both within and between clusters, improving system robustness and localization accuracy. Simulation results demonstrate that I-ACPM significantly enhances localization accuracy, particularly in low-noise environments, with performance approaching the Cram?r-Rao Lower Bound (CRLB). Compared to the traditional Maximum Likelihood Estimation (MLE) algorithm, I-ACPM offers substantial improvements in both accuracy and interference resistance. ? 2026 Elsevier B.V. All rights are reserved, including those for text and data mining, AI training, and similar technologies.",Yue W.; Wang Y.; Zhang X.; Wang L.; Liu Z.; Li L.; Zhu L.,2026,10.1016/j.adhoc.2026.104363,,Scopus
REC_1190,Reduction of GNSS-Denied inertial navigation errors for fixed wing autonomous unmanned air vehicles,"This article proposes an inertial navigation algorithm intended to lower the negative consequences of the absence of GNSS (Global Navigation Satellite System) signals on the navigation of autonomous fixed wing low SWaP (Size, Weight, and Power) UAVs (Unmanned Air Vehicles). In addition to accelerometers and gyroscopes, the filter takes advantage of sensors usually present onboard these platforms, such as magnetometers, Pitot tube, and air vanes, and aims to reduce the attitude error and position drift (both horizontal and vertical) with the dual objective of improving the aircraft GNSS-Denied inertial navigation capabilities as well as facilitating the fusion of the inertial filter with visual odometry algorithms. Stochastic high fidelity Monte Carlo simulations of two representative scenarios involving the loss of GNSS signals are employed to evaluate the results, compare the proposed filter with more traditional implementations, and analyze the sensitivity of the results to the quality of the onboard sensors. The author releases the [Formula presented] implementation of both the navigation filter and the high fidelity simulation as open-source software [1]. ? 2021 The Authors",Gallo E.; Barrientos A.,2022,10.1016/j.ast.2021.107237,,Scopus
REC_1191,Computationally Light Spectrally Normalized Memory Neuron Network based Estimator for GPS-denied operation of Micro-UAV,"This paper addresses the problem of position estimation in UAVs operating in a cluttered environment where GPS information is unavailable. A learning-based approach is proposed that takes in the rotor RPMs and past state as input and predicts the one-step-ahead position of the UAV using a novel spectral-normalized memory neural network (SN-MNN). The spectral normalization guarantees stable and reliable prediction performance. The predicted position is transformed to the global coordinate frame (GPS), which is then fused along with the odometry of other peripheral sensors like IMU, barometer, compass, etc., using the onboard extended Kalman filter (EKF) to estimate the states of the UAV. The experimental flight data collected from an RTK-GPS facility using a micro-UAV is used to train the SN-MNN. The PX4-ECL library is used to fuse the predicted data using the SN-MNN, and the estimated position is compared with actual ground truth data. The proposed algorithm doesn't require any additional onboard sensors and is computationally light. The performance of the proposed approach is compared with the current state-of-art GPS-denied algorithms, and it can be seen that the proposed algorithm has the least RMSE for position estimates.  ? 2023 IEEE.",Rao N.; Sundaram S.; Raghavendra V.,2023,10.1109/CoDIT58514.2023.10284327,,Scopus
REC_1192,Indoor UAV Localization Using a Tether,"This paper presents an approach to localize a UAV in indoor environments using only a quasi-taut tether. In indoor GPS-denied environments, UAV localization usually depends on vision-based methods combined with inertial sensing, such as visual odometry or SLAM using 2D/3D cameras or laser range finders. This necessitates either heavy and sophisticated sensor payload mounted onto the UAV platform or computationally expensive algorithms running online. In this work, we investigate another indoor localization possibility for a tethered UAV: using the tether's sensory feedback, which is fed into a catenary-based mechanics model, to localize the UAV in an indoor global frame defined by the tether reel center. Our localization method is tested on a physical robot, Fotokite Pro. Our approach could reduce the error of the state-of-the-art tether-based indoor aerial vehicle localization by 31.12%. Since the UAV is localized with respect to the tether reel center, our method could be used to localize the UAV in a moving frame. So it is particularly suitable for inter-localization within marsupial heterogeneous robotic teams for urban search and rescue purposes. ? 2018 IEEE.",Xiao X.; Fan Y.; Dufek J.; Murphy R.,2018,10.1109/SSRR.2018.8468627,,Scopus
REC_1194,A Unmanned Aerial Vehicle (UAV)/Unmanned Ground Vehicle (UGV) Dynamic Autonomous Docking Scheme in GPS-Denied Environments,"This study designs a navigation and landing scheme for an unmanned aerial vehicle (UAV) to autonomously land on an arbitrarily moving unmanned ground vehicle (UGV) in GPS-denied environments based on vision, ultra-wideband (UWB) and system information. In the approaching phase, an effective multi-innovation forgetting gradient (MIFG) algorithm is proposed to estimate the position of the UAV relative to the target using historical data (estimated distance and relative displacement measurements). Using these estimates, a saturated proportional navigation controller is developed, by which the UAV can approach the target, making the UGV enter the field of view (FOV) of the camera deployed in the UAV. Then, a sensor fusion estimation algorithm based on an extended Kalman filter (EKF) is proposed to achieve accurate landing. Finally, a numerical example and a real experiment are used to support the theoretical results. ? 2023 by the authors.",Cheng C.; Li X.; Xie L.; Li L.,2023,10.3390/drones7100613,,Scopus
REC_1196,Precision Landing of a Quadcopter Drone by Smartphone Video Guidance Sensor in a GPS-Denied Environment,"This paper describes the deployment, integration, and demonstration of a Smartphone Video Guidance Sensor (SVGS) as a novel technology for autonomous 6-DOF proximity maneuvers and precision landing of a quadcopter drone. The proposed approach uses a vision-based photogrammetric position and attitude sensor (SVGS) to estimate the position of a landing target after video capture. A visual inertial odometry sensor (VIO) is used to provide position estimates of the UAV in a ground coordinate system during flight on a GPS-denied environment. The integration of both SVGS and VIO sensors enables the accurate updating of position setpoints during landing, providing improved performance compared with VIO-only landing, as shown in landing experiments. The proposed technique also shows significant operational advantages compared with state-of-the-art sensors for indoor landing, such as those based on augmented reality (AR) markers. ? 2023 by the authors.",Bautista N.; Gutierrez H.; Inness J.; Rakoczy J.,2023,10.3390/s23041934,,Scopus
REC_1197,Autonomous Systems: Indoor Drone Navigation,"In this research work, we present an advanced autonomous indoor navigation system for drones, leveraging the Nav2 navigation system framework and SLAM Toolbox in ROS (Robot Operating System) within the Gazebo simulation environment. Unlike previous implementations which primarily focused on terrestrial robots and land vehicles, our system introduces significant innovations in the context of UAVs (Unmanned Aerial Vehicles). The proposed solution addresses the critical challenge of precise localization and mapping in complex indoor settings, where GPS signals are unavailable. This research contributes to the field by showcasing a simulated quadcopter?s capability to autonomously navigate and traverse obstacles in an indoor environment. Distinctly, our approach extends the functionalities of the Nav2 framework, previously validated in ground vehicles, to UAVs, demonstrating its adaptability and potential for broader applications. This innovation represents a substantial leap over existing systems, offering a novel use case for indoor UAV navigation, which is critical for tasks such as emergency rescue operations, inspection, and surveillance in GPS-denied environments. ? 2024 American Institute of Physics Inc.. All rights reserved.",Ashwin I.; Rajagopal M.; Naren M.; Narayan V.S.; Murugan B.,2024,10.1063/5.0226678,,Scopus
REC_1200,RF-Drone: Multi-tag system for RF-ID enables drone tracking in GPS-denied environments,"In resent years, providing location services for mobile targets in a closed environment has been a growing interest. In order to provide good localization and tracking performance for drones in GPS-denied scenarios, this paper proposes a multi-tag radio frequency identification (RFID) system that is easy to equip and does not take up the limited resources of the drone which is not susceptible to processor performance and cost constraints compared with computer vision based approaches. The passive RFID tags, no battery equipped, have an ultra-high resolution of millimeter level. We attach multiple tags to the drone and form multiple sets of virtual antenna arrays during motion, avoiding arranging redundant antennas in applications, and calibrating the speed chain to improve tracking performance. After combining the strap-down inertial navigation system (SINS) carried by the drone, we have established a coupled integration model that can suppress the drift error of SINS with time. The experiment was designed in bi-dimensional and three-dimensional scenarios, and the integrated positioning system based on SINS/RFID was evaluated. Finally, we discussed the impact of some parameters, this innovative approach is verified in real scenarios. Copyright ? 2019 The Institute of Electronics, Information and Communication Engineers",Lu X.; Chen Z.; Wang L.; Li R.; Zhai C.,2019,10.1587/transcom.2018DRP0005,,Scopus
REC_1204,Derivative-Enhanced Fusion Approach of Camera-IMU-UWB for GNSS-Denied UAV Navigation,"Visual-Inertial Odometry (VIO) is commonly used for unmanned aerial vehicle (UAV) navigation in GNSS-denied areas. However, drift due to sensor noise and cumulative errors presents a significant challenge, especially in environments with sparse features or long trajectories. In this work, we introduce a tightly-coupled fusion approach that fuses visual, inertial and Ultra-Wideband (UWB) distance measurements for UAV navigation. We specifically utilize UWB with a single anchor as the global sensor, effectively reducing localization drift and enhancing accuracy. Furthermore, we innovate the use of distance data with a ?derivative-enhanced? approach, coupling distance derivatives extracted from distance data with positions and velocities. Simulation experiments were conducted using the public EuRoC dataset with simulated UWB measurements. Our method, when compared with the latest single anchor visual-inertial-UWB odometry, demonstrates a notable improvement in reducing odometry system drift and enhances localization accuracy by 14.7%. ? Beijing HIWING Scientific and Technological Information Institute 2025.",Jiang H.; Gu F.; He Y.; Bao Y.,2025,10.1007/978-981-96-3552-8_36,,Scopus
REC_1206,Robust and Cost-Effective Vision-Based Indoor UAV Localization with RWA-YOLO,"Accurate indoor localization for unmanned aerial vehicles (UAVs) remains challenging in GPS-denied environments, especially for small-object detection and under low-light conditions. We propose Robust Wavelet-Aware YOLO (RWA-YOLO), a vision-based detection framework that integrates a wavelet-aware attention fusion module with a dual multi-path aggregation mechanism to enhance small-object detection and multi-scale feature representation. UAV-mounted LEDs are utilized to ensure robust visual perception in low-light indoor scenarios. The UAV?s three-dimensional position is estimated through multi-view geometric triangulation without relying on external beacons or artificial markers. Beyond static localization, the system is validated under dynamic flight conditions, demonstrating smooth and temporally coherent trajectory reconstruction suitable for real-time control loops (update rate (Formula presented.) ). Extensive experiments in real indoor environments achieve centimeter-level localization accuracy (root mean square error: 9.9 mm, 95th percentile error: 13.5 mm), outperforming state-of-the-art vision-based methods and achieving accuracy comparable to or better than representative hybrid ultra-wideband?vision systems reported in the literature. These results confirm the effectiveness, robustness, and real-time capability of RWA-YOLO for indoor UAV navigation in constrained environments. ? 2026 by the authors.",Wang F.; Sun K.; Wang Y.,2026,10.3390/s26051469,,Scopus
REC_1208,Energy-Aware Adaptive Communication Topology with Edge-AI Navigation for UAV Swarms in GNSS-Denied Environments,"Energy-efficient and resilient decentralized unmanned aerial vehicles (UAV) swarm operation in global navigation satellite system (GNSS) denied environments remains challenging because propulsion demand, communication load, and onboard inference are tightly coupled at the mission level. Although prior studies have examined some of these components separately, their joint evaluation within adaptive decentralized swarms remains limited under degraded navigation conditions. This study proposes an energy-aware adaptive communication-topology framework integrated with lightweight edge artificial intelligence (AI)-assisted navigation for decentralized UAV swarms operating without reliable GNSS support. The approach combines a unified mission-level energy-accounting structure for propulsion, communication, and onboard inference, a residual-energy-aware topology adaptation mechanism for preserving swarm connectivity, and a convolutional neural network-long short-term memory (CNN?LSTM) based edge-AI navigation module for improving localization robustness. The framework was evaluated in 1200 s Robot Operating System 2 (ROS2)?Gazebo?PX4 simulation scenarios against fixed topology and extended Kalman filter (EKF)-based baselines. Under the adopted simulation assumptions, the proposed configuration achieved a 22.7% reduction in total energy consumption, with the largest decrease observed in the communication-energy component, while preserving positive algebraic connectivity across all evaluated runs. The edge-AI module yielded a 4.8% root mean square error (RMSE) reduction relative to the EKF baseline, indicating a modest but meaningful improvement in localization performance. These results support the feasibility of integrated energy-aware swarm coordination in GNSS-denied environments; however, they should be interpreted as simulation-based evidence under the adopted modeling assumptions, and further high-fidelity propagation modeling, broader learning validation, and hardware-in-the-loop studies remain necessary. ? 2026 by the authors.",Tulembayev A.; Dolya A.; Kuttybayeva A.; Jussupbekov T.; Tazhen K.,2026,10.3390/drones10040273,,Scopus
REC_1213,Laser-aided navigation with loop closure capabilities for Micro Aerial Vehicles in indoor and urban environments,"This paper presents a laser-aided navigation system for Micro Aerial Vehicles. It is based on a Kalman filter so that GNSS measurements can be incorporated if available. For GNSS-denied areas, the Kalman filter also processes relative pose measurements extracted from laser data. A novel approach for laser-aided Kalman filter navigation is presented which allows using multiple reference scans simultaneously. Furthermore, an addition to avoid growth of the heading angle error is described. Because this Kalman filter based system is a relative navigation system, its position error grows with time. To avoid such an error growth in GNSS denied environments, the Kalman filter is augmented with loop closure detection. A technique is proposed to represent such information in a pose graph and to calculate an improved navigation solution including an error covariance based on covariance intersection. The successful operation of the presented system is validated in several experiments including real flight data, large loops and an outdoor-indoor-outdoor transition. ? 2014 IEEE.",Crocoll P.; Caselitz T.; Hettich B.; Langer M.; Trommer G.F.,2014,10.1109/PLANS.2014.6851395,,Scopus
REC_1214,Vectorizing earth elevation for image-based UAV localization in GNSS-denied environments,"This paper presents a vision-based framework for unmanned aerial vehicle (UAV) localization in GNSS-denied environments, integrating multi-modal terrain data with stereo vision to achieve robust and accurate pose estimation. Unlike conventional RGB-based methods that are sensitive to lighting, seasonal changes, and environmental variability, the proposed approach incorporates elevation-derived information, including digital surface models (DSM), slope, aspect, and vector ruggedness measure (VRM). These datasets are vectorized into numerical representations, enabling invariant feature matching against georeferenced reference maps even in visually degraded or textureless scenes. The proposed framework integrates a downward-facing stereo camera to accurately capture depth information and ensure scale consistency. Distinctive keypoints are extracted from UAV-acquired RGB imagery using the Scale-Invariant Feature Transform (SIFT), while features derived from the DSM are vectorized into slope, aspect, and VRM descriptors to enhance terrain characterization. A k-d tree structure is employed to accelerate nearest-neighbor searches, and feature correspondences are efficiently established using the Fast Library for Approximate Nearest Neighbors (FLANN) matching. To account for variations in scale and orientation, a homography matrix is estimated, followed by a geo-to-pixel transformation that ensures precise georegistration of UAV imagery within the reference map frame. Experimental results demonstrate a reduction in localization drift by more than 30% compared with conventional RGB-only SIFT-based approaches. The achieved localization accuracy ranges from approximately 40 meters to as low as 0.6 meters. As the framework relies entirely on classical computer vision techniques without deep learning, it maintains computational efficiency and is suitable for real-time deployment on resource-constrained UAV platforms. ? 2025 SPIE. All rights reserved.",Ahmedelbadawi H.; ?ugaj M.; Gonz?lez-Moreno M.T.; Moreno Cuenca L.,2025,10.1117/12.3069590,,Scopus
REC_1216,A Two-Stage Residual Extended Kalman Filter using Extreme Gradient Boosting and Kolmogorov?Arnold Networks for terrain-aided Unmanned Aerial Vehicle Localization in Global Navigation Satellite System-denied environments,"Unmanned Aerial Vehicles (UAVs) localization in Global Navigation Satellite Systems-denied environments faces significant challenges due to sensor limitations, environmental factors, and the absence of absolute positioning references. Visual-based methods degrade under sparse textures and illumination changes, while traditional sensor fusion approaches suffer from cumulative drift and poor adaptability to dynamic conditions. We propose the Two-Stage Residual Extended Kalman Filter (TSR-EKF), a hybrid framework that incorporates Machine Learning (ML)-based residual corrections into a probabilistic state estimator. The core novelty lies in a clear two-stage residual learning strategy: the approach employs eXtreme Gradient Boosting (XGBoost) for coarse bias removal from terrain-induced and inertial errors, followed by Dense Kolmogorov?Arnold Networks (DenseKAN) for fine nonlinear residual refinement. These corrections are fused with Inertial Measurement Unit velocities and terrain-referenced measurements within an Extended Kalman Filter framework without altering its standard probabilistic structure. We conducted experimental validation using seven UAV flight trajectories over the Taif region, Saudi Arabia. These tests were performed in high-fidelity Gazebo simulations using actual terrain Digital Elevation Models (DEM). The results demonstrate clear and measurable performance gains. The TSR-EKF achieves root-mean-square error (RMSE) reductions of 57.4% to 98.9% compared to traditional EKF methods while maintaining sub-6m positioning accuracy and real-time computational feasibility with processing times under 2.1 ms per update. The framework exhibits exceptional robustness to sparse measurement conditions, making it suitable for mission-critical UAV operations in contested environments. Overall, these results highlight TSR-EKF as a practical and effective solution that combines Kalman filtering reliability with ML adaptability for robust autonomous navigation. Copyright ? 2026. Published by Elsevier Ltd.",Abdelkader M.; Jarraya I.; Gabr K.; Al-Batati A.S.; AlMusalami A.; Alahmed F.; Boulila W.,2026,10.1016/j.engappai.2026.114430,,Scopus
REC_1217,Vision based UAS navigation for RFI localization,"Radio frequency interference (RFI) is a challenge that has, and continues to be, faced by the aviation industry today. This is especially true for GNSS in aviation as these signals are particularly weak. Interference comes in many forms ranging from short transient events to longer duration events, and are often caused by unintentional radiators, however all of these scenarios have the possibility to pose a risk to GNSS users. Many techniques exist to localize a signal source, however, these techniques typically rely on knowing the position from which a set of measurements are made. Therefore, when the source being localized creates a GNSS denied environment there become two problems to solve: localizing the interferer and navigating in the denied environment caused by the interferer. An unmanned aerial system (UAS) built on a multirotor platform, known as JAGER, is being developed to solve these two challenges [1]. This paper focuses on the development of a navigation system for JAGER to enable operation in a GNSS denied environment, resulting in improvements to the RFI localization capabilities that are JAGER?s core mission. Enabling operation in the denied environment opens up new possible flight trajectories that result in significant improvements in time to localization of the RFI source. This paper presents the design, development, and flight testing of a vision based navigation system for JAGER. The resulting navigation performance is demonstrated to enable improvements in the RFI localization performance through enabling flight trajectories that take JAGER closer to the RFI source into a potentially GNSS denied environment. To quantify the improvements to the RFI localization, this paper uses the existing system?s strategy of maintaining a necessary standoff distance to an interferer to execute the mission with a GNSS position throughout the flight as a baseline. Against this baseline, this paper demonstrates the improvements possible through the use of new trajectories that bring the vehicle closer to the interferer. The navigation system is built around the use of a downward facing infrared (IR) camera and the use of optical flow to measure the velocity of the vehicle in flight. These velocity measurements are used in an extended Kalman filter (EKF) that estimates the 2D position and 2D velocity of the vehicle throughout the flight. Flight tests of the system demonstrate an ability to measure the velocity with noise of 0.7m/s resulting in a drift rate of the estimated position of 0.4% of distance traveled. This level of navigation performance enables the separation of the navigation and localization algorithms, enabling the use of two different filters for navigation and localization. A brief analysis of the effect of the noise in the velocity measurement on the navigation and localization systems is also presented. It is shown that as the noise increases above 1m/s, the localization results are no longer improved with the new trajectories taking JAGER into the GNSS denied environment. Therefore, in those cases, to combat the drift in the position estimate due to the use of velocity only measurements, this paper briefly explores the use of a simultaneous localization and mapping (SLAM) framework to use both the velocity and bearing measurements to the RFI source to simultaneously estimate the vehicle?s position and the source?s position. In simulation, this paper shows that the inclusion of bearing measurements can cap the position drift of the vehicle?s estimate and, with low noise bearing measurements, can provide improvements to the localization system in cases of high velocity measurement noise. ? 2018 Institute of Navigation. All rights reserved.",Perkins A.; Chen Y.-H.; Lo S.; Enge P.,2018,10.33012/2018.16060,,Scopus
REC_1218,"A Simultaneous Control, Localization, and Mapping System for UAVs in GPS-Denied Environments","Unmanned Aerial Vehicles (UAVs) have gained significant attention due to their versatility in applications such as surveillance, reconnaissance, and search-and-rescue operations. In GPS-denied environments, where traditional navigation systems fail, the need for alternative solutions is critical. This paper presents a novel visual-based Simultaneous Control, Localization, and Mapping (SCLAM) system tailored for UAVs operating in GPS-denied environments. The proposed system integrates monocular-based SLAM and high-level control strategies, enabling autonomous navigation, real-time mapping, and robust localization. The experimental results demonstrate the system?s effectiveness in allowing UAVs to autonomously explore, return to a home position, and maintain consistent mapping in virtual GPS-denied scenarios. This work contributes a flexible architecture capable of addressing the challenges of autonomous UAV navigation and mapping, with potential for further development and real-world application. ? 2025 by the authors.",Munguia R.; Grau A.; Bolea Y.; Obreg?n-Pulido G.,2025,10.3390/drones9010069,,Scopus
REC_1219,Depth-Based Safe Landing for Unmanned Aerial Vehicles in GPS-Denied Environment,"Highlights: What are the main findings? A lightweight computer vision algorithm using a depth camera and standard deviation metric can robustly identify flat zones for UAV landing in GPS-denied environments. The system performs reliable autonomous landings with minimal computational resources, fully integrated via a direct MAVLink connection. What are the implications of the main findings? This work enables safe UAV landing without relying on GPS, external infrastructure, or heavy processing, making it ideal for low-cost drones. The approach supports real-time onboard deployment on constrained hardware, enhancing operational autonomy in unknown environments. This paper presents a safe landing methodology for Unmanned Aerial Vehicles (UAVs) when the GPS-based navigation system fails or is denied or unavailable. The approach relies on the estimation of a flat landing area when landing is required in an unknown area. The proposed system is based on a lightweight computer vision algorithm that enables real-time identification of suitable landing zones using a depth camera and an onboard companion computer. Analysis of small, spatially distributed areas to calculate the mean altitude and standard deviation across regions enables reliable selection of flat surfaces. A robust landing control algorithm is activated when the area meets strict flatness conditions for a continuous period. Real-time experiments confirmed the effectiveness of this approach under disturbances, showing reliable detection of the safe zone and the robustness of the proposed control algorithm in outdoor environments. ? 2025 by the authors.",Cerda M.A.; Flores J.; Salazar S.; Gonz?lez-Hern?ndez I.; Lozano R.,2025,10.3390/drones9110764,,Scopus
REC_1220,Absolute velocity estimation of UAVs based on phase correlation and monocular vision in unknown GNSS-denied environments,"This paper proposes a novel approach for absolute velocity estimation of unmanned aerial vehicles in unknown and unmapped GNSS-denied environments. The proposed method leverages the advantages of Fourier-based image phase correlation and utilizes off-the-shelf onboard sensors, including a downward-facing monocular camera, an inertial sensor, and a sonar. The non-matching tracking approach is particularly appealing, offering accurate estimation while remaining robust against frequency-dependent noise, significant intensity variations, and time-varying illumination disturbances. In the proposed method, the first step involves computing global pixel motion from consecutive images using phase correlation, which utilizes the shift property of the Fourier transform. This pixel motion estimation serves as the basis for creating a closed-loop solution for absolute velocity estimation. To further enhance accuracy, a Kalman filter is implemented to fuse all available data and provide a reliable velocity estimate. Validation of the proposed visual-inertial technique is conducted through simulation experiments using AirSim and real-world flight tests. The results demonstrate the practicality and effectiveness of the approach across a range of challenging?scenarios. ? 2024 The Author(s). IET Image Processing published by John Wiley & Sons Ltd on behalf of The Institution of Engineering and Technology.",Deng H.; Li D.; Shen B.; Zhao Z.; Arif U.,2024,10.1049/ipr2.13167,,Scopus
REC_1222,Autonomous UAV navigation in GPS denied environments using Lidar Point Clouds,"This work describes an algorithm for GPS denied navigation which uses AI-based pattern matching with Feature-Augmented Terrain Referenced Navigation. sUAS-borne radial-scan LiDAR can be used to generate a local high-spatial-resolution point-cloud (LPC) elevation map. This map is then used for onboard/real-time registration to a hybrid elevation map, that integrates high- resolution feature point clouds with lower-resolution terrain elevation maps. This enables geographic location and altitude of the sUAS as measurements for the navigation filter. GPS denied features are then incorporated into autonomous navigation framework. ? 2023, American Institute of Aeronautics and Astronautics Inc, AIAA. All rights reserved.",Briggs M.M.; Castano L.M.; Morgan E.,2023,10.2514/6.2023-3626,,Scopus
REC_1223,"uVGS-2: The Micro Video Guidance Sensor: A 6-DoF Robust Pose Estimator for Autonomous Proximity Maneuvers in Drones, Spacecraft and Mobile Robot Navigation","This paper presents the Micro Video Guidance Sensor Version 2 (uVGS-2), a ROS-based vision navigation framework for real-time six-degrees-of-freedom pose estimation in drones, spacecraft, and autonomous robotic platforms operating in GNSS-denied environments. The system evolves from the previous Smartphone Video Guidance Sensor (SVGS) architecture through a modular C++ implementation, including advanced image preprocessing, deterministic blob sorting, and an optimized perspective-4-point solver using a Lie-algebra-based analytical Jacobian formulation. The proposed architecture achieves computationally efficient photogrammetric state estimation using onboard camera and processor resources, enabling deployment in resource-constrained systems. Experimental validation was conducted in NASA?s Astrobee free-flying robot, both at the International Space Station (ISS), for SVGS, and by ground testing through real-time sensor-fusion with Astrobee?s graph-based localizer (Astroloc), for uVGS-2. Results demonstrate robust centimeter-level accuracy in relative position and attitude estimation under illumination disturbances, partial occlusions, and intermittent loss of line-of-sight. The framework can be used in robotic platforms and autonomous UAV operations, including precision landing, formation flight, and cooperative navigation in environments where GNSS signals are unavailable or intermittent. ? 2026 by the authors.",Gutierrez H.; Cornejo J.; Bertaska I.,2026,10.3390/drones10070535,,Scopus
REC_1224,LOFF: LiDAR and Optical Flow Fusion Odometry,"Simultaneous Location and Mapping (SLAM) is a common algorithm for position estimation in GNSS-denied environments. However, the high structural consistency and low lighting conditions in tunnel environments pose challenges for traditional visual SLAM and LiDAR SLAM. To this end, this paper presents LiDAR and optical flow fusion odometry (LOFF), which uses a direction-separated data fusion method to fuse optical flow odometry into the degenerate direction of the LiDAR SLAM without sacrificing the accuracy. Moreover, LOFF incorporates detectors and a compensator, allowing for a smooth transition between general environments and degeneracy environments. This capability facilitates the stable flight of unmanned aerial vehicles (UAVs) in GNSS-denied tunnel environments, including corners and long-distance consistency. Through real-world experiments conducted in a GNSS-denied pedestrian tunnel, we demonstrate the superior position accuracy and trajectory smoothness of LOFF compared to state-of-the-art visual SLAM and LiDAR SLAM. ? 2024 by the authors.",Zhang J.; Huang Z.; Zhu X.; Guo F.; Sun C.; Zhan Q.; Shen R.,2024,10.3390/drones8080411,,Scopus
REC_1227,A hybrid localization approach for UAV in GPS denied areas,"In this paper, the localization problem of an autonomous unmanned aerial vehicle in case of losing the GPS signal is handled. A vision-based solution approach is proposed consisting of two phases. In the first phase a hybrid map is constructed. Such map consists of a set of reduced features obtained by information-theoretic analysis. This enables faster UAV localization processing without degenerating the accuracy. The features are represented by local descriptors which are additionally tagged with their metric position. The second phase localizes the UAV using the map, which is performed on two scales. A fast and coarse topological location is identified based on matching features of images taken by the camera with the local descriptors information in the map. This guides the UAV in fast and safe emergency homing. A second precise metric position can be estimated in extension with respect to a previously identified topological location and with the aid of the features' metric position information. This can assist the UAV navigation in case the mission should be completed without interruption despite the GPS signal loss. ? 2011 IEEE.",Rady S.; Kandil A.A.; Badreddin E.,2011,10.1109/SII.2011.6147631,,Scopus
REC_1229,A Visual Navigation Algorithm for UAV Based on Visual-Geography Optimization,"The estimation of Unmanned Aerial Vehicle (UAV) poses using visual information is essential in Global Navigation Satellite System (GNSS)-denied environments. In this paper, we propose a UAV visual navigation algorithm based on visual-geography Bundle Adjustment (BA) to address the challenge of missing geolocation information in monocular visual navigation. This algorithm presents an effective approach to UAV navigation and positioning. Initially, Visual Odometry (VO) was employed for tracking the UAV?s motion and extracting keyframes. Subsequently, a geolocation method based on heterogeneous image matching was utilized to calculate the geographic pose of the UAV. Additionally, we introduce a tightly coupled information fusion method based on visual-geography optimization, which provides a geographic initializer and enables real-time estimation of the UAV?s geographical pose. Finally, the algorithm dynamically adjusts the weight of geographic information to improve optimization accuracy. The proposed method is extensively evaluated in both simulated and real-world environments, and the results demonstrate that our proposed approach can accurately and in real-time estimate the geographic pose of the UAV in a GNSS-denied environment. Specifically, our proposed approach achieves a root-mean-square error (RMSE) and mean positioning accuracy of less than 13 m. ? 2024 by the authors.",Xu W.; Yang D.; Liu J.; Li Y.; Zhou M.,2024,10.3390/drones8070313,,Scopus
REC_1230,ALM-LED: autonomous LiDAR mapping in underground space with Luojia explorer anti-collision drone,"With the development of urbanization, underground spaces have become an important part of human life. Accurately surveying and describing the spatial information of underground spaces is of significant importance. However, the complex environment of underground spaces, often characterized by darkness, narrowness, lack of structure, and GNSS-denied conditions, presents tremendous challenges for intelligent information acquisition and analysis in such environments. To address these challenges, we propose ALM-LED, an autonomous LiDAR mapping framework designed for underground environments, which integrates a cost-effective, Luojia explorer anti-collision drone system featuring a lightweight LiDAR sensor and a carbon fiber frame. This framework consists of two main modules: localization and mapping, and planning and control. Localization and mapping integrates LiDAR point cloud data, IMU data, as well as flight control barometer and magnetometer sensor data, enabling robust localization and high-precision mapping in GNSS-denied underground environments. Planning and control constructs a triple constrained cost function for flight trajectory optimization based on smoothness, dynamic feasibility, and collision penalty terms, providing autonomous flight paths for the anti-collision drone system and combining MAVROS, achieving robust control. To validate the proposed system and methods, we conducted experiments in one simulation scenario and two real-world underground scenarios. The experiments demonstrate that ALM-LED achieves average mapping efficiencies exceeding 100 m3/s in simulated environments and 50 m3/s in real-world scenarios when applied to underground spaces. The flight trajectory estimated by the localization and mapping subsystem is nearly identical to the target trajectory. Point cloud maps with volumes of 879 m3, 26313 m3, 22240m3 and 115m3 were generated in four real-world scenarios, with point cloud map accuracies reaching 0.034m, 0.31m, 0.088m and 0.053m, respectively. The experimental results indicate that ALM-LED can achieve efficient and accurate information acquisition in underground spaces, demonstrating high application potential. To support the research community, the key source code for this work is publicly available at the following repository: https://github.com/DCSI2022/ALM-LED. ? 2025 International Society for Photogrammetry and Remote Sensing, Inc. (ISPRS)",Sun S.; Chen C.; Yang B.; Xu Y.; Zhao L.; He Y.; Jin A.; Li L.,2025,10.1016/j.isprsjprs.2025.09.016,,Scopus
REC_1232,Range?Visual?Inertial Odometry with Coarse-to-Fine Image Registration Fusion for UAV Localization,"In Global Navigation Satellite System (GNSS)-denied environments, image registration has emerged as a prominent approach to utilize visual information for estimating the position of Unmanned Aerial Vehicles (UAVs). However, traditional image-registration-based localization methods encounter limitations, such as strong dependence on the prior initial position information. In this paper, we propose a systematic method for UAV geo-localization. In particular, an efficient range?visual?inertial odometry (RVIO) is proposed to provide local tracking, which utilizes measurements from a 1D Laser Range Finder (LRF) to suppress scale drift in the odometry. To overcome the differences in seasons, lighting conditions, and other factors between satellite and UAV images, we propose an image-registration-based geo-localization method in a coarse-to-fine manner that utilizes the powerful representation ability of Convolutional Neural Networks (CNNs). Furthermore, to ensure the accuracy of global optimization, we propose an adaptive weight assignment method based on the evaluation of the quality of image-registration-based localization. The proposed method is extensively evaluated in both synthetic and real-world environments. The results demonstrate that the proposed method achieves global drift-free estimation, enabling UAVs to accurately localize themselves in GNSS-denied environments. ? 2023 by the authors.",Hao Y.; He M.; Liu Y.; Liu J.; Meng Z.,2023,10.3390/drones7080540,,Scopus
REC_1233,Tightly-Coupled Air-Ground Collaborative System for Autonomous UGV Navigation in GPS-Denied Environments,"Highlights: What are the main findings? A stateful, ID-based mapping mechanism prevents data redundancy from video streams by assigning a unique ID to each detected obstacle, ensuring it is recorded on the global map only once. An obstacle inflation algorithm translates an abstract obstacle map into a robust, navigation-ready map. Artificially expanding the footprint of each obstacle based on the UGV?s physical dimensions ensures that any planned path is collision-free. What are the implications of the main findings? The ID-based filtering guarantees a clean and non-redundant map, which is crucial for effective path planning. This prevents the system from becoming confused by repeatedly mapping static objects, which would otherwise render the map unusable. The obstacle inflation process ensures that the theoretically optimal path found by the A* algorithm is also physically safe for the UGV. This is a critical step that bridges the gap between abstract planning and real-world execution by preventing the UGV?s body from colliding with obstacles. Autonomous navigation for unmanned vehicles in complex, unstructured environments remains challenging, especially in GPS-denied or obstacle-dense scenarios, limiting their practical deployment in logistics, inspection, and emergency response applications. To overcome these limitations, this paper presents a tightly integrated air-ground collaborative system comprising three key components: (1) an aerial perception module employing a YOLOv8-based vision system onboard the UAV to generate real-time global obstacle maps; (2) a low-latency communication module utilizing FAST DDS middleware for reliable air-ground data transmission; and (3) a ground navigation module implementing an A* algorithm for optimal path planning coupled with closed-loop control for precise trajectory execution. The complete system was physically implemented using cost-effective hardware and experimentally validated in cluttered environments. Results demonstrated successful UGV autonomous navigation and obstacle avoidance relying exclusively on UAV-provided environmental data. The proposed framework offers a practical, economical solution for enabling robust UGV operations in challenging real-world conditions, with significant potential for diverse industrial applications. ? 2025 by the authors.",Deng J.; Liu J.; Hu J.,2025,10.3390/drones9090614,,Scopus
REC_1234,Non-visual Terrain Navigation for UAVs: A Comparative Study in GPS-Denied Environments,"Accurate localization of unmanned aerial vehicles (UAVs) in GPS-denied environments is crucial for critical applications like search and rescue, surveying, and remote sensing. Traditional visual methods for UAV navigation, although popular, face limitations such as complexity and high data processing demands, particularly in environments where visual cues are obstructed. This paper explores non-visual navigation alternatives by evaluating the performance of terrain-based methods within Digital Elevation Models (DEMs). Specifically, we compare the Basic Terrain Contour Matching (TERCOM) method with advanced Sequential Iterative Terrain Aided Navigation (SITAN) techniques that utilize the Extended Kalman Filter (EKF), Unscented Kalman Filter (UKF), and Recursive Least Squares (RLS). The results indicate that the UKF significantly outperforms both the EKF and RLS. Additionally, we propose a methodology that integrates the UKF with a k-dimensional (KD) Tree for optimized search space reduction, thereby enhancing localization accuracy and computational efficiency. This integrated approach achieves an 84.6% reduction in Root Mean Square Error (RMSE) compared to the traditional TERCOM method. This considerable improvement highlights the potential of these non-visual methods for real-time UAV localization in challenging GPS-denied environments like urban canyons and dense forests. ? The Author(s), under exclusive license to Springer Nature Switzerland AG 2025.",Jarraya I.; Abdelkader M.; Gabr K.; Almusalami A.; Kadri M.B.; Koubaa A.,2025,10.1007/978-3-031-91235-1_30,,Scopus
REC_1235,Autonomous Positioning System for UAV Scene Matching Under GNSS-Denied Environments,"To address the significant decline in UAV navigation and positioning accuracy caused by severe error accumulation of inertial measurement units (IMUs) in GNSS-denied environments, which severely restricts operational capabilities, we propose an autonomous UAV positioning system based on image matching/inertial navigation fusion. First, a Multi-scale Oriented Gradient Fusion (MOGF) image matching algorithm is developed to achieve rapid and high-precision matching for UAV scene imagery. Subsequently, an autonomous positioning model integrating image matching with INS is established to accurately determine the spatial coordinates of the UAV. Finally, a prototype system for autonomous positioning via image matching is designed and implemented on the RK3588 domestic computing platform, with field flight tests conducted using the DJI M210 UAV platform. Experimental results demonstrate stable system performance, achieving a positioning accuracy of 16.4 meters and a real-time processing rate exceeding 8.3 Hz. These outcomes satisfy the requirements for high-precision and real-time applications. ? 2026 The Authors.",Du S.; Ma C.; Wu P.; Yu A.; Li D.; Dong Z.,2026,10.3233/ATDE260245,,Scopus
REC_1236,Multi-sensor fusion for aerial robots in industrial GNSS-denied environments,"The use of unmanned aerial robots has increased exponentially in recent years, and the relevance of industrial applications in environments with degraded satellite signals is rising. This article presents a solution for the 3D localization of aerial robots in such environments. In order to truly use these versatile platforms for added-value cases in these scenarios, a high level of reliability is required. Hence, the proposed solution is based on a probabilistic approach that makes use of a 3D laser scanner, radio sensors, a previously built map of the environment and input odometry, to obtain pose estimations that are computed onboard the aerial platform. Experimental results show the feasibility of the approach in terms of accuracy, robustness and computational efficiency. ? 2021 by the authors. Licensee MDPI, Basel, Switzerland.",Carrasco P.; Cuesta F.; Caballero R.; Perez-Grau F.J.; Viguria A.,2021,10.3390/app11093921,,Scopus
REC_1237,Heterogeneous Sensor Information Fusion based on Kernel Adaptive Filtering for UAVs' Localization,"Due to the low weight of monocular camera, monocular Simultaneous Localization and Mapping (SLAM) is an area of popular research and promotes countless applications of micro Unmanned Aerial Vehicles (UAVs), especially in some GPS-denied indoor environments. Nevertheless, the motion of UAVs is often faster and more complex than that of ground-based robots. It would also lead to error accumulation if we calculate the trajectory only through the ego-motion. For purpose of higher accuracy and lower power cost, the fusion of visual and inertial measurement sensors is presented in UAV's indoor navigation. In this paper, we propose a novel loosely-coupled system to integrate monocular visual odometry (VO) with reading from Inertial navigation system (INS) for UAVs' indoor localization. We acquire the data from Inertial Measurement Unit (IMU) and VO results individually and map them into a same feature space. The space is defined by the Tensor Product of the individual Kernels for each source. Based on the method of Kernel Adaptive Filtering method-kernel space least mean squares (KLMS), these data are fused in the high-dimensional space. Then, experiments are made to verify this method. Compared with the vision-only algorithms, it can be confirmed that the Kernel Adaptive Filtering method makes some improvements in localization accuracy of UAVs. ? 2017 IEEE.",Chen Z.; Wang C.; Wang H.; Ma Y.; Liang G.; Wu X.,2017,10.1109/ICInfA.2017.8078901,,Scopus
REC_1243,Adaptive Formation Control of UAVs near Structures for Robust Localization and Efficient Task Execution,"Accurate position estimation of unmanned aerial vehicles (UAVs) is essential for reliable and efficient task execution, such as the automated inspection of structures. However, localization is a significant challenge for UAVs in GNSS-denied spaces, such as under bridges, where satellite signals are obstructed. To address this issue, we employed a cooperative localization system consisting of a work-UAV, which performs tasks in the GNSS-denied space, and support UAVs, which relatively localize the work-UAV. The critical challenge in this approach is the degradation of the GNSS-localization accuracy of the support-UAV owing to multipath effects, which are difficult to predict. This paper proposes an adaptive formation control method that enables support-UAVs to escape from multipath-affected spaces. Instead of focusing on signal processing or sensor fusion under multipath effects, our proposed system controls support-UAVs to escape from multipath-affected spaces where accurate GNSS localization is difficult. This physical avoidance strategy enhances the robustness of the cooperative localization systems. Simulation results demonstrate the effectiveness of the proposed method. In two distinct scenarios, the average time spent by the support-UAV in multipath-affected spaces was reduced by 83.7% and 79.9%, respectively. Furthermore, the average task completion time was reduced by 37.6% and 14.3%, respectively. ? Fuji Technology Press Ltd.",Haneda M.; Funabora Y.; Doki S.; Doki K.,2026,10.20965/jrm.2026.p0907,,Scopus
REC_1245,Fusion of Optical Flow and Dead Reckoning Algorithms for UAV Navigation Without GPS,"The article presents an innovative navigation system for unmanned aerial vehicles (UAVs) operating in environments with limited or unavailable GPS signal. The developed solution integrates dead reckoning navigation methods with advanced computer vision algorithms utilizing optical flow analysis, enabling precise drone positioning. The research includes implementation of data fusion algorithms from inertial measurement units (IMU) and analysis of image sequences from a downward-facing camera. Experimental results from tests conducted in both simulated environments and on real flight platforms are presented. The study demonstrates that the application of optical flow techniques significantly improves dead reckoning navigation accuracy in GPS-denied conditions, reducing the accumulating position error. The proposed system offers a promising solution for UAV operations in challenging navigation conditions, such as urban areas, indoor environments, or regions with electromagnetic interference. ? 2025, Faculty of Navigation, Gdynia Maritime University. All rights reserved.",Walczak J.; Szyku?a B.; Targowski P.; Pa?ys T.,2025,10.12716/1001.19.04.02,,Scopus
REC_1248,Gradient perception approach: Mapless INS/geomagnetic combined navigation in GPS-denied environments,"In GPS-denied environments, errors in angular velocity, acceleration, and zero-bias drift degrade inertial navigation system (INS) accuracy over time. Limited high-resolution geomagnetic maps and magnetic disturbances further reduce navigation reliability. This paper introduces the gradient perception approach (GPA), a mapless framework that fuses geomagnetic vector gradient perception with inertial data. Using a multi-vector parallel guidance model and model predictive control (MPC) with state constraints, GPA generates stable heading corrections without requiring prior high-resolution geomagnetic maps or precise initial INS parameters, relying only on the discrete magnetic signature at the target. Dynamic fusion weights address model uncertainties, allowing graceful degradation to state-propagated tracking in areas with unobservable gradients. Evaluations with SuperMAG-driven magnetic storm simulations, short-term drone tests, and long-term flight logs show the GPA outperforms uncompensated predictive baselines. Monte Carlo simulations under uniform disturbances demonstrate terminal accuracy improvements of 78.19% and 95.89% over LTI-MPC and LTV-MPC, respectively, while empirical flight tests confirm its drift-suppression capability, mainly contingent on the observability of local geomagnetic gradients. ? 2026 Elsevier Ltd",Yang S.; Tang H.; Zhang X.; Bai W.; Xin J.; Huang Y.,2026,10.1016/j.measurement.2026.122761,,Scopus
REC_1250,Long-Distance GNSS-Denied Visual Inertial Navigation for Autonomous Fixed-Wing Unmanned Air Vehicles: SO(3) Manifold Filter Based on Virtual Vision Sensor,"This article proposes a visual inertial navigation algorithm intended to diminish the horizontal position drift experienced by autonomous fixed-wing UAVs (unmanned air vehicles) in the absence of GNSS (Global Navigation Satellite System) signals. In addition to accelerometers, gyroscopes, and magnetometers, the proposed navigation filter relies on the accurate incremental displacement outputs generated by a VO (visual odometry) system, denoted here as a virtual vision sensor, or VVS, which relies on images of the Earth surface taken by an onboard camera and is itself assisted by filter inertial estimations. Although not a full replacement for a GNSS receiver since its position observations are relative instead of absolute, the proposed system enables major reductions in the GNSS-denied attitude and position estimation errors. The filter is implemented in the manifold of rigid body rotations or (Formula presented.) in order to minimize the accumulation of errors in the absence of absolute observations. Stochastic high-fidelity simulations of two representative scenarios involving the loss of GNSS signals are employed to evaluate the results. The authors release the C++ implementation of both the visual inertial navigation filter and the high-fidelity simulation as open-source software. ? 2023 by the authors.",Gallo E.; Barrientos A.,2023,10.3390/aerospace10080708,,Scopus
REC_1253,Real-Time Autonomous UAV Navigation with SLAM-Based Mapping and Direction-Oriented Exploration in Forest-like GNSS-Denied Scenarios,"In environments where GNSS signals are unavailable?such as indoor spaces, underground facilities, and forested areas?autonomous UAV navigation faces challenges related to localization uncertainty and limited onboard sensing capability. This study proposes a lightweight navigation framework using a single Intel RealSense D435i depth camera, integrating RTAB-Map SLAM, DWA-based local planning, and a direction-oriented frontier exploration strategy. The proposed exploration strategy introduces heading consistency into frontier target selection to support navigation in directionally constrained environments. The system is implemented within the ROS framework and evaluated in Gazebo/ArduPilot SITL simulation environments under low-, medium-, and high-density obstacle configurations. The results show that the system successfully completed autonomous traversal and return-to-home missions across all scenarios, with traversal RMSE values of 0.195 m, 0.197 m, and 0.420 m and return RMSE values of 0.295 m, 0.474 m, and 1.084 m, respectively. Qualitative dynamic-obstacle tests further demonstrate the system?s capability for local map updating and replanning. It should be noted that the current evaluation is primarily simulation-based and conducted in simplified environments. Therefore, the results are interpreted as initial system-level validation rather than full real-world deployment verification. The proposed system should not be directly interpreted as a ready-to-deploy real-world UAV navigation solution. Future work will focus on physical UAV experiments and more realistic GNSS-denied environments. ? 2026 by the authors.",Wu Y.-T.; Huang Y.-C.,2026,10.3390/drones10060399,,Scopus
REC_1254,Sensor Selection Tradeoff for Robust C-SLAM in UAV Swarm Systems for Indoor Navigation,"Swarms of UAVs offer enhanced capabilities through coordinated operations. However, effective swarm navigation in GNSS-denied indoor environments relies on robust and precise localization, which presents significant challenges due to harsh conditions. Collaborative Simultaneous Localization and Mapping (C-SLAM) algorithms offer a promising solution, but their success depends heavily on selecting an optimal combination of sensors that balances tradeoffs between accuracy, robustness, energy efficiency, and payload constraints. This paper addresses this challenge by employing the Analytical Hierarchy Process (AHP) to systematically evaluate and prioritize perception and ranging sensors for UAV swarms. Through a detailed tradeoff analysis, the study identifies the RGB-D camera, UWB module, and IMU as the most effective sensor combination, enabling enhanced performance and robustness in challenging indoor environments. The findings provide a structured decision-making framework for sensor selection, advancing the design of robust C-SLAM systems for real-world UAV swarm applications. Copyright ? 2025 The Authors.",Schweitzer T.; McHarek M.; Khenfri F.; Hammadi M.,2025,10.1016/j.ifacol.2025.10.248,,Scopus
REC_1255,A Hierarchical Absolute Visual Localization System for Low-Altitude Drones in GNSS-Denied Environments,"Highlights: What are the main findings? A hierarchical visual localization framework is proposed that integrates coarse-to-fine positioning through image retrieval, image registration, IMU-based correction, and sliding-window map updates, effectively addressing drift and initialization dependency issues in GNSS-denied environments for UAV localization. By adapting the DINOv2 model and improving SuperPoint keypoint detection, the robustness of image retrieval in complex environments and the real-time performance and accuracy of image registration are significantly enhanced. What is the implication of the main finding? This work provides a high-precision, GNSS-free autonomous localization solution for low-altitude UAVs in satellite-denied environments, offering substantial value for enhancing navigation capabilities under complex conditions. The proposed technique shows broad application potential in scenarios requiring high-precision positioning with unreliable satellite signals, such as environmental monitoring, precision agriculture, and emergency rescue operations. Current drone navigation systems primarily rely on Global Navigation Satellite Systems (GNSSs), but their signals are susceptible to interference, spoofing, or suppression in complex environments, leading to degraded positioning performance or even failure. To enhance the positioning accuracy and robustness of low-altitude drones in satellite-denied environments, this paper investigates an absolute visual localization solution. This method achieves precise localization by matching real-time images with reference images that have absolute position information. To address the issue of insufficient feature generalization capability due to the complex and variable nature of ground scenes, a visual-based image retrieval algorithm is proposed, which utilizes a fusion of shallow spatial features and deep semantic features, combined with generalized average pooling to enhance feature representation capabilities. To tackle the registration errors caused by differences in perspective and scale between images, an image registration algorithm based on cyclic consistency matching is designed, incorporating a reprojection error loss function, a multi-scale feature fusion mechanism, and a structural reparameterization strategy to improve matching accuracy and inference efficiency. Based on the above methods, a hierarchical absolute visual localization system is constructed, achieving coarse localization through image retrieval and fine localization through image registration, while also integrating IMU prior correction and a sliding window update strategy to mitigate the effects of scale and rotation differences. The system is implemented on the ROS platform and experimentally validated in a real-world environment. The results show that the localization success rates for the h, s, v, and w trajectories are 95.02%, 64.50%, 64.84%, and 91.09%, respectively. Compared to similar algorithms, it demonstrates higher accuracy and better adaptability to complex scenarios. These results indicate that the proposed technology can achieve high-precision and robust absolute visual localization without the need for initial conditions, highlighting its potential for application in GNSS-denied environments. ? 2025 by the authors.",Zhou Q.; Tang H.; Zhang Z.; Xu Y.; Xiao F.; Jia Y.,2025,10.3390/rs17203470,,Scopus
REC_1256,Multi-Agent Distributed Cooperative Localization Based on Ultra-Wideband,"In modern warfare, unmanned aerial vehicle (UAV) swarms frequently encounter signal interference or denial from adversaries, posing significant challenges to localization accuracy. Nevertheless, the large-scale advantage of UAV swarms enables interfered UAVs to utilize relative navigation techniques by leveraging communication and relative measurements. Thus, we discuss a multi-agent distributed cooperative localization method based on ultra-wideband (UWB) modules. First, a distributed Kalman filtering-based multi-UAV cooperative localization algorithm is proposed, achieving high-precision localization under partial GNSS-denied conditions. Second, a multi-agent distributed cooperative localization algorithm incorporating an analysis of UWB non-stationary measurement noise characteristics is introduced, enhancing the robustness of swarm navigation in dynamic formations. Finally, a UWBbased distributed multi-UAV cooperative localization prototype system is developed, comprising five small UAVs equipped with inertial measurement unit (IMU), GPS modules, and UWB modules. Experimental evaluations under various scenarios compare and analyze swarm navigation performance under different conditions.  ? 2025 IEEE.",Lv M.; Wang Y.; Dong Y.; Hu J.; Xu Z.,2025,10.1109/ICCA65672.2025.11129789,,Scopus
REC_1258,Image Matching-Based Visual-Inertial Integrated Navigation for UAV in GNSS-Denied Environments,"For unmanned aerial vehicle (UAV) navigation in global satellite navigation system (GNSS)-denied environments, an image matching-based visual-inertial integrated navigation system is proposed. Deep learning-based methods are used for image matching to address the challenges of multi-modal image matching. A feature mismatch removal method using reference visual data and inertial navigation prior pose is proposed to improve the accuracy and robustness of image matching. Error-state Kalman filtering (ESKF) is applied to fuse the outputs of visual navigation and inertial navigation and calibrate the inertial navigation system. In addition, an image mismatch detection method based on Kalman innovation detection is applied to avoid severe errors caused by image mismatch. Finally, the proposed integrated navigation system is validated by Airsim simulation and a public dataset.  ? Published under licence by IOP Publishing Ltd.",Huang T.; Zhou Y.; Zhang B.,2024,10.1088/1742-6596/2784/1/012014,,Scopus
REC_1260,UAV Navigation Using EKF-MonoSLAM Aided by Range-to-Base Measurements,"This study introduces an innovative refinement to EKF-based monocular SLAM by incorporating attitude, altitude, and range-to-base data to enhance system observability and minimize drift. In particular, by utilizing a single range measurement relative to a fixed reference point, the method enables unmanned aerial vehicles (UAVs) to mitigate error accumulation, preserve map consistency, and operate reliably in environments without GPS. This integration facilitates sustained autonomous navigation with estimation error remaining bounded over extended trajectories. Theoretical validation is provided through a nonlinear observability analysis, highlighting the general benefits of integrating range data into the SLAM framework. The system?s performance is evaluated through both virtual experiments and real-world flight data. The real-data experiments confirm the practical relevance of the approach and its ability to improve estimation accuracy in realistic scenarios. ? 2025 by the authors.",Munguia R.; Trujillo J.-C.; Grau A.,2025,10.3390/drones9080570,,Scopus
REC_1261,Fiducial Marker?Based Localization of Autonomous UAV for Structural Health Monitoring,"This chapter presents an autonomous navigation system based on computer vision for unmanned aerial vehicles (UAVs). The emerging area of autonomous UAV has shown rapid development in the field of structural health monitoring (SHM) for the collection of important structural data from civil infrastructure. Much of previous research has been focused on the use of magnetic compass sensor-based methods for control and localization of UAV in GPS-denied environments. However, these methods are vulnerable to magnetic interference of the surrounding environment and result in poor control of UAV with dangerous levels of path deviations. Therefore, this chapter suggests the use of unique small fiducial markers that are unsusceptible to magnetic interference and can be permanently attached to walls or ceilings of structures to enable robust autonomous flight of UAVs. A pseudo markers map is created where the location of each marker is stored in a marker?s library. The markers are detected by the UAV during the flight and the prebuilt library information is used to localize UAV?s position in the whole structure. It has been shown through various experiments that the use of computer vision-based technique can significantly improve the control of UAV in challenging indoor and outdoor GPS-denied environments. This marker-based localization method is a low-cost, flexible, and practical solution to realize true autonomous UAVs in civil structures such as bridges, parkade, and buildings. ? 2024, The Society for Experimental Mechanics, Inc.",Waqas A.; Cha Y.-J.,2024,10.1007/978-3-031-34938-6_18,,Scopus
REC_1264,"Gnss-denied unmanned aerial vehicle navigation: analyzing computational complexity, sensor fusion, and localization methodologies","Navigation without Global Navigation Satellite Systems (GNSS) poses a significant challenge in aerospace engineering, particularly in the environments where satellite signals are obstructed or unavailable. This paper offers an in-depth review of various methods, sensors, and algorithms for Unmanned Aerial Vehicle (UAV) localization in outdoor environments where GNSS signals are unavailable or denied. A key contribution of this study is the establishment of a critical classification system that divides GNSS-denied navigation techniques into two primary categories: absolute and relative localization. This classification enhances the understanding of the strengths and weaknesses of different strategies in various operational contexts. Vision-based localization is identified as the most effective approach in GNSS-denied environments. Nonetheless, it?s clear that no single-sensor-based localization algorithm can fulfill all the needs of a comprehensive navigation system in outdoor environments. Therefore, it?s vital to implement a hybrid strategy that merges various algorithms and sensors for effective outcomes. This detailed analysis emphasizes the challenges and possible solutions for achieving reliable and effective outdoor UAV localization in environments where GNSS is unreliable or unavailable. This multi-faceted analysis, highlights the complexities and potential pathways for achieving efficient and dependable outdoor UAV localization in GNSS-denied environments. ? The Author(s) 2025.",Jarraya I.; Al-Batati A.; Kadri M.B.; Abdelkader M.; Ammar A.; Boulila W.; Koubaa A.,2025,10.1186/s43020-025-00162-z,,Scopus
REC_1265,Distributed control and navigation system for quadrotor UAVs in GPS-denied environments,"The problem of developing distributed control and navigation system for quadrotor UAVs operating in GPS-denied environments is addressed in the paper. Cooperative navigation, marker detection and mapping task solved by a team of multiple unmanned aerial vehicles is chosen as demo example. Developed intelligent control system complies with on 4D\RCS reference model and its implementation is based on ROS framework. Custom implementation of EKF-based map building algorithm is used to solve marker detection and map building task. ? Springer International Publishing Switzerland 2015.",Yakovlev K.; Khithov V.; Loginov M.; Petrov A.,2015,10.1007/978-3-319-11310-4_5,,Scopus
REC_1266,Bearing-only visual SLAM for small unmanned aerial vehicles in GPS-denied environments,"This paper presents a hierarchical simultaneous localization and mapping (SLAM) system for a small unmanned aerial vehicle (UAV) using the output of an inertial measurement unit (IMU) and the bearing-only observations from an onboard monocular camera. A homography based approach is used to calculate the motion of the vehicle in 6 degrees of freedom by image feature match. This visual measurement is fused with the inertial outputs by an indirect extended Kalman filter (EKF) for attitude and velocity estimation. Then, another EKF is employed to estimate the position of the vehicle and the locations of the features in the map. Both simulations and experiments are carried out to test the performance of the proposed system. The result of the comparison with the referential global positioning system/inertial navigation system (GPS/INS) navigation indicates that the proposed SLAM can provide reliable and stable state estimation for small UAVs in GPS-denied environments. ? 2013 Institute of Automation, Chinese Academy of Sciences and Springer-Verlag Berlin Heidelberg.",Wang C.-L.; Wang T.-M.; Liang J.-H.; Zhang Y.-C.; Zhou Y.,2013,10.1007/s11633-013-0735-8,,Scopus
REC_1268,SOFT-SLAM: Computationally efficient stereo visual simultaneous localization and mapping for autonomous unmanned aerial vehicles,"Autonomous navigation of unmanned aerial vehicles (UAVs) in GPS-denied environments is a challenging problem, especially for small-scale UAVs characterized by a small payload and limited battery autonomy. A possible solution to the aforementioned problem is vision-based simultaneous localization and mapping (SLAM), since cameras, due to their dimensions, low weight, availability, and large information bandwidth, circumvent all the constraints of UAVs. In this paper, we propose a stereo vision SLAM yielding very accurate localization and a dense map of the environment developed with the aim to compete in the European Robotics Challenges (EuRoC) targeting airborne inspection of industrial facilities with small-scale UAVs. The proposed approach consists of a novel stereo odometry algorithm relying on feature tracking (SOFT), which currently ranks first among all stereo methods on the KITTI dataset. Relying on SOFT for pose estimation, we build a feature-based pose graph SLAM solution, which we dub SOFT-SLAM. SOFT-SLAM has a completely separate odometry and mapping threads supporting large loop-closing and global consistency. It also achieves a constant-time execution rate of 20?Hz with deterministic results using only two threads of an onboard computer used in the challenge. The UAV running our SLAM algorithm obtained the highest localization score in the EuRoC Challenge 3, Stage IIa?Benchmarking, Task 2. Furthermore, we also present an exhaustive evaluation of SOFT-SLAM on two popular public datasets, and we compare it to other state-of-the-art approaches, namely ORB-SLAM2 and LSD-SLAM. The results show that SOFT-SLAM obtains better localization accuracy on the majority of datasets sequences, while also having a lower runtime. ? 2017 Wiley Periodicals, Inc.",Cvi?i? I.; ?esi? J.; Markovi? I.; Petrovi? I.,2018,10.1002/rob.21762,,Scopus
REC_1269,Advanced Air Mobility Safety Challenges: Case Study on Visual SLAM for Enhanced Navigation in Unmanned Aviation Integration,"The rapid emergence of Advanced Air Mobility (AAM) introduces critical safety challenges in integrating Unmanned Aerial Systems (UASs) into shared and increasingly congested airspace. Safe and efficient operations require robust solutions in navigation, communication, and collision avoidance to enable the coexistence of manned and unmanned aircraft. This paper investigates key safety concerns in AAM, including airspace management, real-time situational awareness, and regulatory compliance, with a particular focus on navigation safety. To address these challenges, we present a case study on the application of Visual Simultaneous Localization and Mapping (Visual SLAM) for UAS navigation. Leveraging onboard cameras and AI-based feature tracking, Visual SLAM offers a resilient alternative to GPS, especially in GPS-denied or signal-degraded environments. Our evaluation across multiple operational scenarios demonstrates the effectiveness of this approach in improving navigation accuracy, obstacle detection and avoidance, and autonomous flight safety within AAM ecosystems. Furthermore, we explore the integration of Visual SLAM with Air Traffic Management (ATM) and UAS Traffic Management (UTM) systems, emphasizing interoperability and computational efficiency as critical enablers of large-scale deployment. ? The Author(s), under exclusive license to Springer Nature Singapore Pte Ltd. 2026.",Meskine W.; Rebai H.; Boubaker S.,2026,10.1007/978-981-95-6445-3_7,,Scopus
REC_1273,UAV navigation using opto-electronic and inertial means in GNSS-denied environment,The article presents an approach to improving navigation solution of unmanned aerial vehicle in GNSS-denied environment by means of optoelectronic and inertial measurements. An approach is based on locating and tracking keypoints on the underlying surface to correct inertial system errors. The approach is based on EKF-SLAM and can be applied both in the presence and in the absence of a terrain map. The simulation results of the optical-inertial navigation system readings are presented. ? Published under licence by IOP Publishing Ltd.,Savkin A.; Antonov D.; Kolganov L.; Ryabinkin M.; Chekhov E.,2021,10.1088/1742-6596/1925/1/012051,,Scopus
REC_1274,Integrated Air?Ground Robotic System for Autonomous Post-Blast Operations in GNSS-Denied Tunnels,"Post-blast operations in tunnel construction represent a critical bottleneck due to mandatory downtime and hazardous environmental conditions. This study addresses these challenges by developing and validating an integrated cyber?physical architecture that coordinates an autonomous Unmanned Aerial Vehicle (UAV) and an Autonomous Wheel Loader (AWL) under the supervision of a Digital Twin acting as central operational digital interface. Specifically, this technology was designed to access the tunnel, evaluate post-blasting conditions, and initiate operations during mandatory exclusion periods for personnel. The system was validated in a realistic, Global Navigation Satellite System (GNSS)-denied tunnel environment emulating post-detonation visibility constraints. The results demonstrate that the aerial agent successfully navigated and mapped the excavation front in less than 8 min, establishing a shared coordinate system for the ground machinery. Through this collaborative workflow, the autonomous deployment enabled operations to commence 50% to 80% earlier than conventional manual procedures. Furthermore, the system reduced daily operational time by approximately 8%, with an estimated return on financial investment between one and seven months. Overall, the proposed framework eliminates human exposure during high-risk inspections and transforms the fragmented excavation cycle into a continuous, data-driven process. ? 2026 by the authors.",Arias-Ferreiro G.; Montes-Grova M.A.; P?rez-Grau F.J.; Noriega-del-Rivero S.; Herguedas R.; L?zaro M.T.; Castelruiz-Aguirre A.; Fernandez J.C.J.; Karahan M.; Alonso-Cepeda A.,2026,10.3390/rs18081133,,Scopus
REC_1275,A DNN-Based Optical Aided Autonomous Navigation System for?UAV Under GNSS-denied Environment,"In this paper, a novel UAV autonomous navigation system is proposed, which uses DNN to extract scene features for position matching and optical flow estimation. This method can correct position drift of IMU under GNSS-denied environment. A realistic simulation test platform is designed to validate the fusion navigation system, and we deploy the system on an airborne embedded GPU hardware. Optimization strategies for hardware are designed to significantly improve operational performance, which make it become more practical in engineering. Field experimental results further verify its effectiveness of proposed system. Compared with traditional methods, it is more robust and has higher positioning accuracy. ? 2023, Beijing HIWING Sci. and Tech. Info Inst.",Zhang Q.; Zhang H.; Lan Z.; Chen W.; Zhang Z.,2023,10.1007/978-981-99-0479-2_326,,Scopus
REC_1276,A UAV location method based on aerial-satellite image matching and factor graph optimization in GNSS denied aera,"Global navigation satellite system (GNSS) standalone or GNSS/Inertial Navigation System integrated apparatus is the essential part of a low-altitude Unmanned aerial vehicle (UAV) to achieve reliable location information. However, GNSS is fragile and easily attacked, it is critical to develop other absolute location methods for UAVs under GNSS-denied environments. In this paper, an aerial-satellite (AS) image matching based visual location system (AS-VPS) is proposed. Two key modules ?front-end visual odometry? and ?back-end absolute location? are included in the AS-VPS. A deep learning method ?SuperPoint + LightGlue? is utilized for front-end consecutive aerial image matching for visual odometry and back-end AS image matching for absolute location. In view of the characteristic that the back-end absolute location is not continuous, a factor graph optimization (FGO) method is then employed to integrate the position results from the front-end and back-end modules, and final optimized results are generated. In addition, a cooperative AS-VPS system is set up using the FGO method with inter-agent ranging measurement. In the experiment, real-world flight-testing datasets are collected to assess the performance of the proposed AS-VPS method, and the experimental result demonstrates the superior performance of the proposed method without GNSS. ? 2025 IOP Publishing Ltd. All rights, including for text and data mining, AI training, and similar technologies, are reserved.",Di Y.; Jiang C.; Li C.; Wang X.; Su Z.; Chen S.; Liu Z.; Wu X.; Chen Y.,2025,10.1088/1361-6501/ae1249,,Scopus
REC_1278,Vision-based SLAM system for small UAVs in GPS-denied environments,"Vision-based unmanned aerial vehicle (UAV) control is a core technology in global positioning system (GPS)-denied environments. However, small UAVs have difficulty processing image data in real time because of their limited payload capacity and relatively weak processor. Development of an image-processing system that is suitable for small UAVs is therefore needed. In this paper, an approach for a vision-based simultaneous localization and mapping (SLAM) system for small UAVs is suggested. For real-time localization, a method wherein Kanade-Lucas-Tomasi-based localization and tracking are performed within small UAVs in real time is adopted. At the same time, scale-invariant feature transform-based mapping and more accurate localization are performed at the ground-control station. A vision-based three-dimensional map-building method for small UAVs using a monocular camera is also proposed. The proposed method first extracts straight-line information from images and calculates their equations in three-dimensional space. It then constructs plane information from line information. ? 2012 American Society of Civil Engineers.",Park J.; Im S.; Lee K.-H.; Lee J.-O.,2012,10.1061/(ASCE)AS.1943-5525.0000160,,Scopus
REC_1279,KAZE features based SLAM for autonomous UAV navigation in GPS-denied environments,"Conventional Unmanned Aerial Vehicles (UAVs) heavily depend on the Global Positioning System (GPS) for performing navigation operations. However, due to the high uncertainty of GPS signals in indoor environments, dense forests, and underground locations, it becomes difficult to navigate further. Moreover, GPS signals can be deliberately disrupted in situations like jamming and spoofing. Several approaches have been proposed such as Landmark, Star Tracker, Simultaneous Localization and Mapping (SLAM), and Inertial Measurement Unit (IMU) based methods to address the challenge of navigating in GPS-denied areas. Among these techniques, this study employs Feature-based SLAM, a subcategory of Visual SLAM. Feature-based SLAM is considered to be a reliable method for autonomous navigation of UAVs due to its invariance to rotation, translation, illumination, and scale. Despite this, lack of feature correspondence, high computation cost, and time complexity can make the task of navigation arduous for real-time performance. This study addresses these challenges by integrating the KAZE feature detector and descriptor algorithm with the SLAM algorithm. The UAV is equipped with a stereovision system for capturing the stereo images. The KAZE algorithm operates in a non-linear scale-space which preserves the boundaries of objects while smoothing noise, providing superior localization accuracy and feature distinctiveness. KAZE features are utilized to simultaneously create the map and localize the UAV in that map while navigating. Thus, the proposed KAZE-SLAM method has the capability to accurately detect highly distinctive and accurate feature correspondence for robust and precise navigation in GPS-denied areas. ? 2025 SPIE. All rights reserved.",Abraham C.E.; Prasad S.; Kumar D.,2025,10.1117/12.3064546,,Scopus
REC_1281,Learning to Navigate and Track: A Decentralized RL Framework for UAV Operations in GNSS-Denied Terrain,"In GNSS-denied environments such as indoor facilities, urban canyons, or forested terrains, Unmanned Aerial Vehicles (UAVs) must autonomously navigate and track human targets without relying on global positioning. This paper presents a decentralized reinforcement learning (DRL) framework for real-time UAV person tracking and obstacle avoidance using multi-modal sensing. The proposed system integrates RGB, thermal, and depth data through a YOLOv8-nano perception module, enabling robust object detection under low visibility and occlusion. A rule-based geometric model estimates the target?s relative position, which, along with sensor fusion inputs, forms the state space for a Proximal Policy Optimization (PPO) control policy. The agent operates over a discrete action set, allowing stable and sample-efficient learning while maintaining reactive and goal-directed behavior. The framework is validated in simulated scenarios demonstrating superior performance in navigation accuracy, tracking robustness, and energy efficiency. Our approach highlights the potential of decentralized DRL for scalable and resilient UAV autonomy in challenging operational conditions. ? The Author(s), under exclusive license to Springer Nature Switzerland AG 2026.",Almalis N.D.; Tsihrintzis G.A.; Mitsios M.; Tilemachos T.,2026,10.1007/978-3-032-11402-0_23,,Scopus
REC_1283,Cooperative monocular-based SLAM for multi-UAV systems in GPS-denied environments,"This work presents a cooperative monocular-based SLAM approach for multi-UAV systems that can operate in GPS-denied environments. The main contribution of the work is to show that, using visual information obtained from monocular cameras mounted onboard aerial vehicles flying in formation, the observability properties of the whole system are improved. This fact is especially notorious when compared with other related visual SLAM configurations. In order to improve the observability properties, some measurements of the relative distance between the UAVs are included in the system. These relative distances are also obtained from visual information. The proposed approach is theoretically validated by means of a nonlinear observability analysis. Furthermore, an extensive set of computer simulations is presented in order to validate the proposed approach. The numerical simulation results show that the proposed system is able to provide a good position and orientation estimation of the aerial vehicles flying in formation. ? 2018 by the authors. Licensee MDPI, Basel, Switzerland.",Trujillo J.-C.; Munguia R.; Guerra E.; Grau A.,2018,10.3390/s18051351,,Scopus
REC_1284,RANGE-Robust autonomous navigation in GPS-denied environments,"This paper addresses the problem of autonomous navigation of a micro air vehicle (MAV) in GPS-denied environments. We present experimental validation and analysis for our system that enables a quadrotor helicopter, equipped with a laser range finder sensor, to autonomously explore and map unstructured and unknown environments. The key challenge for enabling GPS-denied flight of a MAV is that the system must be able to estimate its position and velocity by sensing unknown environmental structure with sufficient accuracy and low enough latency to stably control the vehicle. Our solution overcomes this challenge in the face of MAV payload limitations imposed on sensing, computational, and communication resources. We first analyze the requirements to achieve fully autonomous quadrotor helicopter flight in GPS-denied areas, highlighting the differences between ground and air robots that make it difficult to use algorithms developed for ground robots. We report on experiments that validate our solutions to key challenges, namely a multilevel sensing and control hierarchy that incorporates a high-speed laser scan-matching algorithm, data fusion filter, high-level simultaneous localization and mapping, and a goal-directed exploration module. These experiments illustrate the quadrotor helicopter's ability to accurately and autonomously navigate in a number of large-scale unknown environments, both indoors and in the urban canyon. The system was further validated in the field by our winning entry in the 2009 International Aerial Robotics Competition, which required the quadrotor to autonomously enter a hazardous unknown environment through a window, explore the indoor structure without GPS, and search for a visual target. ? 2011 Wiley Periodicals, Inc.",Bachrach A.; Prentice S.; He R.; Roy N.,2011,10.1002/rob.20400,,Scopus
REC_1285,Unmanned autonomous aerial navigation in GPS-denied environments,"This work focuses on enhancing existing technology to support unmanned aerial vehicle navigation for the inspection of power plants. These inspections are a vital component of a power plant's capability to function but can be costly and dangerous to do by humans. Therefore, it has been proposed to utilize a small, unmanned quadcopter integrated with autonomous navigation by using an alternate signal in place of GPS. The quadcopter can gain the ability to navigate to desired coordinates without the need for GPS, which can often be unavailable within these structures. The UAV uses an optical flow sensor to determine the ground velocity and x-y position, and sonar for measuring the altitude. Using ROS and MAVLink, the communication can be modified to use ?fake GPS? data, instead of the actual GPS signal, to be published in the appropriate ROS topics to avoid GPS failures. The optical flow and fake GPS are filtered by an Extended Kalman Filter to get a better position estimation during navigation. Through this process, autonomous flight was successfully achieved without GPS. ? 2020 Latin American and Caribbean Consortium of Engineering Institutions. All rights reserved.",Habib N.; Flores-Abad A.; Mart?nez-Mart?nez J.; Aponte-Roa D.A.; Espinoza A.A.,2020,10.18687/LACCEI2020.1.1.349,,Scopus
REC_1286,Hybrid camera array-based UAV auto-landing on moving UGV in GPS-denied environment,"With the rapid development of Unmanned Aerial Vehicle (UAV) systems, the autonomous landing of a UAV on a moving Unmanned Ground Vehicle (UGV) has received extensive attention as a key technology. At present, this technology is confronted with such problems as operating in GPS-denied environments, a low accuracy of target location, the poor precision of the relative motion estimation, delayed control responses, slow processing speeds, and poor stability. To address these issues, we present a hybrid camera array-based autonomous landing UAV that can land on a moving UGV in a GPS-denied environment. We first built a UAV autonomous landing system with a hybrid camera array comprising a fisheye lens camera and a stereo camera. Then, we integrated a wide Field of View (FOV) and depth imaging for locating the UGV accurately. In addition, we employed a state estimation algorithm based on motion compensation for establishing the motion state of the ground moving UGV, including its actual motion direction and speed. Thereafter, according to the characteristics of the designed system, we derived a nonlinear controller based on the UGV motion state to ensure that the UGV and UAV maintain the same motion state, which allows autonomous landing. Finally, to evaluate the performance of the proposed system, we carried out a large number of simulations in AirSim and conducted real-world experiments. Through the qualitative and quantitative analyses of the experimental results, as well as the analysis of the time performance, we verified that the autonomous landing performance of the system in the GPS-denied environment is effective and robust. ? 2018 by the authors.",Yang T.; Ren Q.; Zhang F.; Xie B.; Ren H.; Li J.; Zhang Y.,2018,10.3390/rs10111829,,Scopus
REC_1287,Monocular object SLAM using quadrics and landmark reference map for outdoor UAV applications,"Localization is one of the core technologies commonly applied in Unmanned Aerial Vehicles (UAVs) in urban fields. Most UAVs use Global Navigation Satellite System (GNSS) to estimate their positions, whereas the GNSS signal can be affected by the occlusion of buildings in urban areas. We use a visual positioning method based on the monocular camera sensor information and offline reference map in the GNSS-denied environments to address this problem. Our goal is to obtain the UAV's pose data and the corresponding GPS position data by matching the simultaneous map with the reference landmark map. In order to adapt to the flight environment of different altitudes and different perspectives, we propose a monocular semantic SLAM system to provide long-range visual tracking and mapping of landmark buildings together with the feature points. Our SLAM system's landmark object is described in quadratic form, which contains information about its 3D position and poses to increase awareness of the environment. The system we propose provides positioning results with meter-level accuracy and improves the impact of accumulated visual SLAM errors. ? 2021 IEEE.",Shao P.; Mo F.; Chen Y.; Ding N.; Huang R.,2021,10.1109/RCAR52367.2021.9517328,,Scopus
REC_1291,Implementation of monocular visual SLAM with ARCog-NET for aerial robot swarm indoor mapping,"This paper presents a real-time distributed framework for Unmanned Aerial Vehicle (UAV) swarms operating in GPS-denied indoor environments, built on the Aerial Robot Cognitive Network Architecture (ARCog-NET) cognitive architecture and enhanced with monocular visual Simultaneous Localization and Mapping (SLAM). ARCog-NET employs a multi-layered Edge-Fog-Cloud (EFC) hierarchy that supports decentralized decision-making and adaptive coordination, including dynamic path optimization. Through a novel formulation, each UAV jointly estimates its own trajectory and contributes to a shared 3D reconstruction of the environment by exchanging matched visual landmarks across the network. The system dynamically adapts navigation paths in response to operational events using reinforcement learning guided by trajectory coverage metrics and historical decision weights. A full deployment with six DJI Ryze Tello UAVs was conducted in a controlled indoor lab environment, demonstrating autonomous swarm navigation and collaborative 3D mapping. Performance was evaluated through metrics such as trajectory error, point cloud fidelity, decision convergence, and knowledge reuse rate. Results confirm that the proposed method enables scalable, autonomous SLAM and planning capabilities in real-world UAV networks, highlighting the cognitive synergy between navigation and perception in distributed aerial robotics. ? The Author(s) 2025.",Ramos G.S.; Pinto M.F.; Andrade F.A.A.; Haddad D.B.,2025,10.1038/s41598-025-28618-x,,Scopus
REC_1294,Localization Fusion for Aerial Vehicles in Partially GNSS Denied Environments,"In this paper, we report on early results of the experimental deployment of localization techniques for a multi-rotor Micro Aerial Vehicle (MAV). In particular, we focus on deployment scenarios where the Global Navigation Satellite System (GNSS) does not provide a reliable signal, and thus it is not desirable to rely solely on the GNSS. Therefore, we consider recent advancements in the visual localization, and we employ an onboard RGB-D camera to develop a robust and reliable solution for the MAV localization in partially GNSS denied operational environments. We consider a localization method based on Kalman filter for data fusion of the vision-based localization with the signal from the GNSS. Based on the reported experimental results, the proposed solution supports the localization of the MAV for the temporarily unavailable GNSS, but also improves the position estimation provided by the incremental vision-based localization system while it can run using onboard computational resources of the small vehicle. ? 2019, Springer Nature Switzerland AG.",Bayer J.; Faigl J.,2019,10.1007/978-3-030-14984-0_20,,Scopus
REC_1297,2-D UAV navigation solution with LIDAR sensor under GPS-denied environment,"Unmanned aerial vehicle (UAV) is widely used by many industries these days such as militaries, agriculture, and surveillance. However, one of the main challenges of UAV is navigating through an environment where global positioning system (GPS) is being denied. The main purpose of this paper is to find a solution for UAV to be able to navigate in a GPS denied surrounding without affecting the drone flight performance. There are two ways to overcome these challenges such as using visual odometry (VO) or by using simultaneous localization and mapping (SLAM). However, VO has a drawback because camera sensors require good lighting which will affect the performance of the UAV when it is navigating through a low light intensity environment. Hence, in this paper 2-D SLAM will be use as a solution to help UAV to navigate under a GPS-denied environment with the help of a light detection and ranging (LIDAR) sensor which known as a LIDAR-based SLAM. This is because SLAM can help UAVs to localize itself and map the surrounding of the environment. The concept and idea of this paper will be fully simulated using MATLAB, where the drone navigation will be simulated in MATLAB to extract LIDAR data and to use the LIDAR data to carry out SLAM via pose graph optimization. Besides, the contribution to this research work has also identified that in pose graph optimization, the loop closure threshold and loop closure radius play an important role. The loop closure threshold can affect the accuracy of the trajectory of the drone and the accuracy of mapping the environment as compared to ground truth. On the other hand, the loop closure search radius can increase the processing speed of obtaining the data via pose graph optimization. The main contribution to this research work is shown that the processing speed can increase up to 45 % and the accuracy of the trajectory of the drone and the mapped surrounding is quite accurate as compared to ground truth. ? 2021 Institute of Physics Publishing. All rights reserved.",Ho J.C.; Phang S.K.; Mun H.K.,2021,10.1088/1742-6596/2120/1/012026,,Scopus
REC_1298,Cooperative Localization for GNSS-Denied Subterranean Navigation: A UAV?UGV Team Approach,"This paper presents a cooperative navigation architecture in a global navigation satellite system (GNSS)-denied subterranean environment using an unmanned ground vehicle (UGV) and unmanned aerial vehicle (UAV) team. The main focus of this design is to prolong the UAV mission time by reducing the UAV payload, sensing, and computational elements. To accomplish this, the UGV handles the mapping of the environment, its own state estimation, and the state estimation of the UAV using the UAV?s proprioceptive sensors, a three-dimensional lidar, and an ultra-wideband ranging radio that communicates with a similar radio on the UAV. The UAV is assumed to be instrumented with an inertial measurement unit, stereo camera, and laser altimeter, and the data from these instruments are shared with the UGV over a local network for use in UAV state estimation. This paper presents the architecture for localization of a UAV/UGV team and realizes the implementation using two different nonlinear state estimators. Details and a comparison between an extended Kalman filter and an incremental factor graph optimization implementation are provided. The performance of the presented algorithms is analyzed via experiments conducted in a motion-capture facility. ? 2024 Institute of Navigation.",Akhihiero D.; Olawoye U.; Das S.; Gross J.,2024,10.33012/navi.677,,Scopus
REC_1299,Cascade-structured Visual-Inertial Navigation System for Aerial Imaginary,"A robust and precise navigation algorithm is imperative for the autonomous navigation of unmanned aerial vehicles (UAV). While most navigation algorithms rely on the global positioning system (GPS) and inertial navigation system (INS), vulnerabilities such as jamming and spoofing necessitate alternative solutions for GPS-denied environments. In robotics, visual-inertial navigation systems (VINS), such as visual simultaneous localization and mapping (SLAM) or visual odometry (VO), have been widely studied recently. However, the application of VINS has primarily been explored in ground vehicles and small drones. High-altitude UAVs present unique challenges, including feature tracking difficulties and limitations in low-cost inertial measurement units (IMUs). This paper introduces a factor graph optimization (FGO)-based VINS algorithm designed for precise navigation in high-altitude aerial imagery environments. The algorithm adopts a cascade structure, strategically leveraging the existing INS/GPS navigation solution. Contributions include proposing a relative pose factor instead of IMU preintegration, and introducing a novel constraining factor graph nodes method based on GPS availability to enhance performance by categorizing and fixing accurate nodes during optimization, mitigating navigation errors in GPS outage scenarios. The proposed algorithm excels in robustness during GPS outage scenarios, and simplicity in utilizing existing INS/GPS solutions with minimal modification. ? 2024 Institute of Navigation.",Nam S.; Kim T.; Oh J.; Lee S.,2024,10.33012/2024.19636,,Scopus
REC_1301,Collision-free Autonomous Navigation of A Small UAV Using Low-cost Sensors in GPS-denied Environments,"This paper proposes a novel complete navigation system for autonomous flight of small unmanned aerial vehicles (UAVs) in GPS-denied environments. The hardware platform used to test the proposed algorithm is a small, custom-built UAV platform equipped with an onboard computer, RGB-D camera, 2D light detection and ranging (LiDAR), and altimeter. The error-state Kalman filter (ESKF) based on the dynamic model for low-cost IMU-driven systems is proposed, and visual odometry from the RGB-D camera and height measurement from the altimeter are fed into the measurement update process of the ESKF. The pose output of the ESKF is then integrated into the open-source simultaneous location and mapping (SLAM) algorithm for pose-graph optimization and loop closing. In addition, the computationally efficient collision-free path planning algorithm is proposed and verified through simulations. The software modules run onboard in real time with limited onboard computational capability. The indoor flight experiment demonstrates that the proposed system for small UAVs with low-cost devices can navigate without collision in fully autonomous missions while establishing accurate surrounding maps. ? 2020, ICROS, KIEE and Springer.",Youn W.; Ko H.; Choi H.; Choi I.; Baek J.-H.; Myung H.,2021,10.1007/s12555-019-0797-7,,Scopus
REC_1302,Federated Energy-Aware Deep Reinforcement Learning for GNSS-Independent Swarm UAV Autonomy ?,"Achieving scalable swarm autonomy in Global Navigation Satellite System (GNSS)-denied and communication-constrained environments remains an open challenge at the intersection of robotics, distributed optimization, and reinforcement learning. Existing unmanned aerial vehicle (UAV) autonomy frameworks typically decouple navigation, perception, and distributed learning, while assuming centralized coordination or reliable global positioning. This paper introduces a unified federated deep reinforcement learning architecture that enables GNSS-independent multi-UAV autonomy through the principled integration of multi-modal perception, decentralized policy optimization, energy-aware control, and edge-compliant inference. The proposed framework formulates joint navigation and dynamic target tracking as a partially observable Markov decision process optimized via Proximal Policy Optimization (PPO) over structured motion primitives. A communication-efficient federated learning mechanism enables distributed policy convergence under non-independent and identically distributed (non-IID) agent experiences without sharing raw data, establishing a scalable alternative to centralized training. To address sim-to-real discrepancies, the architecture incorporates domain randomization, structured sensor noise modeling, and curriculum-based training to promote robust zero-shot deployment. Multi-agent simulation experiments evaluate the swarm-level and federated-learning behavior of the proposed framework, while single-UAV field deployment evidence using a DJI Matrice 100 platform supports the feasibility of the onboard sensing, perception, and edge-inference pipeline under realistic outdoor conditions. The evaluation demonstrates stable decentralized convergence, improved energy efficiency relative to centralized baselines, robust target-tracking performance under GNSS-denied conditions, and real-time edge-compliant inference. The results establish that federated reinforcement learning can serve as a viable systems-level foundation for resilient, energy-aware, and scalable aerial swarm intelligence, advancing the state of the art in distributed autonomous robotics. ? 2026 by the authors.",Almalis N.; Tsihrintzis G.; Baris G.; Armenakis N.,2026,10.3390/electronics15143064,,Scopus
REC_1303,Design and implementation of a mini quadrotor control system in GPS denied environments,"This paper presents the design of quadrotor control architecture, based on crowd-sourcing electronics. The aim of this quadrotor is to provide a test-bed for vision-based autonomous navigation system in GPS denied environments. The control architecture consists of a cascaded structure, where an attitude controller nested in velocity and altitude controllers. The sub-controllers are all linear controllers with feedforward term to linearize the quadrotor dynamics. The control and sensor fusion algorithm is developed under Arduino compatible open source electronics, whereas the complete design also includes an additional downward facing optical flow sensor (PX4FLOW camera) for horizontal velocity estimation and vehicle altitude estimation, and a separate Linux embedded computer (Odriod-U3) for future Simultaneous Localization And Mapping (SLAM) vision algorithm development. In current stage, by utilizing the PX4FLOW sensor, it is capable of horizontal velocity control and altitude hold. Besides, a ground station GUI software is developed in MATLAB? for two-way telemetry visualization and in-air parameter tuning. ? 2015 IEEE.",Liu C.; Prior S.D.,2015,10.1109/ICUAS.2015.7152324,,Scopus
REC_1304,Formation-Constrained Cooperative Localization for UAV Swarms in GNSS-Denied Environments,"Cooperative localization is critical for UAV swarm operations in GNSS-denied environments. The backbone-listener scheme, using a small subset of agents as active backbone nodes and others as passive listeners, offers notable advantages in reducing communication overhead and enhancing swarm scalability. Building on this scheme, we propose a formation-constrained cooperative localization method to improve accuracy by integrating known formation geometry into the localization process. First, backbone node selection uses a formation-constrained greedy node activation (GNA) strategy with weighted distance fusion, combining measured and ideal formation distances to enable near-optimal selection aligned with formation structure. Second, listener node localization incorporates formation constraints into Chan?s algorithm, paired with angle-of-arrival (AOA) refinement, to ensure estimated positions match expected inter-agent distances. Third, global optimization uses a gradient descent-based refinement to enforce formation constraints across all agent positions. Our theoretical derivations and simulations are limited to the two-dimensional (2D) case. Simulation results validate the proposed method?s improved success rate, reliability, and stability. Its effectiveness is demonstrated across various formation types, with robust adaptability to asymmetric geometries shown to be a valuable feature for practical deployment. ? 2026 by the authors.",Li Q.; Wang P.; Li X.; Zhang J.; Luo Y.; Yu W.; Cheng H.,2026,10.3390/s26061984,,Scopus
REC_1306,UAV Visual Localization in GNSS-Denied Environments,"Navigating Unmanned Aerial Vehicles (UAVs) in Global Navigation Satellite System (GNSS)-denied environments requires reliable autonomous localization techniques. This study proposes a vision-based localization framework utilizing satellite true orthophotos and Digital Surface Models (DSMs) as absolute geospatial references. The algorithmic pipeline integrates deep learning architectures-specifically SuperPoint and LightGlue-to establish robust image-to-map feature correspondences. The matched correspondences are used to estimate camera exterior orientation parameters through collinearity-based spatial resection with an Iteratively Reweighted Least Squares (IRLS) approach. To validate the proposed methodology, a multi-altitude dataset (100-250 m) was acquired across structurally diverse terrains, including dense building, high vegetation, and bare ground areas. Experimental evaluations demonstrate that the framework achieves meter-level absolute positioning accuracy and stable pose estimation. Analyses further reveal that matching robustness and localization success rates depend heavily on terrain texture and flight altitude; geometrically structured urban scenes at moderate-to-high altitudes consistently yield reliable correspondences, whereas low-texture environments and lower flight altitudes present persistent challenges for continuous visual tracking. ? Author(s) 2026.",Wang T.-C.; Tsou L.-H.; Jhan J.-P.; Tang R.-S.,2026,10.5194/isprs-archives-XLIX-B1-2026-55-2026,,Scopus
REC_1308,Multi-sensor Data Fusion for Autonomous Unmanned Aerial Vehicle Navigation in GPS Denied Environments,"Although the Global Positioning System (GPS) is a cornerstone of modern navigation, its accuracy can diminish in urban areas, indoors, and intentionally jammed locations. This poses significant challenges for Unmanned Aerial Vehicles (UAVs) operating autonomously in these ?GPS-denied? environments. In this context, multi-sensor data fusion (MSDF) is suggested as a viable technique, as it integrates inputs from various sensors to create a more robust and reliable navigation solution. In this paper, a system has been developed that enables an AUAV flying along a predetermined route to reliably detect both fixed and moving obstacles in challenging environments where GPS signals are weak or absent, and to perform effective avoidance maneuvers to prevent potential collisions, offering superior situational awareness and operational efficiency. The results obtained demonstrate that the AUAV can navigate safely and accurately in complex and continuously changing environments. The findings reveal that the proposed system has the ability to reliably detect both stationary and moving obstacles in challenging environments where GPS signals are absent or weak, and to perform effective avoidance maneuvers to prevent potential collisions in real time. ? (2024), (Research Institute of Intelligent Computer Systems). All rights reserved.",ELMAS E.E.; ALKAN M.,2024,10.47839/ijc.23.4.3762,,Scopus
REC_1309,Vision-Based Unmanned Aerial Vehicle Swarm Cooperation and Online Point-Cloud Registration for Global Localization in Global Navigation Satellite System-Intermittent Environments,"Highlights: What are the main findings? A unified, lightweight framework is introduced that fuses bio-inspired passive vision swarm coordination with real-time monocular point-cloud registration, enabling UAV teams to maintain formation and achieve global localization without GNSS, active ranging, or communication. Experiments with drone?drone and drone?ground robot pairs show that online cooperative map alignment improves spatial consistency compared to baseline monocular SLAM, even under heterogeneous viewpoints, sparse maps, and global positioning outage. What is the implication of the main findings? The framework provides a scalable and sensor-efficient strategy for resilient multi-drone autonomy in GNSS-intermittent environments such as tunnels, industrial interiors, underground facilities, and disaster zones. By maintaining both coordination coherence (stable, collision-free group motion) and spatial coherence (shared global map alignment), the method enables real-time cooperative navigation for mixed aerial?ground teams operating under strict payload and communication constraints. Reliable autonomy for drones operating in GNSS-intermittent or denied environments requires both stable inter-vehicle coordination and a shared global understanding of the environment. This paper presents a unified vision-based framework in which UAVs use biologically inspired swarm behaviors together with online monocular point-cloud registration to achieve real-time global localization. First, we apply a passive-perception strategy, bird-inspired drone swarm-keeping, enabling each UAV to estimate the relative motion and proximity of its neighbors using only monocular visual cues. This decentralized mechanism provides cohesive and collision-free group motion without GNSS, active ranging, or explicit communication. Second, we integrate this capability with a cooperative mapping pipeline in which one or more drones acting as global anchors generate a globally referenced monocular SLAM map. Vehicles lacking global positioning progressively align their locally generated point clouds to this shared global reference using an iterative registration strategy, allowing them to infer consistent global poses online. Other autonomous vehicles optionally contribute complementary viewpoints, but UAVs remain the core autonomous agents driving both mapping and coordination due to their privileged visual perspective. Experimental validation in simulation and indoor testbeds with drones demonstrates that the integrated system maintains swarm cohesion, improves spatial alignment by more than a factor of four over baseline monocular SLAM, and preserves reliable global localization throughout extended GNSS outages. The results highlight a scalable, lightweight, and vision-based approach to resilient UAV autonomy in tunnels, industrial environments, and other GNSS-challenged settings. ? 2026 by the authors.",Garcia G.; Eskandarian A.,2026,10.3390/drones10010065,,Scopus
REC_1310,Enhancing Autonomous Navigation in GNSS-Denied Environment: Obstacle Avoidance Observability-Based Path Planning for ASLAM,"Obstacle avoidance (OA) is necessary for any path planning in outdoor environment to prevent any collision with the obstacles in natural environment. In this paper, a quadrotor navigates using Active Simultaneously Localization and Mapping (ASLAM) in GNSS-denied outdoor environment. In ASLAM, the quadrotor path is defined using real-time Observability Based Path Planning (OBPP) method, autonomously. To prepare using of the OBPP in outdoor environment, it is necessary to add the ability of OA to it. So, the OA-OBPP method is introduced which defines the path based on terrestrial landmarks while preventing any collision with the obstacles. This approach is developed by redefining a dataset of in range landmarks while all of the landmark in the vicinity of the obstacles are removed from the in-range landmarks dataset. To evaluate the performance of the proposed method, simulations of the OA-OBPP algorithm are conducted for a simplified 6-Degree of Freedom (DOF) quadrotor using MATLAB. The simulations evaluate the efficiency, accuracy and robustness of the proposed method. Results across various scenarios show that the method effectively avoids collisions with obstacles while simultaneously determining a path to the goal. Additionally, a comparison of the position estimation RMSE with Monte Carlo PP highlights the accuracy of the OA-OBPP. The robustness of the method, tested with varying initial positions, demonstrates its success in real-time path planning (PP) from any starting point to the destination without collisions. The results confirm that the OA-OBPP enhances the robot's capability to perform real-time, autonomous, and robust path planning in outdoor environments, even in the absence of GNSS signals, through visual navigation. ? 2024 Department of Agribusiness, Universitas Muhammadiyah Yogyakarta. All rights reserved.",Elahian S.; Atashgah M.A.A.; Suwarno I.,2024,10.18196/jrc.v5i6.23519,,Scopus
REC_1313,A smart hybrid vision aided inertial navigation system approach for UAVs in a GNSS denied environment,"This paper presents a smart hybrid vision-aided inertial navigation system (VAINS) for enhancing the navigation accuracy of UAVs in GNSS-denied environments. The proposed system consists of GNSS, INS, monocular visual odometry (VO) based on optical flow and regression trees, a Gaussian process regression (GPR), and extended Kalman filter (EKF) for data fusion. Although a variety of monocular VO-based on photogrammetric, structure from motion, and machine learning approaches have been proposed to assist the navigation process, the accuracy of 3-D positioning using these techniques is still affected by some factors such as the lack of the observed features, incorrect matches, and the accumulated positioning drift errors. Therefore, the development of a reliable navigation system that can handle such challenges is necessary. In this system, the GPR algorithm is deployed to model these errors when the GNSS signal is available and to correct them when the GNSS signal is lost. ? 2018 Institute of Navigation",Mostafa M.M.; Moussa A.M.; El-Sheimy N.; Sesay A.B.,2018,10.1002/navi.270,,Scopus
REC_1316,Automated Method for SLAM Evaluation in GNSS-Denied Areas,"The automated inspection and mapping of engineering structures are mainly based on photogrammetry and laser scanning. Mobile robotic platforms like unmanned aerial vehicles (UAVs) and unmanned ground vehicles (UGVs), but also handheld platforms, allow efficient automated mapping. Engineering structures like bridges shadow global navigation satellite system (GNSS), which complicates precise localization. Simultaneous localization and mapping (SLAM) algorithms offer a sufficient solution, since they do not require GNSS. However, testing and comparing SLAM algorithms in GNSS-denied areas is difficult due to missing ground truth data. This work presents an approach to measuring the performance of SLAM in indoor and outdoor GNSS-denied areas using a terrestrial scanner Leica RTC360 and a tachymeter to acquire point cloud and trajectory information. The proposed method is independent of time synchronization between robot and tachymeter and also works on sparse SLAM point clouds. For the evaluation of the proposed method, three LiDAR-based SLAM algorithms called KISS-ICP, SC-LIO-SAM, and MA-LIO are tested using a UGV equipped with two light detection and ranging (LiDAR) sensors and an inertial measurement unit (IMU). KISS-ICP is based solely on a single LiDAR scanner and SC-LIO-SAM also uses an IMU. MA-LIO, which allows multiple (different) LiDAR sensors, is tested on a horizontal and vertical one and an IMU. Time synchronization between the tachymeter and SLAM data during post-processing allows calculating the root mean square (RMS) absolute trajectory error, mean relative trajectory error, and the mean point cloud to reference point cloud distance. It shows that the proposed method is an efficient approach to measure the performance of SLAM in GNSS-denied areas. Additionally, the method shows the superior performance of MA-LIO in four of six test tracks with 5 to 7 cm RMS trajectory error, followed by SC-LIO-SAM and KISS-ICP in last place. SC-LIO-SAM reaches the lowest point cloud to reference point cloud distance in four of six test tracks, with 4 to 12 cm. ? 2023 by the authors.",Merkle D.; Reiterer A.,2023,10.3390/rs15215141,,Scopus
REC_1317,Cooperative visual-slam system for uav-based target tracking in gps-denied environments: A target-centric approach,"Autonomous tracking of dynamic targets by the use of Unmanned Aerial Vehicles (UAVs) is a challenging problem that has practical applications in many scenarios. In this context, a fundamental aspect that must be addressed has to do with the position estimation of aerial robots and a target to control the flight formation. For non-cooperative targets, their position must be estimated using the on-board sensors. Moreover, for estimating the position of UAVs, global position information may not always be available (GPS-denied environments). This work presents a cooperative visual-based SLAM (Simultaneous Localization and Mapping) system that allows a team of aerial robots to autonomously follow a non-cooperative target moving freely in a GPS-denied environment. One of the contributions of this work is to propose and investigate the use of a target-centric SLAM configuration to solve the estimation problem that differs from the well-known World-centric and Robot-centric SLAM configurations. In this sense, the proposed approach is supported by theoretical results obtained from an extensive nonlinear observability analysis. Additionally, a control system is proposed for maintaining a stable UAV flight formation with respect to the target as well. In this case, the stability of control laws is proved using the Lyapunov theory. Employing an extensive set of computer simulations, the proposed system demonstrated potentially to outperform other related approaches. ? 2020 by the authors.",Trujillo J.-C.; Munguia R.; Urzua S.; Grau A.,2020,10.3390/electronics9050813,,Scopus
REC_1320,Radar and visual odometry integrated system aided navigation for UAVS in GNSS denied environment,"Drones are becoming increasingly significant for vast applications, such as firefighting, and rescue. While flying in challenging environments, reliable Global Navigation Satellite System (GNSS) measurements cannot be guaranteed all the time, and the Inertial Navigation System (INS) navigation solution will deteriorate dramatically. Although different aiding sensors, such as cameras, are proposed to reduce the effect of these drift errors, the positioning accuracy by using these techniques is still affected by some challenges, such as the lack of the observed features, inconsistent matches, illumination, and environmental conditions. This paper presents an integrated navigation system for Unmanned Aerial Vehicles (UAVs) in GNSS denied environments based on a Radar Odometry (RO) and an enhanced Visual Odometry (VO) to handle such challenges since the radar is immune against these issues. The estimated forward velocities of a vehicle from both the RO and the enhanced VO are fused with the Inertial Measurement Unit (IMU), barometer, and magnetometer measurements via an Extended Kalman Filter (EKF) to enhance the navigation accuracy during GNSS signal outages. The RO and VO are integrated into one integrated system to help overcome their limitations, since the RO measurements are affected while flying over non-flat terrain. Therefore, the integration of the VO is important in such scenarios. The experimental results demonstrate the proposed system?s ability to significantly enhance the 3D positioning accuracy during the GNSS signal outage. ? 2018 by the authors. Licensee MDPI, Basel, Switzerland.",Mostafa M.; Zahran S.; Moussa A.; El-Sheimy N.; Sesay A.,2018,10.3390/s18092776,,Scopus
REC_1322,Indoor SLAM for Micro Aerial Vehicles Control Using Monocular Camera and Sensor Fusion,"This paper represents research in progress in Simultaneous Localization and Mapping (SLAM) for Micro Aerial Vehicles (MAVs) in the context of rescue and/or recognition navigation tasks in indoor environments. In this kind of applications, the MAV must rely on its own onboard sensors to autonomously navigate in unknown, hostile and GPS denied environments, such as ruined or semi-demolished buildings. This article aims to investigate a SLAM technique that fuses visual information and measurements from the inertial measurement unit (IMU), to robustly obtain the 6DOF pose estimation of a MAV within a local map of the environment. The monocular visual SLAM algorithm along with the IMU calculate the pose estimation through an Extended Kalman Filter (EKF). The system consists of a low-cost commercial drone and a remote control unit to computationally afford the SLAM algorithms using a distributed node system based on ROS (Robot Operating System). Some experimental results show how sensor fusion improves the position estimation and the obtained map under different test conditions. ? 2016 IEEE.",Garc?a S.; L?pez M.E.; Barea R.; Bergasa L.M.; G?mez A.; Molinos E.J.,2016,10.1109/ICARSC.2016.46,,Scopus
REC_1323,Robust and accurate deterministic visual odometry,"Finding alternative technologies for GNSS-denied environments is a key to extend the capability and robustness of autonomous vehicle and mapping application. A solution to the problem is vision-simultaneous-localization and mapping. Since cameras are light weights, robust and passive sensors, they are leading candidates for GNSS-denied environment technology. Accuracy and robustness are the two main concerns regarding these technologies. While high accuracy is achieved thanks to loop-closing (correct position when crossing places that where already visited) [1], robustness is achieved thanks to an accurate short-term visual odometry. Hence SOFT-SLAM [2] the currently top-ranking stereo vision methods on KITTI benchmark [3] focused on pure visual odometry [4] before to deal with Simultaneous Localization And Mapping. In this paper we present a novel algorithm for fast and robust stereo odometry based on hybrid stereo and monocular algorithm. First, interest points in the images are selected using circular matching of features between left and right, current and next images, using a sparse feature descriptor described in Stereoscan [5]. Then rotation and translation between two consecutive poses are estimated separately. A mean square is used for translation estimation whereas a parametrization of epipolar constraint similar to [6] is used for rotation estimation. Experimental results show that the proposed algorithm achieves state of the art translation error on KITTI benchmark using the KITTI evaluation metric [3]. According to this metric, it has already lower mean translational and rotational error than state of the art SLAM algorithm such as ORB-SLAM2[1] while our algorithm is a pure visual odometry algorithm. We also tested our algorithm in inertial aided situation using the EuRoC MAV dataset[7] where we also achieved competitive results. Our algorithm processes a frame in 0.07s on average on a single core at 3Ghz. This allows real time odometry outputs. ? 2020 Proceedings of the 33rd International Technical Meeting of the Satellite Division of the Institute of Navigation, ION GNSS+ 2020. All rights reserved.",B?net P.; Guinamard A.,2020,10.33012/2020.17586,,Scopus
REC_1327,Invariant observer-based state estimation for micro-aerial vehicles in GPS-denied indoor environments using an RGB-D camera and MEMS inertial sensors,"This paper presents a non-linear state observer-based integrated navigation scheme for estimating the attitude, position and velocity of micro aerial vehicles (MAV) operating in GPS-denied indoor environments, using the measurements from low-cost MEMS (micro electro-mechanical systems) inertial sensors and an RGB-D camera. A robust RGB-D visual odometry (VO) approach was developed to estimate the MAV's relative motion by extracting and matching features captured by the RGB-D camera from the environment. The state observer of the RGB-D visual-aided inertial navigation was then designed based on the invariant observer theory for systems possessing symmetries. The motion estimates from the RGB-D VO were fused with inertial and magnetic measurements from the onboard MEMS sensors via the state observer, providing the MAV with accurate estimates of its full six degree-of-freedom states. Implementations on a quadrotor MAV and indoor flight test results demonstrate that the resulting state observer is effective in estimating the MAV's states without relying on external navigation aids such as GPS. The properties of computational efficiency and simplicity in gain tuning make the proposed invariant observer-based navigation scheme appealing for actual MAV applications in indoor environments. ? 2015 by the authors; licensee MDPI, Basel, Switzerland.",Li D.; Li Q.; Tang L.; Yang S.; Cheng N.; Song J.,2015,10.3390/mi6040487,,Scopus
REC_1330,UAV VISUAL AUTOLOCALIZATON BASED on AUTOMATIC LANDMARK RECOGNITION,"Deploying an autonomous unmanned aerial vehicle in GPS-denied areas is a highly discussed problem in the scientific community. There are several approaches being developed, but the main strategies yet considered are computer vision based navigation systems. This work presents a new real-time computer-vision position estimator for UAV navigation. The estimator uses images captured during flight to recognize specific, well-known, landmarks in order to estimate the latitude and longitude of the aircraft. The method was tested in a simulated environment, using a dataset of real aerial images obtained in previous flights, with synchronized images, GPS and IMU data. The estimated position in each landmark recognition was compatible with the GPS data, stating that the developed method can be used as an alternative navigation system. ? Authors 2017.",Filho P.S.; Shiguemori E.H.; Saotome O.,2017,10.5194/isprs-annals-IV-2-W3-89-2017,,Scopus
REC_1331,"Model-Based RL Decision-Making for UAVs Operating in GNSS-Denied, Degraded Visibility Conditions with Limited Sensor Capabilities","Autonomy in Unmanned Aerial Vehicle (UAV) navigation has enabled applications in diverse fields such as mining, precision agriculture, and planetary exploration. However, challenging applications in complex environments complicate the interaction between the agent and its surroundings. Conditions such as the absence of a Global Navigation Satellite System (GNSS), low visibility, and cluttered environments significantly increase uncertainty levels and cause partial observability. These challenges grow when compact, low-cost, entry-level sensors are employed. This study proposes a model-based reinforcement learning (RL) approach to enable UAVs to navigate and make decisions autonomously in environments where the GNSS is unavailable and visibility is limited. Designed for search and rescue operations, the system enables UAVs to navigate cluttered indoor environments, detect targets, and avoid obstacles under low-visibility conditions. The architecture integrates onboard sensors, including a thermal camera to detect a collapsed person (target), a 2D LiDAR and an IMU for localization. The decision-making module employs the ABT solver for real-time policy computation. The framework presented in this work relies on low-cost, entry-level sensors, making it suitable for lightweight UAV platforms. Experimental results demonstrate high success rates in target detection and robust performance in obstacle avoidance and navigation despite uncertainties in pose estimation and detection. The framework was first assessed in simulation, compared with a baseline algorithm, and then through real-life testing across several scenarios. The proposed system represents a step forward in UAV autonomy for critical applications, with potential extensions to unknown and fully stochastic environments. ? 2025 by the authors.",Boiteau S.; Vanegas F.; Galvez-Serna J.; Gonzalez F.,2025,10.3390/drones9060410,,Scopus
REC_1332,A Relative Infrastructure-less Localization Algorithm for Decentralized and Autonomous Swarm Formation,"Decentralized and autonomous control of Unmanned Aerial Vehicle (UAV) swarms is a key enabler for cooperative systems and infrastructure-less formation flights. However, UAVs often lack reliable heading angle measurements, especially in indoor scenarios, space, and GNSS-denied environments, posing an additional observability challenge on range-based relative localization. We tackle this problem by proposing a novel solution enhancing the classical tag-and-anchor trilateration. The proposed solution relies on Ultra-wideband range measurements and addresses the relative pose estimation between pairs of UAVs under relative motion. Furthermore, it does not require any explicit motion pattern or initialization procedure and leverages an approximate maximum-likelihood algorithm to recursively solve the relative localization problem with constant computational complexity. The method has been implemented and demonstrated through field experiments, where a swarm of nano-UAVs positioned themselves with respect to a leader in a nearly-static formation with an average error of 38.5 cm and a convergence time of 25 s. The achieved formation accuracy is similar to the one achieved by the state-of-the-art EKF-based leader-follower methods. ? 2023 IEEE.",Schindler D.; Niculescu V.; Polonelli T.; Palossi D.; Benini L.; Magno M.,2023,10.1109/IROS55552.2023.10342168,,Scopus
REC_1337,CPFL: Resilient Continuous UAV Localization via Cross-View Perception and Particle Filtering,"Achieving long-term, continuous, and accurate localization for Unmanned Aerial Vehicles (UAVs) in outdoor GNSS-denied environments where pre-existing reference maps are available is challenging. To this end, this paper proposes a Cross-view Particle Filter Localization (CPFL) framework. Unlike existing particle filter approaches that rely on inertial sensors for state propagation or sparse semantic labels for observation updates, CPFL is a vision-driven solution. This framework introduces specific adaptations into the two core stages of particle filtering: In the motion propagation stage, it achieves visual state transition by calculating a feature-based inter-frame homography mapping to estimate the 2D global relative motion components, eliminating the dependency on inertial priors; in the observation correction stage, a Dual-Granularity Adaptive Gating (DGAG) cross-view network is designed to mitigate perceptual aliasing and generate discriminative absolute position weights for the particles. By fusing these two stages through a filter mechanism, the framework transforms unbounded cumulative drift into bounded absolute localization errors. Furthermore, addressing the measurement deficiencies of traditional single-frame metrics, this paper also proposes a Trajectory Continuity Index (TCI@d) tailored for continuous localization tasks. Experiments on the real-world MAFS dataset confirm that this framework achieves a mean localization error of 5.28 m and a localization success rate of 89.7% under a 10-m threshold. Compared with mainstream vision-only algorithms and IMU-fusion baselines, this framework demonstrates lower mean errors and improved trajectory continuity, validating its effectiveness for long-term robustness. ? 2026 by the authors.",Su C.; Yuan J.; Zheng E.; Xu W.; Liu Z.; Hu J.,2026,10.3390/drones10060437,,Scopus
REC_1341,Consensus and Quantum Particle Swarm Optimization-Based Cooperative Navigation Method,"In Global Navigation Satellite System (GNSS)-denied environments, swarm unmanned aerial vehicle (UAV) systems face the challenge of losing absolute localization information, which in turn leads to a rapid dispersion of system navigation errors. To this end, this paper proposes a consensus-enhanced particle filter algorithm using error constraints and quantum particle swarm optimization (C-EC-QPF) for cooperative navigation of swarm UAVs. The proposed method abandons the traditional weight concept in particle filters and introduces an error constraints enhanced quantum particle swarm optimization (QPSO) during the resampling stage, effectively mitigating particle impoverishment and sample size dependency. Additionally, the consensus algorithm is employed to optimize inter-UAV information exchange during cooperative navigation, enabling effective fusion of swarm navigation information on top of filtering, thereby enhancing overall navigation performance. Simulation results show that compared with other improved particle filter methods, the method proposed in this paper improves positioning accuracy for swarm UAVs in GNSS-denied environments and exhibits superior robustness. ? Press of Acta Aeronautica et Astronautica Sinica 2026.",Zhang C.; Hu H.; Zhang B.; Zeng H.,2026,10.1007/978-981-95-3025-0_38,,Scopus
REC_1342,A comparison of UWB and motion capture uav indoor positioning,"The number of applications involving unmanned aerial vehicles (UAVs) grew dramatically during the last decade. Despite such incredible success, the use of drones is still quite limited in GNSS denied environment: indeed, the availability of a reliable GNSS estimates of the drone position is still fundamental in order to enable most of the UAV applications. Given such motivations, in this paper an alternative positioning system for UAVs, based on low cost ultra-wideband band (UWB) is considered. More specifically, this work aims at assessing the positioning accuracy of UWB-based positioning thanks to the comparison with positions provided by a motion capture (MoCap) system. Since the MoCap accuracy is much higher than that of the UWB system, it can be safely used as a reference trajectory for the validation of UWB estimates. In the considered experiment the UWB system allowed to obtain a root mean square error of 39.4 cm in 3D positioning based on the use of an adaptive extended Kalman filter, where the measurement noise covariance was adaptively estimated. ? Authors 2019.",Masiero A.; Fissore F.; Antonello R.; Cenedese A.; Vettore A.,2019,10.5194/isprs-archives-XLII-2-W13-1695-2019,,Scopus
REC_1344,An Efficient Real-Time Indoor Autonomous Navigation and Path Planning System for Drones Based on RGB-D Sensor,"An efficient real-time autonomous drone navigation and path planning system is proposed by using an RGB-D sensor in the GPS-denied indoor environment. Firstly, the RGB images and their corresponding depth images collected by the sensor were used for real-time pose estimation and dense point cloud map reconstruction based on ORB-SLAM (Simultaneous Localization And Mapping system based on the ORiented BRIEF feature). With the attitude angle data from the Inertial Measurement Unit (IMU) used in the pose initialization, the SLAM system can provide a more accurate pose information, and therefore a better 3D map when the drone flies with a high speed. In the second phase, a simple and efficient pathfinding program was developed. In this procedure, the point cloud map data would be translated to a map based on the octree structure, which contains the occupied and free voxels. The size of occupied nodes in the octree map is three times smaller than that of free nodes, which ensures more free area for the drone?s flight. Every free voxel in the octree map was set to have enough space for the drone to cross. An improved A* algorithm map was used to plan the route based on the octree. The simulation result showed that this efficient pathfinding method can reduce execution time and memory space significantly. In the actual flight, a local path planning system was proposed to avoid obstacles in real time. ? Springer Nature Singapore Pte Ltd. 2020.",Xiao R.; Du H.; Xu C.; Wang W.,2020,10.1007/978-981-32-9050-1_4,,Scopus
REC_1346,Tag-based visual-inertial localization of unmanned aerial vehicles in indoor construction environments using an on-manifold extended Kalman filter,"Automated visual data collection using autonomous unmanned aerial vehicles (UAVs) can improve the accessibility and accuracy of the frequent data required for indoor construction inspections and tracking. However, robust localization, as a critical enabler for autonomy, is challenging in ever-changing, cluttered, GPS-denied indoor construction environments. Rapid alterations and repetitive low-texture areas on indoor construction sites jeopardize the reliability of typical vision-based solutions. This research proposes a tag-based visual-inertial localization method for off-the-shelf UAVs with only a camera and an inertial measurement unit (IMU). Given that tag locations are known in the BIM, the proposed method estimates the UAV's global pose by fusing inertial data and tag measurements using an on-manifold extended Kalman filter (EKF). The root-mean-square error (RMSE) achieved in our experiments in laboratory and simulation, being as low as 2 ? 5 cm, indicates the potential of deploying the proposed method for autonomous navigation of low-cost UAVs in indoor construction environments. ? 2021",Kayhani N.; Zhao W.; McCabe B.; Schoellig A.P.,2022,10.1016/j.autcon.2021.104112,,Scopus
REC_1347,A Ground Moving Target Tracking System for a Quadrotor in GPS-Denied Environments,"This paper presents a fully autonomous quadrotor helicopter for a ground target tracking mission. Our navigation scheme by integrating inertial navigation system (INS), optical flow, and altimeter is proposed to achieve motion estimation in GPS-denied environments. The optical flow based localization algorithm is designed to estimate the translational velocity and position, and an extended Kalman filter (EKF) is employed to estimate the flight altitude and vertical velocity of the quadrotor. A downward-looking camera is installed at the bottom of the quadrotor so as to achieve autonomous detection and tracking of a ground moving target. As visual observations of the special target can be obtained, the reference trajectories of the quadrotor will be generated according to the target moving trajectories. An improved cascaded proportional-integral-derivative (PID) controller based on visual feedback is designed for the quadrotor helicopter. A finite state machine (FSM) is used to accomplish the whole autonomous flight process robustly. Finally, the superiority tracking performance of the proposed controller is verified by real-time indoor experiments. ? 2022, The Editor(s) (if applicable) and The Author(s), under exclusive license to Springer Nature Singapore Pte Ltd.",Guo J.; Chen Z.; Wang J.; Zou P.,2022,10.1007/978-981-15-8155-7_246,,Scopus
REC_1350,GO-SLAM: GPS-Aided Visual-Inertial SLAM for Adaptive UAV Navigation in Outdoor-Indoor Environments,"This article introduces a GPS-aided visual-inertial simultaneous localization and mapping (SLAM) system named GO-SLAM. This proposed system optimizes uncrewed aerial vehicles (UAVs)-based search and rescue (SAR) operations by enabling efficient navigation in transition areas between indoor and outdoor environments. Therefore, the UAV addresses challenges posed by intermittent GPS signals and limited features for visual odometry (VO). GO-SLAM optimizes local pose estimation by leveraging available GPS signals and inertial data from visual-inertial odometry (VIO). The system incorporates kinodynamic path search, which employs a hierarchical, time-optimal trajectory planning method to ensure comprehensive coverage. The efficacy of GO-SLAM is evaluated through scenarios involving transition areas with unreliable or absent GPS signals, followed by simulations and real-world experiments to validate its adaptive navigation capabilities. ? 2025 IEEE. All rights reserved,",Wicaksono M.; Shin S.Y.,2025,10.1109/TIM.2025.3538081,,Scopus
REC_1351,A UWB-AOA/IMU Integrated Navigation System for 6-DoF Indoor UAV Localization,"With the increasing deployment of unmanned aerial vehicles (UAVs) in indoor environments, the demand for high-precision six-degrees-of-freedom (6-DoF) localization has grown significantly. Ultra-wideband (UWB) technology has emerged as a key enabler for indoor UAV navigation due to its robustness against multipath effects and high-accuracy ranging capabilities. However, conventional UWB-based systems primarily rely on range measurements, operate at low measurement frequencies, and are incapable of providing attitude information. This paper proposes a tightly coupled error-state extended Kalman filter (TC?ESKF)-based UWB/inertial measurement unit (IMU) fusion framework. To address the challenge of initial state acquisition, a weighted nonlinear least squares (WNLS)-based initialization algorithm is proposed to rapidly estimate the UAV?s initial position and attitude under static conditions. During dynamic navigation, the system integrates time-difference-of-arrival (TDOA) and angle-of-arrival (AOA) measurements obtained from the UWB module to refine the state estimates, thereby enhancing both positioning accuracy and attitude stability. The proposed system is evaluated through simulations and real-world indoor flight experiments. Experimental results show that the proposed algorithm outperforms representative fusion algorithms in 3D positioning and yaw estimation accuracy. ? 2025 by the authors.",Zhao P.; Zhang H.; Liu G.; Cui X.; Lu M.,2025,10.3390/drones9080546,,Scopus
REC_1353,Ultra-wideband and odometry-based cooperative relative localization with application to multi-UAV formation control,"This puts forth an infrastructure-free cooperative relative localization (RL) for unmanned aerial vehicles (UAVs) in global positioning system (GPS)-denied environments. Instead of estimating relative coordinates with vision-based methods, an onboard ultra-wideband (UWB) ranging and communication (RCM) network is adopted to both sense the inter-UAV distance and exchange information for RL estimation in 2-D spaces. Without any external infrastructures prepositioned, each agent cooperatively performs a consensus-based fusion, which fuses the obtained direct and indirect RL estimates, to generate the relative positions to its neighbors in real time despite the fact that some UAVs may not have direct range measurements to their neighbors. The proposed RL estimation is then applied to formation control. Extensive simulations and real-world flight tests corroborate the merits of the developed RL algorithm. ? 2013 IEEE.",Guo K.; Li X.; Xie L.,2020,10.1109/TCYB.2019.2905570,,Scopus
REC_1356,Autonomous quadrotor collision avoidance and destination seeking in a GPS-denied environment,"We present a new integrated guidance and control method for autonomous collision avoidance and navigation in an unmapped GPS-denied environment that contains unknown obstacles. The algorithm is implemented on an experimental custom quadrotor that uses onboard vision sensing (i.e., an Intel RealSense R200) to detect the positions of obstacles. We demonstrate autonomous collision avoidance and destination seeking in experiments, where the quadrotor navigates unknown GPS-denied environments. All feedback measurements are obtained from onboard sensors. The new guidance and control algorithm uses a nonlinear inner-loop attitude controller; a nonlinear middle-loop velocity controller; and an ellipsoidal-potential-field outer-loop guidance algorithm for collision avoidance and destination seeking. The main analytic result regarding the inner-loop control shows that every quadrotor attitude with pitch between ? 90 ? is a locally exponentially stable equilibrium of the closed-loop attitude dynamics, and we quantify the region of attraction for each attitude equilibrium. ? 2020, Springer Science+Business Media, LLC, part of Springer Nature.",Kirven T.; Hoagg J.B.,2021,10.1007/s10514-020-09949-2,,Scopus
REC_1358,An experimental analysis of outdoor UAV localisation through diverse estimators and crowd-sensed data fusion,"Motivated by the challenge of achieving precise 3D outdoor localisation for unmanned aerial vehicles (UAVs) in global navigation satellite system (GNSS)-denied environments, this paper introduces an innovative technique. Integrating crowd-sensed data fusion to counter inertial navigation system (INS) drift during GNSS signal outages, the proposed method exploits diverse estimators to enhance its efficacy. A micro lightweight frequency modulated continuous wave (FMCW) radar mounted on the UAV captures ground scatterer reflections, processed via fast Fourier transform (FFT) to generate a range-Doppler map. This map facilitates forward velocity estimation during GNSS signal loss. This approach employs adaptive thresholding, image binarisation, and connected components-based techniques for target detection from a computer vision standpoint. The derived radar-based velocity fuses with magnetometer, barometer, and inertial measurement unit (IMU) data using diverse estimators like extended Kalman filter (EKF) and particle filter (PF). Real-time flight data evaluation and simulated outage periods using EKF and PF validate the outdoor localisation system. Experimental analyses demonstrate substantial improvements, enhancing 3D positioning accuracy by 99.89% and 99.83% for the initial and subsequent flights, respectively, leveraging PF to fortify the standalone INS mode during GNSS signal loss. This approach significantly enhances UAV localisation precision, particularly in challenging GNSS-denied scenarios, showcasing the potential for real-world applications. ? 2024 The Author(s)",Ahmed M.M.; Shawky M.A.; Zahran S.; Moussa A.; EL-Shimy N.; Elmahallawy A.A.; Ansari S.; Shah S.T.; Abdellatif A.G.,2024,10.1016/j.phycom.2024.102475,,Scopus
REC_1359,Low-Compute Event-Based Navigation for Micro-Drones in Confined Subterranean Environments,"Micro-drones under 250g offer unique potential for exploring confined subterranean environments such as mines, tunnels, and caves, where larger robots cannot operate. However, complete autonomous explore-and-return navigation in such GPS-denied spaces remains highly challenging for these platforms: existing topological and metric SLAM methods require lidar-class sensors or GPU-class compute, exceeding strict size-weight-power budgets. We present a novel topological navigation pipeline designed from the ground up for sparse depth sensing and CPU-only compute. Our approach builds confidence-aware radial profiles from sparse ToF arrays, applies potential-based stabilization to filter transient junction detections, and adapts landmark matching to accumulated odometry drift through covariancescaled search gates. Rotation-invariant Fourier descriptors enable re-identification during return navigation despite different approach headings. We validate the system using hardware-in-the-loop simulation on the target embedded platform (RADXA Zero 2 Pro, ARM Cortex-A55), running the event-perception pipeline at 2 Hz alongside higher-rate odometry and control. To our knowledge, this is the first complete explore-and-return pipeline for sub-250g platforms using sparse ToF-based event perception on CPU-only embedded compute.  ? 2026 IEEE.",Hen T.; Arogeti S.,2026,10.1109/ICUAS69441.2026.11598632,,Scopus
REC_1361,Range-based collaborative relative navigation for multiple unmanned aerial vehicles using consensus extended Kalman filter,"Precise relative navigation between unmanned aerial vehicles (UAVs) in a GNSS-denied environment is a critical technology enabling collaborative missions. Range-based relative navigation allows other onboard optical sensors to be used for missions instead of for tracking other formation members. However, range-based relative navigation suffers from a well-known ambiguous solution problem. Approaches developed in previous studies include the use of one or more anchors, optical-flow measuring velocity, or multiple range sensors to solve the observability of the estimated states. In this study, a novel range-based collaborative relative navigation algorithm for multiple fixed-wing UAVs is proposed by integrated ranging-sensor with other commonly used onboard sensors such as low-cost IMUs, where anchor, optical-flow measurement or multi ranging sensor is not required. A relative motion estimation model is established in a floating horizontal frame; the sensor biases are augmented in the model to solve the colored noise problem. The observability of the estimated states is analyzed, and the observable criteria to guide the flight are obtained by introducing the Lie derivative criteria. The relative position vector must not be a constant in both direction and distance, and non-rectilinear trajectory is also required to obtain observability. A decentralized estimation strategy based on a consensus extended Kalman filter is designed for the system, with several physical constraints on the estimation in constructing the consensus to improve the observability. The proposed algorithm is tested and verified using standard Monte Carlo simulations. The simulation results indicate that the full state is observable if the observable criteria are satisfied. The sensitivity of the relative localization accuracy to the sensors and motion is presented and discussed. It is shown that the uncertainties from ranging-sensors and IMUs contribute more to the performance of the estimation. The estimated uncertainties of the sensor biases are also promising, and can potentially be used to improve the absolute navigation of UAVs. ? 2021 Elsevier Masson SAS",Gong B.; Wang S.; Hao M.; Guan X.; Li S.,2021,10.1016/j.ast.2021.106647,,Scopus
REC_1363,CSLAM and GPS based navigation for multi-UAV cooperative transportation system,"Multi-UAV cooperative technology is developing vigorously due to its convenience and expandability. In the future, more and more military or civilian transport tasks will be accomplished by multi-UAV. At present, the biggest problem of long-distance transportation is that GPS signal is not available throughout the whole journal. In this paper, we propose a complete navigation scheme for the multi-UAV cooperative transportation system in the two cases with or without GPS signal, which is designed based on visual simultaneous localization and mapping (SLAM) and GPS. If the multi-UAV cooperative system is in the GPS-denied environment, the system will make real-time positioning and mapping through collaborative SLAM (CSLAM). In this case, the relative position between the UAVs, and their absolute positions as well are available under the proposed scheme. On the contrary, if the multi-UAV cooperative transportation system can detect the GPS signal, GPS will provide a high accuracy correction of the CSLAM, and finally output more precise information compared to CSLAM only. Moreover, the navigation scheme can switch automatically according to the presence or absence of GPS signal in the process of task without human intervention. Different data sets are used for experiments, including multi-UAV CSLAM, and the fusion of CSLAM and GPS. The experiment results show the efficiency and accuracy of the proposed navigation scheme. ? 2019, Springer Nature Switzerland AG.",Yu H.; Zhang F.; Huang P.,2019,10.1007/978-3-030-27535-8_29,,Scopus
REC_1365,Coordination and Planning Algorithms for a UAS Fleet in GPS-Denied Environments,"Achieving reliable and precise navigation for unmanned aerial vehicles (UAVs) in GPSdenied or GPS-degraded environments remains a critical challenge, particularly when accurate localization and continuous inter-vehicle communication are essential. This paper presents an Extended Kalman Filter (EKF)-based cooperative localization framework that utilizes odometry, heading, and range measurements from onboard sensors and inter-vehicle communication. To enhance localization accuracy and fleet robustness, two novel cooperative navigation strategies are proposed: (i) a landmark-assisted sequential guidance strategy designed to incrementally improve individual UAV localization through strategic assistive positioning, and (ii) a dynamic triangular-formation strategy aimed at preserving fleet cohesion, ensuring robust communication, and maintaining accurate localization through structured motion coordination. Simulation results demonstrate that both approaches significantly enhance UAV fleet localization performance and mission success compared to independent navigation methods, underscoring their effectiveness in complex and uncertain operating conditions. ? 2026, American Institute of Aeronautics and Astronautics Inc, AIAA. All rights reserved.",Kumar N.; Ganeshan R.; Rathinam S.; Darbha S.,2026,10.2514/6.2026-1091,,Scopus
REC_1370,Cooperative navigation for UAVs in GNSS-denied area based on optimized belief propagation,"A multitude of individual unmanned aerial vehicle (UAV) cooperatively self-organized as a swarm attracts increasing attention for exploration and parallel tasks. Accurate position is essential for UAVs to avoid collision and implement control. Although the Global Navigation Satellite System (GNSS) has been integrated in UAV, it is susceptible to disruption. In this paper, we propose a novel cooperative navigation framework based on optimized belief propagation (BP) in the GNSS-denied area. Specifically, we derive a directional uncertainty model to characterize the position information of UAVs with different dynamic motions. With this model, we improve the navigation performance by designing a weighted uncertainty belief propagation (WUBP) based on information evaluation. Simulation and experimental results validate that in the dynamic scenarios, the proposed WUBP can make the swarm reap the benefits of more accurate positional estimate from UAVs with less maneuvers, higher-grade of INS or shorter time interval of GNSS signal lost. ? 2022 Elsevier Ltd",Li J.; Yang G.; Cai Q.; Niu H.; Li J.,2022,10.1016/j.measurement.2022.110797,,Scopus
REC_1374,Monocular visual slam based on a cooperative uav?target system,"To obtain autonomy in applications that involve Unmanned Aerial Vehicles (UAVs), the capacity of self-location and perception of the operational environment is a fundamental requirement. To this effect, GPS represents the typical solution for determining the position of a UAV operating in outdoor and open environments. On the other hand, GPS cannot be a reliable solution for a different kind of environments like cluttered and indoor ones. In this scenario, a good alternative is represented by the monocular SLAM (Simultaneous Localization and Mapping) methods. A monocular SLAM system allows a UAV to operate in a priori unknown environment using an onboard camera to simultaneously build a map of its surroundings while at the same time locates itself respect to this map. So, given the problem of an aerial robot that must follow a free-moving cooperative target in a GPS denied environment, this work presents a monocular-based SLAM approach for cooperative UAV?Target systems that addresses the state estimation problem of (i) the UAV position and velocity, (ii) the target position and velocity, (iii) the landmarks positions (map). The proposed monocular SLAM system incorporates altitude measurements obtained from an altimeter. In this case, an observability analysis is carried out to show that the observability properties of the system are improved by incorporating altitude measurements. Furthermore, a novel technique to estimate the approximate depth of the new visual landmarks is proposed, which takes advantage of the cooperative target. Additionally, a control system is proposed for maintaining a stable flight formation of the UAV with respect to the target. In this case, the stability of control laws is proved using the Lyapunov theory. The experimental results obtained from real data as well as the results obtained from computer simulations show that the proposed scheme can provide good performance. ? 2020 by the authors. Licensee MDPI, Basel, Switzerland.",Trujillo J.-C.; Munguia R.; Urzua S.; Guerra E.; Grau A.,2020,10.3390/s20123531,,Scopus
REC_1378,Optical Flow Sensor/INS/Magnetometer Integrated Navigation System for MAV in GPS-Denied Environment,"The drift of inertial navigation system (INS) will lead to large navigation error when a low-cost INS is used in microaerial vehicles (MAV). To overcome the above problem, an INS/optical flow/magnetometer integrated navigation scheme is proposed for GPS-denied environment in this paper. The scheme, which is based on extended Kalman filter, combines INS and optical flow information to estimate the velocity and position of MAV. The gyro, accelerator, and magnetometer information are fused together to estimate the MAV attitude when the MAV is at static state or uniformly moving state; and the gyro only is used to estimate the MAV attitude when the MAV is accelerating or decelerating. The MAV flight data is used to verify the proposed integrated navigation scheme, and the verification results show that the proposed scheme can effectively reduce the errors of navigation parameters and improve navigation precision. Copyright ? 2016 Chong Shen et al.",Shen C.; Bai Z.; Cao H.; Xu K.; Wang C.; Zhang H.; Wang D.; Tang J.; Liu J.,2016,10.1155/2016/6105803,,Scopus
REC_1379,VLM-Guided and Spatially Consistent Cross-View Matching and Localization of UGVs in UAV-Stitched Map,"Highlights: What are the main fundings? A novel cross-view matching and localization (CVML) framework aligns UGV images with UAV-stitched maps in GNSS-denied environments. The proposed VSCM-Net introduces two attention modules?the VLM-guided positional correction module and the shape-aware attention module?to preserve semantic and topological consistency across aerial and ground views, and the UGV-UAV matching is conducted accordingly. What is the implication of the main finding? The method enables accurate and robust localization of UGVs on UAV-stitched maps, achieving reliable trajectory estimation and navigation without GPS, which offers significant advantages for applications such as disaster response and emergency rescue. In Global Navigation Satellite System (GNSS)-denied urban environments, unmanned ground vehicles (UGVs) face significant difficulties in maintaining reliable localization due to occlusion and structural complexity. Unmanned aerial vehicles (UAVs), with their global perspective, provide complementary information for cross-view matching and localization of UGVs. However, robust cross-view matching and localization are hindered by geometric distortions, semantic inconsistencies, and the lack of stable spatial anchors, limiting the effectiveness of conventional methods. To overcome these challenges, we proposed a cross-view matching and localization (CVML) framework that contains two components. The first component is the Vision-Language Model (VLM)-guided and spatially consistent cross-view matching network (VSCM-Net), which integrates two novel attention modules. One is the VLM-guided positional correction module that leverages semantic cues to refine the projected UGV image within the UAV map, and the other is the shape-aware attention module that enforces topological consistency across ground and aerial views. The second component is a ground-to-aerial mapping module that projects cross-view correspondences from the UGV image onto the UAV-stitched map, thereby localizing the capture position of the UGV image and enabling accurate trajectory-level localization and navigation. Extensive experiments on public and self-collected datasets demonstrate that the proposed method achieves superior accuracy, robustness, and real-world applicability compared with state-of-the-art methods in both cross-view image matching and localization. ? 2025 by the authors.",Yang Y.; Ma X.; Jiang Z.; Sun P.; Zhao X.; Xie Y.; Qian W.,2025,10.3390/drones9120873,,Scopus
REC_1383,AIM: Acoustic Inertial Measurement for Indoor Drone Localization and Tracking,"We present Acoustic Inertial Measurement (AIM), a one-of-a-kind technique for indoor drone localization and tracking. Indoor drone localization and tracking are arguably a crucial, yet unsolved challenge: in GPS-denied environments, existing approaches enjoy limited applicability, especially in Non-Line of Sight (NLoS), require extensive environment instrumentation, or demand considerable hardware/software changes on drones. In contrast, AIM exploits the acoustic characteristics of the drones to estimate their location and derive their motion, even in NLoS settings. We tame location estimation errors using a dedicated Kalman filter and the Interquartile Range rule (IQR). We implement AIM using an off-the-shelf microphone array and evaluate its performance with a commercial drone under varied settings. Results indicate that the mean localization error of AIM is 46% lower than commercial UWB-based systems in complex indoor scenarios, where state-of-the-art infrared systems would not even work because of NLoS settings. We further demonstrate that AIM can be extended to support indoor spaces with arbitrary ranges and layouts without loss of accuracy by deploying distributed microphone arrays.  ? 2022 Owner/Author.",Sun Y.; Wang W.; Mottola L.; Wang R.; He Y.,2023,10.1145/3560905.3568499,,Scopus
REC_1384,Combined laser and vision-aided inertial navigation for an indoor unmanned aerial vehicle,"As unmanned aerial vehicles are used in more environments, flexible navigation strategies are required to ensure safe and reliable operation. Operation in the presence of degraded or denied GPS signal is critical in many environments, particularly indoors, in urban canyons, and hostile areas. Two techniques, laser-based simultaneous localization and mapping (SLAM) and monocular visual SLAM, in conjunction with inertial navigation, have attracted considerable attention in the research community. This paper presents an integrated navigation system combining both visual SLAM and laser SLAM with an EKF-based inertial navigation system. The monocular visual SLAM system has fully correlated vehicle and feature states. The laser SLAM system is based on a Monte Carlo scan-to-map matching, and leverages the visual data to reduce ambiguities in the pose matching. The system is validated in full 6 degree of freedom simulation, and in flight test. A key feature of the work is that the system is validated with a controller in the navigation loop. ? 2014 American Automatic Control Council.",Magree D.; Johnson E.N.,2014,10.1109/ACC.2014.6858995,,Scopus
REC_1386,LightdenseYOLO: A fast and accurate marker tracker for autonomous UAV landing by visible light camera sensor on drone,"Autonomous landing of an unmanned aerial vehicle or a drone is a challenging problem for the robotics research community. Previous researchers have attempted to solve this problem by combining multiple sensors such as global positioning system (GPS) receivers, inertial measurement unit, and multiple camera systems. Although these approaches successfully estimate an unmanned aerial vehicle location during landing, many calibration processes are required to achieve good detection accuracy. In addition, cases where drones operate in heterogeneous areas with no GPS signal should be considered. To overcome these problems, we determined how to safely land a drone in a GPS-denied environment using our remote-marker-based tracking algorithm based on a single visible-light-camera sensor. Instead of using hand-crafted features, our algorithm includes a convolutional neural network named lightDenseYOLO to extract trained features from an input image to predict a marker?s location by visible light camera sensor on drone. Experimental results show that our method significantly outperforms state-of-the-art object trackers both using and not using convolutional neural network in terms of both accuracy and processing time. ? 2018 by the authors. Licensee MDPI, Basel, Switzerland.",Nguyen P.H.; Arsalan M.; Koo J.H.; Naqvi R.A.; Truong N.Q.; Park K.R.,2018,10.3390/s18061703,,Scopus
REC_1393,ST-DCL: A Spatio-Temporally Decoupled Cooperative Localization Method for Dynamic Drone Swarms,"Highlights: What are the main findings? We establish a novel differential equation model that rigorously quantifies the joint impact of abrupt kinematic changes and network connectivity on spatio-temporal error propagation in dynamic drone swarms, providing a predictive error bound. We propose ST-DCL, a cooperative localization framework that innovatively integrates a Dynamic Weighted MDS optimizer and a Spatio-Temporal Graph Neural Network, achieving closed-loop spatio-temporal error decoupling and suppression. What are the implications of the main findings? The proposed framework provides a theoretically grounded and provably convergent localization system for highly dynamic and NLOS-prone environments, enhancing the reliability of drone swarms in GPS-denied missions. ST-DCL demonstrates a 21% improvement in normalized localization error over state-of-the-art optimization methods (MDS, FC-MDS, dwMDS, and vMDS) in simulations. More importantly, it significantly outperforms deep learning baselines (e.g., ST-GAT) in out-of-distribution real-world tests, demonstrating superior generalization and robustness. This indicates strong potential for reliable deployment in search and rescue, surveillance, and other autonomous swarm applications. In GPS-denied environments, the spatio-temporal coupling of errors caused by dynamic network topologies poses a fundamental challenge to cooperative localization, presenting existing methods with a dilemma: approaches pursuing global optimization lack dynamic adaptability, while those focusing on local adaptation struggle to guarantee global convergence. To address this challenge, this paper proposes ST-DCL, a cooperative localization framework based on a novel principle of closed-loop spatio-temporal decoupling. The core of ST-DCL comprises two modules: a Dynamic Weighted Multidimensional Scaling (DW-MDS) optimizer, responsible for providing a globally consistent coarse estimate with provable convergence, and a specially designed Spatio-Temporal Graph Neural Network (ST-GNN) corrector, tasked with compensating for local nonlinear errors. The DW-MDS effectively suppresses interference from historical errors via an adaptive sliding window and confidence weights derived from our error propagation model. The key innovation of the ST-GNN lies in its two newly designed components: a Dynamic Topological Attention Module for actively modulating neighbor aggregation to inhibit spatial error diffusion, and a Dilated Causal Convolution Module for modeling long-term temporal dependencies to curb error accumulation. These two modules form a closed loop via a confidence feedback mechanism, working in synergy to achieve continuous error suppression. Theoretical analysis indicates that the framework exhibits bounded-error convergence under dynamic topologies. In simulations involving 200 nodes, velocities up to 50 m/s, and 15% NLOS links, the ST-DCL achieves a normalized root mean square error (NRMSE) of 0.0068, representing a 21% performance improvement over state-of-the-art methods. The practical efficacy and real-time capability are further validated through real-world flight experiments with a 10-UAV swarm in complex, GPS-denied scenarios. ? 2026 by the authors.",Wu H.; Shi Z.; Wu Z.; Xu H.; Tu Z.,2026,10.3390/drones10010069,,Scopus
REC_1395,Fast Monocular Visual-Inertial Odometry With Point-Line Features and Vanishing Point Constraints,"Visual-inertial odometry (VIO) is widely used in autonomous driving, robots, and drones in global navigation satellite system (GNSS)-denied environments. Current VIO methods primarily rely on point features for tracking in the visual front end. However, point-feature-based methods often perform poorly in challenging scenes, such as illumination changes and low textures. Extracting line features as a supplement from images can alleviate the above issues, but it introduces considerable computational overhead. Furthermore, degeneracy is more likely to occur with line features. To address these, we propose a fast monocular VIO that integrates point-line features and vanishing point constraints. We improve the EDLines algorithm by adaptively adjusting the gradient threshold and designing a short-line merging algorithm, which reduces computational time and yields higher quality line features. In addition, we introduce a parallel line filtering algorithm and estimate vanishing points based on it to solve the problem of degeneracy. Experiment results show that the line feature extraction of our method is much faster than that of visual?inertial odometry using point and line features (PL-VIO), and visual?inertial SLAM with point and line features (PL-VINS), and our method also demonstrates better localization accuracy and robustness in challenging scenes. ? 2017 IEEE.",Sun J.; Wang R.,2025,10.1109/LSENS.2025.3565321,,Scopus
REC_1397,Bio-inspired monocular drone SLAM,"Drone navigation in GPS-denied, indoor environments, is still a challenging problem. As drones can perceive the environment from a richer set of viewpoints, simultaneous localization and mapping (SLAM) becomes more complex, while having stringent compute and energy constraints. To tackle that problem, this research displays a biologically inspired deep-learning algorithm for monocular SLAM on a drone platform. We propose an unsupervised representation learning method that yields low-dimensional latent state descriptors, that mitigates the sensitivity to perceptual aliasing, and works on power-efficient, embedded hardware. We compare our method against ORB-SLAM3, and showcase increased robustness and an order of magnitude lower memory overhead.  ? 2022 Owner/Author.",Catal O.; Verbelen T.; Wang N.; Hartmann M.; Dhoedt B.,2022,10.1145/3522784.3522788,,Scopus
REC_1400,Indoor SLAM for micro aerial vehicles using visual and laser sensor fusion,"This paper represents research in progress in Simultaneous Localization and Mapping (SLAM) for Micro Aerial Vehicles (MAVs) in the context of rescue and/or recognition navigation tasks in indoor environments. In this kind of applications, the MAV must rely on its own onboard sensors to autonomously navigate in unknown, hostile and GPS denied environments, such as ruined or semidemolished buildings. This article aims to investigate a new SLAM technique that fuses laser and visual information, besides measurements from the inertial unit, to robustly obtain the 6DOF pose estimation of a MAV within a local map of the environment. Laser is used to obtain a local 2D map and a footprint estimation of the MAV position, while a monocular visual SLAM algorithm enlarges the pose estimation through an Extended Kalman Filter (EKF). The system consists of a commercial drone and a remote control unit to computationally afford the SLAM algorithms using a distributed node system based on ROS (Robot Operating System). Some experimental results show how sensor fusion improves the position estimation and the obtained map under different test conditions. ? Springer International Publishing Switzerland 2016.",L?pez E.; Barea R.; G?mez A.; Saltos ?.; Bergasa L.M.; Molinos E.J.; Nemra A.,2016,10.1007/978-3-319-27146-0_41,,Scopus
REC_1401,TSFNet: A Two-Stage Fusion Network for Visual?Inertial Odometry,"In autonomous operations of unmanned aerial vehicles (UAVs), accurate pose estimation is a core prerequisite for achieving autonomous navigation, obstacle avoidance, and task execution. To address the challenge of localization in GNSS-denied environments, Visual?Inertial Odometry (VIO) has emerged as a mainstream solution due to its outstanding performance. However, existing deep learning-based VIO methods exhibit limitations in their multi-modal fusion mechanisms. These methods typically employ simple concatenation or attention mechanisms for feature fusion. Furthermore, enhancements in accuracy are often accompanied by significant computational overhead. This makes it difficult for models to effectively handle complex, dynamic scenes while remaining lightweight. To this end, this paper proposes TSFNet (Two-stage Sequential Fusion Network), an efficient two-stage sequential fusion network. In the first stage, the network employs a lightweight visual backbone and a bidirectional recurrent network in parallel to extract spatial and motion features, respectively. A gated fusion unit is employed to achieve adaptive intra-frame feature fusion, dynamically balancing the contributions of different modalities. In the second stage, the fused features are organized into sequences and fed into a dedicated temporal network to explicitly model inter-frame motion dynamics. This decoupled fusion architecture significantly enhances the model?s representational capacity. Experimental results demonstrate that TSFNet achieves superior performance on both the EuRoC and Zurich Urban MAV datasets. Notably, on the Zurich Urban MAV dataset, it reduces the localization Root Mean Square Error (RMSE) by 62% compared to the baseline model, while simultaneously reducing the number of parameters and computational load by 76.65% and 24.30%, respectively. This research confirms that the decoupled two-stage fusion strategy is an effective approach for realizing high-precision, lightweight VIO systems. ? 2025 by the authors.",Wang S.; Liang Y.; Lin J.; Gan Y.; Zhong M.; Yin X.; Peng B.,2025,10.3390/math13233842,,Scopus
REC_1409,Invariant observer design of a RGB-D aided inertial system for MAV in GPS-denied environments,"This paper presents an non-linear observer framework that uses low-cost inertial measurement units (IMU) and RGB-D sensor to provide position, attitude and velocity estimates for micro aerial vehicles (MAV) in GPS-denied environments. The data fusion of inertial measurements and RGB-D motion estimates is performed through the observer, which is based on the invariant observer approach for symmetry possessing systems. The gains of the invariant observer are computed using an adaption of the invariant Extended Kalman Filter (IEKF). In addition, a robust RGB-D odometry algorithm is proposed to estimate the relative motions using successive images captured by the RGB-D sensor, which is used as an aiding measurement for accurate state estimation. The proposed approach guarantees a simplified form of estimation error dynamics, as well as simplified calculation of observer gains. The resulting observer is implemented on a quadrotor MAV and successfully validated through indoor flight tests. Experimental results demonstrate that the proposed observer is effective in estimating the motion states of the MAV in GPS-denied environments. ? 2013 IEEE.",Li D.; Li Q.; Cheng N.; Song J.; Wu Q.; Tang L.,2013,10.1109/SMC.2013.443,,Scopus
REC_1410,Train of Autonomous Aerial Vehicles for Subterranean Exploration with SLAM Capabilities,"This work realizes a system of drones for the exploration of caves and lava tubes. The presented system consists of lightweight quadcopters that employ Visual-Inertial Odometry for real-time localization and Time of Flight occupancy grid mapping for real-time 3D mapping, yielding similar results to the online SLAM solution but without the need for a 360 degree 3D LiDAR scanner. A waypoint-based Leader-Follower algorithm and a custom MAVLink-based ground station are deployed to control the system and direct the swarm of UAVs in a train configuration. Software-in-the-Loop simulations and complete system flight tests in an artificial cave environment area conducted to evaluate system communication, navigation, and 3D mapping ability. Robust leader-follower configuration, 3D occupancy mapping at resolutions of 0.05 meter, and accurate localization in GPS-denied and low-light conditions are all demonstrated. ? 2025, American Institute of Aeronautics and Astronautics Inc, AIAA. All rights reserved.",Blanchard N.; Parker A.; Mahalanobis A.; Shkarayev S.,2025,10.2514/6.2025-2067,,Scopus
REC_1411,Detecting and Localizing Objects on an Unmanned Aerial System (UAS) Integrated with a Mobile Device,"There is a strong need for Unmanned Aerial Systems (UAS) that can navigate autonomously using visual information for GPS denied and other degraded environments. In this paper, a system architecture is proposed that utilizes visual-inertial odometry (VIO) and object recognition and localization for a quadrotor UAS. It also incorporates communication with an Android Team Awareness Kit (ATAK) device, allowing users to share situational awareness of the UAS in real-time. The system architecture is validated through experiments in which a human is detected and localized as the object of interest.  ? 2021 IEEE.",Kim J.; Lin K.; Nogar S.M.; Larkin D.; Korpela C.M.,2021,10.1109/ICUAS51884.2021.9476850,,Scopus
REC_1414,RAIL: Robust Acoustic Indoor Localization for Drones,"Navigating in environments where the GPS signal is unavailable, weak, purposefully blocked, or spoofed has become crucial for a wide range of applications. A prime example is autonomous navigation for drones in indoor environments: to fly fully or partially autonomously, drones demand accurate and frequent updates of their locations. This paper proposes a Robust Acoustic Indoor Localization (RAIL) scheme for drones designed explicitly for GPS-denied environments. Instead of depending on GPS, RAIL leverages ultrasonic acoustic signals to achieve precise localization using a novel hybrid Frequency Hopping Code Division Multiple Access (FH-CDMA) technique. Contrary to previous approaches, RAIL is able to both overcome the multipath fading effect and provide precise signal separation in the receiver. Comprehensive simulations and experiments using a prototype implementation demonstrate that RAIL provides high-accuracy three-dimensional localization with an average error of less than 1.5 cm. ? 2022 IEEE.",Famili A.; Stavrou A.; Wang H.; Park J.-M.J.,2022,10.1109/VTC2022-Spring54318.2022.9860933,,Scopus
REC_1415,Review of vision-based reinforcement learning for drone navigation: Review of vision-based reinforcement learning..: A. Aburaya et al.,"In recent years, Unmanned aerial vehicles (UAVs) have witnessed a surge in popularity and implementation for both civilian and military usage. UAVs can be utilized for a wide range of applications, including mapping, surveillance, and inspection. For many of these applications, a high level of autonomy is required. Autonomy refers to the ability to complete missions or tasks without human intervention. Autonomous navigation is an essential element of autonomy, especially in GPS-denied environments where GNSS-based navigation is not reliable. Due to size and weight limitations, many UAVs employ vision-based localization and navigation techniques for GPS-denied environments. Reinforcement Learning (RL) is also increasingly being implemented for robotic applications, including obstacle avoidance, battery management, and navigation. Existing reviews typically focus on either vision-based autonomous navigation of drones or RL navigation for drones in general, but none specifically concentrate on the use of vision-based methods and RL for drone navigation. Moreover, previous reviews have highlighted the use of reinforcement learning based on tasks such as takeoff, landing, and navigation, whereas this review categorizes the use of RL based on the navigation problem and image input types for the RL models as these define the needed hardware and processing capabilities of the system. We define the current challenges and limitations for vision based RL navigation to provide direction for future works. Finally we provide an analysis of the favorable conditions for each category and the possibility of combining multiple categories to overcome the disadvantages of each. ? The Author(s), under exclusive licence to Springer Nature Singapore Pte Ltd. 2024.",Aburaya A.; Selamat H.; Muslim M.T.,2024,10.1007/s41315-024-00356-9,,Scopus
REC_1417,Cellular Communication-Based Autonomous UAV Navigation with Obstacle Avoidance for Unknown Indoor Environments,"The technology of Unmanned Aerial Vehicles (UAV) has been the subject of pioneering research in recent years. Also, the subject has been used in various situations for both outdoor and indoor. In this paper, a cellular communication-based autonomous UAV Navigation is proposed that enables UAVs to maneuver independently in previously unknown and GPS-denied indoor environments with LiDAR sensors. The main idea of the proposed scheme is to implement LTE connection to UAV Navigation and compared it to a Wi-Fi connection. We have proposed that autonomous UAV navigation system for unknown environment like indoor. This system relies on the combination of ROS-based Hector SLAM systems, 2D-LiDAR sensor and LTE connection. The performance of proposed scheme is evaluated as the error distance and exploration time for unknown area like indoor environment. The mapping efficiency of LTE connection is 57.5% greater than the Wi-Fi connection. Computation time for flight is approximately 200 seconds. ? 2021",Choi Y.J.; Ramatryana I.N.A.; Shin S.Y.,2021,10.22266/ijies2021.0430.31,,Scopus
REC_1419,Vision/INS/Altimeter-Based Navigation and Control for Autonomous Drones in Indoor Environments,"In this study, we aim to develop a navigation and control system that enables drones to fly autonomously with high accuracy in indoor environments, including narrow aisles. First, we propose an EKF-based visionaided inertial navigation system with altimeter (VINSALT), which combines monocular-SLAM results with data from the IMU and altimeter. In addition, a detection and correction system is designed to reduce altimeter errors caused by changes in ground surface characteristics, such as steps and slopes. Furthermore, a flight control system that achieves both trajectory tracking performance and robustness is developed. Finally, the effectiveness of the entire system is validated through autonomous flight control experiments in an indoor environment. ? Fuji Technology Press Ltd.",Suzuki S.,2025,10.20965/jrm.2025.p0815,,Scopus
REC_1420,SLAM technology in unmanned aerial vehicle,"Unmanned Aerial Vehicle (UAV) is an aircraft with broad application prospects, and its navigation and positioning technology development is crucial to realize autonomous flight and mission execution. This paper introduces the structure and related key technologies of SLAM technology in UAV application and looks forward to the future development direction. Regarding navigation and autonomous flight, SLAM technology can help UAVs locate and plan paths in complex environments, and support indoor cruise and task execution. In terms of 3D modeling and scene reconstruction, SLAM technology can obtain environmental information through the drone's vision and laser sensors, and build an accurate 3D map. In addition, SLAM technology can also be applied to search and rescue missions, drone formation and collaborative work, and visual augmented reality. The advancement of SLAM algorithms and hardware technology has made the application of SLAM on UAVs more common and mature, providing more innovation and application opportunities for UAVs' autonomy, perception capabilities, and collaborative work capabilities. ? 2024 Author(s).",Huang H.,2024,10.1063/5.0215082,,Scopus
REC_1421,Efficient Three Dimensional Formation Control for Unmanned Aerial Vehicles in GPS-Denied Environments,"This paper considers the control problem for leader-follower unmanned aerial vehicles (UAVs) to maintain a three-dimensional (3D) formation in GPS-denied environments. The controller derivation is based on a 3D dynamics model that uses the distance, azimuth and elevation angles, defined in a local spherical coordinate frame, to describe the relative motion between two UAVs. To ease the derivation process and to generate an efficient controller that does not demand considerable onboard computational resources, this paper employs a design process that integrates the feedback linearization approach, a linear-quadratic regulator (LQR), and the differential flatness method. The proposed controller is tested in a simulated environment where the follower UAV is commanded to follow a predefined 3D formation with respect to the leader UAV that tracks a circular orbit with intermittently varying desired airspeed and orbit radius. The simulation result shows that the controller is able to drive the follower UAV to quickly converge to and maintain the desired formation only using the relative distance and orientation information in a GPS-denied environment. The proposed controller also shows its comparable performance in comparison to an existing Backstepping controller on the basis of converging speed, steady-state error, overshoot, and computational efficiency. ? 2021 American Automatic Control Council.",Selje R.; Al-Radaideh A.; Sun L.,2021,10.23919/ACC50511.2021.9483176,,Scopus
REC_1422,Improved UKF-SLAM with Lie Group Operation and Robust Feature Tracking for Motion Vehicles,"This paper proposes an improved simultaneous localization and mapping (SLAM) algorithm based on tightly coupled camera images and IMU data, which provides accurate and robust localization for autonomous vehicles and unmanned aerial vehicles (UAV), especially for those in GPS-denied environments. Many research efforts have demonstrated the effectiveness of fusing camera images and inertial data with the Unscented Kalman filter (UKF), but there is still one tricky problem about the non-linearity of the kinematics of rotations. To address this issue, we propose a novel UKF-SLAM approach by rebuilding system and measurement models based on the Lie group and Lie algebra, which obtains state estimates with reasonably high accuracy. Besides, we also offer a new method to handle corner matching outliers, which only causes slightly additional computation costs but eliminates outliers and enhances corner tracking robustness. Results from extensive experimental data have validated the effectiveness of the proposed approach, and this method also achieves comparable precision to the state-of-art. ? 2021 Institute of Physics Publishing. All rights reserved.",Huang X.; Liang Z.; Zhang K.; Liu P.,2021,10.1088/1742-6596/2095/1/012036,,Scopus
REC_1427,Cooperative navigation using pairwise communication with ranging and magnetic anomaly measurements,"The problem of cooperative localization for a small group of unmanned aerial vehicles (UAVs) in a Global Navigation Satellite System-denied environment is addressed in this paper. The presented approach contains two sequential steps: first, an algorithm called cooperative ranging localization, formulated as an extended Kalman filter, estimates each UAV?s relative pose inside the group using intervehicle ranging measurements; second, an algorithm named cooperative magnetic localization, formulated as a particle filter, estimates each UAV?s global pose through matching the group?s magnetic anomaly measurements to a given magnetic anomaly map. In this study, each UAV is assumed to only perform a ranging measurement and data exchange with one other UAV at any point in time. A simulator is developed to evaluate the algorithms with magnetic anomaly maps acquired from airborne geophysical survey. The simulation results show that the average estimated position error of a group of 16 UAVs is approximately 20 m after flying about 180 km in 1 h. Sensitivity analysis shows that the algorithms can tolerate large variations of velocity, yaw rate, and magnetic anomaly measurement noises. Additionally, the UAV group shows improved position estimation robustness with both high-and low-resolution maps as more UAVs are added into the group. ? 2020 by Chizhao Yang, Jared Strader, Yu Gu, Aaron Canciani, and Kevin Brink. Published by the American Institute of Aeronautics and Astronautics, Inc.",Yang C.; Strader J.; Gu Y.; Canciani A.; Brink K.,2020,10.2514/1.I010785,,Scopus
REC_1432,GNSS/INS/VO fusion using Gated Recurrent Unit in GNSS denied environments,"Urban air mobility is a growing market, which will bring new ways to travel and to deliver items covering urban and suburban areas, at relatively low altitudes. To guarantee a safe and robust navigation, Unmanned Aerial Vehicles should be able to overcome all the navigational constraints. The paper is analyzing a novel sensor fusion framework with the aim to obtain a stable flight in a degraded GNSS environment. The sensor fusion framework is combining data coming from a GNSS receiver, an IMU and an optical camera under a loosely coupled scheme. A Federated Filter approach is implemented with the integration of two GRUs blocks. The first GRU is used to increase the accuracy in time of the INS, giving as output a more reliable position that it is fused, with the position information coming from, the GNSS receiver, and the developed Visual Odometry algorithm. Further, a master GRU block is used to select the best position information. The data is collected using a hardware in the loop setup, using AirSim, Pixhawk and Spirent GSS7000 hardware. As validation, the framework is tested, on a virtual UAV, performing a delivery mission on Cranfield university campus. Results showed that the developed fusion framework, can be used for short GNSS outages. ? 2023, American Institute of Aeronautics and Astronautics Inc, AIAA. All rights reserved.",Negru S.A.; Geragersian P.; Petrunin I.; Zolotas A.; Grech R.,2023,10.2514/6.2023-2226,,Scopus
REC_1434,"Design, Localization, Perception, and Control for GPS-Denied Autonomous Aerial Grasping and Harvesting","In this letter, we present a comprehensive UAV system design to perform the highly complex task of off-centered aerial grasping. This task has several interdisciplinary research challenges which need to be addressed at once. The main design challenges are GPS-denied functionality, solely onboard computing, and avoiding off-the-shelf costly positioning systems. While in terms of algorithms, visual perception, localization, control, and grasping are the leading research problems. Hence in this letter, we make interdisciplinary contributions: (i) a detailed description of the fundamental challenges in indoor aerial grasping, (ii) a novel lightweight gripper design, (iii) a complete aerial platform design and in-lab fabrication, and (iv) localization, perception, control, grasping systems, and an end-to-end flight autonomy state-machine. Finally, we demonstrate the resulting aerial grasping system Drone-Bee achieving a high grasping rate for a highly challenging agricultural task of apple-like fruit harvesting, indoors in a vertical farming setting (Fig. 1). To our knowledge, such a system has not been previously discussed in the literature, and with its capabilities, this system pushes aerial manipulation towards 4th generation.  ? 2016 IEEE.",Kumar A.; Behera L.,2024,10.1109/LRA.2024.3366015,,Scopus
REC_1442,GPS Denied Localization and Magnetometer-Free Yaw Estimation for Multi-rotor UAVs,"This paper presents a range-based localization scheme for multi-rotor systems in GPS denied environments and proposes a novel methodology to estimate the yaw attitude of the UAV during flight. The attitude and position are estimated by fusing the accelerometer, gyroscope, and range information using Extended Information Filter (EIF). The heading is estimated without using the magnetic sensors. All family of Gaussian filters requires the correct noise parameters for convergence and accurate estimation. An optimization technique is used for tuning the estimator's parameters. Particle-Swarm Optimization (PSO) method is used for tuning the noise (covariance matrices) in the filter with the aid of ground truth in the initial flight. The effectiveness of tuned EIF is validated on the quadcopter platform with different environments, which shows superior performance compared to the manually tuned noise parameters. The magnetometer free yaw attitude estimation is of great significance in environment having high magnetic deviation. ? 2020 IEEE.",Balaji N.; Kothari M.; Abhishek A.,2020,10.1109/ICUAS48674.2020.9213895,,Scopus
REC_1443,Study on angle-only relative navigation for unmanned aerial vehicle formation in GPS-denied environment,"To satisfy the autonomous relative navigation demand of unmanned aerial vehicle (UAV) formation in a GPS-denied environment, an angle-only relative navigation algorithm is proposed. First, the relative states in 3-dimension space are decoupled into relative motion along the horizontal plane and altitude by applying the relative azimuth between the north-east-down global frame and the body-fixed horizontal frame belonging to UAVs. Second, a relative dynamic and measurement model considering the measurement deviation of sensors are established. This solves the problem of colored noise in a majority of sensors used in practical engineering. Third, a consensus constraint model of relative states is established by introducing a geometric constraint among formation members. Additionally, a consensus-extended Kalman filter is designed. Finally, the angle-only relative navigation method is validated using standard Monte Carlo simulations. The simulation results show that all the states of the system are observable when the observability criterion is satisfied. The relative position accuracy achieved using gyros with a drift rate of 50?/h, accelerometers with 1?mg deviation, and optical cameras with 1? Gaussian white noise is within 10?m (3?). Additionally, the method proposed in this study can be used to estimate the sensor measurement deviations effectively. Furthermore, it can be potentially applied to improve the absolute navigation accuracy of UAVs. ? IMechE 2023.",Zheng Z.; Wang S.; Gong B.; Su E.; Huang H.,2023,10.1177/09544100221149235,,Scopus
REC_1448,The usefulness of sensor fusion for unmanned aerial vehicle indoor positioning,"Purpose: In this study, an indoor sensor information fusion positioning system of the quadrotor unmanned aerial vehicle (UAV) was investigated to solve the problem of unstable indoor flight positioning. Design/methodology/approach: The presented system was built on Light Detection and Ranging (LiDAR), Inertial Measurement Unit (IMU) and LiDAR-Lite devices. Based on this, one can obtain the aircraft's current attitude and the position vector relative to the target and control the attitudes and positions of the UAV to reach the specified target positions. While building a UAV positioning model relative to the target for indoor positioning scenarios under limited Global Navigation Satellite Systems (GNSS), the system detects the environment through the NVIDIA Jetson TX2 (Transmit Data) peripheral sensor, obtains the current attitude and the position vector of the UAV, packs the data in the format and delivers it to the flight controller. Then the flight controller controls the UAV by calculating the posture to reach the specified target position. Findings: The authors used two systems in the experiment. The first is the proposed UAV, and the other is the Vicon system, our reference system for comparison purposes. Vicon positioning error can be considered lower than 2?mm from low to high-speed experiments. After comparison, experimental results demonstrated that the system could fully meet the requirements (less than 50?mm) in real-time positioning of the indoor quadrotor UAV flight. It verifies the accuracy and robustness of the proposed method compared with that of Vicon and achieves the aim of a stable indoor flight preliminarily. Originality/value: Vicon positioning error can be considered lower than 2?mm from low to high-speed experiments. After comparison, experimental results demonstrated that the system could fully meet the requirements (less than 50?mm) in real-time positioning of the indoor quadrotor UAV flight. It verifies the accuracy and robustness of the proposed method compared with that of Vicon and achieves the aim of a stable indoor flight preliminarily. ? 2023, Emerald Publishing Limited.",Guo H.; Chen X.; Yu M.; Uradzi?ski M.; Cheng L.,2024,10.1108/IJIUS-01-2023-0006,,Scopus
REC_1449,Real-time multiple damage mapping using autonomous UAV and deep faster region-based neural networks for GPS-denied structures,"An autonomous unmanned aerial vehicle (UAV) system integrated with a modified faster region-based convolutional neural network (Faster R-CNN) is proposed to identify various types of structural damage and to map the detected damage a GPS-denied environment. The proposed method reduces the number of false positives significantly using a real-time streaming protocol and multi-processing, particularly in the case of very small cracks in blurry videos due to the UAV vibrations. In comparative studies, the modified Faster R-CNN using ResNet-101 as the base network showed superior performance in detecting small and blurry defects with a mean average precision of 93.31% and mean intersection-over-union of 92.16% in video frames captured by the low-cost autonomous UAV. The autonomous flights of the UAV were tested in a real large-scale parking structure to account for the high wind effects during flight. The UAV successfully followed the desired trajectories, and the Faster R-CNN detected defects accurately. ? 2021 Elsevier B.V.",Ali R.; Kang D.; Suh G.; Cha Y.-J.,2021,10.1016/j.autcon.2021.103831,,Scopus
REC_1452,Monocular Vision-Based Navigation for UAVs in Dynamic Environments,"Unmanned aerial vehicles flying in GPS-denied environments often utilize widely-available monocular cameras to aid in guidance, navigation, and control. This work presents a monocular vision-based simultaneous localization and mapping (SLAM) framework that allows a UAV flying in a GPS-denied environment to estimate the position and velocity of a platform or other rigid body whose state is initially not known accurately. The framework uses Harris corners detected in the image stream as measurements that are fused with data from an onboard IMU to inform a Bierman?Thornton Extended Kalman Filter (BTEKF). The filter relies on a database of ?features? in the environment. Previous work, including from our laboratory, has stored features in the state vector by using the inverse depth parametrization (IDP) with ?anchors? that serve as reference points for the features. This work proposes a novel scheme for storing anchors for the problem of moving platform state estimation, namely using a relative vector rather than the previously established standard, which is the absolute position of the camera upon observation of the feature. The efficacy of the SLAM framework has been demonstrated in a series of MATLAB simulations. ? 2025, American Institute of Aeronautics and Astronautics Inc, AIAA. All rights reserved.",Perumalla A.; Johnson E.,2026,10.2514/6.2026-1960,,Scopus
REC_1453,A Graph-Optimization-Based tightly coupled Multi-Source positioning method for UAVs in GNSS-Denied environments,"To address UAV positioning in GNSS-denied environments, this study proposes a tightly coupled IMU?vision?UWB localization method. A structured visual feature optimization strategy is first developed to improve feature uniformity and robustness through adaptive thresholding, density balancing, and grayscale-gradient fusion. A graph-optimization-based fusion framework is then constructed, incorporating UWB?IMU joint initialization and UWB differential-residual-enhanced global constraints. With an adaptive sliding window and IMU pre-integration compensation, the framework improves localization accuracy and real-time performance while alleviating temporal asynchrony. Finally, experimental results show that the optimized visual features increase ORB matched points by 11.8% and improve accuracy by 5% over ORB, while achieving better distribution uniformity than SIFT and ORB. On the VIRAL dataset, front-end replacement experiments demonstrate that the Structured Visual Feature Optimization Method shows good engineering practicality within a fixed back-end framework and the proposed location method achieves the lowest RMSE across all nine sequences, demonstrating superior overall localization accuracy and trajectory-level robustness in real-world UAV scenarios. In real flight experiments, it attains RMSEs of 0.480 m under high-dynamic conditions and 0.286 m under steady-state conditions. Ablation results show that the adaptive sliding window improves frame rate, while the other modules enhance accuracy. Comparative experiments confirm that the proposed method achieves a better trade-off between accuracy and efficiency in both high-dynamic and steady-state scenarios. ? 2026 Elsevier Ltd",Lu J.; Zhang Z.; Qi Y.; Song P.,2026,10.1016/j.measurement.2026.121787,,Scopus
REC_1455,Cross-Modal Images Matching Based Enhancement to MEMS INS for UAV Navigation in GNSS Denied Environments,"A new cross-modal image matching method is proposed to solve the problem that unmanned aerial vehicles (UAVs) are difficult to navigate in GPS-free environment and night environment. In this algorithm, infrared image or visible image is matched with satellite visible image. The matching process is divided into two steps, namely, coarse matching and fine alignment. Based on the dense structure features, the coarse matching algorithm can realize the position update above 10 Hz with a small amount of computation. Based on the end-to-end matching network, the fine alignment algorithm can align the multi-sensor image with the satellite image under the condition of interference. In order to obtain the position and heading information with higher accuracy, the fusion of the information after visual matching with the inertial information can restrain the divergence of the inertial navigation position error. The experiment shows that it has the advantages of strong anti-interference ability, strong reliability, and low requirements on hardware, which is expected to be applied in the field of unmanned navigation. ? 2023 by the authors.",Han S.; Zhao M.; Wang K.; Dong J.; Su A.,2023,10.3390/app13148238,,Scopus
REC_1461,Indoor GPS-denied context based SLAM aided guidance for autonomous unmanned aerial systems,"Autonomous exploration and mapping of environments is an important problem in robotics. Efficient exploration of structured environments requires that the robot utilize region-specific exploration strategies and coordinate with search other agents. This paper details the exploration and guidance system of a multi-quadrotor unmanned aerial system (UAS) capable of exploring cluttered indoor areas without relying on any external aides. Specifically, a graph-based frontier search algorithm which is aided by an onboard Simultaneous Localization and Mapping (SLAM) system is developed and flight tested. A technique is developed in for segmenting an indoor office-like environment into regions and to utilize the SLAM map to conduct specific activities in these regions. A goal-directed exploration strategy is created building on existing hybrid deliberative-reactive approaches to exploration. An obstacle avoidance and guidance system is implemented to ensure that the vehicle explores maximum indoor area while avoiding obstacles. The environment is explored and regions are segmented by detecting rooms and hallways which expedites the search. The multi-vehicle system is Georgia Tech Aerial Robotic Team's entry for the annual International Aerial Robotics Competition (IARC).",Bershadsky D.; Johnson E.,2013,10.2514/6.2013-4989,,Scopus
REC_1462,CBF-Based Collision Avoidance Approach of the Mine Inspection UAV in the Narrow GNSS-Denied Environments,"This paper addresses the crucial problem of collision avoidance for unmanned aerial vehicles (UAVs) employed in mine inspection within narrow environments devoid of Global Navigation Satellite System (GNSS) signals. A novel approach based on Control Barrier Functions (CBF) is proposed. In such adverse circumstances, obtaining high-precision maps in advance is highly improbable, and precise localization is rendered extremely challenging due to the severe conditions that substantially impair sensor performance. To tackle these issues, this paper adopts velocity control, which depends exclusively on the state variables obtained from current sensor readings to govern the body-frame velocity of the UAV. Kalman filtering is applied to attenuate the white noise produced by the sensors, thereby augmenting the data reliability. Furthermore, the CBF-based mechanism is integrated to ensure efficient collision avoidance during the mine inspection process. Simulation experiments validate that the proposed method facilitates basic centralized inspection, close-range inspection at specific instants, and successfully accomplishes the avoidance of three obstacles. Comparative studies reveal that, in contrast to the traditional Artificial Potential Field (APF) method, the CBF-based approach demonstrates superior collision avoidance performance, proffering a viable solution for the safe operation of mine inspection UAVs in GNSS-denied narrow environments.  ? 2025 IEEE.",Yang J.; Fang J.; Cao H.; Zhi Y.; Zhou J.; Liu L.,2025,10.1109/CCDC65474.2025.11090999,,Scopus
REC_1464,Vision based Autonomous QuadCopter Navigation through Narrow Gaps using Visual Servoing and Monocular SLAM,"In this paper we show a vision based autonomous quad-copter navigation through a narrow gap or window. The goal is to provide an effective solution to a problem of urban UAV search and rescue mission scenario, such as, fire detection and quenching situation in a high rise building. Such scenario may demand a GPS denied navigation and requires extensive use of on-board vision sensors and processors. In this paper, using on-board vision sensor based localization and visual servoing, we show a method to demonstrate a UAV autonomous navigation to enter a building through a narrow window. The entire mission scenario is divided into two phases, where the first phase comprises an effective visual servoing based approach trajectory generation and execution. In the terminal phase, the vision sensors may fail to locate the desired target features due to the constraints in view angle geometry. To compensate that a non-linear guidance law based trajectory following method is used which generates a monocular SLAM based phantom target locus and provides a consistent homing control. We have experimentally demonstrated and evaluated the method in a real world scenario with substantial success rate. ? 2019 IEEE.",Bera T.; Sinha A.; Sadhu A.K.; Dasgupta R.,2019,10.1109/ICC47138.2019.9123153,,Scopus
REC_1467,Tightly-Coupled EKF-Based Radar-Inertial Odometry,"Multicopter Unmanned Aerial Vehicles (UAV) are small and agile robots with the potential to become prominent in performing autonomous tasks in various Global Navigation Satellite System (GNSS)-denied environments. These environments can potentially be rendered even more challenging due to external factors impairing the robot's perception, such as low or too bright light, permeation with aerosols or smoke. A precondition of autonomous operation, though, is the ability of a robot to accurately localize itself in the surrounding environment. Millimeter-wave Frequency Modulated Continuous Wave (FMCW) radar sensors are resilient to the aforementioned factors while being lightweight, inexpensive and highly accurate. In this paper, we present a Radar-Inertial Odometry (RIO) method for estimating the full 6DoF pose and 3D velocity of a UAV. In an Extended Kalman Filter (EKF) framework, we fuse range measurements and velocity measurements of 3D points detected by an FMCW radar sensor together with Inertial Measurement Unit (IMU) readings. In real experiments we show that our approach enables accurate state estimation of a UAV and that it exhibits improvements over similar existing state-of-the-art method. ? 2022 IEEE.",Michalczyk J.; Jung R.; Weiss S.,2022,10.1109/IROS47612.2022.9981396,,Scopus
REC_1470,A Coarse-to-Fine Localization Algorithm for UAVs Based on Heterogeneous Image Matching,"To enable unmanned aerial vehicles (UAVs) to achieve rapid and precise localization in Global Positioning System denied environments, this article proposes a coarse-to-fine autonomous localization framework for UAV from the perspective of heterogeneous visual matching. Initially, a Quality-Aware Template Matching SqueezeNet was devised with the aim of accomplishing coarse localization by template matching between the images captured by UAVs and reference satellite images. Subsequently, a more refined UAV localization algorithm was designed. Based on the approximate position acquired through template matching, accurate localization was achieved by means of graph neural network feature matching. Furthermore, in order to mitigate the impact of noncoplanarity conditions on the localization results, geo-semantic information was introduced to facilitate the filtering of feature points. The efficacy of the algorithm was demonstrated through experimentation conducted in actual typical navigation scenarios. Experimental results indicate that, in visually feature-rich areas, the average localization error was less than 2 m, whereas in visually sparse areas, the error remained within 13 m. It is notable that our approach does not require prior position of UAVs, which offers a promising avenue for UAV visual autonomous localization. ? 1965-2011 IEEE.",Liu H.; Liu R.; Tan W.; Jia R.; Li T.,2026,10.1109/TAES.2025.3620765,,Scopus
REC_1472,Demonstration of UAV-Based GPS jammer localization during a live interference exercise,"To assist in the mitigation of the effects posed by Global Navigation Satellite System (GNSS) jammers, this paper demonstrates the use of an unmanned aerial vehicle (UAV) capable of autonomously localizing the source of Global Positioning System (GPS) jamming in a live jamming exercise hosted by the Department of Homeland Security (DHS). Developing an autonomous UAV for jammer localization in a real-world environment needs to address three main challenges: accurate measurements of the jamming signal, rapid localization steps and reliable navigation in the presence of interference. Our system, Jammer Acquisition with GPS Exploration and Reconnaissance (JAGER), has been developed to address those main challenges for rapid localization and has been previously tested with localizing Wi-Fi signals. This paper outlines the modifications to JAGER required to be able to move from localizing Wi-Fi sources to localizing GPS jammers. Modifications include new sensing equipment for determining the bearing to the jammer and additional navigation systems to fly while the jammer is active. The main goal for the testing was to demonstrate the feasibility of JAGER to localize a GPS jammer at realistic distances and the performance of several different localization methods. The second goal was to explore possible GPS-denied navigation solutions.",Perkins A.; Dressel L.; Lo S.; Reid T.; Gunning K.; Enge P.,2016,10.33012/2016.14661,,Scopus
REC_1475,LiDAR-Aided Relative and Absolute Localization for Automated UAV-based Inspection of Aircraft Fuselages,"Robust localization is a crucial task for various robotic applications, such as the inspection of aircraft surfaces by autonomous Unmanned Aerial Vehicles (UAV). Currently, aircraft inspection in mostly done in GNSS-denied hangar environments but UAV indoor localization using external positioning systems has several deficits regarding practicability, safety and security. Since aircraft standing times are the crucial cost factor, inspection should perspectively be shifted outdoors to the runway in order to further increase efficiency, which requires an onboard localization of the UAV relative to the aircraft that ensures robustness by working independendly of hangar features or external hardware. This paper proposes a novel approach to exploit a-priori knowledge of a cylindrical shaped inspection object, such as an aircraft fuselage, in order to support and supplement the position state estimation of the UAV. The relative localization approach comprises shape fitting of a cylinder model into LiDAR measurements of the aircraft using Random Sample Consensus (RANSAC), preceded by an intensity-based prefiltering, resulting in a significant increase of performance. This method can be applied to individual LiDAR sweeps, enabling onboard computation in soft real-time with a cycle time of 100 ms. Moreover, with the help of the onboard LiDAR-derived relative positioning to the aircraft, the problem of continuous line of sight to any transmitter of an indoor navigation system (iGPS) is alleviated by supplementing an existing sensor fusion for absolute localization, while maintaining an accuracy requirement in the submeter range. The feasibility of the proposed approach is verified experimentally by evaluating measurements obtained in a hangar with a Boeing 737-500. ? 2021 IEEE.",Pugliese R.; Konrad T.; Abel D.,2021,10.1109/MFI52462.2021.9591172,,Scopus
REC_1483,Optimal motion planning in gps-denied environments using nonlinear model predictive horizon,"Navigating robotic systems autonomously through unknown, dynamic and GPS-denied environments is a challenging task. One requirement of this is a path planner which provides safe trajectories in real-world conditions such as nonlinear vehicle dynamics, real-time computation requirements, complex 3D environments, and moving obstacles. This paper presents a methodological motion planning approach which integrates a novel local path planning approach with a graph-based planner to enable an autonomous vehicle (here a drone) to navigate through GPS-denied subterranean environments. The local path planning approach is based on a recently proposed method by the authors called Nonlinear Model Predictive Horizon (NMPH). The NMPH formulation employs a copy of the plant dynamics model (here a nonlinear system model of the drone) plus a feedback linearization control law to generate feasible, optimal, smooth and collision-free paths while respecting the dynamics of the vehicle, supporting dynamic obstacles and operating in real time. This design is augmented with computationally efficient algorithms for global path planning and dynamic obstacle mapping and avoidance. The overall design is tested in several simulations and a preliminary real flight test in unexplored GPS-denied environments to demonstrate its capabilities and evaluate its performance. ? 2021 by the authors.",Al Younes Y.; Barczyk M.,2021,10.3390/s21165547,,Scopus
REC_1484,Preserving Relative Localization of FoV-Limited Drone Swarm via Active Mutual Observation,"Relative state estimation is crucial for vision-based swarms to estimate and compensate for the unavoidable drift of visual odometry. For autonomous drones equipped with the most compact sensor setting - a stereo camera that provides a limited field of view (FoV), the demand for mutual observation for relative state estimation conflicts with the demand for environment observation. To balance the two demands for FoV-limited swarms by acquiring mutual observations with a safety guarantee, this paper proposes an active localization correction system, which plans camera orientations via a yaw planner during the flight. The yaw planner manages the contradiction by calculating suitable timing and yaw angle commands based on the evaluation of localization uncertainty estimated by the Kalman Filter. Simulation validates the scalability of our algorithm. In real-world experiments, we reduce positioning drift by up to 65% and managed to maintain a given formation in both indoor and outdoor GPS-denied flight, from which the accuracy, efficiency, and robustness of the proposed system are verified. ? 2024 IEEE.",Guo L.; Gongye Z.; Xu Z.; Wang Y.; Zhou X.; Zhou J.; Gao F.,2024,10.1109/IROS58592.2024.10801634,,Scopus
REC_1487,TileLoc: Sequential Visual Place Recognition of UAVs using Public Tile Maps,"We propose TileLoc, a visual place recognition method for uncrewed aerial vehicles (UAVs) that uses publicly available web tile maps in GNSS-degraded or GNSS-denied environments without prior mapping. Visual place recognition with web tile maps is challenging because the query image and the map tiles often differ in scale, rotation, and coverage. As a result, single-frame retrieval can be unreliable. Based on our preliminary experiments, we identified major failure cases and designed a simple yet effective pipeline to mitigate them. TileLoc builds a multi-zoom, overlapped tile database, uses a set of rotated query views, and stabilizes retrieval results by accumulating evidence over time using log-odds voting with temporal decay. After the initial global search, TileLoc switches to local search when its confidence becomes high enough, reducing confusion caused by visually similar tiles in global search. Experimental results showed consistent recall improvements over a strong global retrieval baseline, achieving up to 84.5% Recall@5 within a 250 m threshold. These results demonstrate the effectiveness of TileLoc for UAV visual place recognition using public tile maps in GNSS-degraded or GNSS-denied environments.  ? 2016 IEEE.",Heo D.; Jeon S.; Choi J.; Jeong D.; Wi H.; Jang I.S.; Choi S.,2026,10.1109/LRA.2026.3715032,,Scopus
REC_1488,Distributed Relative Pose Estimation for Multi-UAV Systems Based on Inertial Navigation and Data Link Fusion,"Accurate self-localization and mutual state estimation are essential for autonomous aerial swarm operations in cooperative exploration, target tracking, and search-and-rescue missions. However, achieving reliable formation positioning in GNSS-denied environments remains a significant challenge. This paper proposes a UAV formation positioning system that integrates inertial navigation with data link-based relative measurements to improve positioning accuracy. Each UAV independently estimates its flight state in real time using onboard IMU data through an inertial navigation fusion method. The estimated states are then transmitted to other UAVs in the formation via a data link, which also provides relative position measurements. Upon receiving data link information, each UAV filters erroneous measurements, time aligns them with its state estimates, and constructs a relative pose optimization factor graph for real-time state estimation. Furthermore, a data selection strategy and a sliding window algorithm are implemented to control data accumulation and mitigate inertial navigation drift. The proposed method is validated through both simulations and real-world two-UAV formation flight experiments. The experimental results demonstrate that the system achieves a (Formula presented.) reduction in positioning error compared to using data link measurements alone. This approach provides a robust and reliable solution for maintaining precise relative positioning in formation flight without reliance on GNSS. ? 2025 by the authors.",Li K.; Bu S.; Li J.; Xia Z.; Wang J.; Li X.,2025,10.3390/drones9060405,,Scopus
REC_1493,Real-time UAV autonomous localization based on smartphone sensors,"Localization in GPS-denied environments has become a bottleneck problem for small unmanned aerial vehicles (UAVs). Smartphones equipped with multi-sensors and multi-core processors provide a choice advantage for small UAVs for their high integration and light weight. However, the built-in phone sensor has low accuracy and the phone storage and computing resources are limited, which make the traditional localization methods unable to be readily converted to smartphone-based ones. The paper aims at exploring the feasibility of the phone sensors, and presenting a real-time, less memory autonomous localization method based on the phone sensors, so that the combination of ?small UAV+smartphone? can operate in GPS-denied areas regardless of the overload problem. Indoor and outdoor flight experiments are carried out, respectively, based on an off-the-shelf smartphone and a XAircraft 650 quad-rotor platform. The results show that the precision performance of the phone sensors and real-time accurate localization in indoor environment is possible. ? 2018 by the authors. Licensee MDPI, Basel, Switzerland.",Zhao B.; Chen X.; Zhao X.; Jiang J.; Wei J.,2018,10.3390/s18124161,,Scopus
REC_1494,Design and Implementation of a Low Cost Mini Quadrotor for Vision Based Maneuvers in GPS Denied Environments,"This paper presents the design and implementation detail of an advanced mini quadrotor system, including the low cost commercial-off-the-shelf (COTS) electronics and advanced control algorithm. The proposed quadrotor has a gross takeoff weight of 758g and 360mm frame diagonal size. It is capable of semi-autonomous maneuver in GPS denied environments, solely relying on onboard sensors and computers. A globally defined quadrotor model is formularized, and a nonlinear velocity tracking controller is implemented on the special Euclidean group SE(3). An optical flow and ultrasonic-based onboard downward-facing camera is used as the primary sensor to provide velocity and altitude measurement feedback for the controller. The control and sensor fusion algorithm is developed under Arduino compatible open source electronics. ? 2016 World Scientific Publishing Company.",Liu C.; Prior S.D.; Scanlan J.P.,2016,10.1142/S2301385016500059,,Scopus
REC_1496,Autonomous State Estimation and Mapping in Unknown Environments with Onboard Stereo Camera for Micro Aerial Vehicles,"Industrial micro aerial vehicles (MAVs) with robotic manipulators have numerous applications in search and rescue tasks that reduce risks to human beings. However, such tasks distinctly require MAVs to have the capability of real-time autonomous navigation only with onboard sensors, especially in GPS-denied applications. This article introduces a new approach to onboard vision-based autonomous state estimation and mapping for MAVs' navigation in unknown environments. The algorithms run on board and do not need an external positioning system to assist autonomous navigation. The state estimator is developed to provide MAV's current pose on the basis of the extended Kalman filter by using image patch features. Inverse depth convergence monitoring and local bundle adjustment are utilized to improve the accuracy. The mapping algorithm for navigation is developed according to a real-time stereo matching method for three-dimensional perception. Finally, we have performed several experiments to demonstrate the effectiveness of the proposed approach. ? 2005-2012 IEEE.",Sun J.; Song J.; Chen H.; Huang X.; Liu Y.,2020,10.1109/TII.2019.2958183,,Scopus
REC_1500,Approximating UAV and vision feature point correlations in a simplified SLAM problem,"Navigation with a range sensor and vision aided inertial measurement unit (IMU) estimation is difficult in Global Positioning System (GPS) denied environments. Ignoring vision feature point and vehicle state correlations contributes to inaccuracy and filter inconsistency. Approximation of feature point and vehicle cross correlation terms would allow the accuracy and consistency comparable to a correlated solution whilst reducing operation count and allowing for decoupled filter design. A Monte-Carlo simulation for a two dimensional bearing to feature point approximation of the simultaneous localization and mapping (SLAM) problem was developed. The results of a least absolute shrinkage and selection operator (LASSO) regression were then used to estimate cross covariance terms. A 1000 trial simulation showed that the regression solution was comparable in accuracy and consistency to the fully correlated solution. Future developments have the potential to provide a more accurate, approximately correlated SLAM solution to bound IMU drift for UAVs operating in a GPS denied environment. ? 2019 IEEE.",Lewis J.A.; Johnson E.N.,2019,10.1109/ICUAS.2019.8798219,,Scopus
REC_1501,Ultra-Wideband Localization and Deep-Learning-Based Plant Monitoring Using Micro Air Vehicles,"Micro air vehicles (MAVs) are ideal for indoor precision farming due to their agility and minimal impact on surrounding objects. To achieve autonomous operations, these vehicles hardly rely on the commonly used Global Positioning System for indoor navigation and monitor plants with severely limited payloads. This paper proposes an autonomous MAV system that incorporates an ultra-wideband (UWB) system and a deep learning method to perform indoor navigation and localize unhealthy plants. The position of the MAV is estimated using an extended Kalman filter based on the trilateration results of the ranging measurements obtained from the UWB system. A multiple bounding box prediction strategy is used to analyze all the leaves of the plants and quickly identify their health conditions. Several deep learning models were selected and trained to detect unhealthy plants using field condition images. The model that achieved the desired combination of the accuracy and efficiency was fine-tuned with various image resolutions and sizes of negative samples to further improve its detection accuracy. Several real-world flight tests were performed successfully using the UWB system, and the plants were classified correctly with the selected model. ? 2022 by the American Institute of Aeronautics and Astronautics, Inc. All rights reserved. All.",Ching P.L.; Tan S.C.; Ho H.W.,2022,10.2514/1.I011075,,Scopus
REC_1502,A UAV-based explore-then-exploit system for autonomous indoor facility inspection and scene reconstruction,"Traditional indoor facility inspections on pipelines and boilers are conducted manually and can be logistically challenging, labor-intensive, costly, and dangerous for the inspectors. With the maturity of unmanned technology, the unmanned aerial vehicle (UAV) is becoming a promising alternative to the problematic manual inspection. However, due to the lack of GPS signal indoor, the localization of UAVs is a big challenge to achieve fully autonomous inspection. Moreover, the narrow and complex indoor environment makes it difficult to guarantee flight safety. This paper presents a UAV-based explore-then-exploit system to tackle these problems for autonomous indoor facility data collection and scene reconstruction. The proposed system consists of a hardware description and integration of two UAVs, a two-step simultaneous localization and mapping (SLAM) method for UAV localization and 3D environmental mapping, a safety-guaranteed coverage path planning algorithm for inspection and data collection, as well as an obstacle-aware trajectory generation method. The proposed system is examined in GPS-denied and cluttered indoor environment and 3D scene reconstruction is conducted. The quantitative analysis shows that the positioning accuracy is centimeter-level and the reconstruction error is within 3 cm. The performance analysis demonstrates the robustness and feasibility of our system in reconstructing and inspecting complex indoor environments for high-efficiency and low-cost facility management. ? 2023 Elsevier B.V.",Gao C.; Wang X.; Wang R.; Zhao Z.; Zhai Y.; Chen X.; Chen B.M.,2023,10.1016/j.autcon.2023.104753,,Scopus
REC_1504,Robust UAV Path Planning Using RSS in GPS-Denied and Dense Environments Based on Deep Reinforcement Learning,"A wide range of research has been conducted on path planning and collision avoidance to enhance the operational efficiency of unmanned aerial vehicles (UAVs). The existing works have mainly assumed an environment with static obstacles and global positioning system (GPS) signals. However, practical environments have often been involved with dynamic obstacles, dense areas with numerous obstacles in confined spaces, and blocked GPS signals. In order to consider these issues for practical implementation, a deep reinforcement learning (DRL)-based method is proposed for path planning and collision avoidance in GPS-denied and dense environments. In the proposed method, robust path planning and collision avoidance can be conducted by using the received signal strength (RSS) value with the extended Kalman filter (EKF). Additionally, the attitude of the UAV is adopted as part of the action space to enable the generation of smooth trajectories. Performance was evaluated under single- and multi-target scenarios with numerous dynamic obstacles. Simulation results demonstrated that the proposed method can generate smoother trajectories and shorter path lengths while consistently maintaining a lower collision rate compared to conventional methods. ? 2025 by the authors.",Kim K.; Seon J.; Kim J.; Kim J.; Sun Y.; Lee S.; Kim S.; Hwang B.; Lee M.; Kim J.,2025,10.3390/electronics14193844,,Scopus
REC_1512,Hierarchical Multi-Agent Navigation Through the 72-h Thermal Drift Cliff,"Long-endurance unmanned aerial vehicle (UAV) missions beyond 72 consecutive flighthours face a reliability boundary at which thermal gyroscope drift drives the inertialnavigation system (INS) position error into rapid nonlinear divergence at a predictablethreshold tc. This paper presents BAZ II, a simulation-validated multi-agent navigationsystem that extends the analytical BAZ (bifurcation-aware zonal navigation) framework.Its central idea is to treat communication quality as a planning resource and combine itwith multi-agent collaboration, making the navigation cliff a manageable degradationevent rather than a hard operating limit. Four contributions support this idea: a thermalhysteresisMEMS gyroscope drift model reproduces the analytical cliff in simulation andsupplies its physical mechanism; a distributed collaborative simultaneous localization andmapping (SLAM) filter coupled to a stochastic continuous-time Markov chain (CTMC) interagentchannel sustains GPS-denied localization within the operational accuracy budget;a 3D Gaussian process RF-aware model predictive controller (MPC) with cognitive radio frequency-hopping restores link availability under jamming, while an analytic hierarchyprocess (AHP)-weighted multi-objective communication cost improves latency and jitterat negligible signal-to-noise ratio cost; finally, the integrated controller executes withinthe onboard real-time budget of an NVIDIA Jetson Xavier NX. All results are obtained insimulation, with hardware-in-the-loop and field testing remaining as priority future work. ? 2026 by the authors.",Alrashed M.; Aldaihani H.; Alqattan M.,2026,10.3390/drones10080561,,Scopus
REC_1515,Geometric Optimization Based Visual Odometry for Low-Altitude Urban UAV Navigation,"In urban low-altitude environments, UAV visual odometry is hindered by dynamic interference, texture scarcity, and variable geometries, leading to unstable localization and reduced accuracy. To overcome these issues, we propose the Adaptive Geometry Fusion Ranging (AGF-VO) framework. AGF-VO extracts line features using an improved orthogonal representation of Pl?cker?s coordinates and integrates ORB point features to create a multimodal scene representation. An adaptive dynamic weighting mechanism adjusts the contributions of point and line features in real time based on scene complexity and matching quality. Additionally, the back-end optimization incorporates geometric consistency constraints?such as angles, distances, and polygon areas?to minimize joint reprojection error and enhance localization accuracy. Experimental results demonstrate that AGF-VO delivers high stability and robustness in environments with severe dynamic interference and sparse textures, thereby supporting autonomous UAV navigation and obstacle avoidance under GPS-denied conditions. ? Press of Acta Aeronautica et Astronautica Sinica 2026.",Lei H.; Ruokun Q.; Yuxuan X.; Bo L.; Beixi J.; Haiqing W.,2026,10.1007/978-981-95-3025-0_18,,Scopus
REC_1518,Visual target tracking and relative navigation for unmanned aerial vehicles in a GPS-denied environment,"We present a system for the real-time visual relative navigation of a fixed-wing unmanned aerial vehicle in a GPS-denied environment. An extended Kalman filter is used to construct a vision-aided navigation system by fusing the image processing results with barometer and inertial sensor measurements. Using a mean-shift object tracking algorithm, an onboard vision system provides pixel measurements to the navigation filter. The filter is slightly modified to deal with delayed measurements from the vision system. The image processing algorithm and the navigation filter are verified by flight tests. The results show that the proposed aerial system is able to maintain circling around a target without using GPS data. ? The Korean Society for Aeronautical & Space Sciences.",Kim Y.; Jung W.; Bang H.,2014,10.5139/IJASS.2014.15.3.258,,Scopus
REC_1521,Vision-based autonomous navigation for quadrotor UAVs in unknown and constrained environments,"The demand for autonomous UAV navigation in complex environments is growing rapidly. However, most existing studies focus on simulations, lacking real-world validation under challenging conditions. This study systematically evaluates a vision-based navigation framework combining VINS-Mono for localization and Ego-Planner for path planning in GPS-denied, low-light, high-obstacle-density environments. Unlike traditional approaches that struggle with UAV high-frequency motion and dynamic constraints, VINS-Mono provides accurate high-frequency positioning via visual-inertial fusion. At the same time, Ego-Planner enables smooth, dynamically feasible real-time trajectory generation. Real-world experiments on three randomly generated maps (minimum obstacle spacing: 0.8?m (twice UAV wheelbase); obstacle density: 0.72 obstacles/m2) achieved a minimum 70% success rate, with 87% of trajectories smoother than A* in simulations. Results demonstrate the framework?s robustness, though challenges such as field-of-view constraints and sensor-induced localization errors affecting replanning remain. This study presents a real-world evaluation of vision-based UAV navigation in constrained environments, offering insights into its feasibility and limitations. The findings contribute to improving trajectory optimization and UAV autonomy in constrained GPS-denied scenarios. ? The Author(s) 2025.",Hu Z.; Butt M.Z.; Nasir N.; Salleh M.B.,2025,10.1007/s41315-025-00462-2,,Scopus
REC_1525,Drone carrier: An integrated unmanned surface vehicle for autonomous inspection and intervention in GNSS-denied maritime environment,"GNSS denial and interference increasingly challenge maritime robotics. While heterogeneous Unmanned Aerial Vehicles (UAVs) and Unmanned Surface Vehicles (USVs) teams are promising for inspection and intervention, open-sea non-cooperative docking and reliable deck landing on a moving platform remain difficult. This work addresses that gap with a fully electric, modular USV-based drone carrier that autonomously approaches, docks to, and services target vessels without Global Navigation Satellite System (GNSS). The system integrates on-shore camera handover, onboard gimbaled vision and Light Detection and Ranging (LiDAR), Ultra-Wide Band (UWB)+Extended Kalman Filter (EKF) localization, Quick Response (QR)-based terminal landing, and a thrust-vectoring docking controller within a unified Robot Operating System (ROS) architecture. In sea-state-3 trials, the carrier achieved offshore handover at ? 200m (3km standoff), onboard vision lock to ? 500m, LiDAR modeling within 200m, non-cooperative docking with ?[jls-end-space/]1m error, and QR-assisted deck landings with ? 20 cm accuracy. These results demonstrate robust closed-loop operation under GNSS denial and delineate the present envelope (rigid deck edge; sea state ?[jls-end-space/]3), informing deployment for port security and offshore rescue and guiding future extensions to higher sea states and broader target geometries. ? 2026 The Authors. Published by Elsevier B.V. on behalf of Shanghai Jiao Tong University This is an open access article under the CC BY license. http://creativecommons.org/licenses/by/4.0/",Dong Y.; Din M.U.; Lagala F.; Kuang H.; Sun J.; Yang S.; Hussain I.; He S.,2026,10.1016/j.joes.2026.02.002,,Scopus
REC_1529,Machine vision based perception for vehicle-mounted UAV autonomous landing under GNSS-denied environments,"With the growing demand for collaborative Unmanned Aerial Vehicle (UAV) and Unmanned Ground Vehicle (UGV) operations, precise landing of a vehicle-mounted UAV on a moving platform in complex environments has become a significant challenge, limiting the functionality of collaborative systems. This paper presents an autonomous landing perception scheme for a vehicle-mounted UAV, specifically designed for GNSS-denied environments to enhance landing capabilities. First, to address the challenges of insufficient illumination in airborne visual perception, an airborne infrared and visible image fusion method is employed to enhance image detail and contrast. Second, a feature enhancement network and region proposal network optimized for small object detection are explored to improve the detection of moving platforms during UAV landing. Finally, a relative pose and position estimation method based on the orthogonal iteration algorithm is investigated to reduce visual pose and position estimation errors and iteration time. Both simulation results and field tests demonstrate that the proposed algorithm performs robustly under low-light and foggy conditions, achieving accurate pose and position estimation even in scenarios with inadequate illumination. ? The Author(s) 2025.",Ma P.; He C.; Zhang Z.; Xv Z.; Wang H.; Cai Y.; Chen L.; Zhong C.; Zhang Y.,2025,10.1007/s44443-025-00345-3,,Scopus
REC_1531,Indoor Drone Localization and Tracking Based on Acoustic Inertial Measurement,"We present Acoustic Inertial Measurement (AIM), a one-of-A-kind technique for indoor drone localization and tracking. Indoor drone localization and tracking are arguably a crucial, yet unsolved challenge: in GPS-denied environments, existing approaches enjoy limited applicability, especially in Non-Line of Sight (NLoS), require extensive environment instrumentation, or demand considerable hardware/software changes on drones. In contrast, AIM exploits the acoustic characteristics of the drones to estimate their location and derive their motion, even in NLoS settings. We tame location estimation errors using a dedicated Kalman filter and the Interquartile Range rule (IQR) and demonstrate that AIM can support indoor spaces with arbitrary ranges and layouts.We implement AIM using an off-The-shelf microphone array and evaluate its performancewith a commercial drone under varied settings. Results indicate that the mean localization error of AIM is 46% lower than that of commercial UWB-based systems in a complex 10m?10m indoor scenario, where state-of-The-Art infrared systems would not even work because of NLoS situations. When distributedmicrophone arrays are deployed, themean error can be reduced to less than 0.5min a 20mrange, and even support spaces with arbitrary ranges and layouts.  ? 2002-2012 IEEE.",Sun Y.; Wang W.; Mottola L.; Zhang J.; Wang R.; He Y.,2024,10.1109/TMC.2023.3335860,,Scopus
REC_1535,CODE: COllaborative Visual-UWB SLAM for Online Large-Scale Metric DEnse Mapping,"This paper presents a novel collaborative online dense mapping system for multiple Unmanned Aerial Vehicles (UAVs). The system confers two primary benefits: it facilitates simultaneous UAVs co-localization and real-time dense map reconstruction, and it recovers the metric scale even in GNSS-denied conditions. To achieve these advantages, Ultrawideband (UWB) measurements, monocular Visual Odometry (VO), and co-visibility observations are jointly employed to recover both relative positions and global UAV poses, thereby ensuring optimality at both local and global scales. In the proposed methodology, a two-stage optimization strategy is proposed to reduce optimization burden. Initially, relative Sim3 transformations among UAVs are swiftly estimated, with UWB measurements facilitating metric scale recovery in the absence of GNSS. Subsequently, a global pose optimization is performed to effectively mitigate cumulative drift. By integrating UWB, VO, and co-visibility data within this framework, both local geometric consistency and global pose accuracy are robustly maintained. Through comprehensive simulation and empirical real-world testing, we demonstrate that our system not only improves UAV positioning accuracy in challenging scenarios but also facilitates the high-quality, online integration of dense point clouds in large-scale areas. This research offers valuable contributions and practical techniques for precise, real-time map reconstruction using an autonomous UAV fleet, particularly in GNSS-denied environments.  ? 2025 IEEE.",Chen L.; Jia X.; Bu S.; Wang G.; Li K.; Xia Z.; Li X.; Han P.; Cao X.,2025,10.1109/IROS60139.2025.11247338,,Scopus
REC_1536,Autonomous Crack Detection for Mountainous Roads Using UAV Inspection System,"Road cracks significantly affect the serviceability and safety of roadways, especially in mountainous terrain. Traditional inspection methods, such as manual detection, are excessively time-consuming, labor-intensive, and inefficient. Additionally, multi-function detection vehicles equipped with diverse sensors are costly and unsuitable for mountainous roads, primarily because of the challenging terrain conditions characterized by frequent bends in the road. To address these challenges, this study proposes a customized Unmanned Aerial Vehicle (UAV) inspection system designed for automatic crack detection. This system focuses on enhancing autonomous capabilities in mountainous terrains by incorporating embedded algorithms for route planning, autonomous navigation, and automatic crack detection. The slide window method (SWM) is proposed to enhance the autonomous navigation of UAV flights by generating path planning on mountainous roads. This method compensates for GPS/IMU positioning errors, particularly in GPS-denied or GPS-drift scenarios. Moreover, the improved MRC-YOLOv8 algorithm is presented to conduct autonomous crack detection from UAV imagery in an on/offboard module. To validate the performance of our UAV inspection system, we conducted multiple experiments to evaluate its accuracy, robustness, and efficiency. The results of the experiments on automatic navigation demonstrate that our fusion method, in conjunction with SWM, effectively enables real-time route planning in GPS-denied mountainous terrains. The proposed system displays an average localization drift of 2.75% and a per-point local scanning error of 0.33 m over a distance of 1.5 km. Moreover, the experimental results on the road crack detection reveal that the MRC-YOLOv8 algorithm achieves an F1-Score of 87.4% and a mAP of 92.3%, thus surpassing other state-of-the-art models like YOLOv5s, YOLOv8n, and YOLOv9 by 1.2%, 1.3%, and 3.0% in terms of mAP, respectively. Furthermore, the parameters of the MRC-YOLOv8 algorithm indicate a volume reduction of 0.19(?106) compared to the original YOLOv8 model, thus enhancing its lightweight nature. The UAV inspection system proposed in this study serves as a valuable tool and technological guidance for the routine inspection of mountainous roads. ? 2024 by the authors.",Chen X.; Wang C.; Liu C.; Zhu X.; Zhang Y.; Luo T.; Zhang J.,2024,10.3390/s24144751,,Scopus
REC_1539,3D mapping for autonomous quadrotor aircraft,"Autonomous navigation in global positioning system (GPS)-denied environments is one of the challenging problems in robotics. For small flying robots, autonomous navigation is even more challenging. These robots have limitations such as fast dynamics and limited sensor payload. To develop an autonomous robot, many challenges including two-dimensional (2D) and three-dimensional (3D) perception, path planning, exploration, and obstacle avoidance should be addressed in real-time and with limited resources. In this paper, a complete solution for autonomous navigation of a quadrotor rotorcraft is presented. The proposed solution includes 2D and 3D mapping with several autonomous behaviors such as target localization and displaying maps on multiple remote tablets. Multiple tests were performed in simulated and indoor/outdoor environments to show the effectiveness of the proposed solution. ? 2017 World Scientific Publishing Company.",Saeedi S.; Thibault C.; Trentini M.; Li H.,2017,10.1142/S2301385017400064,,Scopus
REC_1543,Relative visual localization (RVL) for UAV navigation,"Most of today's UAVs make use of multi-sensor GNSS/INS fusion for localization during navigation. In such a context GNSS systems are used as a compact and cost-effective way to constrain the unbounded error induced by the INS sensors on the localization. Unfortunately, GNSS systems have been proven to be unreliable in multiple contexts. The drawback of such an approach resides in the radio communications necessary to acquire the localization data. Radio communication systems are prone to availability problems in some environments, to signal alteration and to interference. The root cause of the problem resides in the use of global information to solve a local problem. In this work, we propose the use of local visual information to perform relative localization in an unknown outdoor environment. The algorithm uses feature point methods to extract salient points from a set of images pertaining to possible matches during the navigation. The extracted features are matched with available visual data stored during previous navigation or from an aerial view map. Different feature extraction techniques were analyzed, and ORB was the one that gave the best mean absolute error. The estimated distance between the best match and ground-truth localization was within 70 meters on average at an altitude of 150 meters. Experimental tests were conducted on outdoor videos captured using a quadcopter. The obtained results are promising and show the possibility of using relative visual data in GPS/GNSS-denied environments to improve the robustness of UAVs navigation. ? 2018 SPIE.",Couturier A.; Akhloufi M.A.,2018,10.1117/12.2304901,,Scopus
REC_1561,Characterization of mountain drainage patterns for GPS-denied UAS navigation augmentation,"We present a novel approach to use mountain drainage patterns for GPS-denied navigation of small unmanned aerial systems, such as the ScanEagle, utilizing a down-looking fixed focus monocular imager. Our proposal allows for extension of GPS-denied missions in mountain areas, with no assumption of human-made geographic objects. We leverage the analogy between mountain drainage patterns, human aeteriograms, and human fingerprints, to match local drainage patterns to parallax occlusion maps of geo-registered radar returns (GRRR). The GRRR data may be loaded on-board the aircraft pre-mission to avoid the need for a scanning aperture radar during the mission. For recognition purpose, we represent a given mountain area with a set of spatially distributed mountain minutiae, i.e., details found in the drainage patterns, so that conventional minutiae-based fingerprint matching approaches can be used to match real-time camera images against template images in the training set. We use medical arteriography processing technique to extract the patterns. The minutiae-based representation of mountains is achieved by first exposing mountain ridges and valleys with a series of filters and then extracting mountain minutiae from these ridges/valleys. Our results are experimentally validated on actual terrain data and show the effectiveness of minutiae-based mountain representation method. ? 2015, Springer-Verlag Berlin Heidelberg.",Wang T.; Celik K.; Somani A.K.,2016,10.1007/s00138-015-0723-9,,Scopus
REC_1564,Ultra-wideband based cooperative relative localization algorithm and experiments for multiple unmanned aerial vehicles in GPS denied environments,"This article puts forward an indirect cooperative relative localization method to estimate the position of unmanned aerial vehicles (UAVs) relative to their neighbors based solely on distance and self-displacement measurements in GPS denied environments. Our method consists of two stages. Initially, assuming no knowledge about its own and neighbors? states and limited by the environment or task constraints, each unmanned aerial vehicle (UAV) solves an active 2D relative localization problem to obtain an estimate of its initial position relative to a static hovering quadcopter (a.k.a. beacon), which is subsequently refined by the extended Kalman filter to account for the noise in distance and displacement measurements. Starting with the refined initial relative localization guess, the second stage generalizes the extended Kalman filter strategy to the case where all unmanned aerial vehicles (UAV) move simultaneously. In this stage, each unmanned aerial vehicle (UAV) carries out cooperative localization through the inter-unmanned aerial vehicle distance given by ultra-wideband and exchanging the self-displacements of neighboring unmanned aerial vehicles (UAV). Extensive simulations and flight experiments are presented to corroborate the effectiveness of our proposed relative localization initialization strategy and algorithm. ? 2017, ? The Author(s) 2017.",Guo K.; Qiu Z.; Meng W.; Xie L.; Teo R.,2017,10.1177/1756829317695564,,Scopus
REC_1573,Visual-based localization methods for unmanned aerial vehicles in landing operation on maritime vessel,"Unmanned Aerial Vehicles (UAVs) have become increasingly important in maritime operations. However, accurate localization of these UAVs in maritime environments especially during landing operation on maritime vessels remains a challenge, particularly in GNSS denied areas. This paper proposes two visual-based localization methods for UAVs during two different phases of landing operating on maritime vessels. The first method is used for estimating the UAV's position with respect to the vessel during the approach phase. It involves a visual UAV detection and tracking approach using the YOLO detector and OceanPlus tracker trained on a custom dataset. The UAV's position with respect to the vessel is estimated using stereo triangulation. The proposed method achieves accurate positioning with errors below 10cm during landing phases in a simulated environment. The second method is used for final landing phase. We utilize a visual Simultaneous Localization and Mapping (SLAM) algorithm, ORB-SLAM3, for real-time motion estimation of a UAV with respect to its confined landing area on a maritime platform. ORB-SLAM3 was benchmarked against multiple state-of-the-art visual SLAM and Visual Odometry (VO) algorithms and evaluated for a simulated landing scenario of a UAV at 16m height with a downward camera. The results demonstrated sufficient speed and accuracy for the landing task. These methods provide a promising solution for precise and reliable localization of UAV in different phases of the landing operation on maritime vessel, especially in GNSS denied environments. Dataset and source codes can be accessed from: https://gitlab.cylab.be/t.nguyen/uav-visual-localization. ? 2024 International Measurement Confederation (IMEKO). All rights reserved.",Nguyen T.-T.; Hamesse C.; Dutrannois T.; Halleux T.; De Cubber G.; Haelterman R.; Janssens B.,2024,10.21014/actaimeko.v13i4.1575,,Scopus
REC_1574,Multi-modal mapping and localization of unmanned aerial robots based on ultra-wideband and RGB-D sensing,"This paper presents a methodology for mapping and localization of Unmanned Aerial Vehicles (UAVs) based on the integration of sensors from different modalities. Particularly, we integrate distance estimations to Ultra-Wideband (UWB) sensors and 3D point-clouds from RGB-D sensors. First, a novel approach for environment mapping is introduced, exploiting the synergies between UWB sensors and point-clouds to produce a multi-modal 3D map that integrates the estimated UWB sensors position. This map is further integrated into a Monte Carlo Localization method to robustly estimate the UAV pose. Finally, the full approach is tested with real indoor flights and validated with a motion tracking system. ? 2017 IEEE.",Perez-Grau F.J.; Caballero F.; Merino L.; Viguria A.,2017,10.1109/IROS.2017.8206191,,Scopus
REC_1576,Autonomous dynamic docking of UAV based on UWB-vision in GPS-denied environment,"This paper studies the autonomous docking between an Unmanned Aerial Vehicle (UAV) and a Mobile Platform (MP) based on UWB and vision sensors. To solve this problem, an integrated estimation and control scheme is proposed, which is divided into three phases: hovering, approaching and landing. In the hovering phase, the velocity of the MP and relative position between the MP and UAV are estimated by using geometric tools and Cayley-Menger determinant based on ultra-wideband distance measurements; in the approaching phase, a recursive least squares optimization algorithm with a forgetting factor is proposed, which uses distance, displacement and MP's velocity to estimate the relative position between the UAV and MP. With the estimated relative position, UAV can approach MP until reaching a distance such that MP is within the field of view of UAV; in the landing phase, the UWB measurement value and visual perception attitude are integrated with the UAV on-board navigation sensor of the UAV to perform the precision landing. Simulation and experiment results verify the effectiveness and feasibility of the proposed integrated navigation scheme. ? 2022 The Franklin Institute",Cheng C.; Li X.; Xie L.; Li L.,2022,10.1016/j.jfranklin.2022.03.005,,Scopus
REC_1581,Accelerometer Bias Estimation for Unmanned Aerial Vehicles Using Extended Kalman Filter-Based Vision-Aided Navigation,"Accurate estimation of accelerometer biases in Inertial Measurement Units (IMUs) is crucial for reliable Unmanned Aerial Vehicle (UAV) navigation, particularly in GPS-denied environments. Uncompensated biases lead to an unbounded accumulation of position error and increased velocity error, resulting in significant navigation inaccuracies. This paper examines the effects of accelerometer bias on UAV navigation accuracy and introduces a vision-aided navigation system. The proposed system integrates data from an IMU, altimeter, and optical flow sensor (OFS), employing an Extended Kalman Filter (EKF) to estimate both the accelerometer biases and the UAV position and velocity. This approach reduces the accumulation of velocity and positional errors. The efficiency of this approach was validated through simulation experiments involving a UAV navigating in circular and straight-line trajectories. Simulation results show that the proposed approach significantly enhances UAV navigation performance, providing more accurate estimates of both the state and accelerometer biases while reducing error growth through the use of vision aiding from an Optical Flow Sensor. ? 2025 by the authors.",Belfadel D.; Haessig D.,2025,10.3390/electronics14061074,,Scopus
REC_1583,Autonomous Robust Navigation System for MAV Based on Monocular Cameras,"Performing autonomous navigation of commercial Micro Air Vehicles (MAVs) in GPS-denied environments without external sensors or a motion capture system is a major challenge in trajectory tracking applications. A convenient solution for this problem is the use of the MAV's odometry, which uses inertial sensors for pose estimation. However, it can suffer from position drifting over time, which may lead to incorrect pose measurements. Another solution is to use the MAV's monocular camera for pose estimation, based on visual Simultaneous Localization and Mapping (vSLAM) algorithms. A limitation of this approach is that monocular vSLAM lacks a metric scale, hence, making its use unfeasible for position feedback. In this scenario, we propose a robust navigation system of a MAV based on vSLAM where a metric scale can be estimated using a Kalman Filter (KF), based on odometry information. In this work, we opted for the use of a Robust Linear-Quadratic Regulator (R-LQR), which is a recursive strategy that takes into account parametric uncertainties on the system's dynamic. We present simulated and experimental results of our approach using a commercial quadrotor to show the effectiveness of the system.  ? 2022 IEEE.",Caldas K.A.Q.; Benevides J.R.S.; Inoue R.S.; Terra M.H.,2022,10.1109/ICUAS54217.2022.9836218,,Scopus
REC_1585,Sensitivity of unmanned aerial vehicle model-aided navigation,"To overcome the rapid and unbounded error growth of low-cost Inertial Navigation Systems (INS), aircraft localization methods commonly compensate for Inertial Measurement Unit (IMU) sensor errors by integrating them with Global Positioning System (GPS) measurements via a Kalman Filter. However, over the past decade, the potential of GPS jamming or even spoofing GPS signals has focused the research community on the development of GPS-denied navigation technologies. Of the GPS-denied techniques, one approach that has been considered is the use of a Vehicle Dynamic Models (VDM) to reduce the rate at which an INS becomes unusable. As such, this paper considers the use of an aerodynamic model to aid in compensation of IMU errors of a fixed-wing Unmanned Aerial Vehicle (UAV). The goals of this paper are to evaluate the sensitivity of the performance of dynamic model aided navigation in the context of low-cost platforms where performance benefit must be weighed against the complexity that is required to develop the dynamic model. To do this, first, the sensitivity to the required modeling accuracy is shown by perturbing the model coefficients with errors. In addition, different sensors and sensor grades are evaluated, and three different model-aided navigation architectures are discussed and evaluated. To conduct this work, a UAV simulation is developed within which a UAV trajectory is driven by ?truth? dynamic model and then IMU measurements are derived and errors are added to them using standard stochastic models for IMU sensors. In preparation for UAV flight tests, this performance sensitivity study is conducted to characterize the expected performance. ? 2017, American Institute of Aeronautics and Astronautics Inc, AIAA. All rights reserved.",D?Urso S.; Gross J.,2017,10.2514/6.2017-0808,,Scopus
REC_1587,Landmark-Based Scale Estimation and Correction of Visual Inertial Odometry for VTOL UAVs in a GPS-Denied Environment,"With the rapid development of technology, unmanned aerial vehicles (UAVs) have become more popular and are applied in many areas. However, there are some environments where the Global Positioning System (GPS) is unavailable or has the problem of GPS signal outages, such as indoor and bridge inspections. Visual inertial odometry (VIO) is a popular research solution for non-GPS navigation. However, VIO has problems of scale errors and long-term drift. This study proposes a method to correct the position errors of VIO without the help of GPS information for vertical takeoff and landing (VTOL) UAVs. In the initial process, artificial landmarks are utilized to improve the positioning results of VIO by the known landmark information. The position of the UAV is estimated by VIO. Then, the accurate position is estimated by the extended Kalman filter (EKF) with the known landmark, which is used to obtain the scale correction using the least squares method. The Inertial Measurement Unit (IMU) data are used for integration in the time-update process. The EKF can be updated with two measurements. One is the visual odometry (VO) estimated directly by a landmark. The other is the VIO with scale correction. When the landmark is detected during takeoff phase, or the UAV is returning to the takeoff location during landing phase, the trajectory estimated by the landmark is used to update the scale correction. At the beginning of the experiments, preliminary verification was conducted on the ground. A self-developed UAV equipped with a visual?inertial sensor to collect data and a high-precision real time kinematic (RTK) to verify trajectory are applied to flight tests. The experimental results show that the method proposed in this research effectively solves the problems of scale and the long-term drift of VIO. ? 2022 by the authors.",Lee J.-C.; Chen C.-C.; Shen C.-T.; Lai Y.-C.,2022,10.3390/s22249654,,Scopus
REC_1588,An IMU Aided Robust LiDAR SLAM Method for UAVs in Pipeline Environment,"A novel SLAM (simultaneous localization and mapping) method is proposed for 2D LiDAR used in pipeline environment. The traditional method is based on 2.5D assumption, which means that all the walls are vertical. The proposed method breaks the assumption by introducing an IMU (inertial measurement unit). The step changes of the non-flat walls can be detected, avoiding the mismatches and the consequent pose errors. The SLAM algorithm is designed, which consists of five procedures: state prediction, scan matching, environment change detection, filter update and mapping. A complex indoor test environment is built and flight experiments were carried out. The results show that the proposed method performs better than the traditional 2D LiDAR SLAM, in the respect of pose estimation and map construction. ? The Author(s), under exclusive license to Springer Nature Singapore Pte Ltd. 2024.",Jiang H.; Huang Z.; Tang Y.; Wu T.,2024,10.1007/978-981-97-3332-3_20,,Scopus
REC_1592,Goal-aware navigation of quadrotor uav for infrastructure inspection,"In this paper, we solve the problem of navigation of a quadrotor Unmanned Aerial Vehicle (UAV) in a previously unknown and Global Positioning System (GPS) denied en-vironment. We formulate the problem in a robot-centered reference frame with the UAV?s destination (or goal) as the anchor of the map. This helps in estimating the relative orien-tation of the UAV and other Landmarks (LMs) with respect to the goal. We corroborate our problem formulation for estimation and navigation through extensive simulations. We also present results for real-time goal and LM tracking, particularly with (1) robustness to the presence of similar-colored or similar-looking objects, and (2) elimination of tracking error with the increase in target or goal size as the UAV draws near to it. ? 2019 by German Aerospace Center (DLR). Published by the American Institute of Aeronautics and Astronautics, Inc.",Biswas S.; Sharma R.,2019,10.2514/6.2019-1691,,Scopus
REC_1593,Indoor/outdoor scan-matching based mapping technique with a helicopter MAV in GPS-denied environment,"This work focuses on autonomous operation of rotary-wing Micro Aerial Vehicles (MAVs) in previously unexplored, GPS-denied environments. This type of operation requires the MAV to simultaneously estimate a map of its surroundings and its own position within that map. This work presents a refined algorithm for performing Simultaneous Localization and Mapping (SLAM) which does not rely on revisiting previously mapped areas. The algorithm is first benchmarked against previously published algorithms. Different scenarios, both indoors and outdoors, are then presented, showing the high amount of detail captured by the proposed method. Scenarios were mapped using three different platform types, including a conventional main-tail rotor helicopter, showing that the algorithm is platform-independent and does not require the rotorcraft's dynamic model, which can be complex. Experimental validation of the SLAM method shows an accuracy of approximately 0.1% of the traveled course length. The algorithm is capable of operating in real time on small form factor computers. ? 2015, Multi-Science Publishing Co. Ltd. All rights reserved.",Friedman C.; Chopra I.; Rand O.,2015,10.1260/1756-8293.7.1.55,,Scopus
REC_1594,UVL: UAV Visual Localization Method with Enhanced Feature Associations via Visual Attention Mechanism,"The localization of Unmanned Aerial Vehicles (UAVs) based on the Global Positioning Navigation System (GNSS) faces potential risks of spoofing and interference. To complete tasks in environments with localization interference or GPS-denied conditions, UAVs need to adopt alternative techniques for self-localization. This paper proposes an absolute visual localization method based on reference maps, named UAV Visual Localization Network (UVL). By performing absolute localization using the learned reference map information, UVL avoids the error accumulation present in relative visual localization methods. The UVL method is designed based on a scene coordinate regression (SCR) paradigm to enable an end-to-end localization solution. Furthermore, UVL integrates a self-attention mechanism based on a visual transformer, which enhances the effective association of scene features. The proposed algorithm was evaluated using the publicly available CrossLoc benchmark datasets and the newly introduced Chang'an Park dataset. The quantitative evaluation results demonstrate that the proposed method achieves superior performance compared to existing approaches. ? 2025 IEEE.",Li X.; Wang S.; Mao Z.; Shi Y.; Zhang G.; Hu B.,2025,10.1109/IJCNN64981.2025.11228231,,Scopus
REC_1595,Overview of anti-interference technology of unmanned aerial vehicle satellite navigation system; [? ? ? ? ? ? ? ? ? ? ? ? ? ? ? ?],"The rapid development of Unmanned Aerial Vehicle(UAV)technology has led to its continuous expansion in military and civilian fields,gradually becoming a powerful engine driving the development of low-altitude economy. Among the core components of UAVs,the satellite navigation system provides precise positioning and navigation information. However,due to the vulnerability of the satellite navigation system,satellite navigation often faces severe challenges brought by complex electromagnetic environments,causing UAVs to lose their positioning ability or deviate from the planned route,thereby seriously threatening flight safety and mission success rate. This paper systematically reviews the research status of anti-jamming technology for UAV satellite navigation systems. Firstly,starting from the main navigation interferences faced by UAVs,it analyzes the impact of oppressive interference and deception interference on UAV navigation systems. Secondly,it comprehensively summarizes the anti-jamming methods of UAV satellite navigation terminals. Regarding anti-oppressive interference,this paper focuses on discussing the technological progress at the receiving antenna end,radio frequency front end,and signal processing end. In terms of anti-deception interference,the methods of enhancing receiving processing capabilities and using advanced algorithms to detect and suppress deception interference are analyzed. In addition,the study studies the anti-jamming methods for UAV navigation in denied environments,including inertial navigation,visual navigation,celestial navigation,ultrawideband,magnetic field navigation,radar navigation,and multi-information fusion navigation technologies. Moreover,for the formation navigation of multi-UAV clusters,the methods of inter-UAV cooperative and system improvement were explored to enhance the anti-interference capability of the entire UAV group. Finally,this paper identifies the current problems,outlines future research directions,and discusses potential technological advances. The research results of this paper not only provide a reference for the continuous progress of UAV navigation anti-jamming technology,but also offer theoretical and practical guidance for academic exploration and engineering application in related fields. ? (2025), (Chinese Society of Astronautics). All rights reserved.",CHEN Q.; GAO J.; WANG M.; BIAN W.; HAN H.,2025,10.7527/S1000-6893.2025.31797,,Scopus
REC_1601,Cooperative Navigation Framework for UAV Formations Using LSTM and Dynamic Model Fusion,"Highlights: What are the main findings? The proposed cooperative navigation framework based on LSTM and dynamic model information fusion integrates airflow-angle prediction with the (Formula presented.) - (Formula presented.) scheme to suppress inertial drift and enhance navigation robustness under GNSS-denied. A consistency-based node optimization strategy identifies high-precision UAV nodes via altitude and wind-speed consistency evaluations together with geometric constraints. What are the implications of the main finding? This work demonstrates that the framework achieves the navigation objective of short-term stability and long-term drift suppression of the leader layer in GNSS-denied. The designed node selection strategies improve the cooperative navigation reliability and robustness, confirming the feasibility and effectiveness of the framework. In GNSS-denied environments, achieving accurate and reliable positioning for unmanned aerial vehicle (UAV) formations remains a major challenge. This paper presents a cooperative navigation framework for UAV formations based on LSTM and dynamic model information fusion to enhance formation navigation performance under GNSS-denial. The framework employs a dual-driven hierarchical architecture that integrates an LSTM-based dynamic state predictor with historical motion features, including velocity, acceleration, airflow angle, or thrust, thereby enhancing the robustness and positioning accuracy of the leader UAV layer. Furthermore, a multi-source optimal selection strategy based on consistency evaluation is developed to dynamically fuse pseudo-GNSS (P-GNSS), barometric altitude (BA), and wind-speed consistency information, optimizing node allocation between the leader and follower layers. In addition, an IMM-based resilient fusion filtering algorithm is introduced for the follower UAV layer, incorporating UWB, wind-speed, and external-force estimations to maintain reliable navigation under UWB outages and leader-node degradation. Experimental results demonstrate that the proposed framework significantly improves positioning accuracy and formation stability, exhibiting strong adaptability in complex GNSS-denied environments. ? 2026 by the authors.",Song F.; Zeng Q.; Zhu X.; Zhang R.; Ye X.; Zhou H.,2026,10.3390/drones10010028,,Scopus
REC_1603,Vision-aided inertial navigation for small unmanned aerial vehicles in GPS-denied environments,"This paper presents a vision-aided inertial navigation system for small unmanned aerial vehicles (UAVs) in GPS-denied environments. During visual estimation, image features in consecutive frames are detected and matched to estimate the motion of the vehicle with a homography-based approach. Afterwards, the visual measurement is fused with the output of an inertial measurement unit (IMU) by an indirect extended Kalman filter (EKF). A delay-based approach for the measurement update is developed to introduce the visual measurement into the fusion without state augmentation. This method supposes that the estimated error state is stable and invariant during the second half of one visual calculation period. Simulation results indicate that delay-based navigation can reduce the computational complexity by about 20% compared with general augmented Vision/INS (inertial navigation system) navigation, with almost the same estimate accuracy. Real experiments were also carried out to test the performance of the proposed navigation system by comparison with the augmented filter method and a referential GPS/INS navigation. ? 2013 Wang et al.",Wang T.; Wang C.; Liang J.; Chen Y.; Zhang Y.,2013,10.5772/56660,,Scopus
REC_1604,Target-Tracking-Based Multi-UAV Visual SLAM in GNSS-Denied Environments,"The interior of the space station is in a complex environment where the signals of the Global Navigation Satellite System (GNSS) are denied. With a vast number of equipment and a complex structure inside the cabin, the manual workload for its daily operation and maintenance is substantial, thus giving rise to the demand for auxiliary inspection robots. Multi-rotor UAV swarms, on the other hand, are uniquely suited in this regard due to their small size, high flexibility, and parallel processing capabilities. This paper aims to explore the feasibility of establishing an in-cabin auxiliary inspection robot system using a group of micro-UAVs. By harnessing the visual Simultaneous Localization and Mapping (SLAM) technology, the UAV group can create a map of the space station's interior, providing an environmental basis for inspection operations. Nevertheless, the mobility of UAVs presents potential collision risks among multiple vehicles, which currently remains a challenging research issue. To address this issue, we establish a system that relies on visual information for positioning. By introducing a target tracking algorithm based on deep learning, we can effectively obtain the relative positioning among UAVs, thereby avoiding collisions. Specifically, the tracking algorithm introduced in this paper is realized based on its accurate target recognition. It conducts tracking by associating high-confidence and low-confidence detection boxes, and shows stronger robustness against occluded and disappeared targets. Even when the initial positions of the UAVs are unknown, the on-board computers of the UAVs can identify and track other UAVs captured in the images according to the visual information, enabling the stable acquisition of relative distances and azimuths. This approach significantly enhances the reliability of the system in complex environments, ensuring that the multi-UAV system can still achieve precise tracking and positioning when facing complex scenarios with GNSS signal denial. This characteristic can be further extended to other types of missions and robot groups. By enhancing the adaptability of these robot groups to extreme environments, we can lay a reliable foundation of positioning and environmental perception for emerging missions such as lunar lava tube exploration. In the simulation experiments using the measurement models obtained from real data, we can verify the effectiveness of the method proposed in this paper. ?2025 by the International Astronautical Federation (IAF). All rights reserved.",Fu X.; Zhu Z.; Xu Z.; Li Q.,2025,10.52202/083083-0073,,Scopus
REC_1610,Adaptive sliding window factor graph optimization with multi-tag UWB/INS fusion for multirotor UAVs,"Accurate and reliable localization is essential for unmanned aerial vehicles (UAVs) operating in global navigation satellite system (GNSS)-denied environments, such as indoor spaces or urban canyons, where satellite signals are unavailable or severely degraded. This paper presents an adaptive sliding window factor graph optimization (ASW-FGO) framework for robust 6-degree-of-freedom (6-DoF) UAV localization using multi-tag ultra-wide-band (UWB) ranging and inertial navigation system (INS) measurements. Conventional UWB/INS integration suffers from attitude unobservability in single-tag configurations and a strict trade-off between estimation accuracy and computational efficiency in fixed sliding window factor graph optimization. To address these challenges, a multi-tag UWB configuration is employed to provide sufficient geometric constraints for 6-DoF state estimation. In addition, a Gaussian kernel-based residual weighting scheme is introduced to suppress non-line-of-sight (NLOS) measurement outliers. The resulting kernel weights are further exploited as a reliability metric to adaptively regulate the sliding window size, reducing computational load under stable sensing conditions while preserving robustness when measurement quality degrades. The effectiveness of the proposed ASW-FGO framework is validated through both simulations and real-world UAV flight experiments. In NLOS environments, ASW-FGO achieves position and attitude root mean square errors of 0.15 m and 7.44 ?, respectively, outperforming extended Kalman filter and fixed sliding window factor graph optimization (FFGO) approaches. Moreover, the proposed method reduces optimization time by up to 72.88 % compared to the FFGO. These results demonstrate that ASW-FGO effectively balances estimation robustness and computational efficiency, enabling reliable UAV localization in complex indoor and GNSS-denied environments. ? 2026 Elsevier Masson SAS.",Kim H.; Lee J.D.; Chang B.; Bang H.,2026,10.1016/j.ast.2026.112683,,Scopus
REC_1619,Robust Autonomous Flight in Constrained and Visually Degraded Shipboard Environments,"This paper addresses the problem of autonomous navigation of a micro aerial vehicle (MAV) for inspection and damage assessment inside a constrained shipboard environment, which might be perilous or inaccessible for humans, especially in emergency scenarios. The environment is GPS-denied and visually degraded, containing narrow passageways, doorways, and small objects protruding from the wall. This causes existing two-dimensional LIDAR, vision, or mechanical bumper-based autonomous navigation solutions to fail. To realize autonomous navigation in such challenging environments, we first propose a robust state estimation method that fuses estimates from a real-time odometry estimation algorithm and a particle filtering localization algorithm with other sensor information in a two-layer fusion framework. Then, an online motion-planning algorithm that combines trajectory optimization with a receding horizon control framework is proposed for fast obstacle avoidance. All the computations are done in real time on the onboard computer. We validate the system by running experiments under different environmental conditions in both laboratory and practical shipboard environments. The field experiment results of over 10 runs show that our vehicle can robustly navigate 20-m-long and only 1-m-wide corridors and go through a very narrow doorway (66-cm width, only 4-cm clearance on each side) autonomously even when it is completely dark or full of light smoke. These experiments show that despite the challenges associated with flying robustly in challenging shipboard environments, it is possible to use a MAV to autonomously fly into a confined shipboard environment to rapidly gather situational information to guide firefighting and rescue efforts. ? 2016 Wiley Periodicals, Inc.",Fang Z.; Yang S.; Jain S.; Dubey G.; Roth S.; Maeta S.; Nuske S.; Zhang Y.; Scherer S.,2017,10.1002/rob.21670,,Scopus
REC_1621,Distributed UAV Swarm Collaborative SLAM Based on?Visual-Inertial-Ranging Measurement,"Compared with the standalone operation, unmanned aerial vehicle (UAV) swarm systems bring the high efficiency to the task execution in a cooperative manner, and they has gained the widespread application in disaster relief, power inspection and other fields. To support the fulfillment of cooperative task, the cooperative positioning capability plays the key role in global positioning system (GPS) denied areas. However, there are still difficulties in initialization, high communication demand, and inevitable drift for swarm cooperative positioning. In order to solve the problems above, a distributed collaborative simultaneous localization and mapping (SLAM) system is developed based on ranging measurement from ultra-wideband (UWB), which specifically accelerates the initialization by introducing prior information, and optimizes the communication framework between the UAVs so as to run in real time. Besides, the ranging is introduced as the restraints on the relative drift between the nodes. The evaluation are performed on datasets recorded in a lab environment. Experiments results show that our method surpasses 15% over the mainstream visual-inertial odometry in positioning accuracy. Furthermore, our method effectively reduces the drift of the visual-inertial odometry in challenging scenarios on visual. ? The Author(s), under exclusive license to Springer Nature Singapore Pte Ltd. 2025.",Shou Y.; Song Z.; Qi H.; Li Z.; Chen W.,2025,10.1007/978-981-96-2220-7_18,,Scopus
REC_1623,Multi-sensor three-dimensional monte carlo localization for long-term aerial robot navigation,"This article presents an enhanced version of the Monte Carlo localization algorithm, commonly used for robot navigation in indoor environments, which is suitable for aerial robots moving in a three-dimentional environment and makes use of a combination of measurements from an Red,Green,Blue-Depth (RGB-D) sensor, distances to several radio-tags placed in the environment, and an inertial measurement unit. The approach is demonstrated with an unmanned aerial vehicle flying for 10 min indoors and validated with a very precise motion tracking system. The approach has been implemented using the robot operating system framework and works smoothly on a regular i7 computer, leaving plenty of computational capacity for other navigation tasks such as motion planning or control. ? The Author(s) 2017.",Perez-Grau F.J.; Caballero F.; Viguria A.; Ollero A.,2017,10.1177/1729881417732757,,Scopus
REC_1624,Precision mapping through the stereo vision and geometric transformations in unknown environments,"Geodetic techniques for surveying and rapid mapping need to be revisited due to the present progress on satellite, sensor, and geospatial technologies. Conventional surveying methods provide high level of accuracy but require significant human involvement in the field while GNSS (Global Navigation Satellite System) positioning method, provides unsatisfactory accuracy in urban or high vegetated areas due to the degraded GNSS signal coverage. In this study, an alternative surveying method is proposed which facilitates the process of characteristic point localization, using stereoscopic vision and at least one visual marker. At first, the camera system localizes itself and maps the study area using stereo SLAM (Simultaneous Localization and Mapping) algorithm while subsequently detects the visual markers (origin and targets), placed in the area. Afterwards, using a multi-view geometry method for the marker localization and an optimization algorithm for origin marker?s plane alignment, the system is able to export the coordinates of the markers and a point cloud (provided by SLAM) in a local coordinate system based on the origin marker?s pose and location. The study involves both terrestrial and unmanned aerial vehicle platforms that may carry the proposed equipment. An extensive set of indoor and outdoor, terrestrial and UAV experiments validates the methodology which succeeds a horizontal and vertical error in a level of 10?cm or better. To the best of our knowledge this study proposes the first surveying alternative which requires only a stereo camera and at least one visual marker in order to localize specific and arbitrary points in a centimeter level of accuracy. The proposed methodology, demonstrates that the use of low-cost equipment instead of the costly and complicated surveying equipment, may prove sufficient to produce an accurate 3D map of the scene in an unknown environment. ? 2023, The Author(s), under exclusive licence to Springer-Verlag GmbH Germany, part of Springer Nature.",Petrakis G.; Antonopoulos A.; Tripolitsiotis A.; Trigkakis D.; Partsinevelos P.,2023,10.1007/s12145-023-00972-2,,Scopus
REC_1627,Disturbance-observer-based Finite-time Following Control With Wind Resistance Capability for Multiple GPS-denied UAVs,"In this work, a disturbance-observer-based finite-time following control with wind resistance capability (DO-FTFC-WRC) is designed to rapidly perform an assigned following of multi-UAV in a GPS-denied region, e.g., warehouse, library, factory. The inner-loop PID control in each UAV can improve its control behavior. Without the original nonlinear complex dynamics, its outer loop is modeled by a second-order system with unknown disturbances, including sensor noises, system uncertainties, turbulence caused by ground effect, or extra wind gusts. The desired 3D pose for the leader is assumed to be a virtual leader. Subsequently, followers are one-by-one to execute a time-varying formation by adjusting their relative poses. To realize the task in the presence of disturbances, the suggested DO-FTFC-WRC includes i) equivalent control to tackle the newly designed following task and compensate the estimated disturbance, and ii) switching control with time-varying gain to deal with extra uncertainties for enhancing robust performance. Finally, the simulations and experiments as compared with the nonlinear finite-time following control or the inner-loop PID control with/without extra wind condition for a representative forward, 180 degrees clockwise turning, then backward motions validate the effectiveness and superiority of the proposed DO-FTFC-WRC. ? ICROS, KIEE and Springer 2025.",Hwang C.-L.; Li C.-Y.; Wu C.-W.,2025,10.1007/s12555-025-0243-y,,Scopus
REC_1628,Optical Flow-Based Visual Estimation of Translational Displacement Using a Raspberry Pi? Embedded Computer,"This study presents the implementation of an optical flow-based algorithm for estimating translational displacement in an Unmanned Aerial Vehicle (UAV), using both a personal computer (PC) and a Raspberry Pi 4?. The algorithm was tested under five configurations, including Gaussian filtering and the Global Positioning System (GPS). The Raspberry Pi(R) with Gaussian smoothing yielded the best results. Quantitative evaluation showed superior accuracy compared to inertial sensors in indoor environments. The approach highlights the potential of onboard optical flow algorithms in low-power platforms for navigation, offering portability and autonomy in GPS-denied or infrastructurelimited scenarios.  ? 2025 IEEE.",Mota L?pez B.J.; Delgado Reyes G.; Hern?ndez P?rez M.A.; Carpio Santamaria F.A.; Marquez Dominguez S.,2025,10.1109/ENC68268.2025.11311932,,Scopus
REC_1629,"Probabilistic graphical fusion of LiDAR, GPS, and 3D building maps for urban UAV navigation","Because of the recent interest in unmanned air vehicle (UAV) commercialization, there is a great need for navigation algorithms that provide accurate and robust positioning in urban environments that are often Global Positioning Systems (GPS) challenged or denied. In this paper, we present a probabilistic graph-based navigation algorithm resilient to GPS errors. Fusing GPS pseudorange and Light Detection and Ranging (LiDAR) odometry measurements with 3D building maps, we apply a batch estimation approach to generate a robust trajectory estimate and maps of the surrounding environment. We then leverage the maps to locate potential sources of GPS multipath and mitigate the effects of degraded pseudorange measurements on the trajectory estimate. We experimentally validate our results with flight tests conducted in GPS-challenged and GPS-denied environments. ? 2019 Institute of Navigation",Chen D.; Gao G.X.,2019,10.1002/navi.298,,Scopus
REC_1631,Performance Evaluation of AI-Enabled Autonomous Drone Navigation Systems Using Computer Vision,"The current state of AI and computer vision has reached a long way in the area of drone navigation, being able to navigate at full in a dynamic environment and locations with low GPSs. This form of traditional navigation is limited within the fringes of environmental vagaries, dynamically moving obstructions, and real-time decision-making demands over and beyond the set logic of satellite-based navigation. In this paper, the AI-based navigation methodologies will be exposed to deep analysis, which relies upon an assessment by the computer vision of the perception, flight control, path planning, and obstacle avoidance. The analysis system is based on the key performance indicators: accuracy of object detection, flight stability, accuracy of navigation decisions, latency and safety reliability. ConvNets and vision transformers are the deep learning architectures that have been discovered in object detection in real-time, depth estimation, and scene understanding. Based on the experiment findings, accuracy of the mean object detection within the above 95percent range of precision and recall values has been obtained both indoors and outdoors. The combination of visual perception with inertial and depth sensing with fusion adaptive sensor technology has enhanced the localization of nearly 35% drift when worse off than the approach that is based on vision alone. The system flight stability demonstrates the improvement of 30 percent in attitude control uniformity in case of dynamic movement of the drone. Although the autonomous decision-making and path planning modules are guided by a series of AI algorithms in relation to any moving obstacles or other environmental limitations, the navigation decision accuracy of 94.1% is achieved, with an average inference latency of 38 milliseconds, and this system can perform under the real-time operation capability. Dynamic obstacle avoidance maintains safety even in cluttered and unpredictable conditions in an astonishing 94.3% of the engagements. Trajectory optimization in experimental proof features have reported that the time to complete a mission has been reduced by 22 percent by the achievement of a smoother and energetically deep path. All these findings meant that AI-incorporated vision enhanced significantly the quality of functioning in the area of exploration of an autonomous drone system in action. The study includes a vivid critique of the issues presented in the context of scaling, computing efficiency, and uncertainty management, whereby simultaneous recommendations on how to improve the situation were put forward in further work of establishing safe, and sound operation of unmanned aerial vehicles. These appraisals will play an important role in the future research which will see the utilization of Intelligent UAV Navigation Systems in complex and real world scenarios. ? 2026 IEEE.",Gali S.; Zabeen S.A.; Manasa J.; Yasmin S.; Manisha V.; Nagamani V.,2026,10.1109/ICMLAS67792.2026.11483799,,Scopus
REC_1633,Effects of velocity and known pose injection rate on scan matching 2D slam accuracy,"Accurate localization estimation in a global or local frame is needed for a navigation solution which results in safe and efficient vehicle guidance. SLAM is a common approach to vehicle localization in GPS denied environments, but solutions often require odometry that may not be available to UAVs. ICP and Hector SLAM are common approaches for vehicle localization that rely on scan matching without the need for odometry, however both suffer when operating in long corridors with limited features for 2D single laser LiDAR scan matching. The present work injected localization solutions for the ICP method with known pose while the vehicle injection rate to velocity ratio was varied to explore their effects on average cross track error, accumulated position error, and to compare to Hector SLAM, another common method for scan matching based SLAM. The impact of the present work is that there has been an investigation on how vehicle velocity and known pose injection rate effect cumulative localization accuracy using scan matching ICP based SLAM techniques. Performance was measured using the cross track error and accumulative position error of ICP and Hector SLAM when compared to known vehicle position in simulation. Results may be used to identify system constraints such as maximum vehicle velocity for a successful mission completion given a known position injection rate and acceptable localization error. ? 2021, American Institute of Aeronautics and Astronautics Inc, AIAA. All rights reserved.",Moleski T.W.; Wilhelm J.P.,2021,10.2514/6.2021-1582,,Scopus
REC_1636,Comparative analysis of ros-based centralized methods for conducting collaborative monocular visual slam using a pair of uavs,"Unmanned Aerial Vehicle (UAV) is a flying robot that acts without a constant human pilot involvement. UAVs are applied in military and civilian areas, in search and rescue operations, 3D mapping, simultaneous localization and mapping (SLAM) and other tasks. SLAM approaches are based on various sensors usage including lidars and cameras. Visual SLAM approaches rely on visual sensing systems and successfully operate within GPS-denied environments. Further, applying several UAVs allows for complex tasks that cannot be handled by a single robot, minimizes exploration time and adds a security level for a case of a single robot failure. This paper presents a comparison of two most applicable vision-based collaborative monocular SLAM methods in Robot operating system, CORB-SLAM and CCM-SLAM, that run on a pair of UAVs. The evaluation is performed on preassembled datasets that correspond to a virtual environment in the Gazebo simulator. The error estimation in virtual experiments demonstrated that CCM-SLAM has a higher global localization accuracy than CORB-SLAM. ? CLAWAR Association Ltd.",Abbyasov B.; Lavrenov R.; Zakiev A.; Tsoy T.; Magid E.; Svinin M.; Mart?nez-Garc?a E.A.,2020,10.13180/clawar.2020.24-26.08.12,,Scopus
REC_1640,Automatic landing of a low-cost quadrotor using monocular vision and Kalman filter in GPS-denied environments,"Unmanned aerial vehicles are becoming an important part of the modern life. Despite some recent advances in GPS-aided navigation of quadrotors, the concern of crash and collision still overshadows their reliability and safety, especially in GPS-denied environments. Therefore, the necessity for developing fully automatic methods for safe, accurate, and independent landing of drones increases over time. This paper investigates the autolanding process by focusing on an accurate and continuous position estimation of the drone using a monocular vision system and the fusion with the inertial measurement unit and ultrasonic sensors? data. An ARUCO marker is used as the landing pad, and the information is processed in the ground station through a real-time Wi-Fi link. In order to overcome the closed loop instability caused by the communication and localization delays, we propose a method called?movement slicing method?. This method divides the moves around the marker into moving and waiting slices and makes the landing process not only more accurate but also faster. Experimental results show a successful landing of the UAV on a predefined location, while it is accurately aligned with the marker using the proposed method. ? T?B?TAK",Sani M.F.; Shoaran M.; Karimian G.,2019,10.3906/elk-1809-204,,Scopus
REC_1647,UAV Positioning Using GNSS: A Review of the Current Status,"Highlights: What are the main findings? Platform constraints: UAV GNSS performance is dominated by platform dynamics, including vibration, rapid attitude changes, and high dynamics, together with stringent SWaP limitations, rather than by atmospheric modeling errors alone. Technique trade-offs: RTK and PPK provide centimeter-level accuracy for surveying, whereas PPP and PPP RTK enable infrastructure light operation but are practically constrained by long convergence relative to typical UAV mission durations. What are the implications of the main findings? Scenario-driven architectures: A modular fusion framework that uses GNSS and IMU as the backbone and integrates vision, LiDAR, and signals of opportunity supports robust switching between absolute and relative navigation in urban and GNSS challenged conditions. Integrity-oriented roadmap: Safety-critical UAM requires a shift from accuracy-centric evaluation to UAV-specific integrity, multi-layer PNT that combines GNSS, LEO, and terrestrial signals, and AI-assisted signal processing with verifiability and explainability. Accurate and robust positioning is a critical enabler for Unmanned Aerial Vehicle (UAV) applications, ranging from mapping and inspection to emerging Urban Air Mobility (UAM). While Global Navigation Satellite Systems (GNSS) remain the backbone of absolute positioning, their performance is severely constrained by UAV platform characteristics and complex low-altitude environments. This paper presents a system-level review of GNSS-based UAV positioning. Instead of treating GNSS in isolation, we first link mission requirements and platform constraints, such as aggressive dynamics and Size, Weight, and Power (SWaP) limitations, to specific positioning challenges. We then critically evaluate the spectrum of GNSS techniques, from standalone and Satellite-Based Augmentation System (SBAS) modes to high-precision carrier-phase methods including Real-Time Kinematic (RTK), Post-Processed Kinematic (PPK), Precise Point Positioning (PPP), and PPP-RTK. Furthermore, we discuss multi-sensor fusion with inertial, visual, and Light Detection and Ranging (LiDAR) sensors to mitigate vulnerabilities in urban canyons and GNSS-denied conditions. Finally, we outline key challenges and future directions, highlighting integrity-aware architectures, Artificial Intelligence (AI)-enhanced signal processing, and multi-layer Positioning, Navigation, and Timing (PNT) concepts. The review provides a structured framework and system-level insights to guide resilient navigation for UAV operations in low-altitude airspace. ? 2026 by the authors.",Jiang C.; Zhou X.; Chen H.; Liu T.,2026,10.3390/drones10020091,,Scopus
REC_1649,SLAM-Enabled Autonomous Blimp for UAV Applications,"This paper elaborates on the rudimentary design of an autonomous blimp focusing solely on the various navigation algorithms used and applied by the system to navigate through a vast, GPS-denied area as well as some complex ones accurately. Shows using Monocular Visual-Inertial SLAM accurately for the self-localization purposes and combined that with some welldesigned path planning algorithms so to navigate. Makes sure of applying advanced stabilization and dynamic obstacle avoiding techniques. Real-time AQI mapping, precision agriculture through pollutant sensors, and multispectral imaging represent the key applications of this device. This study further proves that blimps, especially autonomous blimps, can be scalable in being an environment-friendly platform to be used in environmental and agricultural monitoring at cost-effectiveness.  ? 2025 IEEE.",Chaitanya D.; Reddy M.N.; Shaju V.M.; Bharadwaz P.J.; Jayanth B.S.; Bukya M.,2025,10.1109/INCIP64058.2025.11019707,,Scopus
REC_1655,Centralized UAV Swarm Formation Estimation with Relative Bearing Measurements and Unreliable GPS,"Unmanned Aerial Vehicles (UAVs) are used in a variety of tasks from package delivery to infrastructure inspection. In these situations UAVs typically rely on GPS signals to measure their current position. When operating in certain locations, like within urban canyons or where GPS signals are being disrupted, UAVs need alternate means to estimate their position and avoid collision. Current techniques include using LIDAR or camera measurements to detect nearby UAV and other objects. This paper presents a centralized Extended Kalman filter where the states of a UAV swarm are estimated using line of sight measurements from a camera. A single UAV is assumed to be able to receive sporadic GPS measurements but that information is able to propagate through the swarm via the relative measurements. Other research has shown that camera measurements can be used in a leader-follower situation but the contribution of this work is applying camera measurements to a swarm setting. The results show that this method does allow for the GPS denied UAVs to maintain a reasonable estimate of their state. Additionally, the availability of the line of sight measurements is adjusted and the change in state estimation accuracy is seen to depend primarily on the formation geometry. These results allow designers to gauge what measurement frequency is necessary to support a desired level of state estimation. ? 2020 IEEE.",Akagi J.; Christensen R.S.; Harris M.W.,2020,10.1109/PLANS46316.2020.9110194,,Scopus
REC_1658,Rapid Initialization Method of Unmanned Aerial Vehicle Swarm Based on VIO-UWB in Satellite Denial Environment,"In environments where satellite signals are blocked, initializing UAV swarms quickly is a technical challenge, especially indoors or in areas with weak satellite signals, making it difficult to establish the relative position of the swarm. Two common methods for initialization are using the camera for joint SLAM initialization, which increases communication burden due to image feature point analysis, and obtaining a rough positional relationship using prior information through a device such as a magnetic compass, which lacks accuracy. In recent years, visual?inertial odometry (VIO) technology has significantly progressed, providing new solutions. With improved computing power and enhanced VIO accuracy, it is now possible to establish the relative position relationship through the movement of drones. This paper proposes a two-stage robust initialization method for swarms of more than four UAVs, suitable for larger-scale satellite denial scenarios. Firstly, the paper analyzes the Cram?r?Rao lower bound (CRLB) problem and the moving configuration problem of the cluster to determine the optimal anchor node for the algorithm. Subsequently, a strategy is used to screen anchor nodes that are close to the lower bound of CRLB, and an optimization problem is constructed to solve the position relationship between anchor nodes through the relative motion and ranging relationship between UAVs. This optimization problem includes quadratic constraints as well as linear constraints and is a quadratically constrained quadratic programming problem (QCQP) with high robustness and high precision. After addressing the anchor node problem, this paper simplifies and improves a fast swarm cooperative positioning algorithm, which is faster than the traditional multidimensional scaling (MDS) algorithm. The results of theoretical simulations and actual UAV tests demonstrate that the proposed algorithm is advanced, superior, and effectively solves the UAV swarm initialization problem under the condition of a satellite signal rejection. ? 2024 by the authors.",Wang R.; Deng Z.,2024,10.3390/drones8070339,,Scopus
REC_1659,Drone-in-a-Box: A Precise Indoor Autonomous Docking System,"Indoor autonomous drones are increasingly adopted for inspection, monitoring, and inventory tasks in GNSS-denied facilities, where reliable global positioning is essential to automate repeatable takeoff, navigation, and landing. A key challenge is enabling accurate relocalization to a global reference frame when the docking station can be placed arbitrarily, without relying on visual markers or infrastructureintensive site modifications. To address this problem, we present a global localization system for indoor Unmanned Aerial Vehicles (UAVs) that enables takeoff and landing operations from a portable docking station ('drone-in-a-box'). Our approach fuses Ultra-Wideband (UWB) ranging and Light Detection and Ranging (LiDAR) measurements within an Error-State Extended Kalman Filter (ES-EKF), and is sensor-model agnostic, supporting Inertial Measurement Unit (IMU), LiDAR, and different hardware configurations. A UWB tag mounted on the drone interacts with anchors installed in the environment and additional tags on the docking box to provide robust range-based measurements; these enable an initial pose estimate computed via Particle Swarm Optimization (PSO), which is subsequently refined through LiDAR scan matching to refine localization. Experimental results in real-world indoor scenarios validate the proposed system, demonstrating accurate and repeatable autonomous deployment and recovery in indoor environments.  ? 2026 IEEE.",Godio S.; Fernandes R.C.; Montecchiari L.; Al-Ali A.; Ashour R.; Oliveira F.; Tortorici C.,2026,10.1109/ICUAS69441.2026.11598696,,Scopus
REC_1660,A Novel Ranging and IMU-Based Method for Relative Positioning of Two-MAV Formation in GNSS-Denied Environments,"Global Navigation Satellite Systems (GNSS) with weak anti-jamming capability are vulnerable to intentional or unintentional interference, resulting in difficulty providing continuous, reliable, and accurate positioning information in complex environments. Especially in GNSS-denied environments, relying solely on the onboard Inertial Measurement Unit (IMU) of the Micro Aerial Vehicles (MAVs) for positioning is not practical. In this paper, we propose a novel cooperative relative positioning method for MAVs in GNSS-denied scenarios. Specifically, the system model framework is first constructed, and then the Extended Kalman Filter (EKF) algorithm, which is introduced for its ability to handle nonlinear systems, is employed to fuse inter-vehicle ranging and onboard IMU information, achieving joint position estimation of the MAVs. The proposed method mainly addresses the problem of error accumulation in the IMU and exhibits high accuracy and robustness. Additionally, the method is capable of achieving relative positioning without requiring an accurate reference anchor. The system observability conditions are theoretically derived, which means the system positioning accuracy can be guaranteed when the system satisfies the observability conditions. The results further demonstrate the validity of the system observability conditions and investigate the impact of varying ranging errors on the positioning accuracy and stability. The proposed method achieves a positioning accuracy of approximately 0.55 m, which is about 3.89 times higher than that of an existing positioning method. ? 2023 by the authors.",Cheng J.; Ren P.; Deng T.,2023,10.3390/s23094366,,Scopus
REC_1661,A Comprehensive Review of Deep Learning -Aided Localization Techniques for Autonomous UAV Landing,"Unmanned Aerial Vehicles have increasingly important applications such as surveillance, disaster management, logistics, and precision agriculture. However, precise localization and autonomous landing, especially in a Global Navigation Satellite System-denied environment, are still major research challenges. This paper provides a comprehensive review of deep learning-aided localization and autonomous landing techniques for UAVs. The recent advancements in vision-based sensor-fusion and learning-driven frameworks are analyzed. Considerable attention is given to approaches that combine visual odometry with simultaneous localization and mapping and multi-sensor integration. The current research is shifting from traditional feature-based approaches to intelligent hybrid solutions with deep learning, reinforcement learning, and an Extended Kalman Filter. In this regard, a deep learning-based EKF approach for improving the detection and precision landing is discussed. Comparative analysis is done across multiple methodologies to enhance robustness and accuracy in dynamic and GNSS-denied conditions. Future research directions include swarm-based cooperative localization and adaptive landing strategies driven by hybrid optimization.  ? 2025 IEEE.",Mohamed Sameer T.K.; Susitra D.,2025,10.1109/ICCSPCI68199.2025.11451182,,Scopus
REC_1662,NLOS-Aware LiDAR?UWB Fusion Localization for UAV Inspection in Converter Valve Halls,"To address unavailable global navigation satellite system (GNSS) signals, dense metallic equipment, valve-tower occlusion, and the insufficient robustness of single-sensor localization in unmanned aerial vehicle (UAV) inspection of converter valve halls, this paper proposes a non-line-of-sight (NLOS)-aware LiDAR-ultra-wideband (UWB) fusion localization method. The method uses LiDAR odometry to provide continuous local motion constraints and UWB ranging to provide global distance constraints. The geometric relationship among the UAV, UWB anchors, and valve-hall obstacles is used to evaluate the NLOS risk of each UWB link, and the equivalent ranging variance is adaptively adjusted before tight fusion optimization. To avoid overextending simulation conclusions, this study focuses on localization-layer modeling and simulation-based validation rather than full energized valve-hall flight deployment. In the grouped-bushing valve-hall scenario, the proposed method achieves an RMSE of 0.30 m, a mean error of 0.29 m, a P95 error of 0.43 m, and a maximum error of 0.48 m, reducing the RMSE by 50.0% compared with ordinary tight LiDAR-UWB fusion. Additional Monte Carlo tests under different trajectories, anchor layouts, anchor installation errors, and obstacle densities further verify the robustness of the proposed weighting mechanism. The results indicate that the method can suppress LiDAR accumulated drift and reduce the influence of UWB NLOS ranging in GNSS-denied metallic indoor environments, while real converter-valve-hall flight tests under energized electromagnetic conditions remain necessary before engineering deployment. ? 2026 by the authors.",Liu X.; Yin Y.; Zhang Y.; Wu K.; Zheng J.; Mei F.,2026,10.3390/technologies14070414,,Scopus
REC_1663,Deep learning enabled localization for UAV autolanding,"This article concentrates on ground vision guided autonomous landing of a fixed-wing Unmanned Aerial Vehicle (UAV) within Global Navigation Satellite System (GNSS) denied environments. Cascaded deep learning models are developed and employed into image detection and its accuracy promoting for UAV autolanding, respectively. Firstly, we design a target bounding box detection network BboxLocate-Net to extract its image coordinate of the flying object. Secondly, the detected coordinate is fused into spatial localization with an extended Kalman filter estimator. Thirdly, a point regression network PointRefine-Net is developed for promoting detection accuracy once the flying vehicle's motion continuity is checked unacceptable. The proposed approach definitely accomplishes the closed-loop mutual inspection of spatial positioning and image detection, and automatically improves the inaccurate coordinates within a certain range. Experimental results demonstrate and verify that our method outperforms the previous works in terms of accuracy, robustness and real-time criterions. Specifically, the newly developed BboxLocate-Net attaches over 500 fps, almost five times the published state-of-the-art in this field, with comparable localization accuracy. ? 2021",LI M.; HU T.,2021,10.1016/j.cja.2020.11.011,,Scopus
REC_1674,A Low-Cost Doppler-Based Spectrum Monitoring and Interference Localization System for Public Safety in GPS-Denied Environments,"Global navigation satellite systems (GNSS), such as global positioning system (GPS), are widely used for unmanned aerial system (UAS) navigation; however, GNSS signals are vulnerable to blockage, jamming, and spoofing in disaster response, critical infrastructure protection, and conflict scenarios, posing significant public safety risks. This study proposes a low-cost Doppler-effect-based spectrum monitoring and interference localization system for operation in GPS-denied environments. Unlike conventional multi-antenna direction-finding approaches, the proposed system employs a single receiver integrated with a mechanically rotatable platform to perform three-dimensional azimuth (360?) and elevation (90?) scanning. Signal Doppler frequency (SDF), Received signal strength indicator (RSSI), and Signal-to-noise ratio (SNR) are jointly analyzed, while a Savitzky-Golay (SG) filter is applied to suppress environmental noise and enhance frequency-shift observability. In addition, Binary phase-shift keying (BPSK) and Quadrature phase-shift keying (QPSK) features are utilized to improve Doppler-based interference discrimination. Experimental results demonstrate real-time estimation of signal source azimuth and elevation under GPS-denied conditions. Beyond UAV tracking and recovery, the proposed platform enables early warning and spectrum occupancy monitoring in restricted or regulated areas, highlighting its applicability to public safety and defense-related applications. ? 2026, The Aeronautical and Astronautical Society of the Republic of China. Ltd. All rights reserved.",Huang C.H.,2026,10.6125/JoAAA.202604_58(4).01,,Scopus
REC_1679,Self-localization of unmanned aerial vehicles based on optical flow in onboard camera images,"This paper proposes and evaluates the implementation of a self-localization system intended for use in Unmanned Aerial Vehicles (UAVs). Accurate localization is necessary for UAVs for efficient stabilization, navigation and collision avoidance. Conventionally, this requirement is fulfilled using external hardware infrastructure, such as Global Navigation Satellite System (GNSS) or camera-based motion capture system (VICON-like [37]). These approaches are, however, not applicable in environments where deployment of cumbersome motion capture equipment is not feasible, as well as in GNSS-denied environments. Systems based on Simultaneous Localization and Mapping (SLAM) require heavy and expensive onboard equipment and high amounts of data transmissions for sharing maps between UAVs. Availability of a system without these drawbacks is crucial for deployment of tight formations of multiple fully autonomous micro UAVs for both outdoor and indoor missions. The project was inspired by the often used sensor PX4FLOW Smart Camera [12]. The aim was to develop a similar sensor, but without the multiple drawbacks observed in its use, as well as to make the operation of it more transparent and to make it independent of a specific hardware. Our proposed solution requires only a lightweight camera and a single-point range sensor. It is based on optical flow estimation from consecutive images obtained from downward-facing camera, coupled with a specialized RANSAC-inspired post-processing method that takes into account flight dynamics. This filtering makes it more robust against imperfect lighting, homogenous ground patches, random close objects and spurious errors. These features make this approach suitable even for coordinated flights through demanding forest-like environment. The system is designed mainly for horizontal velocity estimation, but specialized modifications were also made for vertical speed and yaw rotation rate estimation. These methods were tested in a simulator and subsequently in real world conditions. The tests showed, that the sensor is suitably reliable and accurate to be usable in practice. ? Springer International Publishing AG, part of Springer Nature 2018.",Walter V.; Nov?k T.; Saska M.,2018,10.1007/978-3-319-76072-8_8,,Scopus
REC_1682,Indoor Pedestrian-Following System by a Drone with Edge Computing and Neural Networks: Part 1 - System Design,"As the drone market continues to expand, the need for accurately determining a drone's position and orientation using a camera in GPS-denied environments becomes increasingly critical. This paper aims to achieve precise position and attitude data by incorporating SLAM to provide visual measurements for EKF, thereby ensuring the stability of drone operations. An experiment was conducted to execute commands from the ground control PC using the map created as a result of SLAM. The primary tools used for this purpose included the Pixhawk Orange, Jetson Nano, and the ZED-Mini camera. The research showcases the effectiveness of these tools and methods in enhancing indoor drone functionality.  ? 2023 ICROS.",Ryu I.-C.; Ham J.-I.; Park J.-O.; Joeng J.-W.; Kim S.-C.; Ahn H.-S.,2023,10.23919/ICCAS59377.2023.10316832,,Scopus
REC_1695,Application of vision-based particle filter and visual odometry for UAV localization,"Conventional UAV (abbr. Unmanned Air Vehicle) auto-pilot systems uses GPS signal for navigation. While the GPS signal is lost, jammed or the UAV is navigating in GPS-denied environment conventional autopilot systems fail to navigate safely. UAV should estimate it's own position without the need of external signals. Localization, the process of pose estimation relatively to known environment, may solve the problem of navigation without GPS signal. Downward looking camera on a UAV may be used to solve pose estimation problem in combination with visual odometry and other sensor data. In this paper a vision-based particle filter application is proposed to solve GPS-denied UAV localization. The application uses visual odometry for motion estimation, correlation coefficient for apriori known map image matching with aerial imagery, KLD (abbr. Kueller-Leiblach distance) sampling for particle filtering. Research using data collected during real UAV flight is performed to investigate: UAV heading influence on correlation coefficient values when matching aerial imagery with the map and measure localization accuracy compared to conventional GPS system and state-of-the-art odometry. ? 2017 Computer Science Research Notes.",Jurevi?ius R.; Marcinkevi?ius V.,2017,,,Scopus
REC_1698,Autonomous UAV navigation in post-disaster environments using ORB-SLAM,"This paper investigates the feasibility of developing an autonomous navigation system for Unmanned Aerial Vehicles (UAVs) operating in GPS-denied and structurally compromised environments, using the ORB-SLAM algorithm as the core method. ORB-SLAM (Oriented FAST and Rotated BRIEF ? Simultaneous Localization and Mapping) is a modern visual SLAM approach based solely on image data from mono or stereo cameras, without reliance on external positioning systems. The main objective of the research is to evaluate the potential of ORB-SLAM as the foundation for an onboard UAV navigation module capable of operating independently in complex, unstructured environments. This is particularly relevant for post-disaster scenarios, including search and rescue missions, tactical reconnaissance, and rapid response in damaged infrastructures. The study combines analytical modeling with experimental testing of an adapted ORB-SLAM configuration, addressing challenges of real-world input such as poor lighting, partial destruction of reference points, and dynamic scene elements. Results demonstrate that ORB-SLAM achieves high localization accuracy, robust trajectory recovery after tracking loss, and real-time map generation - all without dependency on GPS, IMUs, or external sensors, which is critical for lightweight aerial platforms. Several limitations remain, including sensitivity to degraded visuals, reliance on distinctive scene features, and computational demands on edge devices. Nevertheless, the research confirms ORB-SLAM?s suitability for compact, energy-efficient UAV navigation systems in GPS-denied environments. Future directions include sensor fusion, dynamic reconfiguration, and deployment in multi-agent systems. These findings highlight the practical value of ORB-SLAM-based navigation for disaster response and civil protection, offering a step toward safer and more resilient autonomous aerial operations. ? 2025 Copyright for this paper by its authors. Use permitted under Creative Commons License Attribution 4.0 International (CC BY 4.0).",Riabchun Y.; Koreniuk T.; Mazurenko R.; Dolya E.; Kotliarevskyi O.,2026,,,Scopus
REC_1701,Development of an Indoor VIO-Based Navigation System for Unmanned Vehicles,"Unmanned Aerial Vehicles (UAVs) have shown increasing potential in indoor applications such as inspection, automated logistics, and smart environment management. However, the absence of reliable GPS signals in indoor environments poses significant challenges to precise localization and autonomous navigation. To address this issue, this paper presents the design and implementation of an indoor navigation system for UAVs based on Vision-Inertial Odometry (VIO) and depth sensing. The proposed system integrates a RealSense T265 tracking camera for robust VIO-based localization and a D435i depth camera for obstacle detection and environment perception. A path planning module employing the A* algorithm generates feasible routes, while a Jetson Orin NX onboard computer performs sensor fusion, control computation, and command execution through the UAV's autopilot. Experimental validation in indoor test environments demonstrates that the system achieves reliable localization, stable path following, and real-time obstacle avoidance. These results confirm the feasibility of VIO-and depth-sensing-based solutions for UAV navigation in GPS-denied environments. ? The 2026 International Conference on Artificial Life and Robotics (ICAROB2026).",Chen C.-H.; Lin J.-J.; Chen L.-H.; Song C.-C.,2026,,,Scopus
REC_1702,An integrated MEMS IMU/camera system for pedestrian navigation in GPS-denied environment,"Pedestrian navigation still remains an unsolved difficulty in the navigation community. Unlike landvehicle, maritime and airborne navigation, users of pedestrian navigation device often require navigation solution in GNSS-denied environments, such as indoor, urban canyon, and thick foliage where GNSS signal is severely degraded by noise, blockage and multipath. Currently, the MEMS inertial sensors are extensively used in the GNSS-denied environments with advantages of being low-cost and small size. Many mobile devices such as smart phones and PDAs are also embedded with MEMS inertial sensors. But since the MEMS inertial sensors suffer from significant bias, drifts and noise, the navigation solution will diverge to hundreds of meters within several minutes if using the MEMS IMU alone. Therefore, external calibration from other sensors is necessary. A camera is currently integrated in most mobile devices, and it can provide the navigation information by tracking the locations of optical features in successive images. Previous research has shown the coupling of inertial sensors and camera to improve navigation performance in applications such as robotic navigation, unmanned aerial vehicle (UAV), and indoor positioning. Different from them, this paper focuses on monocular vision position aiding based MEMS IMU/Camera system to support pedestrian navigation in GPS-denied environments, especially in indoor conditions. Field test results demonstrate that the proposed vision-aided system can reduce the position error from more than several kilometres in INS-only solutions to less than 3 m.",Huang B.; Du S.; Gao Y.,2011,,,Scopus
REC_1707,Evaluation of a Complementary Navigation Filter Steering a UAS Autopilot in a GNSS Contested Environment,"This paper describes the results for a recent small unmanned aerial system (UAS) flight test during a GNSS-denied navigation exercise at White Sands Missile Range, where GNSS-denied state estimates were fed into an open-source autopilot and utilized to direct and operate the vehicle. Two successful hour-long flights were achieved, accomplishing all objectives. The aircraft flew a pre-planned flight pattern utilizing the autopilot capabilities and was largely unaware of the GNSS-contested conditions. The navigation payload onboard the aircraft consisted of an integrated GNSS-inertial unit, a ranging radio (listening to pseudolites) capable of both range and Doppler range rate measurements, a barometer, and an IR vision camera. The aircraft flew two separate flight patterns: a circular loiter and a square pattern with four waypoints, at three different altitudes (height above ground): 400, 500, and 600 m. The filter script was written using the Navigation Toolkit (NTK), a new library that supports pntOS development and is based on the ANT Center Scorpion framework. Overall, this research provides a starting point for future research in the areas of alternative navigation, software in the loop (SITL) control systems, navigation integrity, and navigation beyond the line of sight (BLOS). This research demonstrates that alternative sensors, such as cameras, radios, and barometers, can be used to successfully inform a commercial off-the-shelf (COTS) autopilot controller to successfully accomplish missions in GNSS-contested environments. ? International Technical Meeting of the Satellite Division of the Institute of Navigation, ION GNSS+ 2022. All rights reserved.",Appleget A.; Watson J.; Gray J.; Leishman R.C.,2022,,,Scopus
REC_1711,A recovery system for SUAV operations in GPS-denied environments using timing advance measurements,"This paper describes a recovery system for Small Unmanned Aerial Vehicles (SUAVs) operated in and around urban areas. The purpose of the system is to provide guidance to a SUAV allowing safe navigation to an area where it can be recovered in the event of a GPS outage using current technology and implement the solution within a one year timeframe. The prototype SUAV system presented in this paper made use of a federated filtering approach to calculate position, velocity, and attitude in GPS-denied environments. An Attitude Heading Reference System computed attitude followed by an air-data based dead reckoning navigator to determine the velocity and position of the SUAV. This system was aided by position fixes derived from the onboard cell phone receiver. Coarsely discretized time-of-arrival (TOA) information from the receiver bounded the position error of the dead reckoning navigator. The short-term performance of the system was evaluated through flight testing incorporating 2-5 minute GPS outages. Hardware-in-the-loop (HIL) simulations were conducted to demonstrate the system performance during extended (30 minute) GPS outages. The average position error magnitude of an un-aided dead reckoning navigator at the end of 25 Monte Carlo HIL simulations was 5275 m. In spite of the coarse TOA data, the cell phone-aided system out-performed the un-aided solution and bounded the average error to 166 m.",Layh T.; Larson J.; Jackson J.; Taylor B.; Gebre-Egziabher D.,2015,,,Scopus
REC_1712,"Location determination of an unmanned aerial vehicle in a GPS-denied, Hazard-cluttered indoor environment","This paper describes an algorithm used for real-time location determination of an Unmanned Aerial Vehicle in a GPS-denied, hazard-cluttered indoor environment. The UAV designed is based on the guidelines established by the Ohio Autonomous Aerial Vehicle Competition (AAVC) 2014. Real-time data is obtained from an Inertial Measurement Unit (IMU) and an onboard laser system. Each source is first filtered using a Kalman filter and then fused together to obtain the position of the UAV. This output aids the UAV maneuvering through the obstacles and in estimating the location of a target to complete the required tasks. ? 2015, American Institute of Aeronautics and Astronautics Inc. All rights received.",Sathyan A.; Kukreti S.; Sridhar S.; Kivelevitch E.,2015,,,Scopus
REC_1714,Performance analysis and flight data results of innovative vision-based navigation in GPS-denied environment,"Astrium Satellites is developing Vision Based Navigation solutions for safe and accurate autonomous landing on planetary bodies. This transverse technology is being applied to non Space applications as Unmanned Aerial Vehicle (UAV), Miniature Aerial Vehicles (MAVs) and navigation aiding of man piloted helicopters and airplanes. Indeed, all these target applications are highly interested in developing navigation solutions that can work in a GPS-denied environment. A key techniques at the heart of vision-based navigation solutions is the hybridization of IMU and information coming from a mono-camera vision system We will show in this paper how the coupling of a low grade IMU with a low cost 2D-camera can provide a quite accurate dead reckoning navigation estimate at very low cost and mass. As a matter of fact there was an increasing interest in studying optimal fusion techniques of these two types of measurements in the past decade. Astrium Satellites has developed original vision-based navigation solutions with different levels of algorithmic complexity according to the mission requirements and computing resources. The key requirements to these solutions are: (1) The estimated states provided by the navigation solution shall be consistent in order to enable optimal and robust fusion with additional sensors specific to the application, like partial GPS, Doppler Radar, altimeter, etc; (2) The solution shall be still workable when the image complexity and/or size increases. Order O(n) solution are targeted, n being the number of features used in the image (3) The solution shall be robust to the vehicle motion (trajectory, attitude motion) and to the presence of frequent image outliers. This paper presents developed solutions with emphasis on specific theoretical constraints to be solved (observability aspect), as well as on flight test results obtained on aerial vehicles with various types of trajectories and scenes. Comparison with classical SLAM solutions will be addressed. Results will be provided for the critical case of a vertical landing on a plane field highlighting where unobservability issues have to be tackled. The, performances of the developed solutions are presented on three amplications. The first study case is the application of vision-based navigation to Lunar Landing, a European Space Agency mission aiming to autonomously, safely, softly and precisely landing a spacecraft at the lunar South Pole by 2018. Then, results on the first flight data acquired by the European Space Agency Planetary Landing Ground Test Facility (PLGTF) will be presented. PLGTF used an unmanned helicopter to fly the NPAL experiment developed under Astrium Satellites lead, consisting of a high performance IMU and a camera based on space environment compatible components, including a Radiation Hardened detector and an image pre-processing FPGA. The trajectory was selected to be as close as possible to a planetary landing trajectory. Finally, flight results of the IRIS experiment dedicated to vision-based navigation will be presented. IRIS experiment developed by Astrium Satellites relies on commercial, off-the shelf sensors, packaged with an acquisition setup having a very limited mass, volume and cost. Several sequences of flight data were acquired with specific scenarios in mind: two ""mars-like"" quasi-vertical landing trajectories on one side, en-route navigation, aircraft approach on taxiway and unprepared terrain on the other side. It will be shown that the navigation solution allows accurate state estimate even during GPS outage. We demonstrated that Astrium vision-based navigation solutions performed as well as classical SLAM-based solutions, but with significant advantages in term of robustness, consistency and computing resources. This presentation is following a previous presentation (Fischer, Zaunick, Polle, & Kervendal, 2012) made in February 2012 in AAS GN&C Conference in Breckenridge, CO) with more emphasis there on the implementation aspects, the performances for MAVs applications and the latest flight experiment results.",Polle B.,2012,,,Scopus
REC_1718,On the consistency analyzing of A-SLAM for UAV navigating in GNSS denied environment,"In this paper, EKF Based A-SLAM concept is discussed in detail by presenting the formulas and MATLAB Simulink model, along with results. The UAV kinematic model and state-observation models for the EKF Based A-SLAM are developed to analyze the consistency. The covariance value caused by the EKF structure is analyzed. This value was calculated by filtering with error between the UAV's actual and estimated positions. It is concluded that the calculated covariance value diminishes despite error and does not decrease as a result of the inconsistency of the EKF Based A-SLAM structure. The necessary conditions for the consistency of the EKF Based A-SLAM structure are described and the consistency of the EKF Based A-SLAM is consequently investigated by considering these conditions for the first time by using simulation results. The analysis during this landmark observation exhibits that a jagged UAV's trajectory indicates an inconsistency caused by the EKF Based A-SLAM structure with the provocation of error accumulation. Finally, the major reasons of the filter inconsistency can be listed as unobservable subspace and Jacobian matrices used for linearization. As a future work, the methods that can be used to provide consistency of the EKF Based A-SLAM are proposed for better UAV navigation performance.",Oguz A.E.; Temeltas H.,2013,,,Scopus
REC_0001,BIM-Assisted UAV Topological Localization and Navigation Method for GPS-Denied Indoor Environments,"This paper proposes a BIM-assisted UAV topological localization and navigation framework for GPS-denied indoor environments. The method transforms BIM data into a semantic-topological graph containing rooms, corridors, staircases, and connectivity relationships. UAV image observations are converted into candidate BIM nodes through spatial semantic recognition and OCR-based textual matching rather than directly estimating metric coordinates. A topology-aware recursive localization mechanism is then introduced by integrating BIM adjacency constraints and historical states to infer the most probable indoor location. Furthermore, semantic-cost A* planning is employed to validate whether the estimated topological nodes can support indoor navigation tasks. Experiments were conducted in a real university teaching-building environment with 721 indoor images and 74 navigation frames. Results demonstrate that the proposed framework achieves 95.95% localization coverage and 100% valid-frame node accuracy, showing strong robustness and interpretability for indoor UAV localization and navigation.",H. Pan; H. Ye; W. Zheng; L. Zhou,2026,10.1109/ICCIR70228.2026.11633308,,IEEE_Xplore
REC_0010,Autonomous long-range navigation in GNSS-denied environment with low-cost UAV platform,"The capability of an Unmanned Aerial Vehicle to navigate in GNSS-denied environments is desired in many situations, especially in situation in which the GNSS signal is not trustable. In this work is presented a solution based on a low-cost UAV platform, that uses a Landmark Recognition algorithm to compensate the inertial sensors errors cumulation, aiming to perform a long-range navigation, independently of GNSS information. The results in a real-time simulation demonstrated the effectiveness of the integration between the UAV control and the computer vision, performing a successful navigation of 20.7 km long at 400 meters high, where the system has been able to estimate the coordinates during the whole route, with an average error lower than 6 meters.",A. R. Kuroswiski; N. M. F. de Oliveira; ?. H. Shiguemori,2018,10.1109/SYSCON.2018.8369592,,IEEE_Xplore
REC_0022,Distance-based Autonomous Docking for UAV-MP in GPS-denied Environment,"In this paper, we study the docking problem between a UAV and a mobile platform (MP) by estimating the relative position through distance information and its own displacement, and design the approaching trajectory for eliminating the need of any global positioning systems or other infrastructures. The main challenges of this problem are to estimate the relative position between the UAV and the MP and design controllers for the navigation trajectory control. Since the MP is not equipped with odometer and its motion changes from time to time, the UAV is iteratively navigated using the estimated relative positions to make it infinitely close to the MP, so that the MP finally enters the field of view of the camera and accomplishes the autonomous docking. A simulation experiment is carried out and the theoretical results are verified.",C. Cheng; X. Li; L. Li; L. Xie,2022,10.1109/CCDC55256.2022.10034409,,IEEE_Xplore
REC_0023,Autonomous Aerial Navigation in GPS-Denied Environments,"In the absence of reliable GPS or GNSS navigation systems, commercial drones fail to complete their tasks successfully. This paper proposes an autonomous navigation system that does not rely on GPS, GNSS or external markers. It instead utilizes custom navigation algorithms in place of traditional positioning systems. The navigation system employs a stereo depth camera, LiDAR, and an optical flow sensor. To process environmental data more efficiently, the system employs a 'tunnel vision' approach, which narrows the field of view to reduce computational load. This is complemented by a sliding window algorithm for processing the area in a linear manner, systematically searching for landable/landing zones. These algorithms can be effectively applied in GPS-denied environments, such as disaster-stricken areas, to facilitate rapid assessment and mapping of affected zones.",A. Variar; B. R; A. Fathima; R. U; G. Sreenandhini; D. K. H; J. J; S. M. D,2025,10.1109/INSPIRE67328.2025.11300665,,IEEE_Xplore
REC_0028,UAV Waypoint Opportunistic Navigation in GNSS-Denied Environments,"Navigation of an unmanned aerial vehicle (UAV) to reach a desired waypoint with provable guarantees in global navigation satellite system (GNSS)-denied environments is considered. The UAV is assumed to have an unknown initial state (position, velocity, and time) and the environment is assumed to possess multiple terrestrial signals of opportunity (SOPs) transmitters with unknown states (position and time) and one anchor SOP whose states are known. The UAV makes pseudorange measurements to all SOPs to estimate its own states simultaneously with the states of the unknown SOPs. The waypoint navigation problem is formulated as a greedy (i.e., one-step look-ahead) multiobjective motion planning (MOMP) strategy, which guarantees that the UAV gets to within a user-specified distance of the waypoint with a user-specified confidence. The MOMP strategy balances two objectives: i) navigating to the waypoint; and (ii) reducing UAV?s position estimate uncertainty. It is demonstrated that in such an environment, formulating the waypoint navigation problem in a so-called ?naive? fashion by heading directly to the waypoint would result in failing to reach the waypoint. This is due to poor estimability of the environment. In contrast, the MOMP strategy guarantees (in a probabilistic sense) reaching the waypoint. Monte Carlo simulation results are presented showing that the MOMP strategy achieves the desired objective with 95% success rate compared to a 36% success rate with the naive approach. Experimental results are presented for a UAV navigating to a waypoint in a cellular SOP environment, where the MOMP strategy successfully reaches the waypoint, while the naive strategy fails to do so.",Y. Yang; J. Khalife; J. J. Morales; Z. M. Kassas,2022,10.1109/TAES.2021.3103140,,IEEE_Xplore
REC_0035,State Estimation and Control for Micro Aerial Vehicles in GPS-denied Environments,"In this paper, a state estimation and control system in GPS-denied environments is presented for a micro aerial vehicle (MAV). For full state estimation, we formulate the lidar-inertial odometry as a factor graph which can solved by a nonlinear optimizer. For hovering and trajectory control, we propose a dual-mode cascaded nonlinear controller, which ensures the hovering accuracy and trajectory tracking performance. In extensive state estimation and flight tests, we evaluate the performance of the developed control and estimation algorithms proposed in this paper on a onboard computer.",H. Shen; X. Zhang; H. Lu; B. Tian; Q. Zong,2020,10.1109/WCSP49889.2020.9299710,,IEEE_Xplore
REC_0053,Vision-based Navigation of Unmanned Aerial Vehicles,"Unmanned Aerial Vehicles (UAVs) are increasingly being used for a wide range of civilian and industrial applications. While GPS-based navigation systems are commonly employed, they suffer from limitations in environments where GPS signals are weak or unavailable, such as indoors or in dense urban areas. This paper presents a vision-based navigation framework that leverages visual data for real-time localization and path planning, providing an alternative to GPS navigation. The proposed method uses a camera system to capture visual features, building a visual memory of the environment during a guided flight. This memory is then used for localization and autonomous navigation in real-time. Experiments conducted with an indoor UAV equipped with a fish-eye camera demonstrate the effectiveness of the approach, showing reliable navigation in complex environments without the need for GPS. The results highlight the potential of vision-based systems for enhancing the autonomy and versatility of UAVs, particularly in GPS-denied scenarios.",H. Gahlot; A. Kumar; P. Kumar; E. A. Sharma,2024,10.1109/ICACCM61117.2024.11059131,,IEEE_Xplore
REC_0064,Positioning and Navigation Approaches Using Packet Loss-Based Multilateration for UAVs in GPS-Denied Environments,"Unmanned aerial vehicle (UAV) technology has demonstrated outstanding performance and has become an essential innovation in current applications. In outdoor surveillance operations, such as geolocation and navigation in restricted areas, an unmanned aerial vehicle, such as a drone, can accomplish missions efficiently with the assistance of a Global Positioning System (GPS). In contrast, drones without such a system are particularly limited to indoor surveillance or short-range applications owing to the absence of precise positioning capabilities. This study addresses the crucial challenge of non-GPS drones in outdoor surveillance scenarios and proposes a packet loss-based positioning approach, wherein a drone estimates its current position by utilizing wireless packet loss from reference point packet transmission using a multilateration technique. Moreover, we introduce three heuristic lightweight navigation algorithms, leveraging packet loss-based positioning and enabling a drone to navigate toward its intended destinations. Through simulations, we observed a significant average reduction of 55.78% in navigation accuracy errors during operation, proving that a drone without a precise positioning system can identify its location and recover to its nearest destination position by relying solely on packet loss computation without the need for complex sensors.",I. Srisomboon; S. Lee,2024,10.1109/ACCESS.2024.3357148,,IEEE_Xplore
REC_0065,Autonomous Drones in GNSS-Denied Environments: Results from the Leonardo Drone Contest,"The Leonardo Drone Contest is an autonomous drone competition that aims at finding innovative solutions for drones operating in a Global Navigation Satellite System (GNSS) denied environment. At the end of a three years cycle of the competition, in this paper a review of the identified system and conclusions made by the DRAFT team from Politecnico di Torino is presented. The authors aim at introducing the final solutions to the challenge in terms of hardware components, algorithms and development process. The proposed approach has been widely tested and validated, and it ranked second in the competition. The well-consolidated procedure, resulting from many iterations in the development cycle, has contributed to further improvements during the three-year challenge and can be helpful for anyone who desires to approach the problem of autonomous drones employed in smart cities contexts.",S. Godio; F. Marino; A. Minervini; S. Primatesta; M. Chiaberge; G. Guglieri,2023,10.1109/MetroAeroSpace57412.2023.10190003,,IEEE_Xplore
REC_0066,Real Time Vision Based Obstacle Avoidance for UAV using YOLO in GPS Denied Environment,"This paper discussed cost-effective vision-based obstacle avoidance for Unmanned Aerial Vehicles (UAVs) operating in GPS-denied environments. The system combines the You Only Look Once (YOLO) architecture with stereo vision cameras (OAK-D Lite), a Raspberry Pi computer, and a flight controller unit (Pixhawk-Cube). Navigating safely through obstacles becomes challenging for UAVs in GPS-denied environments. To address this issue, the drone is configured in altitude hold mode, and the system is trained on the Common Objects in Context (COCO) dataset, enabling it to recognize objects and analyze the surrounding areas to identify free spaces. By doing so, the drone can traverse an obstacle-free path. The detected obstacle information is then utilized to generate avoidance trajectories, allowing the UAV to navigate around obstacles safely. Real-time testing of the proposed technique demonstrates its efficacy in detecting and avoiding obstacles within a threshold distance of 2 meters, with an error rate of 10%. The drone?s relative speed is configured at 2 m/s during these tests.",S. K. NT; G. U. Sai; P. K. Duba; P. Rajalakshmi,2023,10.1109/OCIT59427.2023.10431039,,IEEE_Xplore
REC_0071,Radar-Based High-Accuracy 3D Localization of UAVs for Landing in GNSS-Denied Environments,"Global navigation satellite systems (GNSS) such as GPS are the de-facto standard for absolute and reliable unmanned aerial vehicles (UAV) localization due to their global availability and the maturity and wide spread of the underlying technology. However, as the spread and reliance upon autonomous UAV systems increases, the risk of jamming becomes a substantial safety problem. The area where jamming attacks are most likely to occur is the close vicinity of the UAV landing station. Hence, to ensure reliable operations, an alternative localization technology for the approach and landing phase is needed. This paper presents a localization system for 3D position estimation based on 24 GHz FMCW cooperative radar. It has very low infrastructure requirements thanks to the combination of ranging and direction-of-arrival (DOA) estimation techniques employed in the ground station. Jamming resistance is improved due to the large bandwidth of 250 MHz. A measurement campaign was conducted to prove the feasibility of the proposed concept.",Y. Dobrev; Y. Dobrev; P. Gulden; M. Lipka; T. Pavlenko; D. Moormann; M. Vossiek,2018,10.1109/ICMIM.2018.8443483,,IEEE_Xplore
REC_0095,Cooperative Relative Localization for UAV Swarm in GNSS-Denied Environment: A Coalition Formation Game Approach,"Unmanned aerial vehicle (UAV) swarms require accurate relative localization to safeguard flight missions in the global navigation satellite system-denied environment due to a lack of absolute position information. The existing work of relative localization faces challenges, such as the ranging information loss and the low localization frequency caused by long-distance ranging and large-scale characteristic of the UAV swarm. This article proposes a clustering-based cooperative relative localization scheme for UAV swarm, which contains a two-level framework: inter/intra-cluster localization. In order to investigate the tradeoff between intracluster cooperation and intercluster packet loss, the clustering-based problem is constructed as a coalition formation game (CFG) model. Given the designed coalition value, preference relation, and the coalition formation principles, it is proved that the proposed CFG model has a Nash stable partition. The designed coalition formation algorithm includes coalition heads and beacon drones selection mechanism. Simulation results show that the proposed CFG algorithms shorten the ranging time compared with global localization and achieve better localization performance (localization error and success rate) than contrast algorithms.",L. Ruan; G. Li; W. Dai; S. Tian; G. Fan; J. Wang; X. Dai,2022,10.1109/JIOT.2021.3130000,,IEEE_Xplore
REC_0096,Cooperative UWB-Based Localization for Outdoors Positioning and Navigation of UAVs aided by Ground Robots,"Unmanned aerial vehicles (UAVs) are becoming largely ubiquitous with an increasing demand for aerial data. Accurate navigation and localization, required for precise data collection in many industrial applications, often relies on RTK GNSS. These systems, able of centimeter-level accuracy, require a setup and calibration process and are relatively expensive. This paper addresses the problem of accurate positioning and navigation of UAVs through cooperative localization. Inexpensive ultra-wideband (UWB) transceivers installed on both the UAV and a support ground robot enable centimeter-level relative positioning. With fast deployment and wide setup flexibility, the proposed system is able to accommodate different environments and can also be utilized in GNSS-denied environments. Through extensive simulations and test fields, we evaluate the accuracy of the system and compare it to GNSS in urban environments where multipath transmission degrades accuracy. For completeness, we include visual-inertial odometry in the experiments and compare the performance with the UWB-based cooperative localization.",Y. Xianjia; L. Qingqing; J. P. Queralta; J. Heikkonen; T. Westerlund,2021,10.1109/ICAS49788.2021.9551177,,IEEE_Xplore
REC_0123,Visual-based landing system of a multirotor UAV in GNSS denied environment,"Visual-based landing systems for multirotor unmanned aerial vehicles (UAVs) have become an active research area in robotics and aviation. The availability of GNSS signals is essential for most commercial UAVs, but unfortunately, these signals can be lost in certain environments or intentionally denied in military operations. Therefore, visual-based landing systems can provide an alternative solution to enable a low-cost system for precisely landing UAVs in GNSS-denied environments. This paper overviews recent research on visual-based landing systems for multirotor UAVs in a highly unfamiliar environment. The paper presents a comprehensive review of various vision-based techniques, such as optical flow, stereo vision, monocular visual odometry, and deep learning-based methods, which have been proposed for the accurate landing of UAVs in GNSS-denied environments. This paper proposes a multi-camera landing aid system based on ArUco markers. Proposed system allows for a precision landing of the UAV with a pre-programmed approach trajectory. The paper also highlights the challenges and limitations of this topic and provides potential directions for future research. This paper aims to provide a valuable resource for researchers, engineers, and practitioners interested in developing visual-based landing systems for multirotor UAVs in GNSS-denied environments.",A. Marut; P. Wojciechowski; K. Wojtowicz; K. Falkowski,2023,10.1109/MetroAeroSpace57412.2023.10190013,,IEEE_Xplore
REC_0131,Digital Twin for Drone Indoor Autonomous Navigation,"A digital twin (DT)-based framework for autonomous drone navigation in GPS-denied indoor environments is presented in this letter. A real-time virtual replica of the drone enables precise control, trajectory optimization, and feedback. A 224?cm ? 224?cm arena with ArUco markers defines the coordinate system, while an overhead camera and OpenCV provide vision-based localization. The ESP32-controlled drone uses the YOLOv11-nano model for obstacle detection and a lightweight transformer model, Depth Anything (Lihe-Young-small-hf), for monocular depth estimation?eliminating the need for LiDAR or stereo sensors. Detected obstacles are mapped into a 3-D grid for Dijkstra-based path planning. Real-time synchronization between the physical drone and its DT is achieved via message queuing telemetry transport (MQTT) within a robot operating system?Gazebo environment. The proposed DT system achieves an RMS trajectory deviation of approximately 0.015 m, representing an order-of-magnitude improvement compared with DT-based uncrewed aerial vehicle (UAV) navigation studies under similar experimental conditions, and maintains stable detection accuracy (mean average precision ? 0.994) throughout the maneuver. The proposed system offers a scalable low-cost solution for indoor UAV autonomy with potential applications in warehouse automation, disaster management, and intelligent surveillance.",M. J. Kumar; S. Singh; A. Saneen; D. Thomas,2026,10.1109/LSENS.2025.3642424,,IEEE_Xplore
REC_0165,UAV Cross-View Image Retrieval and Visual Geo-Localization in GNSS-Denied Environments,"UAV navigation often relies on GNSS, failing in denied environments like urban canyons. We propose an end-toend cross-view geo-localization framework mitigating geometric and appearance discrepancies. It achieves 93.59% Recall@1 on University-1652 and 93.56% on DenseUAV, outperforming baselines. Additionally, two efficient real-time inference strategies reduce the average continuous tracking error from 9.68 m to 0.95 m, demonstrating high-precision potential in GNSS-denied areas.",Y. -C. Tai; H. -Y. Shen; C. -P. Yi,2026,10.1109/ICCE-Taiwan71481.2026.11652687,,IEEE_Xplore
REC_0179,Wireless Local Positioning System for Controlled UAV Landing in GNSS-Denied Environment,"A novel concept for ad-hoc landing of unmanned aerial vehicles (UAV) in GNSS-denied environment is presented in this paper. In our concept at the beginning of the landing phase the UAV drops several active beacons down to the landing site. It enables the UAV to localize itself via distance and angle information to the deployed beacons. The presented wireless local positioning system is based on 24 GHz secondary radar sensors and allows for accurate and robust 3D-positioning even in harsh weather conditions. The specially designed antennas with large angular coverage assure UAV localization disregarding the beacon's position and orientation. The developed beacon design has small size, low weight and power consumption that perfectly suits the application goal. Measurements of localization and landing scenario using four beacons and the radar unit installed on the drone are shown. The 3D-positioning of the UAV with the RMSE under 36 cm using only a single beacon and 31 cm using four beacons were achieved. These results verify the application of the proposed system as an accurate and redundant UAV landing solution.",T. Pavlenko; M. Sch?tz; M. Vossiek; T. Walter; S. Montenegro,2019,10.1109/MetroAeroSpace.2019.8869587,,IEEE_Xplore
REC_0208,UAV Pose Estimation in GNSS-Denied Environment Assisted by Satellite Imagery Deep Learning Features,"With the growing maturity of unmanned aerial vehicle (UAV) technology, its applications have widened to many spheres of life. The prerequisite for a UAV to perform air tasks smoothly is an accurate localization of its own position. Traditional UAV navigation relies on the Global Navigation Satellite System (GNSS) for localization; however, this system has disadvantages of instability and susceptibility to interference. Therefore, to obtain accuracy in UAV pose estimation in GNSS-denied environments, a UAV localization method that is assisted by deep learning features of satellite imagery is proposed. With the inclusion of a top-view optical camera to the UAV, localization is achieved based on satellite imageries with geographic coordinates and a digital elevation model (DEM). By utilizing the difference between the UAV frame and satellite imagery, the convolutional neural network is used to extract deep learning features between the two images to achieve stable registration. To improve the accuracy and robustness of the localization method, a local optimization method based on bundle adjustment (BA) is proposed. Experiments demonstrate that when the UAV's relative altitude is 0.5 km, the average localization error of this method under different trajectories is within 15 m.",H. Hou; Q. Xu; C. Lan; W. Lu; Y. Zhang; Z. Cui; J. Qin,2021,10.1109/ACCESS.2020.3048342,,IEEE_Xplore
REC_0213,A Multi-UAV System for Exploration and Target Finding in Cluttered and GPS-Denied Environments,"The use of multi-rotor Unmanned Aerial Vehicles (UAVs) for Search and Rescue (SAR) and Remote Sensing is rapidly increasing. Multi-rotor UAVs, however, have limited endurance. The range of UAV applications can be widened if teams of multiple UAVs are used. We propose a framework for a team of UAVs to cooperatively explore and find a target in complex GPS-denied environments with obstacles. The team of UAVs autonomously navigates, explores, detects, and finds the target in a cluttered environment with a known map. Examples of such environments include indoor scenarios, urban or natural canyons, caves, and tunnels, where the GPS signal is limited or blocked. The framework is based on a probabilistic Decentralised Partially Observable Markov Decision Processes (Dec-POMDP) which accounts for the uncertainties in sensing and the environment. The team can cooperate efficiently, with each UAV sharing only limited processed observations and their locations during the mission. The system is simulated using the Robotic Operating System (ROS) and Gazebo. Performance of the system with an increasing number of UAVs in several indoor scenarios with obstacles is tested. Results indicate that the proposed multi-UAV system has improvements in terms of time-cost, the proportion of search area surveyed, and successful rates for search and rescue missions.",X. Zhu; F. Vanegas; F. Gonzalez; C. Sanderson,2021,10.1109/ICUAS51884.2021.9476820,,IEEE_Xplore
REC_0255,A stereo and rotating laser framework for UAV navigation in GPS denied environment,"Recent developments in robotics sensing using either the active sensor-laser range finder (LRF) or passive sensors-camera systems have shown that the existing approaches are able to estimate the motion and reconstruct the environment in a typical GPS-denied environment such as indoor environments. However, for a 2D LRF, it can only provide a planar measurement due to the hardware limitations and the cost for 3D LRF is still too high for robotic systems. For camera systems, the 3D perception capability and lightweight are promising while it is not effective in long range, low illumination and low textured environment com- pared to the LRF. In the proposed framework, our first contribution is a senor integration system that combines a stereo camera with a rotating LRF. The stereo camera can achieve a fast and smooth motion estimation and the rotating LRF could construct a dense 3D environment. Our second contribution is an integration of a fast feature-based motion estimation with an accurate shape matching refinement. The proposed approaches have been built in our customized unmanned aerial vehicle (UAV) platform. We have verified our proposed approach through a series of extensive evaluations in clustered indoor environments and open outdoor environments.",Hailong Qin; Yingcai Bi; K. Z. Y. Ang; Kangli Wang; Jiaxin Li; Menglu Lan; Mo Shan; F. Lin,2016,10.1109/IECON.2016.7793246,,IEEE_Xplore
REC_0274,Navigation and control of unmanned aerial vehicles in GPS-denied environments,"Unmanned aerial vehicles (UAVs) have made huge progress in military and civilian missions, ranging from surveillance, reconnaissance, to logistics and transportation. Particularly, to meet requirements of high-demand applications, it is necessary to develop advanced unmanned systems that are capable of autonomously navigating in cluttered indoor and outdoor GPS-denied environments, such as hostile buildings, radiation contaminated areas and forest.",B. Chen,2014,10.1109/ICARCV.2014.7064483,,IEEE_Xplore
REC_0278,Navigation Methods for UAVs in GNSS-Denied Environments Using Artificial Intelligence,"With the rapid advancement of autonomous flight technology, there is an increasing demand for higher precision and advanced navigation techniques, with permissible distance errors often restricted to a few meters. Furthermore, the ubiquitous deployment of Unmanned Aerial Vehicles (UAVs) necessitates the integration of novel technologies to ensure operational continuity under adverse conditions, such as environmental signal interference, hostile attacks, or traversal through zones of complete signal loss. This study presents a methodology to address these challenges, enabling themaintenance of coordinates and navigation for UAVs to traverse jammed or completely out-of-coverage zones, thereby avoiding the need for emergency landings or Return-to-Home (RTH) protocols common in current UAV systems. The proposed approach leverages the TransGAN model, a framework typically employed for data analysis comprising a Generator and a Discriminator. In this context, the model processes sequential real-world coordinate data. Under normal GNSS operation, TransGAN is trained as a high-precision prediction model utilizing velocity and coordinate data as inputs. Conversely, during GNSS outages or interference, the trained TransGAN model is utilized to generate coordinates, thereby maintaining navigation capabilities for the UAV.",N. V. Quynh; P. N. Huu; T. Han-Trong,2026,10.1109/ICCE70609.2026.11658445,,IEEE_Xplore
REC_0281,UAV Tracking with Lidar as a Camera Sensor in GNSS-Denied Environments,"Light detection and ranging (LiDAR) sensor has become one of the primary sensors in robotics and autonomous system for high-accuracy situational awareness. In recent years, multi-modal LiDAR systems emerged, and among them, LiDAR-as-a-camera sensors provide not only 3D point clouds but also fixed-resolution 360?panoramic images by encoding either depth, reflectivity, or near-infrared light in the image pixels. This potentially brings computer vision capabilities on top of the potential of LiDAR itself. In this paper, we are specifically interested in utilizing LiDARs and LiDAR-generated images for tracking Unmanned Aerial Vehicles (UAVs) in real-time which can benefit applications including docking, remote identification, or counter-UAV systems, among others. This is, to the best of our knowledge, the first work that explores the possibility of fusing the images and point cloud generated by a single LiDAR sensor to track a UAV without a priori known initialized position. We trained a custom YOLOv5 model for detecting UAVs based on the panoramic images collected in an indoor experiment arena with a motion capture (MOCAP) system. By integrating with the point cloud, we are able to continuously provide the position of the UAV. Our experiment demonstrated the effectiveness of the proposed UAV tracking approach compared with methods based only on point clouds or images. Additionally, we evaluated the real-time performance of our approach on the Nvidia Jetson Nano, a popular mobile computing platform.",H. Sier; X. Yu; I. Catalano; J. P. Queralta; Z. Zou; T. Westerlund,2023,10.1109/ICL-GNSS57829.2023.10148919,,IEEE_Xplore
REC_0294,A Novel Approach to Computationally Lighter GNSS-Denied UAV Navigation Using Monocular Camera,"A good receptivity of GNSS signals during autonomous navigation is of prime importance. Due to this, navigation becomes close to impossible with places having low receptivity or GNSS-denied zones. In this paper, a navigational system is presented for a multi-rotor UAV in a GNSS-denied environment. The global positioning problem is solved by taking a local reference frame and estimating the UAV's position and velocity w.r.t it, using an onboard monocular camera and barometer. The navigational problem is solved by designing a required velocity function and tuning the system's response to this input by a PID controller. The results of both simulations and actual flight tests show the effectiveness and reliability of the presented work, which enables a UAV to perform full automated missions from takeoff, waypoint navigation and landing, in complete absence of any GNSS signals.",J. Bhowmick; A. Singh; H. Gupta; R. Nallanthighal,2021,10.1109/ICARA51699.2021.9376502,,IEEE_Xplore
REC_0332,Thermal-Inertial Localization for Autonomous Navigation of Aerial Robots through Obscurants,"In this paper the problem of autonomous navigation of aerial robots through obscurants is considered. As visible spectrum cameras and most LiDAR technologies provide degraded data in such conditions, the problem of localization is approached through the fusion of thermal camera data with inertial sensor cues. In particular, a long-wave infrared camera is employed and combined with an inertial measurement unit. The sensor intrinsic and extrinsic parameters are appropriately calibrated, and an Extended Kalman Filter framework that uses direct photometric feedback is employed in order to achieve robust odometry estimation. This framework is capable of accomplishing real-time localization while navigating though obscurants in GPS-denied conditions. Subsequently, an experimental study of autonomous aerial robotic navigation within a smoke-filled machine-shop environment was conducted. The presented results demonstrate the ability of the proposed solution to ensure reliable navigation in such extreme visually- degraded conditions.",C. Papachristos; F. Mascarich; K. Alexis,2018,10.1109/ICUAS.2018.8453447,,IEEE_Xplore
REC_0346,Autonomous Flight in Unknown GNSS-denied Environments for Disaster Examination,"Micro aerial vehicles (MAVs) have high potential for information gathering tasks to support situation awareness in search and rescue scenarios. Manually controlling MAVs in such scenarios requires experienced pilots and is error-prone, especially in stressful situations of real emergencies. The conditions of disaster scenarios are also challenging for autonomous MAV systems. The environment is usually not known in advance and GNSS might not always be available. We present a system for autonomous MAV flights in unknown environments which does not rely on global positioning systems. The method is evaluated in multiple search and rescue scenarios and allows for safe autonomous flights, even when transitioning between indoor and outdoor areas.",D. Schleich; M. Beul; J. Quenzel; S. Behnke,2021,10.1109/ICUAS51884.2021.9476790,,IEEE_Xplore
REC_0426,Leonardo Drone Contest 2021: Politecnico di Milano team architecture,"In this paper, the winning solution of the second edition of the Leonardo Drone Contest (LDC), an autonomous drone competition, is presented. The participating teams were asked to design and build an autonomous system, capable of accomplishing complex tasks in an indoor urban-like environment. To reach this goal, the designed system should be capable of navigating in a Global Navigation Satellite System (GNSS)-denied environment with autonomous decision making, online planning and collision avoidance capabilities. In this light, the authors describe the competition, its rules and objectives, as well as the proposed solution in terms of hardware, software and algorithms.",G. Roggi; S. Meraglia; M. Lovera,2022,10.1109/ICUAS54217.2022.9836103,,IEEE_Xplore
REC_0438,Vision-based object path following on a quadcopter for GPS-denied environments,"This paper presents the development of an object path following algorithm for a quadcopter using on-board vision and localization. This development aims to increase capabilities of autonomous unmanned aerial vehicles (UAV), with the use of object path following. By following an object's path, reliance on obstacle avoidance strategies can be reduced, under the assumption that the object's path is free of static obstacles. Relative position of the target has been estimated using on-board processing and monocular vision. On-board localization has been achieved through dead-reckoning, where velocity estimates are calculated from optical flow. Horizontal positional estimates with a standard deviation of 6.5cm have been achieved experimentally with this method. The use of optical flow allows for localization in GPS-denied environments. Both the position and path following can successfully run in moderate winds and variable lighting. The UAV can station-keep to within 40 cm of desired position. The object's path can be followed with an rms error of 28 cm and maximum deviation of 78 cm.",D. H. S. De Mel; K. A. Stol; J. A. D. Mills; B. R. Eastwood,2017,10.1109/ICUAS.2017.7991500,,IEEE_Xplore
REC_0444,Autonomous Aerial Swarming in GNSS-denied Environments with High Obstacle Density,"The compact flocking of relatively localized Un-manned Aerial Vehicles (UAVs) in high obstacle density areas is discussed in this paper. The presented work tackles realistic scenarios in which the environment map is not known apriori and the use of a global localization system and communication infrastructure is difficult due to the presence of obstacles. To achieve flocking in such a constrained environment, we propose a fully decentralized, bio-inspired control law that uses only onboard sensor data for safe flocking through the environment without any communication with other agents. In the proposed approach, each UAV agent uses onboard sensors to self-localize and estimate the relative position of other agents in its local reference frame. The usability and performance of the proposed approach were verified and evaluated using various experiments in a realistic robotic simulator and a natural forest. The presented experiments also validate the utility of onboard relative localization for autonomous multi-UAV applications in the absence of global localization information and communication.",A. Ahmad; V. Walter; P. Petr??ek; M. Petrl?k; T. B??a; D. ?aitl?k; M. Saska,2021,10.1109/ICRA48506.2021.9561284,,IEEE_Xplore
REC_0459,Safe Tightly-Constrained UAV Swarming in GNSS-denied Environments,"A decentralized algorithm for flocking of Unmanned Aerial Vehicles (UAV) in environments with high obstacle density is proposed in this work. The method combines a local planning loop with bio-inspired swarming rules for navigating a compact UAV flock in a real workspace without relying on external infrastructures, such as motion capture system and GNSS. The group stability and coherence are achieved by employing a purposely designed onboard UVDAR system for mutual localization of teammates in local proximity of each UAV. The required robustness and scalability of the multi-UAV system are therefore achieved without any need for communication among the swarm particle. Such minimal sensory and communication requirements have allowed the system to become a backup technique for centralized multi-robot systems in case of communication and GNSS dropout. The proposed approach has been verified in numerous simulations and real experiments inside a forest that represents one of the most challenging environments for deployment of compact groups of aerial vehicles.",A. Dmytruk; T. Nascimento; A. Ahmad; T. B??a; M. Saska,2021,10.1109/ICUAS51884.2021.9476794,,IEEE_Xplore
REC_0461,Autonomous MAV navigation in complex GNSS-denied 3D environments,"Micro aerial vehicles, such as multirotors, are particular well suited for the autonomous exploration, examination, and surveillance of otherwise inaccessible areas, e.g., for search and rescue missions in indoor disaster sites. Key prerequisites for the fully autonomous operation of micro aerial vehicles in restricted environments are 3D mapping, real-time pose tracking, obstacle detection, and planning of collision-free trajectories. In this work, we propose a complete navigation system with a multimodal sensor setup for omnidirectional environment perception. Measurements of a 3D laser scanner are aggregated in egocentric local multiresolution grid maps. Local maps are registered and merged to allocentric maps in which the MAV localizes. For autonomous navigation, we generate trajectories in a multi-layered approach: from mission planning over global and local trajectory planning to reactive obstacle avoidance. We evaluate our approach in a GNSS-denied indoor environment where multiple collision hazards require reliable omnidirectional perception and quick navigation reactions.",M. Nieuwenhuisen; D. Droeschel; M. Beul; S. Behnke,2015,10.1109/SSRR.2015.7443012,,IEEE_Xplore
REC_0464,Relative visual-inertial odometry for fixed-wing aircraft in GPS-denied environments,"This paper introduces an odometry-like front-end estimator for GPS-denied fixed-wing flight using a monocular camera. This development is a critical component for enabling fixed-wing aircraft to use a novel methodology called relative navigation. Relative navigation allows a single vehicle to gracefully accommodate intermittent GPS or geo-registered image updates. It can also enable communication and a computationally feasible cooperative, batch-based navigation approach for numerous vehicles. This paper presents a visual-odometry estimator that is appropriate for fixed-wing flight characteristics and sensing requirements. We propose a modification to the multi-state-constraint Kalman filter which, instead of running the filter in a single inertial/global frame, regularly resets the navigation frame to a new local origin. The vehicle operates based on the most recent keyframe and produces a marginalized change in pose (odometry) and covariance output whenever the keyframe is updated. This allows the front end to operate at the IMU rate to accommodate guidance and control inputs while sharing marginalized keyframe-to-keyframe odometry estimates with a back-end, graph optimization at a much lower rate than traditional batch navigation schemes. Results from testing the proposed method in a high-fidelity simulation of the filter is also presented.",G. Ellingson; K. Brink; T. McLain,2018,10.1109/PLANS.2018.8373454,,IEEE_Xplore
REC_0469,Design and Flight Test of an Aerial Manipulator for Applications in GPS-Denied Environments,"Research and development of aerial manipulators has gained interest over the past few years. The incorporation of manipulator mechanisms into UAVs can expand the realm of applications for these vehicles in challenging scenarios where it is not safe for personnel to carry out the work. Examples of such missions and applications include collecting chemical samples, exploration and interaction with foreign objects, high rise building inspection and spray painting. With the growing interest to collect samples and interact with remote environments autonomously, most aerial manipulators use GPS or indoor tracking systems. However, an aerial manipulator capable of interacting safely with the environment in a GPS-denied environment using only on-board sensors is still a challenge. Related work on the use of and localization of UAVs in GPS-denied environments is increasing, however the integration of an aerial manipulator on a UAV operating in GPS-denied environments is still limited. This paper presents the design, build and implementation of an UAV with a robotic arm for use in GPS-denied environments. The aerial manipulator features a lightweight and robust design consisting of aluminium joints, carbon tubing and 3D printed linkages. The implemented aerial manipulation system presents a versatile and modular design which allows easy modification such as adjusting the linkage lengths to accommodate different reachability requirements and supports various multirotor configurations. Videos of the hover experiment can be found at: https://www.youtube.com/playlist?list=PLTkv8838qsQGW7JXl3kMfZ20rwmxUHfl5",M. Ng; F. Vanegas; K. Morton; J. Sandino; F. Gonzalez,2022,10.1109/ICUAS54217.2022.9836060,,IEEE_Xplore
REC_0475,P2P-DroneLoc: Peer-to-Peer Localization for GPS-Denied Drones using Camera and WiFi Fine Time Measurement,"In this work we design, implement, and evaluate a drone assisted coordinated localization system to help navigate remotely operating Global Positioning System (GPS) denied drones. Without any requirements of a base station or a central entity, in this system, a GPS enabled helper drone offers localization help to low functionality distress drones. The helper drone when discovers a distressed drone flying in proximity, estimates the distress drone?s absolute GPS location information respective to its own location. This is performed by computing the relative position of the distress drone with the helper drone. The estimated location is then communicated to the distress drone. In this paper, we evaluate two fundamental approaches for range estimation for peer-to-peer relative positioning between drones: (a) camera and computer vision projection theory, and (b) WiFi Fine Time Measurements (FTM). We envision that a helper drone equips a camera and a WiFi FTM access point (AP), while a distress drone equips only a WiFi FTM AP. We evaluate our proposed peer-to-peer localization via accuracy across three estimated measures: (i) range or distance between the drones, (ii) GPS bearing (angle), and (iii) GPS location (coordinates). Based on our analysis of our dataset consisting of outdoor static and flying drones setup, our methods result in a median localization accuracy within 1-4m.",K. Ashraf; A. Ashok,2022,10.1109/ANTS56424.2022.10227756,,IEEE_Xplore
REC_0485,Multi-Sensor 6-DoF Localization For Aerial Robots In Complex GNSS-Denied Environments,"The need for robots autonomously navigating in more and more complex environments has motivated intense R& D efforts in making robot pose estimation more accurate and reliable. This paper presents a multi-sensor multi-hypothesis method for robust 6-DoF localization in complex environments. Robustness and accuracy requirements are addressed as follows. First, camera and LIDAR features are seamlessly integrated in the same statistical framework, benefiting from their synergies and providing robustness in scenarios with low or varying densities of LIDAR and visual features. Second, a multi-hypothesis approach is adopted to cope with scenario symmetries. The method has been carefully designed to operate in real time using feature and hypothesis filtering and efficient hypothesis refinement, and has been coded in a multi-core implementation. The proposed method has been extensively validated for closed-loop aerial robot navigation in different urban and industrial scenarios and has shown advantages over well-known single-sensor techniques.",J. L. Paneque; J. R. Mart?nez-de Dios; A. Ollero,2019,10.1109/IROS40897.2019.8967686,,IEEE_Xplore
REC_0503,Decimeter-Accuracy Positioning for Drones Using Two-Stage Trilateration in a GPS-Denied Environment,"This study proposes a high-accuracy two-stage trilateration method that enables real-time positioning in global position system (GPS)-denied areas, such as unmanned aerial vehicles (UAVs) under bridges and targets in vegetation or indoors, where automated drone operation is difficult, and there are few localization methods. This method uses ultrawideband (UWB) with high-ranging accuracy and a high transmission rate as the positioning sensor. The drone and the target are equipped with multiple UWBs, and the relative distance is calculated through the signal transmission between the UWB devices so as to determine the position of the target in a fixed coordinate system. In practice, this method uses the UWB anchors on the ground to locate the UAV moving in the air, and the altitude error can be reduced from 8?10 m to less than 1 m. The moving UAV can also be used as the anchor to locate fixed objects on the ground in areas with poor GPS, and the relative position error is reduced from 2.02 to 0.35 m, and the relative altitude error is reduced from 3.39 to 0.32 m. This study alleviates the insufficient accuracy of the trilateration method when the UWB anchors are in the coplanar space, so as to improve the reliability of the positioning and navigation of the UAV in the GPS-denied area.",Y. -E. Chen; H. -H. Liew; J. -C. Chao; R. -B. Wu,2023,10.1109/JIOT.2022.3231704,,IEEE_Xplore
REC_0544,Season-Invariant GNSS-Denied Visual Localization for UAVs,"Localization without Global Navigation Satellite Systems (GNSS) is a critical functionality in autonomous operations of unmanned aerial vehicles (UAVs). Vision-based localization on a known map can be an effective solution, but it is burdened by two main problems: places have different appearance depending on weather and season, and the perspective discrepancy between the UAV camera image and the map make matching hard. In this letter, we propose a localization solution relying on matching of UAV camera images to georeferenced orthophotos with a trained convolutional neural network model that is invariant to significant seasonal appearance difference (winter-summer) between the camera image and map. We compare the convergence speed and localization accuracy of our solution to six reference methods. The results show major improvements with respect to reference methods, especially under high seasonal variation. We finally demonstrate the ability of the method to successfully localize a real UAV, showing that the proposed method is robust to perspective changes.",J. Kinnari; F. Verdoja; V. Kyrki,2022,10.1109/LRA.2022.3191038,,IEEE_Xplore
REC_0598,Compact Passive Millimeter Wave Imager for Degraded Visual and GPS-Denied Navigation,We present a passive millimeter wave imager for aerial vehicle navigation in degraded visual and GPS-denied environments. The sensor employs aperture synthesis imaging techniques with optical upconversion of millimeter wave signals and coherent reconstruction in the optical domain to enable a suitably small form factor.,T. Dillon; C. Schuetz; A. Wright; S. Kozacik; Z. El-Azom; S. Shi; D. Prather; A. Rutkowski,2019,10.1109/RAPID.2019.8864251,,IEEE_Xplore
REC_0622,Micro-Drone Ego-Velocity and Height Estimation in GPS-Denied Environments Using an FMCW MIMO Radar,"In the context of autonomous navigation, the vehicle trajectory estimation and the detection of surrounding obstacles are two critical functionalities that must be robust to difficult environmental conditions (e.g., fog, dust, and snow) and the unavailability of infrastructure signals (e.g., GPS). With the advantage of remaining operable in low-visibility conditions, radar sensors are good candidates to detect obstacles in an autonomous navigation context. In this article, we show that radars can also be successfully used for real-time trajectory estimation. We address the case of an autonomous micro-drone intended for the exploration of piping networks and embedding a frequency-modulated continuous wave (FMCW) multi-input multioutput (MIMO) radar. We show that using a beamforming technique to virtually steer the radar field of view (FOV), we can simultaneously estimate the horizontal and vertical velocities of the drone as well as its height. These results are first validated through simulations based on experimental drone flight data and a radar simulator. Then, using an Infineon 77-GHz FMCW radar, we show, through real-world experiments, the high performance attainable with our solution.",J. Barra; T. Creuzet; S. Lesecq; G. Scorletti; E. Blanco; M. Zarudniev,2023,10.1109/JSEN.2022.3229421,,IEEE_Xplore
REC_0639,A Vision-Based Approach to Autonomous Landing of an eVTOL Aircraft in GPS-Denied Environments,"This research paper describes an autonomous system developed by a team of undergraduate engineering students at Embry-Riddle Aeronautical University - Prescott with support from Wisk Aero. Autonomous systems enable an electric vertical takeoff and landing (eVTOL) aircraft to perform the fundamental duties of a pilot - aviate, navigate, and communicate - without human intervention. A prototype eVTOL system, implemented as a modular payload attached to the bottom of a commercially available drone, was developed and tested to operate from the final approach through the landing phase of flight. The prototype vision-based system identifies a landing zone, and calculates relative position and orientation position without reliance on Global Positioning System (GPS) capabilities, which is potentially vulnerable to interruption and disruption. In addition, the system utilizes a machine learning approach to identify if any obstructions impact the safety of landing the aircraft. Through the development of the prototype, the findings demonstrated the viability of a computer vision-based landing system to be used on an eVTOL aircraft for the purpose of autonomous advanced air mobility (AAM) solutions.",F. V. Benitez; A. Rutherford; J. Van Hilst; E. Babcock; M. Schlief; L. Markussen,2023,10.1109/DASC58513.2023.10311329,,IEEE_Xplore
REC_0644,Autonomous Localization and Navigation for Drones Over Rivers,"Uncrewed aerial vehicles (UAVs) are increasingly used for environmental monitoring and riverine studies; however, their dependence on Global Positioning System (GPS) localization is often compromised in forested areas, under bridges, or above highly dynamic water surfaces. Conventional vision-based navigation methods struggle with sparse textures and transient disturbances, leading to unstable positioning and drift. This paper presents a robust real-time visual?inertial navigation framework that integrates neural network?based optical flow estimation (NeuFlow v2), the Dynamic Divided Method (DDM), and inertial measurement unit (IMU) data through a Kalman Filter (KF). The DDM adaptively segments the optical-flow field according to water-surface dynamics and local texture stability, suppressing transient artifacts such as ripples and reflections, while the KF stabilizes state estimation by compensating for outliers and short-term measurement loss. Field experiments at Kangqiao, Green River, and Wu River sites demonstrate that DDM-enhanced visual odometry (VO) significantly improves robustness in low-texture and dynamic conditions. The fused framework combining NeuFlow v2, DDM, and KF achieves high trajectory similarity with GPS benchmarks, reduced drift, and enhanced spatial consistency. These findings validate a practical and effective solution for accurate UAV localization and autonomous environmental monitoring in GPS-degraded riverine environments.",P. -C. Wu; Y. -Y. Chen; C. -L. Lin; H. Wang,2026,10.1109/ACCESS.2025.3650454,,IEEE_Xplore
REC_0647,Radiation Source Localization in GPS-Denied Environments Using Aerial Robots,"This paper details the system and methods developed to enable autonomous nuclear radiation source localization and mapping using aerial robots in GPS-denied environments. A Thallium-doped Cesium Iodide (CsI(Tl)) scintillator and a Silicon Photomultiplier are combined with custom-built electronics for counting and spectroscopy, and the provided radiation measurements are pose-annotated using visual-inertial localization enabling autonomous operation in GPS-denied environments. Provided this capability, a strategy for radioactive source localization, as well as active source search path planning was developed. The proposed method is motivated and accounts for the limited endurance of the vehicle, which entails a very small amount of dwell points, and the fact that GPS-denied localization implies varying uncertainty of the robot's position estimate. The complete system is evaluated in multiple experimental studies using a small aerial robot and a Cesium-137 radiation source. As shown, accurate radioactive source localization is achieved, enabling efficient radiation mapping of indoor GPS-denied environments.",F. Mascarich; T. Wilson; C. Papachristos; K. Alexis,2018,10.1109/ICRA.2018.8460760,,IEEE_Xplore
REC_0656,Vision-Based UAV Localization by Aerial and Satellite Image Matching,"The deployment of Unmanned Aerial Vehicles (UAVs) in tasks such as urban surveillance, disaster assessment, and logistics necessitates enhanced autonomous navigation capabilities. Traditionally, the localization of UAVs relies on Global Navigation Satellite Systems (GNSS). However, in urban canyons, indoor environments, or bad weather conditions, GNSS signals are prone to obstruction and interference, leading to degraded navigation performance. To overcome the limitations, the development of GNSS-denied alternative localization techniques has become an important topic. In this paper we present an UAV visual localization and heading estimation in GNSS-denied environments by matching the UAV overhead imagery with satellite maps. The proposed NavCLIP constructs an image database using satellite data and retrieves the best-matched by querying with aerial images. A homography matrix is then employed to estimate the UAV location and yaw angle. Due to the lack of publicly available datasets, this work collects an aerial and satellite image dataset (UAV-Satellite Dataset) for training and validation. The experimental results show strong localization performance on the Google Earth dataset, while UAV flight experiments exhibit larger localization errors under the real-world conditions. In addition, the proposed technique improves over the GeoCLIP baseline and achieves low heading estimation error. Code and dataset are available on GitHub at https://github.com/PHChenGit/NavCLIP",H. -Y. Lin; P. -H. Chen; C. -W. Yeh,2026,10.1109/ACCESS.2026.3684630,,IEEE_Xplore
REC_0687,On the scalability of experimentally determined aerodynamic model for model-based navigation on a delta-wing UAV,"Model-based navigation is a promising approach for autonomous navigation of small drones in challenging conditions such as GNSS denied flight scenarios. However, the lack of analysis of aerodynamic model structure for model-based navigation applications on delta-wing UAVs, characterized by a reduced number of control surfaces, has hindered its practical implementation. In this study, we propose a methodology for generalizing an aerodynamic model experimentally determined for a specific platform to a family of platforms sharing comparable physical characteristics by employing in-flight tuning. The experimental results show that the proposed methodology significantly improves navigation performance under GNSS outage, compared to traditional autonomous navigation approaches, for the model adapted to a second delta-wing platform. This indicates that the proposed methodology can be used to adapt aerodynamic models to different delta-wing UAV platforms of similar size, enabling reliable model-based navigation in challenging environments. This work contributes to the advancement of autonomous navigation technology for small drones, particularly in applications where GNSS signals are unavailable or unreliable.",P. Longobardi; J. Skaloud,2023,10.1109/MetroAeroSpace57412.2023.10189996,,IEEE_Xplore
REC_0688,Single Vehicle Localization and Routing in GPS-Denied Environments Using Range-Only Measurements,"Path planning algorithms for unmanned aerial or ground vehicles rely on Global Positioning System (GPS) information for localization in many surveillance and reconnaissance applications. However, disruption of GPS signals, by intention or otherwise, can render these algorithms ineffective. This paper provides a way of addressing this issue by leveraging range information from additionally placed stationary objects in the environment called Landmarks (LMs). The placement of LMs and the route followed by the vehicle is posed as an integer program such that the total travel and LM placement cost is minimized. The proposed formulation of the optimization problem also allows for a limited field-of-view of the sensor on-board the vehicle. For instances that are hard to solve for optimal solutions using the integer program, we present two fast heuristics to find good feasible solutions. We provide a systematic framework and algorithms for the problem, and evaluate the system using numerical, simulation and experimental results.",S. Misra; B. Wang; K. Sundar; R. Sharma; S. Rathinam,2020,10.1109/ACCESS.2019.2963286,,IEEE_Xplore
REC_0693,Characterization and Testing of a High-Resolution Time-of-Flight Camera for Autonomous Navigation,"This paper presents the results of research activities carried out to characterize and test the operation of a latest generation commercial, high-resolution Time-of-Flight (TOF) camera. The aim is to preliminary evaluate the achievable performance as well as potential limitations related to the use of this instrument for autonomous navigation purposes. Two fields of investigation have been identified: autonomous navigation of Unmanned Aerial Vehicles flying in GPS-denied environments; autonomous relative navigation between non-cooperative space objects. With reference to these applications, first, a metrological characterization has been operated within a laboratory setup. Second, experimental tests have been carried out by processing point clouds acquired by the TOF sensor with state-of-the-art algorithms (for depth-based odometry and non-cooperative pose determination, respectively).",R. Opromolla; G. Fasano; G. Rufino; M. Grassi,2018,10.1109/MetroAeroSpace.2018.8453522,,IEEE_Xplore
REC_0706,Towards Robust UAV Tracking in GNSS-Denied Environments: A Multi-LiDAR Multi-UAV Dataset,"With the increasing prevalence of drones in various industries, the navigation and tracking of unmanned aerial vehicles (UAVs) in challenging environments, particularly GNSS-denied areas, have become crucial concerns. To address this need, we present a novel multi-LiDAR dataset specifically designed for UAV tracking. Our dataset includes data from a spinning LiDAR, two solid-state LiDARs with different Field of View (FoV) and scan patterns, and an RGB-D camera. This diverse sensor suite allows for research on new challenges in the field, including limited FoV adaptability and multi-modality data processing.The dataset facilitates the evaluation of existing algorithms and the development of new ones, paving the way for advances in UAV tracking techniques. Notably, we provide data in both indoor and outdoor environments. We also consider variable UAV sizes, from micro-aerial vehicles to more standard commercial UAV platforms. The outdoor trajectories are selected with close proximity to buildings, targeting research in UAV detection in urban areas, e.g., within counter-UAV systems or docking for UAV logistics.In addition to the dataset, we provide a baseline comparison with recent LiDAR-based UAV tracking algorithms, benchmarking the performance with different sensors, UAVs, and algorithms. Importantly, our dataset shows that current methods have shortcomings and are unable to track UAVs consistently across different scenarios.The dataset is available on GitHub 1.",I. Catalano; X. Yu; J. P. Queralta,2023,10.1109/ROBIO58561.2023.10354788,,IEEE_Xplore
REC_0716,Cooperative Search Area optimization using Multiple Unmanned Aerial Vehicles in a GPS-denied Environment,"This paper addresses the problem of maximizing surveillance area coverage using multiple Unmanned Aerial Vehicles (UAVs) in an obstacle-laden and Global Positioning System (GPS)-denied environment. The UAVs should achieve this objective using the shortest possible routes while staying inside the designated search space and avoiding the obstacles. To attain a desired area coverage, we divide the NP-hard multi-objective optimization problem of planning optimal routes for all UAVs into 3 parts: (a) optimizing search area coverage, (b) performing obstacle avoidance, and (c) using Cooperative Localization (CL) for state estimation. We demonstrate the efficiency of our algorithm through extensive simulations.",S. Misra; S. Biswas; A. A. Minai; R. Sharma,2019,10.1109/ICUAS.2019.8798332,,IEEE_Xplore
REC_0752,Cooperative localisation of UAVs in a GPS-denied environment using bearing measurements,"This paper studies the problem of localising a Global Positioning System (GPS)-denied Unmanned Aerial Vehicle (UAV) in two-dimensional space. Suppose there are two vehicles, one which is equipped with GPS and the other is GPS-denied (but has an inertial navigation system (INS) and so is able to determine its trajectory in a local coordinate frame, but not a global coordinate frame). The GPS-equipped vehicle broadcasts its global coordinates to the GPS-denied vehicle and the GPS-denied vehicle also obtains, in its local coordinate frame, a bearing measurement of the GPS-equipped UAV. The paper shows that with four or more such measurements and generic trajectories of the two UAVs, localisation in a global coordinate frame of the GPS-denied UAV is achievable. Certain nongeneric trajectories for which localisation is impossible are also identified. While in the first instance, the solution assumes zero noise in the measurements, the techniques are then extended to deal with the presence of measurement noise.",L. Zhang; M. Ye; B. D. O. Anderson; P. Sarunic; H. Hmam,2016,10.1109/CDC.2016.7798924,,IEEE_Xplore
REC_0816,Feature 3D Gaussian Splatting for UAV-to-Ship Pose Estimation in GNSS-Denied Environments,"Autonomous recovery of Unmanned Aerial Vehicles (UAVs) in maritime environments is challenged by dynamic ship motion, texture-poor surroundings, and vulnerabilities inherent to Global Navigation Satellite Systems (GNSS). To enable robust UAV state estimation relative to a naval vessel in GNSS-denied environments, this paper presents a novel vision-based pose estimation framework leveraging Feature 3D Gaussian Splatting (3DGS). Adopting STDLoc's sparse pose estimation framework, our approach bypasses computationally expensive dense rendering in favor of direct sparse 2D-3D matching. We extract 2D features from live monocular imagery using SuperPoint and match them against a compact set of view-consistent 3D Gaussian landmarks distilled via a Matching-Oriented Sampling strategy. The 6-DoF camera pose is then robustly recovered using a Perspective-n-Point (PnP) solver augmented with Locally Optimized RANSAC (LO-RANSAC). Experimental validation on a 1/24-scale naval Yard Patrol (YP) craft demonstrates centimeter-level translational accuracy (1.66 cm lateral, 2.28 cm vertical mean absolute errors) and near-degree rotational accuracy (0.90? roll, 1.17? yaw). This method eliminates the need for physical fiducial markers or precise CAD models, offering a scalable and highly accurate relative localization solution for autonomous maritime operations.",A. Bernas; J. McConnell; J. Seargeant; L. DeVries,2026,10.1109/ICUAS69441.2026.11598627,,IEEE_Xplore
REC_0824,A Homography-Based Visual Servo Control Approach for an Underactuated Unmanned Aerial Vehicle in GPS-Denied Environments,"This paper proposes a homography-based visual servo control approach for the stabilization of underactuated unmanned aerial vehicles in GPS-denied environments. A virtual homography matrix is proposed, and a new visual error vector is defined to obtain the passivity-like visual error equation. In addition, a homography-based online translation velocity estimator and a nonlinear backstepping visual servo control approach are addressed to promote fast maneuvering without linear velocity feedback. Unlike conventional homography-based visual servo control solutions that only guarantee the local stability in the equilibrium, the proposed control scheme can get the global stability in large offset. Simulation and experimental tests with a realistic quadrotor subject to the measurement noise are carried out to verify the robustness and performance of the control approach. In addition, the autonomous tracking experiment when the target speed is unpredictable are also reported.",H. Zhong; Y. Wang; Z. Miao; L. Li; S. Fan; H. Zhang,2023,10.1109/TIV.2022.3163315,,IEEE_Xplore
REC_0840,GPS-Denied Drone Navigation via Cross-Domain Keypoint Matching,"Precise cross-domain matching between Unmanned Aerial Vehicle (UAV), imagery and satellite maps is essential for navigation in GPS-denied environments but remains challenging due to drastic variations in scale and rotation. This paper proposes a geometry-aware matching framework that decouples the process into specialized extraction, description, and navigation modules. By incorporating a local patching strategy and the Grid-based Random Sample Consensu (GRANSAC) algorithm, the framework effectively mitigates geometric biases and spatial feature clustering. Experimental results on the MDAS dataset demonstrate that our method significantly outperforms SIFT[10] and SuperPoint[1] in both accuracy and robustness, providing reliable localization precision for autonomous UAV flight.",J. -W. Hsieh; H. -K. Chen,2026,10.1109/ICIP61757.2026.11630202,,IEEE_Xplore
REC_0857,SwarmRaft: Leveraging Consensus for Robust Drone Swarm Coordination in GNSS-Degraded Environments,"Uncrewed aerial vehicle (UAV) swarms are increasingly used in critical applications such as aerial mapping, environmental monitoring, and autonomous delivery. However, the reliability of these systems is highly dependent on uninterrupted access to the Global Navigation Satellite Systems (GNSS) signals, which can be disrupted in real-world scenarios due to interference, environmental conditions, or adversarial attacks, causing disorientation, collision risks, and mission failure. This article proposes SwarmRaft, a blockchain-inspired positioning and consensus framework for maintaining coordination and data integrity in UAV swarms operating under GNSS-denied conditions. SwarmRaft leverages the Raft consensus algorithm to enable distributed drones (nodes) to agree on state updates such as location and heading, even in the absence of GNSS signals for one or more nodes. In our prototype, each node uses GNSS and local sensing, and communicates over WiFi in a simulated swarm. Upon signal loss, consensus is used to reconstruct or verify the position of the failed node based on its last known state and trajectory. Our system demonstrates robustness in maintaining swarm coherence and fault tolerance through a lightweight, scalable communication model. This work provides a practical and secure approach for decentralized drone operation in unpredictable environments.",K. Dev; Y. Madhwal; S. Shevelo; P. Osinenko; Y. Yanovich,2026,10.1109/JIOT.2025.3645453,,IEEE_Xplore
REC_0859,A Multimode Visual-Inertial Navigation Method for Fixed-wing Aircraft Approach and Landing in GPS-denied and Low Visibility Environments,"The landing safety is still one of the greatest challenges for fixed-wing aircraft, meanwhile not all airport runways are equipped with instrument landing system (ILS), and global positioning system (GPS) is not always available. It is necessary for aircraft to autonomously acquire high accuracy and stable navigation data during approach and landing in case of GPS loss and ILS unavailability. In this paper, we propose a multimode visual-inertial navigation method that combines the inertial measurement unit (IMU), the forward-looking infrared (FLIR) camera and the barometer into unscented kalman filter (UKF) adaptively according to flight height. In order to obtain accurate motion estimation, different sensing measurements are used at different flight phase. This proposed method run on three significant stages: 1) initial approach (flight height: 1000-200 feet), runway azimuth information and inertia data are fused to estimate aircraft motion; 2) precision approach (flight height: 200-100 feet), sparse runway features extracted from the FLIR images, airport geo-information and inertia data are integrated to obtain precise motion estimation; 3) precision landing (flight height: 100-0 feet), visual simultaneous localization and mapping (VSLAM)and inertial measurements are used to estimate motion states. A general aircraft is elaborately equipped with a short-wave infrared (SWIR) camera, an IMU, a barometer and a flight data recorder to collect real flight data for algorithm verification. Finally, the experimental results demonstrate that the proposed approach can be used for fixed-wing aircraft accurate approach and landing in low visibility and GPS-denied environments robustly. Furthermore, its accuracy has been reached to the level of Inertial/Differential GPS integration.",X. Song; L. Zhang; Z. Zhai; G. Yu,2019,10.1109/DASC43569.2019.9081785,,IEEE_Xplore
REC_0866,Autonomous Aerial Robots for Search and Rescue Missions,"Autonomous aerial robots, often referred to as drones, have demonstrated immense potential in enhancing the effectiveness and safety of search and rescue (SAR) operations. This paper presents a comprehensive study of the latest advancements in drone technology tailored for SAR missions. It examines the integration of sophisticated algorithms that empower drones with autonomous navigation, object recognition, and decision-making capabilities in complex and unstructured environments. The paper explores the deployment strategies of swarm intelligence for coordinated multi-drone operations, maximizing area coverage, and minimizing search time. Attention is given to the development of robust communication systems that enable drones to operate in GPS-denied areas and ensure reliable data transmission during critical missions. The research further delves into the endurance and adaptability of drones under varied climatic conditions, ensuring sustained operation during extended missions. A pivotal focus is placed on the ethical implications and safety protocols essential for the operation of autonomous aerial robots in SAR scenarios. Through simulation and field trials, the paper evaluates the operational readiness and efficacy of these systems. The findings suggest that incorporating autonomous aerial robots significantly increases the efficiency of SAR missions, providing a safer alternative to human-led operations while reducing operational costs and response times.",K. Sangeeta; S. B; A. Jain; V. Bhutani; L. K. Tyagi; K. A. Jabbar,2023,10.1109/UPCON59197.2023.10434325,,IEEE_Xplore
REC_0961,Multimodal Image Registration for GPS-denied UAV Navigation Based on Disentangled Representations,"Visual navigation plays an important role for Unmanned Aerial Vehicles(UAVs). In some applications, the landmark image and the real-time image may be heterogeneous, like near-infrared and visible images. In this work, we propose a multimodal image registration method to deal with near-infrared and visible images so that it can be applied to visual navigation system for the localization of UAVs in GPS-denied environments. At first, a new feature extraction strategy is developed to embed different modalities of images into the common feature space based on disentangled representations. Such common space is independent of the image modality, and this can eliminate the modality differences. Meanwhile, an intensity loss is introduced to measure the similarity of mono-modal images. In the proposed method, we can directly predict the transformation parameters and thus accelerates the localization of UAV s. Extensive experiments on synthetic datasets are conducted to demonstrate the validity of our method, and the experimental results show that the proposed method can effectively improve the localization accuracy.",H. Li; Z. Liu; Y. Lyu; F. Wu,2023,10.1109/ICRA48891.2023.10161567,,IEEE_Xplore
REC_0973,Landmark Placement for Localization in a GPS-denied Environment,"Path planning algorithms for unmanned aerial or ground vehicles, in many surveillance applications, rely on Global Positioning System (GPS) information for localization. However, disruption of GPS signals, by intention or otherwise, can render these plans and algorithms ineffective. This article provides a way of addressing this issue by utilizing stationary landmarks to aid localization in such GPS-disrupted or GPS-denied environment. In particular, given the vehicle's path, we formulate a landmark-placement problem and present algorithms to place the minimum number of landmarks while satisfying the localization, sensing, and collision-avoidance constraints. The performance of such a placement is also evaluated via extensive simulations on ground robots.",K. Sundar; S. Srinivasan; S. Misra; S. Rathinam; R. Sharma,2018,10.23919/ACC.2018.8431886,,IEEE_Xplore
REC_0993,"Fast, autonomous flight in GPS-denied and cluttered environments","One of the most challenging tasks for a flying robot is to autonomously navigate between target locations quickly and reliably while avoiding obstacles in its path, and with little to no a priori knowledge of the operating environment. This challenge is addressed in the present paper. We describe the system design and software architecture of our proposed solution and showcase how all the distinct components can be integrated to enable smooth robot operation. We provide critical insight on hardware and software component selection and development and present results from extensive experimental testing in real-world warehouse environments. Experimental testing reveals that our proposed solution can deliver fast and robust aerial robot autonomous navigation in cluttered, GPS-denied environments. ? 2017 Wiley Periodicals, Inc.",Mohta K.; Watterson M.; Mulgaonkar Y.; Liu S.; Qu C.; Makineni A.; Saulnier K.; Sun K.; Zhu A.; Delmerico J.; Karydis K.; Atanasov N.; Loianno G.; Scaramuzza D.; Daniilidis K.; Taylor C.J.; Kumar V.,2018,10.1002/rob.21774,,Scopus
REC_0995,Experimentation of Monocular Visual-Aided Inertial Navigation on Fixed-Wing Unmanned Aerial Vehicle ?,"This paper presents an experimental study utilizing the vision-aided inertial navigation system (VaINS) on a fixed-wing unmanned aerial vehicle (UAV). VaINS operates as a data-logging box, collecting sensor data, processing them, and transmitting the navigation solution to an operator terminal in real time. The flight data contain buildings, vegetation, a river, a lake, and mountains. The camera?s pitch angle was tested at both a grazing angle of 22? and a nadir angle of 90?. The aim of this experiment was twofold: to explore the application of VaINS on a fixed-wing UAV and to assess the performance of the image-aided navigation system. The image-aided inertial navigation system (INS) solution was compared with a reference solution during GNSS-denied time intervals. The camera?s pitch angle at 90? exhibited a slight advantage over the grazing angle at 22?. Moreover, in the linear flight segments, the image-aided navigation system demonstrated significantly better performance compared to the free inertial solution during the GNSS-denied periods. ? 2023 by the authors.",Sivalingam B.; Hagen O.K.,2023,10.3390/ENC2023-15476,,Scopus
REC_1006,A comprehensive survey on autonomous UAV navigation and control systems,"This survey presents a systematic analysis of recent advancements in autonomous unmanned aerial vehicles (UAVs), focusing on their navigation and control systems. The paper provides a critical overview of the key technologies in navigation and control systems that enhance UAV autonomy. It focuses on three main aspects: perception and state estimation (navigation, target tracking, GNSS-denied environments); path planning (obstacle avoidance, autonomous takeoff/landing); and operating conditions (wind disturbances, night efficiency). Our findings highlight that critical developments, including vision-based and hybrid navigation frameworks, reinforcement learning methods, and energy-aware planning, are significantly advancing UAV capabilities, especially in terms of navigation in GPS-denied environments, path efficiency, energy optimization, and multi-UAV communication. The contributions of this survey include a unified taxonomy linking the perception, control, and energy subsystems, the identification of essential open research gaps, and the provision of structured recommendations to guide future research. Furthermore, by synthesizing a wide range of technologies, the survey identifies current challenges and points to future research opportunities for achieving safe, efficient, and fully autonomous UAV operation. ? The Author(s), under exclusive licence to Springer-Verlag GmbH Germany, part of Springer Nature 2026.",Izakshiri A.; Tajrishi N.J.; Madinei H.S.; Azad P.A.; Ahmadi S.,2026,10.1007/s40435-026-02068-3,,Scopus
REC_1017,A Real-Time Simulator for Navigation in GNSS-Denied Environments of UAV Swarms,"Featured Application: The findings presented herein can be directly applied for the development of navigation algorithms in gnss-denied environments. Accurate localization is the foundation of unmanned aerial vehicle (UAV) swarm applications in the global navigation satellite system (GNSS)-denied environment. However, the implementation of UAV formation in the real world is costly and time-consuming, which leads to difficulties in developing navigation algorithms. A real-time simulator for navigation in GNSS-denied environments is proposed, which includes world, model, controller, scene matching navigation (SMN), relative navigation and formation controller modules. Each module can be modified, which means that users can test their own algorithms. A novel inertial-aided SMN (ISMN) algorithm is developed and a relative navigation method that does not rely on inter communication is proposed. ISMN and relative navigation based on a camera and ultrawideband (UWB) are tested on the platform. Based on the developed simulation system, the navigation algorithms can be verified easily, which can reduce the time and personnel requirements during flight testing. ? 2023 by the authors.",Zhang H.; Miao C.; Zhang L.; Zhang Y.; Li Y.; Fang K.,2023,10.3390/app132011278,,Scopus
REC_1021,GPS-denied UAV localization using pre-existing satellite imagery,"We present a method for localization of Unmanned Aerial Vehicles (UAVs) which is meant to replace an onboard GPS system in the event of a noisy or unreliable GPS signal. Our method requires only a downward-facing monocular RGB camera on the UAV, and pre-existing satellite imagery of the flight location to which the UAV imagery is compared and aligned. To overcome differences in the image capturing conditions between the satellite and UAV, such as seasonal and perspective changes, we propose the use of Convolutional Neural Network (CNN) representations trained on readily available satellite data. To increase localization accuracy, we also develop an optimization which jointly minimizes the error between adjacent UAV frames as well as the satellite map. We demonstrate how our method improves on recent systems from literature by achieving greater performance in flight environments with very few landmarks. For a GPS-denied flight at 0.2km altitude, over a flight distance of 0.85km, we achieve average localization error of less than 8 meters. We make our source code and datasets available to encourage further work on this emerging topic11Authors are with The Robotics Institute at Carnegie Mellon University,2.2https://github.com/hmgoforth/gps-denied-uav-localization. ? 2019 IEEE.",Goforth H.; Lucey S.,2019,10.1109/ICRA.2019.8793558,,Scopus
REC_1025,A Survey on Radio Frequency based Precise Localisation Technology for UAV in GPS-denied Environment,"Owing to the specific characteristics of Unmanned Aerial Vehicles (UAVs), the demands and applications increase dramatically for them being deployed in confined or closed space for surveying, inspection or detection to substitute human. However, Global Positioning System (GPS) may lose effectiveness or become unavailable due to the potential signal block or interference in that operational environment. Under such circumstances, an imperative requirement on new positioning technology for UAV has emerged. With the rapid development of Radio Frequency (RF) based localisation technologies, leveraging small wireless sensor nodes for low-cost, low latency, low energy consumption and accurate localisation on UAV has received significant attention. However, no up-to-date review has been conducted in this area so far. Therefore, this paper aims to give a comprehensive survey on the RF based localisation systems with different radio communication technologies and localisation mechanisms on UAV positioning. Toward this end, an exhaustive evaluation framework is first established to evaluate the performance of each system on UAV positioning from different perspectives. Particularly, the Ultra-wideband (UWB) based system with time-based mechanisms is highlighted for UAV positioning under the consideration of the proposed evaluation framework. Finally, an intensive analysis is conducted about the current challenges and the potential research issues in this area in order to identify the promising directions for future research. ? 2021, The Author(s), under exclusive licence to Springer Nature B.V.",Yang B.; Yang E.,2021,10.1007/s10846-021-01500-4,,Scopus
REC_1049,"UAV tracking of mobile target in occluded, cluttered and GPS-denied environments","This paper presents a novel approach for mobile target tracking using a UAV flying in a cluttered and GPS-denied environment that occludes the target partially and momentarily. The problem is modelled as a sequential decision process under uncertainty using the Partially Observable Markov Decision Process framework (POMDP). The motion of the UAV is planned as sequences of high-level actions in order to optimise a multi-objective mission. A modular system executes the motion planning. The UAV and target dynamics models are included in the POMDP transition function as a black-box simulator. The target is detected using a front facing camera onboard the UAV. A model of the projection of the target and obstacles into the image plane of the camera is presented and used in the POMDP transition function. This model enables the POMDP solver to include the occlusions in the Field of View (FOV) of the camera caused by the obstacles in the scenario. Results in simulation indicate that the developed system is able to guide the UAV towards locations in which the target tracking duration is maximised whilst avoiding collisions with obstacles. This research has the potential to be used below the forest canopy, in fault or GPS-denied environments, underground mines and urban canyons. ? 2018 IEEE.",Vanegas F.; Roberts J.; Gonzalez F.,2018,10.1109/AERO.2018.8396449,,Scopus
REC_1085,GNSS-Denied Semi-Direct Visual Navigation for Autonomous UAVs Aided by PI-Inspired Inertial Priors,"This article proposes a method to diminish the horizontal position drift in the absence of GNSS (Global Navigation Satellite System) signals experienced by the VNS (Visual Navigation System) installed onboard a UAV (Unmanned Air Vehicle) by supplementing its pose estimation non-linear optimizations with priors based on the outputs of the INS (Inertial Navigation System). The method is inspired by a PI (Proportional Integral) control loop, in which the attitude and altitude inertial outputs act as targets to ensure that the visual estimations do not deviate past certain thresholds from their inertial counterparts. The resulting IA-VNS (Inertially Assisted Visual Navigation System) achieves major reductions in the horizontal position drift inherent to the GNSS-Denied navigation of autonomous UAVs. Stochastic high-fidelity Monte Carlo simulations of two representative scenarios involving the loss of GNSS signals are employed to evaluate the results and to analyze their sensitivity to the terrain type overflown by the aircraft. The authors release the C++ implementation of both the navigation algorithms and the high-fidelity simulation as open-source software. ? 2023 by the authors.",Gallo E.; Barrientos A.,2023,10.3390/aerospace10030220,,Scopus
REC_1103,Integrated navigation of aerial robot for GPS and GPS-denied environment,"In this study, novel robust navigation system for aerial robot in GPS and GPS- denied environments is proposed. Generally, the aerial robot uses position and velocity information from Global Positioning System (GPS) for guidance and control. However, GPS could not be used in several environments, for example, GPS has huge error near buildings and trees, indoor, and so on. In such GPS-denied environment, Laser Detection and Ranging (LIDER) sensor based navigation system have generally been used. However, LIDER sensor also has an weakness, and it could not be used in the open outdoor environment where GPS could be used. Therefore, it is desired to develop the integrated navigation system which is seamlessly applied to GPS and GPS-denied environments. In this paper, the integrated navigation system for aerial robot using GPS and LIDER is developed. The navigation system is designed based on Extended Kalman Filter, and the effectiveness of the developed system is verified by numerical simulation and experiment. ? Published under licence by IOP Publishing Ltd.",Suzuki S.; Min H.; Wada T.; Nonami K.,2016,10.1088/1742-6596/744/1/012219,,Scopus
REC_1114,I-NAV: Inverse Navigation for questionnaire-based geolocation in GPS-denied environments,"Accurate geolocation remains challenging in areas with limited Global Positioning System (GPS) availability, such as dense forests, rural settings, urban canyons, and disaster zones. To overcome this, we introduce Inverse Navigation (I-NAV), a geolocation framework explicitly designed for decision-making in GPS-denied environments. Unlike conventional methods that determine optimal routes from known origins to destinations, I-NAV inversely identifies probable user locations based on contextual data from questionnaires such as recently passed landmarks, travel-time constraints, and directional cues. Consequently, it can be utilized in critical applications, including public health monitoring, drone surveillance, search-and-rescue operations, and emergency response. Applying a modified Dijkstra's algorithm, I-NAV generates all feasible paths at a high resolution that is reachable within a specified travel budget. Within a Bayesian inference framework, we introduce an Adaptive Gaussian Likelihood Model that combines a reachability prior with travel-time and directional observation likelihoods to produce a posterior probability distribution over candidate locations, effectively capturing uncertainties in travel conditions. Our experimental results demonstrate that I-NAV's deterministic isochrone component achieves spatial coverage comparable to established routing services such as OpenRouteService, while the probabilistic component outperforms several baseline localization approaches across multiple evaluation metrics. ? 2026 The Authors",Qazi S.; Alejandro J.; Murshed R.U.; Evans T.S.; Lippert J.; Saquib M.,2026,10.1016/j.array.2026.100978,,Scopus
REC_1123,A Novel Scene-Matching Positioning Approach for Low-Altitude UAVs Considering Elevation Differences in Satellite Images,"The precise localization of Unmanned Aerial Vehicles (UAVs) is a critical prerequisite for mission success in smart urban environments driven by the Internet of Things (IoT). Traditional Global Navigation Satellite System (GNSS)-based positioning schemes are vulnerable to signal interference and spoofing attacks, highlighting the importance of visual scene matching as a robust solution for anti-jamming localization. However, this technology faces challenges such as sensitivity to perspective variations and trajectory discontinuities. To address these limitations, this paper presents a novel visual scene matching-based UAV localization framework. First, a spatiotemporally constrained candidate map retrieval strategy is proposed, which enables efficient and accurate candidate retrieval by coupling single-frame probability estimation with a Hidden Markov Model. Second, a pose recovery algorithm based on cross-frame elevation difference constraints is introduced, by leveraging feature matches between adjacent UAV frames and between UAV frames and satellite images, the elevation information of satellite images is estimated and 2D-3D correspondences between UAV images and satellite images is established. This constructs a 3D constraint model that enables the UAV to obtain 3D coordinates independent of perspective variations, thereby maintaining localization accuracy under oblique views. Finally, a factor graph joint optimization framework is developed to fuse local relative poses with satellite-based absolute geographic poses, thereby ensuring smooth and stable localization performance. Extensive experiments on public and real-world datasets demonstrate that the proposed method significantly improves localization accuracy and validates its effectiveness in supporting collaborative IoT agent operations in GNSS-denied environments. ? 2014 IEEE.",Zhang X.; Li T.; Wang Z.; Kuang Y.,2026,10.1109/JIOT.2026.3664077,,Scopus
REC_1146,Micro-radar and UWB aided UAV navigation in GNSS denied environment,"During the last decade, the number of applications of UAVs has continuously increased, making the global UAV market one of those with the highest rate of growth. The worldwide increasing usage of UAVs is causing an ever-growing demand for efficient solutions in order to make them usable in every kind of working condition. In fact, nowadays the main restriction to the usage of UAVs is probably the need of reliable position estimates provided by using the Global Navigation Satellite System (GNSS): since UAVs mostly rely on the integration of GNSS/Inertial Navigation System (INS) to properly fulfil their tasks, they face a major challenge while navigating in GNSS denied environments. The goal of this paper is that of investigating possible strategies to reduce such main restriction to UAV usage, i.e. enabling flights in GNSS denied environment by providing position estimates with accuracy quite comparable to that of standard GNSS receivers currently mounted on commercialized drones. To be more specific, this paper proposes the combined use of a novel Frequency Modulated Continuous Wave (FMCW) Radar, a set of Ultra-Wideband (UWB) devices, and Inertial Measurement Unit (IMU) measurements in order to compensate for the unavailability of the GNSS signal units. A 24-GHz micro FMCW radar and a UWB device have been attached to a quadcopter during the flight. The radar receives the reflections from ground scatterers, whereas the UWB system provides range measurements between a UWB rover mounted on the UAV and a set of UWB anchors distributed along the flying area. ? Authors 2018. CC BY 4.0 License.",Zahran S.; Mostafa M.M.; Masiero A.; Moussa A.M.; Vettore A.; El-Sheimy N.,2018,10.5194/isprs-archives-XLII-1-469-2018,,Scopus
REC_1148,UAV-Based Structural Health Monitoring Using a Two-Stage CNN Model with Lighthouse Localization in GNSS-Denied Environments,"This study presents a UAV-based Structural Health Monitoring (SHM) system that combines Lighthouse localization with a two-stage CNN architecture?AlexNet for crack classification and YOLOv4 for segmentation?to enable reliable crack detection and spatial mapping in GNSS-denied environments. This study explores the effectiveness of this combination as a practical and computationally efficient solution for indoor SHM tasks. The UAV was deployed within a 1.5 m ? 1.2 m ? 1.2 m test volume to inspect synthetic cracks derived from ?zgenel?s dataset, as well as a real-world wall crack. Two experiments were conducted: evaluating UAV localization accuracy and assessing the system?s ability to detect cracks and provide corresponding pose data. The system achieved a 1?2 cm margin of error in pose estimation, alongside 100% precision, 83.33% recall, and 91.89% accuracy in crack detection. This level of localization accuracy supports stable autonomous UAV flight and ensures that cracks are detected and spatially localized with minimal deviation. Beyond classification and segmentation, the system returns pose data tied to each detected crack, allowing users to identify defect locations precisely and use this information to guide inspection or maintenance tasks. Future work includes expanding the dataset, generalization, and evaluating scalability via multi-base station setups. ? 2025, Ital Publication. All rights reserved..",Chu T.S.C.; Sorilla J.; Chua A.Y.,2025,10.28991/HIJ-2025-06-02-03,,Scopus
REC_1160,Towards Large-Scale Relative Localization in Multi-Robot Systems with Dynamic UWB Role Allocation,"Ultra-wideband (UWB) ranging has emerged as a key radio technology for robot positioning and relative localization in multi-robot systems. Multiple works are now advancing towards more scalable systems, but challenges still remain. This paper proposes a novel approach to relative localization in multi-robot systems where the roles of the UWB nodes are dynamically allocated between active nodes (using time-of-flight for ranging estimation to other active nodes) and passive nodes (using time-difference-of-arrival for estimating range differences with respect to pairs of active nodes). We adaptively update UWB roles based on the location of the robots with respect to the convex envelope defined by active nodes, and introducing constraints in the form of localization frequency and accuracy requirements. We demonstrate the applicability of the proposed approach and show that the localization errors remain comparable to fixed-role systems. Then, we show how the navigation of an autonomous drone is affected by the changes in the localization system, obtaining significantly better trajectory tracking accuracy than when relying in passive localization only. Our results pave the way for UWB-based localization in large-scale multi-robot deployments, for either relative positioning or for applications in GNSS-denied environments. ? 2022 IEEE.",Moron P.T.; Queralta J.P.; Westerlund T.,2022,10.1109/ICRAE56463.2022.10054614,,Scopus
REC_1165,UAV Localization in GPS-Denied Environments: A Review,"With the increasingly wide application of unmanned aerial vehicles (UAVs) in various scenarios, accurate UAV localization in indoor and urban environments has been a critical issue to address. However, in these signal-degraded environments, global positioning system (GPS) localization becomes unreliable; thus, alternative localization methods are essential. This article surveys localization methods for UAV systems in such environments. We classify these methods into two groups: 1) onboard-only methods, which rely exclusively on onboard sensors and 2)hybrid methods, which incorporate external anchors. To evaluate their performance in UAV localization systems, we first analyze the hardware requirements, the data preprocessing strategies, and the localization algorithms of the two groups, and then compare their experimental settings and localization accuracy. Finally, we summarize the strengths and limitations of these two groups and outline several research directions on GPS-denied UAV localization. ? 2013 IEEE.",Wu Y.; Liu D.; Ma J.; He X.,2026,10.1109/TSMC.2026.3708505,,Scopus
REC_1167,APF-Driven Lightweight UAV Swarm Trajectory Optimization in GNSS-Denied Air?Terrestrial Navigation,"To enable autonomous route planning for UAV swarms in dynamic air?terrestrial cooperative navigation scenarios within GNSS-denied environments, this paper proposes a lightweight framework based on the Artificial Potential Field (APF) method. In the considered architecture, UAVs act as mobile transit navigation nodes that relay positioning information from sparse ground anchors to terrestrial users. For TOA-based cooperative positioning, the instantaneous geometric configuration of the UAV swarm significantly affects the overall system accuracy. Therefore, the impact of UAV positions on the end-to-end navigation performance is rigorously analyzed, yielding a comprehensive Dilution of Precision (DOP) matrix for the entire air?terrestrial system. By applying the Schur complement, the global performance metric is decomposed, resulting in a scalar evaluation function that directly reflects the geometric quality of the configuration. In practical scenarios involving dynamic and heterogeneous users, real-time trajectory adaptation of the UAV swarm is essential to continuously optimize user positioning accuracy. To this end, an APF-based autonomous joint route planning approach is developed. The potential field is constructed directly from the derived geometric evaluation model, where its negative gradient generates virtual forces that autonomously guide the UAV swarm. This elegantly bridges high-level navigation performance optimization with low-level motion control of the swarm. The simulation results show a 76.1% improvement in the average comprehensive GDOP for users compared to the baseline of hovering UAVs, validating the effectiveness and real-time capability of the proposed lightweight framework. ? 2026 by the authors.",Guo R.; Yuan H.; Chen X.; Li W.,2026,10.3390/electronics15061207,,Scopus
REC_1186,Landmarks based path planning for UAVs in GPS-denied areas,"In this paper, we propose a UAV path planner travelling from a given source to goal location in GPS-denied areas. The environment consists of a set of cellular towers which are treated as landmarks having finite communication range. The vehicle has to perform dead reckoning in regions where landmarks are not available. Therefore, the objective is to determine a time optimal path taking the presence of landmarks into account while ensuring the covariance due to dead-reckoning is within a given bound. Solving the stochastic optimal control problem to determine a path in the continuous domain is very difficult and hence we discrete the path as a set of way points and optimize the location of these way points to obtain a time optimal path satisfying the covariance bounds. We use a particle swarm optimization technique coupled with a rabbit-carrot based path following technique to determine a near-optimal path. Numerical results are presented to show that our approach produces feasible paths that are near-optimal and satisfy the covariance bounds. ? 2016, IFAC (International Federation of Automatic Control) Hosting by Elsevier Ltd. All rights reserved.",Singh S.; Sujit P.B.,2016,10.1016/j.ifacol.2016.03.086,,Scopus
REC_1187,Group coordination and path replan tactics in GPS denied environments,"Success of a cooperative mission entirely depends on precise navigation information of each UAV. Though present day UAVs are equipped with GPS, the UAVs have to rely only on navigation information obtained from inertial navigation system while operating in GPS denied environments. This research work, addresses the problem of establishing a GPS protected wireless MAV network (WIMAN) using three classes of navigation system, one equipped only with GPS, an other equipped only with high accuracy inertial navigation system and the third equipped with relatively low accuracy inertial navigation system, to enable missions in GPS denied environments. NP hardness in establishing GPS protected WIMAN architecture is discussed and a heuristic algorithm is proposed. Group coordination and tactical replan procedures, that enable WIMAN to maintain its configuration, reconfiguration to adapt to various phases of cooperative threat reconnaissance mission, is demonstrated through simulation results. ? 2016 IEEE.",Suresh M.; Ghose D.,2016,10.1109/ICUAS.2016.7502646,,Scopus
REC_1189,"Leonardo Drone Contest Autonomous Drone Competition: Overview, Results, and Lessons Learned from Politecnico di Milano Team","In this paper, the Politecnico di Milano solutions proposed for the Leonardo Drone Contest (LDC) are presented. The Leonardo Drone Contest is an annual autonomous drone competition among universities, which has already seen the conclusion of its second edition. In each edition, the participating teams were asked to design and build an autonomous multicopter, capable of accomplishing complex tasks in an indoor urban-like environment. To reach this goal, the designed systems should be capable of navigating in a Global Navigation Satellite System (GNSS)-denied environment with autonomous decision making, online planning and collision avoidance capabilities. In this light, the authors describe the first two editions of the competition, i.e., their rules, objectives and overview of the proposed solutions. While the first edition is presented as relevant for the experience and takeaways acquired from it, the second edition solution is analyzed in detail, providing both the simulation and experimental results obtained. ? 2023, The Author(s).",Roggi G.; Meraglia S.; Lovera M.,2023,10.1007/s10846-023-01855-w,,Scopus
REC_1207,GPS-denied indoor and outdoor monocular vision aided navigation and control of unmanned aircraft,"GPS-denied closed-loop autonomous control of unstable Unmanned Aerial Vehicles (UAVs) such as rotorcraft using information from a monocular camera has been an open problem. Most proposed Vision aided Inertial Navigation Systems (V-INSs) have been too computationally intensive or do not have sufficient integrity for closed-loop flight. We provide an affirmative answer to the question of whether V-INSs can be used to sustain prolonged real-world GPS-denied flight by presenting a V-INS that is validated through autonomous flight-tests over prolonged closed-loop dynamic operation in both indoor and outdoor GPS-denied environments with two rotorcraft unmanned aircraft systems (UASs). The architecture efficiently combines visual feature information from a monocular camera with measurements from inertial sensors. Inertial measurements are used to predict frame-to-frame transition of online selected feature locations, and the difference between predicted and observed feature locations is used to bind in real-time the inertial measurement unit drift, estimate its bias, and account for initial misalignment errors. A novel algorithm to manage a library of features online is presented that can add or remove features based on a measure of relative confidence in each feature location. The resulting V-INS is sufficiently efficient and reliable to enable real-time implementation on resource-constrained aerial vehicles. The presented algorithms are validated on multiple platforms in real-world conditions: through a 16-min flight test, including an autonomous landing, of a 66 kg rotorcraft UAV operating in an unconctrolled outdoor environment without using GPS and through a Micro-UAV operating in a cluttered, unmapped, and gusty indoor environment. ? 2013 Wiley Periodicals, Inc.",Chowdhary G.; Johnson E.N.; Magree D.; Wu A.; Shein A.,2013,10.1002/rob.21454,,Scopus
REC_1212,Autonomous drone hunter operating by deep learning and all-onboard computations in GPS-denied environments,"This paper proposes a UAV platform that autonomously detects, hunts, and takes down other small UAVs in GPS-denied environments. The platform detects, tracks, and follows another drone within its sensor range using a pre-trained machine learning model. We collect and generate a 58,647-image dataset and use it to train a Tiny YOLO detection algorithm. This algorithm combined with a simple visual-servoing approach was validated on a physical platform. Our platform was able to successfully track and follow a target drone at an estimated speed of 1.5 m/s. Performance was limited by the detection algorithm?s 77% accuracy in cluttered environments and the frame rate of eight frames per second along with the field of view of the camera. ? 2019 Wyder et al. This is an open access article distributed under the terms of the Creative Commons Attribution License, which permits unrestricted use, distribution, and reproduction in any medium, provided the original author and source are credited.",Wyder P.M.; Chen Y.-S.; Lasrado A.J.; Pelles R.J.; Kwiatkowski R.; Comas E.O.A.; Kennedy R.; Mangla A.; Huang Z.; Hu X.; Xiong Z.; Aharoni T.; Chuang T.-C.; Lipson H.,2019,10.1371/journal.pone.0225092,,Scopus
REC_1251,Reinforcement learning based UAV formation control in GPS-denied environment,"Highly accurate positioning is a crucial prerequisite of multi Unmanned Aerial Vehicle close-formation flight for target tracking, formation keeping, and collision avoidance. Although the position of a UAV can be obtained through the Global Positioning System (GPS), it is difficult for a UAV to obtain highly accurate positioning data in a GPS-denied environment (e.g., a GPS jamming area, suburb, urban canyon, or mountain area); this may cause it to miss a tracking target or collide with another UAV. In particular, UAV close-formation control in GPS-denied environments faces difficulties owing to the low-accuracy position, close distance between vehicles, and nonholonomic dynamics of a UAV. In this paper, on the one hand, we develop an innovative UAV formation localization method to address the formation localization issues in GPS-denied environments; on the other hand, we design a novel reinforcement learning based algorithm to achieve the high-efficiency and robust performance of the controller. First, a novel Lidar-based localization algorithm is developed to measure the localization of each aircraft in the formation flight. In our solution, each UAV is equipped with Lidar as the position measurement sensor instead of the GPS module. The k-means algorithm is implemented to calculate the center point position of UAV. A novel formation position vector matching method is proposed to match center points with UAVs in the formation and estimate their position information. Second, a reinforcement learning based UAV formation control algorithm is developed by selecting the optimal policy to control UAV swarm to start and keep flying in a close formation of a specific geometry. Third, the innovative collision risk evaluation module is proposed to address the collision-free issues in the formation group. Finally, a novel experience replay method is also provided in this paper to enhance the learning efficiency. Experimental results validate the accuracy, effectiveness, and robustness of the proposed scheme. ? 2023 Chinese Society of Aeronautics and Astronautics",MA B.; LIU Z.; JIANG F.; ZHAO W.; DANG Q.; WANG X.; ZHANG J.; WANG L.,2023,10.1016/j.cja.2023.07.006,,Scopus
REC_1252,Artificial Intelligence-Based Decision Support System for UAV Control in a Simulated Environment,"Unmanned aerial vehicles (UAVs) are increasingly deployed in missions that require high autonomy and reliable decision-making; however, many operational concepts still assume access to GNSS and stable communication with a human operator. In contested environments, this assumption may no longer hold because GNSS degradation, radio-frequency interference, and intentional jamming can disrupt positioning and communication, thereby reducing mission effectiveness and safety. Recent surveys show that operation in GNSS-denied environments remains a major challenge and often requires alternative perception, localization, and control strategies. In response, this article investigates a reinforcement learning (RL)-based decision-support system for the autonomous control of a quadrotor UAV in a three-dimensional simulated environment. Rather than following pre-programmed waypoints, the UAV learns a control policy through interaction with the environment and reward-driven adaptation. The proposed system is designed for mission execution under uncertainty, limited external guidance, and partial observability. Two policy-gradient approaches are implemented and compared: classical REINFORCE and Proximal Policy Optimization (PPO) with an Actor?Critic architecture. The study presents the simulation environment, state and action representation, reward formulation, staged training procedure, and comparative evaluation. The results indicate that, within the considered unseen test scenario, the PPO-based configuration achieved higher mission effectiveness than REINFORCE in the final unseen test scenario, supporting the practical relevance of structured deep reinforcement learning for UAV operation in GPS-denied and communication-constrained environments. ? 2026 by the authors.",Sujecki P.; Fr?szczak D.,2026,10.3390/s26082436,,Scopus
REC_1267,Field-testing of a UAV-UGV team for GNSS-denied navigation in subterranean environments,"We present the system design, navigation algorithm formulation, and field-testing results for a cooperative unmanned ground vehicle (UGV) and unmanned aerial vehicle (UAV) team designed for operation in a GNSS-denied subterranean environment. Central to the presented system design, to support longer UAV mission duration, the sensing and computation performed on-board the UAV is assumed to be limited in order to reduce UAV payload mass, and the UGV assumes the responsibility of mapping the unknown environment and tracking the state of the UAV. To achieve this, the UGV is instrumented with an omnidirectional fish-eye camera, a 128 channel 3D scanning LIDAR, and an ultra wideband (UWB) ranging radio that is linked with a radio on the UAV. In addition, the UAV shares inertial measurement unit and laser altimeter data to the UGV over a local WiFi network. This paper outlines the UAV localization algorithm for the UAV/UGV team and presents results from multiple flight tests that were conducted in a large indoor flight testing tunnel environment that is instrumented with a VICON motion capture system for providing reference solutions. ? 2019, Institute of Navigation.",Gross J.; De Petrillo M.; Beard J.; Nichols H.; Swiger T.; Watson R.; Kirk C.; Kilic C.; Hikes J.; Upton E.; Ross D.; Russell M.; Gu Y.; Griffin C.,2019,10.33012/2019.16912,,Scopus
REC_1270,Navigation of UAV in GNSS denied area,"This paper examines the concept of navigation of of Unmanned aerial vehicle (UAV) in three-dimensional space using visual odometry. In the near future navigation of the UAV without GNSS is becoming a critical part of autonomous navigation systems, using information from on-board cameras to estimate the UAV?s movement and position. In the paper, different types of visual odometry, sensors for visual odometry, components of the implementation, and scenarios of usage. For the development and future application we utilize widely used Robotic Operating System (ROS). ? 2024, Brno University of Technology. All rights reserved.",Pint?r M.; Marco? P.,2024,10.13164/eeict.2024.96,,Scopus
REC_1277,A Physics-Guided Aeromagnetic Interference Compensation Method for Geomagnetic Sensing in GNSS-Denied UAV Swarm Systems,"Geomagnetic navigation is a promising alternative for positioning and localization of UAV swarm systems in GNSS-denied environments. However, strong and heterogeneous electromagnetic interference generated by onboard power, propulsion, and electronic subsystems severely degrades magnetic measurement fidelity, limiting the achievable accuracy of cooperative UAV swarm navigation. To address this challenge, this paper proposes PG-TLNet, a physics-guided aeromagnetic interference compensation framework based on the extended Tolles?Lawson (T?L) model. By integrating onboard state information (current, voltage, and attitude) with magnetic measurements through physics-consistency constraints and a lightweight multi-branch convolutional neural network, the framework enables robust real-time compensation under strong and time-varying interference while remaining suitable for resource-constrained UAV nodes. Experimental validation using multiple scalar magnetometers under heterogeneous interference conditions, with amplitudes up to 1000 nT, shows that PG-TLNet consistently outperforms the conventional T?L model across all sensing nodes, maintaining residual magnetic interference at approximately 0?30 nT under long-duration and highly dynamic operations. The proposed method achieves an improvement ratio (IR) of up to 15 with an end-to-end inference latency below 94 ?s. These results indicate that PG-TLNet meets the practical measurement fidelity requirements for geomagnetic navigation in GNSS-denied environments. By ensuring reliable and consistent magnetic measurements at the individual UAV node level, the proposed framework establishes a practical sensing foundation for geomagnetic navigation and distributed magnetic sensing in UAV swarm systems operating in GNSS-denied environments. ? 2026 by the authors.",Wang S.; Ma L.; Wang Y.; Li D.; Luo J.,2026,10.3390/drones10040252,,Scopus
REC_1282,A Lidar-Inertial Navigation System for UAVs in GNSS-Denied Environment with Spatial Grid Structures,"Featured Application: The proposed navigation system is suitable for UAV navigation in GNSS-denied environments with spatial grid structures. It can be used for the UAV inventory system of dry coal sheds in thermal power plants, the UAV detection system for anti-corrosion coating of truss structures on high-speed railway platforms, the UAV inspection system for large turbine workshops, and other similar systems. With its fast and accurate position and attitude estimation, the feature-based lidar-inertial odometer is widely used for UAV navigation in GNSS-denied environments. However, the existing algorithms cannot accurately extract the required feature points in the spatial grid structure, resulting in reduced positioning accuracy. To solve this problem, we propose a lidar-inertial navigation system based on grid and shell features in the environment. In this paper, an algorithm for extracting features of the grid and shell is proposed. The extracted features are used to complete the pose (position and orientation) calculation based on the assumption of local collinearity and coplanarity. Compared with the existing lidar navigation system in practical application scenarios, the proposed navigation system can achieve fast and accurate pose estimation of UAV in a GNSS-denied environment full of spatial grid structures. ? 2022 by the authors.",Qiu Z.; Lv J.; Lin D.; Yu Y.; Sun Z.; Zheng Z.,2023,10.3390/app13010414,,Scopus
REC_1289,A Global ArUco-Based Lidar Navigation System for UAV Navigation in GNSS-Denied Environments,"With the continuous expansion of the application field of UAV intelligent systems to GNSS-denied environments, the existing navigation system can hardly meet low cost, high precision, and high robustness in such conditions. Most navigation systems used in GNSS-denied environments give up the connection between the map frame and the actual world frame, making them impossible to apply in practice. Therefore, this paper proposes a Lidar navigation system based on global ArUco, which is widely used in large-scale known GNSS-denied scenarios for UAVs. The system jointly optimizes the Lidar, inertial measurement unit, and global ArUco information by factor graph and outputs the pose in the real-world frame. The system includes a method to update the global ArUco confidence with sampling, improving accuracy while using the pose solved from the global ArUco. The system uses the global ArUco to maintain navigation when Lidar is degraded. The system also has a loop closure determination part based on ArUco, which reduces the consumption of computing resources. The navigation system has been tested in the dry coal shed of a thermal power plant using a UAV platform. Experiments demonstrate that the system can achieve global, accurate, and robust pose estimation in large-scale, complex GNSS-denied environments. ? 2022 by the authors.",Qiu Z.; Lin D.; Jin R.; Lv J.; Zheng Z.,2022,10.3390/aerospace9080456,,Scopus
REC_1295,Digital Twin Approach for Drift-Free UAV Localization in GPS-Denied Environments,"Unmanned aerial vehicles (UAVs) hold promise for automating civil infrastructure inspections, but reliable pose estimation is crucial for autonomous navigation in GPS-denied environments. While simultaneous localization and mapping estimates UAV poses, drift often occurs and is typically corrected through loop closures. However, relying on loop closures limits UAV maneuverability to paths that enable loop formation. To overcome this, recent methods leverage digital twins by combining highly accurate three-dimensional (3D) models of the physical environment with identification of distinctive landmarks to enable drift-free localization. In earlier work, the authors proposed using a graphics-based digital twin (GBDT) for drift-free localization through landmark identification, but this approach fails in landmark-sparse environments. This paper eliminates landmark detection by matching visual patterns between the physical structure and its digital twin. UAV images are compared with views from virtual cameras positioned in the digital model. After identifying the virtual camera that best aligns with the UAV?s viewpoint, the iterative closest point (ICP) algorithm is used to estimate their relative pose. To enhance accuracy, the method GBDTpose2 uses trustworthy regions, areas that are geometrically and visually similar in both the physical structure and digital twin. These regions guide the selection of 3D point cloud pairs for ICP. By computing the UAV pose relative to a virtual camera with a known pose, the approach naturally ensures drift-free localization. GBDTpose2 is validated in a laboratory environment using ROS (Robot Operating System) for real-time localization, achieving centimeter-level accuracy without drift, highlighting its potential for autonomous UAV navigation in GPS-denied environments. ? 2025 American Society of Civil Engineers.","Matiki T.; Narazaki Y.; Chowdhary G.; Spencer B.F., Jr",2026,10.1061/JCCEE5.CPENG-7010,,Scopus
REC_1307,An architecture for robust UAV navigation in GPS-denied areas,"This article presents a software architecture for safe and reliable autonomous navigation of aerial robots in GPS-denied areas. The techniques employed within key modules from this architecture are explained in detail, such as a six-dimensional localization approach based on visual odometry and Monte Carlo localization, or a variant of the Lazy Theta* algorithm for motion planning. The aerial robot used to demonstrate this approach has been extensively tested over the past 2 years for localization and state estimation without any external positioning systems, autonomous local obstacle avoidance, and local path planning among other tasks. This article describes the architecture and main algorithms used to achieve these goals to build a robust autonomous system. ? 2017 Wiley Periodicals, Inc.",Perez-Grau F.J.; Ragel R.; Caballero F.; Viguria A.; Ollero A.,2018,10.1002/rob.21757,,Scopus
REC_1336,Multi-sensor robust relative estimation framework for GPS-denied multirotor aircraft,"An estimation framework is presented that improves the robustness of GPS-denied state estimation to changing environmental conditions by fusing updates from multiple view-based odometry algorithms. This allows the vehicle to utilize a suite of complementary exteroceptive sensors or sensing modalities. By estimating the vehicle states relative to a local coordinate frame collocated with an odometry keyframe, observability of the relative state is maintained. A description of the general framework is given, as well as the specific equations for a multiplicative extended Kalman filter with a multirotor vehicle. Experimental results are presented that demonstrate the ability of the proposed algorithm to produce accurate and consistent estimates in challenging environments that cause a single-sensor solution to fail. ? 2016 IEEE.",Koch D.P.; McLain T.W.; Brink K.M.,2016,10.1109/ICUAS.2016.7502619,,Scopus
REC_1348,LiDAR-odometry based UAV pose estimation in young forest environment,"In this study, we propose a real-time pose estimation solution for Unmanned Aerial Vehicle in a seedling pine forest environment. Our method uses graph-based approach to fuse data from an onboard IMU sensors, a GNSS receiver and a 3D LiDAR. Features are detected from every LiDAR scan. A local map is built from the detected features and used to compute the LiDAR odometry in real time for the incoming scans. In order to obtain a robust estimate of the state of the vehicle, the noise covariance of the LiDAR odometry is updated at each iteration using the fitness score of the LiDAR. The proposed solution provides promising trajectory and velocity estimates even in GNSS denied scenario. Both the local and global consistencies of the estimated trajectory are encouraging. ? 2022 Elsevier B.V.. All rights reserved.",Ouattara I.; Korhonen V.; Visala A.,2022,10.1016/j.ifacol.2022.11.121,,Scopus
REC_1355,A distributed approach for lidar-based relative state estimation of multi-UAV in GPS-denied environments,"In this paper, we present a distributed framework for the lidar-based relative state estimator which achieves highly accurate, real-time trajectory estimation of multiple Unmanned Aerial Vehicles (UAVs) in GPS-denied environments. The system builds atop a factor graph, and only on-board sensors and computing power are utilized. Benefiting from the keyframe strategy, each UAV performs relative state estimation individually and broadcasts very partial information without exchanging raw data. The complete system runs in real-time and is evaluated with three experiments in different environments. Experimental results show that the proposed distributed approach offers comparable performance with a centralized method in terms of accuracy and real-time performance. The flight test demonstrates that the proposed relative state estimation framework is able to be used for aggressive flights over 5 m/s. ? 2021 Chinese Society of Aeronautics and Astronautics",SHEN H.; ZONG Q.; LU H.; ZHANG X.; TIAN B.; HE L.,2022,10.1016/j.cja.2021.04.021,,Scopus
REC_1366,Cooperative Localisation of a GPS-Denied UAV in 3-Dimensional Space Using Direction of Arrival Measurements,"This paper presents a novel approach for localising a GPS (Global Positioning System)-denied Unmanned Aerial Vehicle (UAV) with the aid of a GPS-equipped UAV in three-dimensional space. The GPS-equipped UAV makes discrete-time broadcasts of its global coordinates. The GPS-denied UAV receives the broadcast and in doing so takes a direction of arrival (DOA) measurement towards the origin of the broadcast in its local coordinate frame (obtained via an inertial navigation system (INS)). The aim is to determine the difference between the local and global frames, described by a rotation and a translation. In the noiseless case, global coordinates are recovered exactly by solving a system of linear equations. When DOA measurements are contaminated with noise, rank relaxed semidefinite programming (SDP) and the Orthogonal Procrustes algorithm are employed. Simulations are provided and factors affecting accuracy, such as noise levels and number of measurements, are explored. ? 2017",Russell J.S.; Ye M.; Anderson B.D.O.; Hmam H.; Sarunic P.,2017,10.1016/j.ifacol.2017.08.1226,,Scopus
REC_1373,Enabling UAV navigation with sensor and environmental uncertainty in cluttered and GPS-denied environments,"Unmanned Aerial Vehicles (UAV) can navigate with low risk in obstacle-free environments using ground control stations that plan a series of GPS waypoints as a path to follow. This GPS waypoint navigation does however become dangerous in environments where the GPS signal is faulty or is only present in some places and when the airspace is filled with obstacles. UAV navigation then becomes challenging because the UAV uses other sensors, which in turn generate uncertainty about its localisation and motion systems, especially if the UAV is a low cost platform. Additional uncertainty affects the mission when the UAV goal location is only partially known and can only be discovered by exploring and detecting a target. This navigation problem is established in this research as a Partially-Observable Markov Decision Process (POMDP), so as to produce a policy that maps a set of motion commands to belief states and observations. The policy is calculated and updated on-line while flying with a newly-developed system for UAV Uncertainty-Based Navigation (UBNAV), to navigate in cluttered and GPS-denied environments using observations and executing motion commands instead of waypoints. Experimental results in both simulation and real flight tests show that the UAV finds a path on-line to a region where it can explore and detect a target without colliding with obstacles. UBNAV provides a new method and an enabling technology for scientists to implement and test UAV navigation missions with uncertainty where targets must be detected using on-line POMDP in real flight scenarios. ? 2016 by the authors; licensee MDPI, Basel, Switzerland.",Vanegas F.; Gonzalez F.,2016,10.3390/s16050666,,Scopus
REC_1399,Adaptive Texture-Aware Pixel Selection for Robust Direct Visual Odometry in UAV Navigation,"Direct visual odometry (DVO) is becoming widely used to estimate camera ego-motion and simultaneously reconstruct/map the environment from image sequences, particularly due to its efficient use of photometric information and strong performance in weak-texture scenarios. However, since DVO relies directly on pixel intensity patterns for frame-to-frame alignment, it is inherently sensitive to brightness inconsistencies and illumination changes, which can degrade pose estimation, particularly in aerial robotics scenarios involving motion blur, illumination variations, and texture-poor environments. This paper proposes an adaptive pixel selection mechanism for DVO systems. The proposed approach prioritizes regions with strong structural content, ensuring that the pose estimate remains constrained by meaningful image gradients, even in low-texture or highly homogeneous scenarios. By integrating image texture descriptors, the system dynamically adjusts selection parameters, according to the scene complexity. This enables the operation across structured, semi-structured, and unstructured environments without introducing significant computational overhead. Experimental validation in both indoor and outdoor scenarios demonstrates that the proposed method preserves uniform spatial coverage while suppressing low-gradient and photometrically unstable regions. The results demonstrate enhanced trajectory consistency and greater robustness under challenging visual conditions, confirming the algorithm effectiveness for UAV navigation in GPS-denied environments.  ? 2026 IEEE.","Gaia J.; Fagundes L., Jr.; Soria C.; Brand?o A.",2026,10.1109/ICUAS69441.2026.11598726,,Scopus
REC_1402,Oxpecker: A Tethered UAV for Inspection of Stone-Mine Pillars,"This paper presents a state-of-the-art tethered unmanned aerial vehicle (TUAV) for structural integrity assessment of underground stone mine pillars. The TUAV, powered by its tether, works in tandem with an unmanned ground vehicle (UGV) that hosts the TUAV batteries, a self-leveled landing platform, and the tether management system. The UGV and the TUAV were named Rhino and Oxpecker, respectively, given that the TUAV stays landed on the UGV while the ensemble moves inside a mine. The mission of Oxpecker is to create, using a LiDAR sensor, 3D maps of the mine pillars to support time-lapse hazard mapping and time-dependent pillar degradation analysis. Given the height of the pillars (7?12 (Formula presented.)), this task cannot be executed by Rhino alone. This paper describes the drone?s hardware and software. The hardware includes the tether management system, designed to control the tension of the tether, and the tether perception system, which provides information that can be used for localization and landing in global navigation satellite systems (GNSS)-denied environments. The vehicle?s software is based on a state machine that controls the several phases of a mission (i.e., takeoff, inspection, and landing) by coordinating drone motion with the tethering system. The paper also describes and evaluates our approach for tether-based landing and autonomous 3D mapping of pillars. We show experiments that illustrate and validate our system in laboratories and underground mines. ? 2023 by the authors.","Martinez Rocamora B., Jr.; Lima R.R.; Samarakoon K.; Rathjen J.; Gross J.N.; Pereira G.A.S.",2023,10.3390/drones7020073,,Scopus
REC_1403,Simless GSM positioning for navigation in GPS-denied environments,"Purpose: Until now, air navigation systems have mainly relied on global navigation satellite systems (GNSS) on the worldwide spread global positioning system. However, the so-called GNSS-denied environments open a new research line which pursues the development of alternative technologies which will cover this gap in positioning systems? services. Design/methodology/approach: This paper presents the possibility of using positioning systems based on global system for mobile communications (GSM) signal. This approach developed in a standalone device will provide real-time information. The presented algorithm pursues a new methodology for providing useful information. Findings: Among all the different technologies aimed at giving a navigation solution in the absence of any kind of GNSS in which this paper is based, it advocates for the use of the signals of opportunity, particularly the usage of GSM. Practical implications: Technology is currently immersed in an era of continuous progress and expansion of navigation systems. These are evolving toward high performance systems, offering precise, efficient and safe air navigation. In addition, the growing demand for unmanned aerial vehicles increases the level of exigency on this activity even more. Therefore, in the context of the development of unmanned navigation technologies, the aim is to implement positioning systems that will allow high precision even in though environments. Originality/value: Referencing the SIMless concept, a SIM-free system is described in this paper. The SIM-free system is supported by open data bases and permits the positioning based on the information sniffed from the signals broadcast by a set of several nearby base station of the GSM network. Hence, it provides same and in some cases even better accuracies than the already developed techniques, not being necessary to synchronize the link between the mobile terminal and the base station transceiver (BTS). ? 2018, Emerald Publishing Limited.",Soldado Serrano I.; Garc?a Doblado J.; Finazzi I.F.; Mart?n Prats M.?.,2018,10.1108/AEAT-01-2017-0029,,Scopus
REC_1405,Angle Robustness Unmanned Aerial Vehicle Navigation in GNSS-Denied Scenarios,"Due to the inability to receive signals from the Global Navigation Satellite System (GNSS) in extreme conditions, achieving accurate and robust navigation for Unmanned Aerial Vehicles (UAVs) is a challenging task. Recently emerged, vision-based navigation has been a promising and feasible alternative to GNSS-based navigation. However, existing vision-based techniques are inadequate in addressing flight deviation caused by environmental disturbances and inaccurate position predictions in practical settings. In this paper, we present a novel angle robustness navigation paradigm to deal with flight deviation in point-to-point navigation tasks. Additionally, we propose a model that includes the Adaptive Feature Enhance Module, Cross-knowledge Attention-guided Module and Robust Task-oriented Head Module to accurately predict direction angles for high-precision navigation. To evaluate the vision-based navigation methods, we collect a new dataset termed as UAV AR368. Furthermore, we design the Simulation Flight Testing Instrument (SFTI) using Google Earth to simulate different flight environments, thereby reducing the expenses associated with real flight testing. Experiment results demonstrate that the proposed model outperforms the state-of-the-art by achieving improvements of 26.0% and 45.6% in the success rate of arrival under ideal and disturbed circumstances, respectively. Copyright ? 2024, Association for the Advancement of Artificial Intelligence (www.aaai.org). All rights reserved.",Wang Y.; Feng Z.; Zhang H.; Gao Y.; Lei J.; Sun L.; Song M.,2024,10.1609/aaai.v38i9.28906,,Scopus
REC_1423,A robust real-time vision based GPS-denied navigation system of UAV,"In 2015 International UAV Innovation Grand Prix the competition, the cargo transport task is assumed as: there are 4 buckets placed in four circles on one moving platform. Firstly, the unmanned aerial vehicle (UAV) is required to identify circle targets and the black and white id marker near the circle on one moving platform, then the UAV chosen a target bucket, tracked and transported it to the other moving platform, until all 4 buckets are transported from one moving platform to the other. In order to accomplish the cargo transport task, a method of a real-time vision-based GPS-denied multiple object tracking for UAV is developed. The Pixhawk controller is used to achieve tracking, that the relative distance and velocity between the target and UAV is estimated by the image. Finally, the experimental results proved the effectiveness and robustness of the algorithm. ? 2016 IEEE.",Yang L.; Xiao B.; Zhou Y.; He Y.; Zhang H.; Han J.,2016,10.1109/CYBER.2016.7574843,,Scopus
REC_1429,Modelling and Simulation of Fast Autonomous Exploration and Mapping System for GPS Denied Unknown Environment Using ROS,"This paper describes a multi-robot coordinated heterogeneous vehicle which employs cooperative unmanned ground vehicles (UGVs) and unmanned aerial vehicles (UAVs) to explore and map a GPS-denied unknown terrain. Exploration processes like cave exploration, tunnel inspections required an accurate and quick mapping of the environment in emergencies for rescue or maintenance operations. This multi-robot system's main objective is to use the Dijkstra algorithm to produce a 2D and 3D map of an unexplored region. Each robot features a border identification system that uses image processing to derive border locations. The autonomous exploration problem is a partially observable Markov decision process (POMDP) to the local planner exploration component. The robot is directed to the uncharted region in the map after recovering boundary points in the region separating known from unknown space. The global planner graph, introducing flexible values, is constructed during the discovery phase to examine the robot's border positions at the end. The two methodologies are combined with speeding up the search for border sites. Closed-loop control ensures that the robot is always pushed to its greatest advantage following achieving the desired advantages. Finally, the 2D and 3D maps obtained from each robot are combined using conventional map merging techniques to form a map.  ? 2022 IEEE.",Umakarthikeyan S.; Ram Kumar K.; Priyadharshini S.,2022,10.1109/ICRAIE56454.2022.10054265,,Scopus
REC_1431,Advancing Autonomous UAV Target Localization in GPS-Denied Environments,"This research introduces a novel approach to enhance the robustness of autonomous UAV target localization in GPS-denied environments. Typically, localization in such environments relies on utilizing received signal strength (RSS) transmitted by the target and employing the Q-learning algorithm to determine agent actions. Usually, there are two approaches to defining Q-learning's state, both using only a single variable as the Q-learning's state. One of those approaches is potentially hard to converge, while the other is susceptible to unrealistic assumptions in a real-world deployment. This study proposes an improved Q-learning algorithm by incorporating multiple variables as states, addressing the limitations of existing approaches that use a single variable. In this research, it will be proven that if the assumptions don't hold, the performance of the proposed method by another research will be messed up. In addition, it's proved that a new approach is proposed in this research able to outperform the approach using only single-variable as Q-learning state in terms of speeds of convergence and robustness, even when the assumptions are not met.  ? 2023 IEEE.",Dawne A.; Nazaruddin Y.Y.; Wardana R.P.; Ikhtiarudin A.; Mardhatillah I.; Fauzan I.M.,2023,10.1109/CoDIT58514.2023.10284425,,Scopus
REC_1435,UAV-Assisted Collaborative Positioning in GNSS-Denied Environments,"Accurate and reliable positioning and navigation are fundamental for the development of a wide number of applications. Despite in most of the regular working conditions the use of a GNSS (Global Navigation Satellite System) receiver is sufficient for properly determining the absolute coordinates of such a device, determining a reliable solution of the positioning problem in challenging conditions, e.g. in environments where GNSS is not available or not reliable, can be difficult. In such conditions, exploiting the information shared by different sensors and platforms can be useful for reliably determining the platforms' positions. In this work, both ground and aerial platforms are considered: each platform is assumed to be provided with communication capabilities, which can be exploited to share its knowledge. In particular, since GNSS positioning is usually less effective at ground level than on a flying platform, here the aerial platforms are assumed to be provided with good GNSS-based positioning information. Instead, GNSS is assumed to be unavailable to the ground vehicles, which, instead, can use LiDAR/visual odometry for determining dead-reckoning solutions, Ultra Wide-Band (UWB) inter-platform ranging for relative positioning, and camera-based positions, provided by aerial platforms, for assessing their georeferenced positions. In particular, this work focuses on assessing the positioning performance when exploiting vision-based information about the georeferenced ground vehicle positions from a camera mounted on a Unmanned Aerial Vehicle (UAV). The camera acquired oblique views of the scene, while moving over the case study area during the test. YOLO network was used to detect cars from the image frames, whereas different techniques were used for obtaining the cars' georeferenced coordinates, including the extraction of vehicle coordinates from 3D reconstructions obtained from the MoGe-2 network. Average errors at meter level on the determined georeferenced coordinates, even on vehicles not visible in the image acquired by the UAV, were obtained when combining UWB vehicle-to-vehicle ranges with MoGe-2 reconstructions. ? Author(s) 2026.",Masiero A.; Toth C.; Morelli L.; Trybala P.; Remondino F.,2026,10.5194/isprs-archives-XLIX-B1-2026-41-2026,,Scopus
REC_1438,3D motion planning for UAVs in GPS-denied unknown forest environment,"In this paper, a decomposition hierarchic on-line motion planning approach consisting of path planning and trajectory generation is proposed for VTOL UAVs to fly in a GPS-denied unknown obstacle-rich environment such as forest and urban canyon. A closed-loop 3D path planning based on A? search algorithm is used to generate collision-free path and a 3D on-line trajectory generation based on maneuver automaton methods is used to generate a collision-free reference trajectory. The simulation and experiment on a VTOL UAV demonstrate the effectiveness of the proposed motion planning approach. ? 2016 IEEE.",Liao F.; Lai S.; Hu Y.; Cui J.; Wang J.L.; Teo R.; Lin F.,2016,10.1109/IVS.2016.7535393,,Scopus
REC_1439,3D map and mmWave radar-based self-localization for UAVs in GNSS-denied environments,"Reliable self-localization of unmanned aerial vehicles (UAVs) in dense urban environments remains a major challenge due to the frequent unavailability or degradation of Global Navigation Satellite Systems (GNSS) and other radio signals. This paper presents a robust and cost-effective method for UAV self-localization by using vision and millimeter-wave (mmWave) radar data in GNSS-denied environments. The approach generates an initial dense point cloud through depth estimation and semantic segmentation, which is then geometrically refined using sparse mmWave radar point cloud. A semantic-guided clustering method is applied to the mmWave radar point cloud to remove noise and extract key structural elements such as walls, which are later fused with vision-based depth information. For positioning, image matching algorithm provides coarse localization, followed by fine registration that leverages geometric features of windows to enhance precision. Experimental results demonstrate that the proposed method can achieve self-localization accuracy within 0.4 m, while maintaining low system complexity and deployment cost, offering a practical solution for UAV self-localization in GNSS-denied urban scenarios. ? 2025 Elsevier Inc.",Cui Y.; Zhang Y.; Bai D.; Diao Y.; Wang Y.,2026,10.1016/j.vehcom.2025.100986,,Scopus
REC_1451,Vision Model-Based Real-Time Localization of Unmanned Aerial Vehicle for Autonomous Structure Inspection under GPS-Denied Environment,"UAVs have been widely used in visual inspections of buildings, bridges, and other structures. In either outdoor autonomous or semi-autonomous flights missions strong GPS signal is vital for UAV to locate its own positions. However, strong GPS signal is not always available, and it can degrade or fully loss underneath large structures or close to power lines, which can cause serious control issues or even UAV crashes. Such limitations highly restricted the applications of UAV as a routine inspection tool in various domains. In this paper a vision-model-based real-time self-positioning method is proposed to support autonomous aerial inspection without the need of GPS support. Compared to other localization methods that requires additional onboard sensors, the proposed method uses a single camera to continuously estimate the inflight poses of UAV. Each step of the proposed method is discussed in detail, and its performance is tested through an indoor test case. ? 2019 American Society of Civil Engineers.",Shang Z.; Shen Z.,2019,10.1061/9780784482445.037,,Scopus
REC_1454,Adaptive UAV Visual Localisation Based on Improved Gradient-Damping Newton Method,"The role of unmanned aerial vehicles (UAVs) in time-sensitive missions such as low-altitude reconnaissance and disaster rescue has gained increasing significance. To address the challenge of visual localisation for UAVs operating in complex terrains under Global Navigation Satellite System (GNSS)-denied environments, this paper proposes an improved adaptive gradient-damped Newton approach to mitigate the trade-off between terrain non-convexity and computational real-time performance. The proposed approach incorporates a terrain-gradient-based dynamic step-size adjustment mechanism that adaptively captures non-linear terrain characteristics in real time and effectively reduces the numerical oscillations typically observed in steep regions when using the standard Newton method. In addition, a tightly coupled vision?geometry framework was developed to constrain cumulative drift during long-range flight. Monte Carlo simulation results demonstrate that the proposed algorithm maintains submeter localisation accuracy while achieving approximately a three-fold improvement in computational efficiency compared with traditional grid-based methods, and a 27.4% increase in convergence speed relative to the standard Newton method. Experiments conducted under high-noise conditions and highly undulating terrains indicate that the approach exhibits strong convergence stability, offering a computationally efficient and robust solution for UAV navigation. ? 2026 by the authors.",Zhou X.; Fang A.; Fu S.; Liu J.; Zhang X.; Liao X.; Zhang J.,2026,10.3390/electronics15101974,,Scopus
REC_1459,Automatic UAV Inspection of Tunnel Infrastructure in GPS-Denied Underground Environment,"In the Architecture, Engineering and Construction (AEC) industry, unmanned aerial vehicles (UAV) has been widely acknowledged as a promising tool to perform adaptive structural health monitoring automatically. However, there still remains some challenges for drones to collect image data of underground structures, primarily due to low light and no GPS conditions. In order to facilitate data acquisition, this article developed a mobile software development kit (MSDK) for drone using visual positioning and predefined controlling code, which enabled the drone to automatically fly along a designated sinusoidal route, whilst continuously taking videos and images of the tunnel surface. The developed MSDK was able to adjust the drone parameters (e.g., overlapping rate, inspection range, heading, flight direction between frames of the video) for different underground infrastructure conditions. Furthermore, a field test is conducted in an abandoned windless tunnel near Cork (Goggins Hill Tunnel) to test its feasibility. Results show that the 40-m difference between the designated routine and actual routine was 1.9%, and the collected data processed by Pix4Dmapper could reconstruct the complete tunnel scene and surface details. The navigation method proposed in this paper allows UAVs to perform automatic inspection without GPS, and the collected image data is used to build a tunnel panorama view. ? 2023, The Author(s), under exclusive license to Springer Nature Switzerland AG.",Zhang R.; Ouyang A.; Li Z.,2023,10.1007/978-3-031-07258-1_53,,Scopus
REC_1463,Decentralised Multi-UAV Cooperative Searching Multi-Target in Cluttered and GPS-Denied Environments,"In recent years, the use of multi-unmanned aerial vehicles (UAVs) systems in outdoor GPS enabled environments has increased significantly. Their use in GPS-denied environments, however, is still a complex task. Examples of such environments include search and rescue inside buildings or collapsed building scenarios, urban or natural canyons, in which the GPS signal is limited or blocked. In order to provide a possible solution for these applications, this paper presents a multi-UAV system that can be utilised for a team of UAVs to autonomously navigate, search and detect multiple targets in a cluttered and GPS-denied environment. The multi-UAV system uses a decentralised framework based on Decentralised Partially Observable Markov Decision Processes (Dec-POMDP) to formulate the decision-making process considering uncertainties in the environments and sensing. This system was designed for a mission that needs to cooperate efficiently to search and find multiple targets, without knowing possible locations, by sharing limited vital observations through WiFi connection. The system was tested in several cluttered and GPS-denied environments simulated in Gazebo and ROS interface. The environments were populated with different numbers and types of obstacles, several targets, a team of UAVs and boundaries. After comparing three different searching strategies, the results show that the system is capable of cooperatively searching and finding multiple targets in an effective approach while without having a collision in a complex environment. The multi-UAV system is robust to uncertainties in target exploration and localisation, enabling the use of multiple UAVs to enhance critical missions for challenging scenarios such as search and rescue or exploration and disaster management and assessment. ? 2022 IEEE.",Zhu X.; Vanegas F.; Gonzalez F.,2022,10.1109/AERO53065.2022.9843665,,Scopus
REC_1474,Robust UAV-Satellite Imagery Alignment via Cross-Domain Descriptor Learning and Homography Optimization,"Localization methods that leverage satellite maps and their associated geospatial information are critical for uncrewed aerial vehicles (UAVs) executing time-sensitive missions in global navigation satellite system (GNSS)-denied environments. UAV and satellite images exhibit substantial cross-domain differences, including appearance variations caused by temporal changes and geometric discrepancies between perspective imaging and orthorectification. However, existing methods in the UAV-satellite setting often lack effective supervision for local feature matching, which limits the cross-domain adaptation capability of feature matching models. Existing datasets also provide limited support for rigorous fine-grained registration evaluation. To address these issues, we present Co-Lo, a calibrated UAV-satellite dataset. During dataset construction, dense matching is combined with sparse keypoints to obtain reliable keypoint correspondences. An initial calibration procedure is then used to derive accurate ground-truth homography matrices for evaluation. Based on these supervisory signals, we validate the effectiveness of the proposed weakly supervised cross-domain adaptation strategy. In addition, a dual evaluation protocol is designed to decouple algorithm robustness (across texture variations) from sequence stability (along flight trajectories). Compared with representative sparse-matching and semi-dense-matching baselines, the adapted models show improved robustness in cross-domain matching. In texture-sparse scenes, they also yield relatively stable continuous localization performance.  ? 1980-2012 IEEE.",Xiao Y.; Wu Y.; Yang C.; Qin Z.; Yu Z.; Zheng H.,2026,10.1109/TGRS.2026.3689254,,Scopus
REC_1480,Pose estimation for an autonomous vehicle using monocular vision,"Vision-based pose estimation is particularly important for small sized mobile robots and aerial vehicles that have limited payload constraints. Accurate localization is of importance for any autonomous vehicle, especially in indoor and GPS-denied (Global Positioning System) environment. The aim of this work is to provide a solution for the pose estimation of an autonomous vehicle using monocular vision alone so that even a small-size vehicle can perform pose estimation without the help of additional sensors. Unlike Visual Odometry which operates on a sequence of images to estimate robot's motion, the proposed method estimates the robot's pose using individual images by constantly tracking four fixed feature points in a rectangular pattern, whose positions are known a priori. Also, unlike Monocular Visual Odometry which suffers from scale ambiguity problem, the proposed algorithm can estimate the pose of the vehicle and can be applied to both planar robots (3-DoF) as well as aerial vehicles (6-DoF). The proposed method has been validated by implementing on a Raspberry Pi2 model B and a RPi camera. Simulation results of controlling a differential drive robot using the proposed pose estimation method are also presented. ? 2017 IEEE.",Kothari N.; Gupta M.; Vachhani L.; Arya H.,2017,10.1109/INDIANCC.2017.7846512,,Scopus
REC_1541,Visual-Thermal Landmarks and Inertial Fusion for Navigation in Degraded Visual Environments,"During the past decade, aerial robots have seen an unprecedented expansion in their utility as they take on more tasks which had typically been reserved for humans. With an ever widening domain of aerial robotic applications, including many mission critical tasks such as disaster response operations, search and rescue missions and infrastructure inspections taking place in GPS-denied environments, the need for reliable autonomous operation of aerial robots has become crucial. To accomplish their tasks, aerial robots operating in GPS-denied areas rely on a multitude of sensors to localize and navigate. Visible spectrum camera systems correspond to the most commonly used sensing modality due to their low cost and weight rendering them suitable for small aerial robots in indoor or broadly GPS-denied settings. However, in environments that are visually-degraded such as in conditions of poor illumination, low texture, or presence of obscurants including fog, smoke and dust, the reliability of visible light cameras deteriorates significantly. Nevertheless, maintaining reliable robot navigation in such conditions is essential if the robot is to perform many of the critical applications listed above. In contrast to visible light cameras, thermal cameras offer visibility in the infrared spectrum and can be used in a complementary manner with visible spectrum cameras for robot localization and navigation tasks, without paying the significant weight and power penalty typically associated with carrying other sensors such as 3D LiDARs or a RADAR. Exploiting this fact, in this work we present a multi-sensor fusion algorithm for reliable odometry estimation in GPS-denied and degraded visual environments. The proposed method utilizes information from both the visible and thermal spectra for landmark selection and prioritizes feature extraction from informative image regions based on a metric over spatial entropy. Furthermore, inertial sensing cues are integrated to improve the robustness of the odometry estimation process. The proposed method works in real-time, fully on-board an aerial robot. To verify our solution, a set of challenging experiments were conducted inside a) an obscurant-filed machine shop-like industrial environment, as well as b) a dark subterranean mine in the presence of heavy airborne dust. ? 2019 IEEE.",Khattak S.; Papachristos C.; Alexis K.,2019,10.1109/AERO.2019.8741787,,Scopus
REC_1557,Model-Based Cooperative Navigation for a Group of Flying Robots,"In this article, a model-based cooperative navigation system for a group of quadrotors, while no absolute position data is accessible, is proposed. The growth of position errors in a GNSS-denied condition is such that the navigation methods are not reliable. In the proposed method, instead of the conventional inertial navigation equations, a different dynamic equation based on drag forces is used. Together with the relative position measurements between agents, the acceleration measurements on the plane of the rotors of at least one of the agents are also used in the observation process. For evaluation of the proposed method, an algorithm-in-loop 6DOF simulation environment is developed. The results illustrate that the growth rate of navigation errors is significantly reduced; 97% in the horizontal plane and 40% in the vertical one. In short, integrating the proposed model-based and cooperative navigation methods is more effective than using each of them separately.  ? 1965-2011 IEEE.",Faghihinia A.; Atashgah M.A.A.; Dehghan S.M.M.,2022,10.1109/TAES.2021.3136247,,Scopus
REC_1582,Overview of Mutual Localization Techniques Between Unmanned Aerial Vehicles in Swarm,"The market for unmanned aerial vehicles (UAVs), along with their associated applications and services, has been developing at a rapid pace in recent years. One of the key emerging trends is the use of UAV swarms, which enable the execution of complex tasks more efficiently than single platforms. Effective control of such a swarm, whether by a human operator or autonomously, requires maintaining safe distances between individual UAVs. This, in turn, necessitates precise navigation and mutual localization within the swarm, posing both technical and operational challenges. This paper presents a comprehensive review of recent advancements in relative localization techniques within UAV swarms. With the increasing interest in UAV swarm applications for tasks such as search and rescue, surveillance, and delivery, accurate and reliable localization methods have become critical for maintaining formation and avoiding collisions. The paper categorizes localization approaches into cooperative methods and autonomous sensing and further classifies them by the type of sensor used: optical, radio frequency, and acoustic. For each category, representative technologies, and algorithms, such as ultra-wideband (UWB), received signal strength indication (RSSI), angle of arrival (AOA), multidimensional scaling (MDS), and convolutional neural network (CNN)-based vision systems, are discussed, along with their strengths, limitations, and suitability for Global Positioning System (GPS)-denied environments. The paper concludes with an identification of current research gaps, including the challenges of sensor array integration on UAV platforms and the influence of environmental interference on localization accuracy. ? 2025, Faculty of Navigation, Gdynia Maritime University. All rights reserved.",Czaja B.; Ma?lanka K.; Skokowski P.; Kelner J.,2025,10.12716/1001.19.01.37,,Scopus
REC_1608,Long-term aerial robot localization based on visual odometry and radio-based ranging,"Visual odometry approaches have demonstrated to work very well for localization in GPS-denied areas, however they could quickly diverge depending on the environment. In order to achieve reliable long-term localization, it is a good practice to complement vision-based estimations with an additional source of information able to correct odometry drifts. This paper presents an approach that complements stereo visual odometry with distance measurements from several radio beacons located in an indoor scenario. The computational efficiency of the whole processing pipeline allows for real-time and bounded drift localization. Field experiments have been conducted using an indoor testbed with a very accurate tracking system in order to validate the algorithms. ? 2016 IEEE.",Perez-Grau F.J.; Fabresse F.R.; Caballero F.; Viguria A.; Ollero A.,2016,10.1109/ICUAS.2016.7502653,,Scopus
REC_1612,Visual GPS-denied multi-agent localization & terrain classification,"This paper furthers the state of the art of visual localization by harnessing recently developed scene recognition and understanding machine learning (ML) algorithms to rethink how vision can be used for navigation, particularly when combined with a realistic, minimalist, and robust multi-agent approach. The focus on visual navigation comes as GPS is increasingly unreliable (jammed, spoofed, or disabled), or unavailable (indoor, or extraterrestrial environments). GPS denial/unreliability is an area of active research in general, with unmanned parafoil systems being one UAV application. The landing locations for parafoil systems must be pre-programmed manually with global coordinates, which may be inaccurate or outdated, and offer no in-flight adaptability. This paper will introduce a novel and minimalist approach to visual navigation and multi-agent communication using semantic machine learning classification and geometric constraints. This approach enables localization and landing site identification for multiple communicating UAV systems deployed in GPS-denied environments. This is a capability extending beyond singleagent localization, as well as a novel landing site classification approach. A mathematical foundation using information theory provides the technical grounding for the algorithms presented, and simulation results demonstrate how multiple agents using the proposed algorithms make a significant improvement in localization accuracy and speed over a single agent. Desirable landing sites for UAVs generally, and autonomous parafoils in particular, constitute locations where payload survivability and accessibility are greatest. An on-board semantic representation and understanding of the operating environment will allow systems to automatically detect and classify these desirable and undesirable landing sites, enabling successful landing in a much larger class of scenarios than currently possible, in addition to a fail-safe capability when localization is not feasible. This paper will further introduce an algorithm enabling multiple agents to reproduce this classification of their environment on-line better and more rapidly than a single agent working alone, demonstrating the advantage of multiple agents in this context as well. This has applications to general UAV landing, whether powered or unpowered, on Earth or in extra-terrestrial environments. ? 2018 IEEE.",Chiel B.S.; Baillieul J.,2018,10.1109/AERO.2018.8396392,,Scopus
REC_1637,Virtual testbed for monocular visual navigation of small unmanned aircraft systems,"Monocular visual navigation methods have seen significant advances in the last decade, recently producing several real-time solutions for autonomously navigating small unmanned aircraft systems without relying on the Global Positioning System (GPS). This is critical for military operations that may involve environments where GPS signals are degraded or denied. However, testing and comparing visual navigation algorithms remains a challenge since visual data is expensive to gather. Conducting flight tests in a virtual environment is an attractive solution prior to committing to outdoor testing. This work presents a virtual testbed for conducting simulated flight tests over real-world terrain and analyzing the real-time performance of visual navigation algorithms at 31 Hz. This tool was created to ultimately find a visual odometry algorithm appropriate for further GPS-denied navigation research on fixed-wing aircraft, even though all of the algorithms were designed for other modalities. This testbed was used to evaluate three current state-of-the-art, open-source monocular visual odometry algorithms on a fixed-wing platform: Direct Sparse Odometry, Semi-Direct Visual Odometry, and ORB-SLAM2 (with loop closures disabled). ? The Author(s) 2020.",Kim K.; Leishman R.C.; Nykl S.L.,2022,10.1177/1548512920954545,,Scopus
REC_1642,UAV based target finding and tracking in GPS-denied and cluttered environments,"In this paper we describe and flight test a novel system architecture for low cost muti-rotor unmanned aerial vehicles (UAVs) for searching, tracking and following a ground target. The UAV uses only on-board sensors for localisation within a GPS-denied space with obstacles. This mission is formulated as a Partially Observable Markov Decision Process (POMDP) and uses a modular framework that runs on the Robotic Operating System (ROS). This system computes a policy for executing actions instead of way-points to navigate and avoid obstacles. Results indicate that the system is robust to overcome uncertainties in localisation of both, the aircraft and the target and avoids collisions with the obstacles. ? 2016 IEEE.",Vanegas F.; Campbell D.; Eich M.; Gonzalez F.,2016,10.1109/IROS.2016.7759360,,Scopus
REC_1653,A Novel Scene Matching Algorithm via Deep Learning for Vision-based UAV Absolute Localization,"Almost all military systems and combat platforms rely on GNSS to achieve military missions. However, they are facing more and more intensive jamming and spoofing attacks. Due to the rapid development of computer vision technology and vision sensor, visual navigation and localization technology have gradually revealed their advantages to solve this kind of problem. In this paper, a new framework of visual localization under a GNSS-denied environment is proposed. Firstly, a novel image preprocessing method based on information entropy and granular segmentation is presented which can significantly filtrate the Google tiles in the georeferenced area to parsimony set to reduce UAV localization time. Secondly, we introduce an end-to-end image matching method based on convolutional neural network and image preprocessing to realize UAV localization which has strong robustness and localization accuracy. Finally, the proposed localization algorithm achieves experimental performance on the real images captured by DJI Phantom 3 drone. The good accuracy and fast execution time shown by experiments indicate that the proposed localization algorithm can serve as a powerful tool to keep the UAVs working continuously in the face of intensive jamming and spoofing attacks.  ? 2022 IEEE.",Ren Y.; Wang Z.,2022,10.1109/MLCCIM55934.2022.00043,,Scopus
REC_1667,Autonomous Mapping and Navigation Unit for Aerial Robots,"This paper presents an Autonomous Mapping and Navigation Unit (AM&NU) for multirotor platforms operating without GNSS. The unit combines a Livox Mid-360 LiDAR and an Intel RealSense D435i camera, both with internal IMU, connected to the embedded computer a Jetson Orin NX 16GB. A LiDAR-inertial SLAM module (FAST-LIO2) provides a six-degree-of-freedom pose and an incremental point-cloud map. The map is forwarded to a planner that interpolates user-defined waypoints with cubic Hermite spline segments, producing a smooth reference path. An artificial vector-field controller evaluates the current pose with respect to the path and computes body-frame velocity commands; a multirotor control law converts these commands into thrust and angular-rate inputs. The full pipeline was implemented in ROS2 and validated in simulation. Data collected during outdoor flights were processed offline to verify localization and mapping consistency. The results confirm the feasibility of using the proposed unit for autonomous navigation in GNSS-denied environments. ? 2025 IEEE.",Baiao J.; Prado D.; Soares L.; Soares G.; Vangasse A.; Cruz G.; Lima R.; Pimenta L.; Goncalves V.; Freitas G.,2025,10.1109/ICAR65334.2025.11338655,,Scopus
REC_1678,Position and Orientation from Asynchronous Lidar in GNSS Denied Environments,"This study investigates the use of a distributed asynchronous lidar system for augmented position and orientation determination in Global Navigation Satellite Systems (GNSS) denied environments. An asynchronous lidar design is one in which the laser transmitter and detectors/receivers are disconnected and carried on separate platforms. This unique geometry offers observational redundancy that can be used to estimate the trajectory of the receiver platforms. The paper presents the results of simulation experiments, first examining single epoch solutions and then considers estimates of position and orientation along simulated flight trajectories. The results show that as long as the laser transmitter is operated above the GNSS denied environment, the system is able to simultaneously estimate position and orientation for multiple receiver drones, even for extended periods of GNSS outages. The accuracy of position and orientation estimation is dependent on the exact flight path and the number of lidar receivers in the solution, but with favorable geometry the accuracy of position estimation can approach that provided by a high precision GNSS solution. Copyright ? 2026 Craig Glennie.",Glennie C.; Haces-Garcia F.,2026,10.5194/isprs-annals-XI-1-2026-151-2026,,Scopus
REC_1688,Pose estimation based on laser range finder for a quadrotor unmanned aerial vehicle in GPS-denied environment,"The feedback of position and attitude information are important for the autonomous control of a quadrotor unmanned aerial vehicle (UAV). But in the GPS-denied environments, it is hard to obtain the quadrotor UAV's position. The pose estimation problem for a quadrotor UAV is addressed in this paper. A miniature laser range finder and a miniature attitude heading reference system (AHRS) unit are employed as the main onboard sensors. And a new pose estimation algorithm is developed to provide accurate estimation for the UAV's position and attitude which can be utilized for the flight controller in the GPS-denied environments.",X. Gu; B. Xian; F. Guo; Y. Zhang; X. Zhang,2013,,,IEEE_Xplore
REC_1715,"Autonomous targeted flight of a rotary-wing micro aerial vehicle in indoor, GPS-denied environments","This work focuses on targeted flight of Rotary- Wing Micro Aerial Vehicles (RW MAV) in in- door environments. In such missions, Global Po- sitioning System (GPS) signals may be unavail- Able and a map of the environment is unknown prior to the flight. Thus, the MAV should be able to estimate its position, build a map of the en- vironment, and plan an obstacle-free flight path towards the target, while taking into consider- Ation its maneuverability limitations. This pa- per presents a modular system that comprises re- quired components for these tasks. The proposed methodology relies on using a single laser range scanner. We present the components of the pro- posed system and algorithms, including a high level module for mission planning and decision making. The system was checked in different simulated environments under the realistic level of disturbances and system noise. The obtained results illustrate the effectiveness of the system for GPS-denied navigation of RW MAVs.",Potyagaylo S.; Rand O.,2014,,,Scopus
