sl_no,id,pdf_file_name,title,authors,year,venue,doi,source,abstract,ai_decision,ai_confidence,criteria_triggered,justification,decision,rule
1,REC_0001,REC_0001.pdf,"BIM-Assisted UAV Topological Localization and Navigation Method for GPS-Denied Indoor Environments","H. Pan; H. Ye; W. Zheng; L. Zhou",2026,,10.1109/ICCIR70228.2026.11633308,IEEE_Xplore,"This paper proposes a BIM-assisted UAV topological localization and navigation framework for GPS-denied indoor environments. The method transforms BIM data into a semantic-topological graph containing rooms, corridors, staircases, and connectivity relationships. UAV image observations are converted into candidate BIM nodes through spatial semantic recognition and OCR-based textual matching rather than directly estimating metric coordinates. A topology-aware recursive localization mechanism is then introduced by integrating BIM adjacency constraints and historical states to infer the most probable indoor location. Furthermore, semantic-cost A* planning is employed to validate whether the estimated topological nodes can support indoor navigation tasks. Experiments were conducted in a real university teaching-building environment with 721 indoor images and 74 navigation frames. Results demonstrate that the proposed framework achieves 95.95% localization coverage and 100% valid-frame node accuracy, showing strong robustness and interpretability for indoor UAV localization and navigation.",include,high,"[""I1"", ""I2"", ""I3"", ""I4"", ""I5"", ""I6""]","UAV platform with primary GNSS-denied navigation contribution and quantitative results.",INCLUDE,I2
2,REC_0003,REC_0003.pdf,"Autonomous Navigation in GPS-Denied Environments Using Visual SLAM","L. B. Jayswal; S. Khadka; A. K. Shah; B. Yonzan; B. Rimal; N. Bhattarai; D. Chieng; B. Nakarmi",2026,,10.1109/ICTP67998.2026.11485150,IEEE_Xplore,"This paper presents the real-time implementation of a visual Simultaneous Localization and Mapping (SLAM) for indoor quadcopter navigation. The research aims to autonomously navigate in GPS-denied spaces by localization and mapping in real time. The proposed system integrates an Intel RealSense D435 depth camera, a Raspberry Pi 4B for onboard computation, a laser rangefinder for altitude measurement, and a Pixhawk 4 flight controller. The RTAB-Map SLAM is first tested in a simulation using ROS and Gazebo to ensure its robustness and further deployed in real-world experiments. The experiments carried out successfully demonstrated autonomous indoor UAV navigation with a quadcopter operating at a maximum speed of 0.5 m/s while maintaining a set altitude of 0.5 m with a mean path error and mean altitude deviation of 0.094 ? 0.031 m and 0.027 ? 0.005 m respectively, across different indoor environments, while producing 2D grid maps and 3D point cloud (PCL) maps. This work demonstrates that indoor autonomous UAV navigation can be realized using low-cost, off-the-shelf components and open-source SLAM techniques.",include,high,"[""I1"", ""I2"", ""I3"", ""I4"", ""I5"", ""I6""]","UAV platform with primary GNSS-denied navigation contribution and quantitative results.",INCLUDE,I2
3,REC_0006,REC_0006.pdf,"A Multi-Sensor Fusion Framework for Unmanned Aerial Vehicle (UAV) Navigation and Inspection in GPS-Denied and Degraded Environments","V. V. Sai Viswa Kiran; A. S. Reddy; H. V. Sri Sai; H. Allaka; R. P. Kumar",2026,,10.1109/APSCON68325.2026.11497125,IEEE_Xplore,"Reliable autonomous navigation of Unmanned Aerial Vehicles (UAVs) in GPS-denied environments remains a significant challenge due to signal attenuation, spoofing, and jamming. Indoor environments such as warehouses and industrial facilities suffer from GPS degradation caused by structural occlusions, while outdoor scenarios including forests and flat terrains lack reliable localization cues. To address these challenges, this paper presents a multi-sensor fusion framework for robust UAV navigation in GPS-compromised environments.The proposed approach employs a dual-strategy navigation framework: (i) Visual Simultaneous Localization and Mapping (VSLAM) with 3D point cloud generation for structured indoor environments, and (ii) a VSLAM-based 2D digital twin representation for outdoor environments, integrating visual data with inertial and altitude measurements. Software-in-the-loop (SIL) simulations using ROS and RTAB-Map validate autonomous navigation with obstacle avoidance in warehouse scenarios, while Hardware-in-the-loop (HIL) experiments on an in-house developed UAV platform demonstrate accurate indoor mapping and localization.The results demonstrate that the proposed vision-centric framework enables reliable navigation without dependence on GPS, offering a scalable and resilient solution for UAV operations in GPS-denied environments, with applications in inventory management, surveillance, and search-and-rescue missions.",include,high,"[""I1"", ""I2"", ""I3"", ""I4"", ""I5"", ""I6""]","UAV platform with primary GNSS-denied navigation contribution and quantitative results.",INCLUDE,I2
4,REC_0008,REC_0008.pdf,"A Framework for UAV Navigation and Exploration in GPS-Denied Environments","F. Vanegas; K. J. Gaston; J. Roberts; F. Gonzalez",2019,,10.1109/AERO.2019.8741612,IEEE_Xplore,"Unmanned Aerial Vehicles (UAV) are increasingly used in a wide range of applications such as civil infrastructure inspection, agriculture, ecology and remote sensing. UAV autonomous operation relies on the use of GPS in order to localise and plan a mission, however there are places in which GPS positioning is limited or not available, such as in urban and natural canyons or below the canopy. This paper presents the development of a framework that enables a drone to navigate in an unknown, unstructured and GPS-denied environment. The aim of this research is to combine the use of localisation algorithms such as Simultaneous Localisation and Mapping (SLAM) with Partially Observable Markov Decision Processes (POMDP) algorithms into a framework in which the navigation and exploration tasks are modelled as sequential decision problems under uncertainty. The framework tested in simulation allows the UAV to navigate safely, avoiding collisions whilst guiding exploration in order to create an occupancy map of the UAV's surroundings. The proposed system guides the UAV through a series of actions in order to maximise the information gain about the unknown environment. The implementation of the proposed framework will enable the use of UAV for autonomous navigation and exploration in challenging environments where GPS positioning is not available or limited.",include,high,"[""I1"", ""I2"", ""I3"", ""I4"", ""I5"", ""I6""]","UAV platform with primary GNSS-denied navigation contribution and quantitative results.",INCLUDE,I2
5,REC_0010,REC_0010.pdf,"Autonomous long-range navigation in GNSS-denied environment with low-cost UAV platform","A. R. Kuroswiski; N. M. F. de Oliveira; ?. H. Shiguemori",2018,,10.1109/SYSCON.2018.8369592,IEEE_Xplore,"The capability of an Unmanned Aerial Vehicle to navigate in GNSS-denied environments is desired in many situations, especially in situation in which the GNSS signal is not trustable. In this work is presented a solution based on a low-cost UAV platform, that uses a Landmark Recognition algorithm to compensate the inertial sensors errors cumulation, aiming to perform a long-range navigation, independently of GNSS information. The results in a real-time simulation demonstrated the effectiveness of the integration between the UAV control and the computer vision, performing a successful navigation of 20.7 km long at 400 meters high, where the system has been able to estimate the coordinates during the whole route, with an average error lower than 6 meters.",include,high,"[""I1"", ""I2"", ""I3"", ""I4"", ""I5"", ""I6""]","UAV platform with primary GNSS-denied navigation contribution and quantitative results.",INCLUDE,I2
6,REC_0013,REC_0013.pdf,"Quantum-Enhanced Drone Swarm Localization in GPS-Denied Environment","S. K. Thota",2026,,10.1109/ICoECIT68303.2026.11497954,IEEE_Xplore,"Solutions for getting drone swarms localized when GPS is out of the picture. That's a big problem, really cuts into how reliable those autonomous jobs can be. This paper brings in a model that uses quantum stuff to boost the accuracy and how well the drones stick together. The idea here mixes quantum entanglement for syncing up between drones. It also throws in quantum-enhanced Kalman filtering to fuse sensor data better. That way, they get positions figured out more precisely and tougher against messes. We ran experiments on simulated groups of 10 drones. The setup cut down localization errors. It boosted computational efficiency too, by 25 per cent and 30 per cent in swarms dealing with different levels of interference. The thing is, these results point to quantum computing stepping up as a solid, scalable fix for swarm localization issues. It has real potential out there in tough spots without GPS, like disaster responses or city ops and even military stuff. The paper spells out how quantum tech could lead to the next wave of autonomous systems. It spots chances for using quantum algorithms in real-time navigation with multiple agents.",include,high,"[""I1"", ""I2"", ""I3"", ""I4"", ""I5"", ""I6""]","UAV platform with primary GNSS-denied navigation contribution and quantitative results.",INCLUDE,I2
7,REC_0017,REC_0017.pdf,"Development of Nano UAV Platform for Navigation in GPS-Denied Environment Using Snapdragon","Y. Zhou; G. Qin; F. Lin",2018,,10.1109/IECON.2018.8592913,IEEE_Xplore,"In order to develop a nano UAV in a GPS-denied environment, a visual-inertial system (VINS) consisting of a monocular camera and a low-cost inertial measurement unit (IMU) should be integrated, as they make a minimum, ultra lightweight sensor suite that enables both autonomous flight and sufficient environment awareness. Although there are numerous potential applications, getting to understand the structure of the flight platform can be cumbersome and confusing. Packages and resources provided on the Qualcomm developer network (QCN) and their official GitHub group ATLFlight contain un-unified and disorderly chunks of information. In this paper, we present an organized documentation that presents in detail, the platform structure as a whole, from hardware to software architecture, including installation and API related applications.",include,high,"[""I1"", ""I2"", ""I3"", ""I4"", ""I5"", ""I6""]","UAV platform with primary GNSS-denied navigation contribution and quantitative results.",INCLUDE,I2
8,REC_0022,REC_0022.pdf,"Distance-based Autonomous Docking for UAV-MP in GPS-denied Environment","C. Cheng; X. Li; L. Li; L. Xie",2022,,10.1109/CCDC55256.2022.10034409,IEEE_Xplore,"In this paper, we study the docking problem between a UAV and a mobile platform (MP) by estimating the relative position through distance information and its own displacement, and design the approaching trajectory for eliminating the need of any global positioning systems or other infrastructures. The main challenges of this problem are to estimate the relative position between the UAV and the MP and design controllers for the navigation trajectory control. Since the MP is not equipped with odometer and its motion changes from time to time, the UAV is iteratively navigated using the estimated relative positions to make it infinitely close to the MP, so that the MP finally enters the field of view of the camera and accomplishes the autonomous docking. A simulation experiment is carried out and the theoretical results are verified.",include,high,"[""I1"", ""I2"", ""I3"", ""I4"", ""I5"", ""I6""]","UAV platform with primary GNSS-denied navigation contribution and quantitative results.",INCLUDE,I2
9,REC_0023,REC_0023.pdf,"Autonomous Aerial Navigation in GPS-Denied Environments","A. Variar; B. R; A. Fathima; R. U; G. Sreenandhini; D. K. H; J. J; S. M. D",2025,,10.1109/INSPIRE67328.2025.11300665,IEEE_Xplore,"In the absence of reliable GPS or GNSS navigation systems, commercial drones fail to complete their tasks successfully. This paper proposes an autonomous navigation system that does not rely on GPS, GNSS or external markers. It instead utilizes custom navigation algorithms in place of traditional positioning systems. The navigation system employs a stereo depth camera, LiDAR, and an optical flow sensor. To process environmental data more efficiently, the system employs a 'tunnel vision' approach, which narrows the field of view to reduce computational load. This is complemented by a sliding window algorithm for processing the area in a linear manner, systematically searching for landable/landing zones. These algorithms can be effectively applied in GPS-denied environments, such as disaster-stricken areas, to facilitate rapid assessment and mapping of affected zones.",include,high,"[""I1"", ""I2"", ""I3"", ""I4"", ""I5"", ""I6""]","UAV platform with primary GNSS-denied navigation contribution and quantitative results.",INCLUDE,I2
10,REC_0025,REC_0025.pdf,"Design of an UWB indoor-positioning system for UAV navigation in GNSS-denied environments","J. Tiemann; F. Schweikowski; C. Wietfeld",2015,,10.1109/IPIN.2015.7346960,IEEE_Xplore,"Commonly used unmanned aerial vehicle (UAV) platforms rely on the use of global navigation satellite system (GNSS) receivers for navigation. To enable the autonomous navigation of cooperative UAVs in GNSS-denied environments, the use of an ultra-wideband (UWB) positioning system is proposed. This paper discusses the design and evaluation of a practical and cooperative UWB positioning system using newly available integrated radio frequency hardware and antennas. Constellation-aware parameters, as well as other effects like antenna characteristics, are taken into consideration. A non-line-of-sight rejection is implemented based on the ratio of the first path compared to the power of the cumulated channel impulse response. An experiment covering a range of positions and orientations is conducted to gain a broad, representative set of results to assess the system accuracy in real-life usage. In a first experiment the system performance achieves a root-mean-square error of under 10 cm in the horizontal plane and under 20 cm in the three-dimensional space with a probability of 95 %. A GNSS emulation system is implemented to evaluate the real-time in-flight use of the UWB positioning system on an experimental UAV carrier. A proof of concept is given that the GNSS emulation may be used with commercially available UAV platforms to augment those systems with indoor navigation capabilities.",include,high,"[""I1"", ""I2"", ""I3"", ""I4"", ""I5"", ""I6""]","UAV platform with primary GNSS-denied navigation contribution and quantitative results.",INCLUDE,I2
11,REC_0028,REC_0028.pdf,"UAV Waypoint Opportunistic Navigation in GNSS-Denied Environments","Y. Yang; J. Khalife; J. J. Morales; Z. M. Kassas",2022,,10.1109/TAES.2021.3103140,IEEE_Xplore,"Navigation of an unmanned aerial vehicle (UAV) to reach a desired waypoint with provable guarantees in global navigation satellite system (GNSS)-denied environments is considered. The UAV is assumed to have an unknown initial state (position, velocity, and time) and the environment is assumed to possess multiple terrestrial signals of opportunity (SOPs) transmitters with unknown states (position and time) and one anchor SOP whose states are known. The UAV makes pseudorange measurements to all SOPs to estimate its own states simultaneously with the states of the unknown SOPs. The waypoint navigation problem is formulated as a greedy (i.e., one-step look-ahead) multiobjective motion planning (MOMP) strategy, which guarantees that the UAV gets to within a user-specified distance of the waypoint with a user-specified confidence. The MOMP strategy balances two objectives: i) navigating to the waypoint; and (ii) reducing UAV?s position estimate uncertainty. It is demonstrated that in such an environment, formulating the waypoint navigation problem in a so-called ?naive? fashion by heading directly to the waypoint would result in failing to reach the waypoint. This is due to poor estimability of the environment. In contrast, the MOMP strategy guarantees (in a probabilistic sense) reaching the waypoint. Monte Carlo simulation results are presented showing that the MOMP strategy achieves the desired objective with 95% success rate compared to a 36% success rate with the naive approach. Experimental results are presented for a UAV navigating to a waypoint in a cellular SOP environment, where the MOMP strategy successfully reaches the waypoint, while the naive strategy fails to do so.",include,high,"[""I1"", ""I2"", ""I3"", ""I4"", ""I5"", ""I6""]","UAV platform with primary GNSS-denied navigation contribution and quantitative results.",INCLUDE,I2
12,REC_0035,REC_0035.pdf,"State Estimation and Control for Micro Aerial Vehicles in GPS-denied Environments","H. Shen; X. Zhang; H. Lu; B. Tian; Q. Zong",2020,,10.1109/WCSP49889.2020.9299710,IEEE_Xplore,"In this paper, a state estimation and control system in GPS-denied environments is presented for a micro aerial vehicle (MAV). For full state estimation, we formulate the lidar-inertial odometry as a factor graph which can solved by a nonlinear optimizer. For hovering and trajectory control, we propose a dual-mode cascaded nonlinear controller, which ensures the hovering accuracy and trajectory tracking performance. In extensive state estimation and flight tests, we evaluate the performance of the developed control and estimation algorithms proposed in this paper on a onboard computer.",include,high,"[""I1"", ""I2"", ""I3"", ""I4"", ""I5"", ""I6""]","UAV platform with primary GNSS-denied navigation contribution and quantitative results.",INCLUDE,I2
13,REC_0037,REC_0037.pdf,"Deep Visual Localization for UAVs in GNSS-Denied Environments Using Satellite Imagery","E. ?ks?z; B. Yal??n; T. Demirdal",2026,,10.1109/SIU71813.2026.11636724,IEEE_Xplore,"Accurate absolute localization is essential for the reliable and autonomous mission execution of unmanned aerial vehicles (UAVs). However, GNSS-based navigation may be disabled under electronic warfare, physical obstruction, or spoofing. In this study, absolute position is estimated in GNSS-denied environments by matching UAV camera images with open-source satellite imagery. The proposed visual localization pipeline combines deep matching with SuperPoint?LightGlue, satellite?camera alignment via homography, Efficient Perspective-n-Point (EPnP)-based absolute pose estimation, and Kalman fusion with an optical-flow backup. Compared with SIFT and ORB, it achieves higher matching success (mAP) and lower horizontal error. In real flights validated against RTK GNSS, a positioning error of 10 m (MAE) and 14 m (RMSE) in the X?Y plane is obtained at approximately 500 m altitude, running at approximately 5 Hz on a Jetson Orin Nano.",include,high,"[""I1"", ""I2"", ""I3"", ""I4"", ""I5"", ""I6""]","UAV platform with primary GNSS-denied navigation contribution and quantitative results.",INCLUDE,I2
14,REC_0041,REC_0041.pdf,"UAV Navigation With Monocular Visual Inertial Odometry Under GNSS-Denied Environment","H. Luo; G. Li; D. Zou; K. Li; X. Li; Z. Yang",2023,,10.1109/TGRS.2023.3323519,IEEE_Xplore,"In global satellite navigation system (GNSS)-denied environments, unmanned aerial vehicle (UAV) navigation based on visual?inertial odometry (VIO) has been widely studied. However, existing VIO methods still suffer from some practical problems, such as image enhancement oversaturation and unreasonable weighting in backend optimization. Therefore, this article presents monocular VIO with point-line fusion and backend adaptive optimization to improve the positioning accuracy and robustness of UAV navigation systems. In the front end, we proposed an adaptive gamma image correction algorithm for image preprocessing to avoid image oversaturation, which is more conducive to image extraction and matching. Instead of the traditional line segment detector (LSD) line feature extraction algorithm, we employed an improved EDLines algorithm to enhance the efficiency of line feature extraction, better meeting the high dynamic real-time requirements of UAV. In the backend, we proposed a tightly coupled nonlinear adaptive optimization method based on a two-step approach to address the issue of unreasonable static weights. In the first step, we established a factor graph model and performed the first nonlinear optimization based on a priori visual weights. In the second step, we calculated the reprojection error and established a functional model that examines the relationship between the reprojection error and the information matrix. We updated the information matrix using the reprojection error to adaptively adjust the weights of the point features and line features in real time. Finally, we performed a second nonlinear reoptimization. The proposed method was compared with the monocular visual-inertial system (VINS-MONO) (Qin et al. 2018) and point and line features (PL)-VINS (Fu et al. 2020) methods, the experimental results showing that the positioning accuracy of the proposed method on the public EuRoc dataset (Burri et al. 2016) improved by an average of 32.3% compared with the PL-VINS method, and by an average of 33.8% in three real-world scenarios under changing illumination, weak texture, and large-scale complex scenarios. The results demonstrated that the proposed method exhibited better robustness and higher positioning accuracy in various complex environments.",include,high,"[""I1"", ""I2"", ""I3"", ""I4"", ""I5"", ""I6""]","UAV platform with primary GNSS-denied navigation contribution and quantitative results.",INCLUDE,I2
15,REC_0043,REC_0043.pdf,"Robust Sensor Fusion for Autonomous UAV Navigation in GPS denied Forest Environment","S. M. Shithil; A. A. M. Faudzi; A. Abdullah; N. Islam; S. M. Saad",2022,,10.1109/ROMA55875.2022.9915682,IEEE_Xplore,"Forestry and precision biodiversity data collection using UAVs can be cost-effective and time efficient solution. However, navigating in the forest canopy autonomously can be quite challenging because of its GPS denied environment, cluttered, dynamic, and large scale. Most of the commercial UAVs used in forest applications apply GPS-based navigation which is not suitable for navigating under the canopy. In this paper, an autonomous UAV flight mission in a cluttered forest-like canopy environment is presented. A robust multi-sensor fusion-based robust navigation method which has failure detection features is proposed to enable safe and reliable autonomous navigation. The autonomy architecture utilizes the navigation, planning, and control capabilities of the UAV in a simultaneous manner. To achieve autonomous missions in forest environment, the proposed system has been tested rigorously in a simulated environment and the result shows the capability of autonomous flights in such a challenging environment. The performance of the autonomous flight was evaluated based on mean velocity and path length with respect to the increasing number of trees in the forest.",include,high,"[""I1"", ""I2"", ""I3"", ""I4"", ""I5"", ""I6""]","UAV platform with primary GNSS-denied navigation contribution and quantitative results.",INCLUDE,I2
16,REC_0053,REC_0053.pdf,"Vision-based Navigation of Unmanned Aerial Vehicles","H. Gahlot; A. Kumar; P. Kumar; E. A. Sharma",2024,,10.1109/ICACCM61117.2024.11059131,IEEE_Xplore,"Unmanned Aerial Vehicles (UAVs) are increasingly being used for a wide range of civilian and industrial applications. While GPS-based navigation systems are commonly employed, they suffer from limitations in environments where GPS signals are weak or unavailable, such as indoors or in dense urban areas. This paper presents a vision-based navigation framework that leverages visual data for real-time localization and path planning, providing an alternative to GPS navigation. The proposed method uses a camera system to capture visual features, building a visual memory of the environment during a guided flight. This memory is then used for localization and autonomous navigation in real-time. Experiments conducted with an indoor UAV equipped with a fish-eye camera demonstrate the effectiveness of the approach, showing reliable navigation in complex environments without the need for GPS. The results highlight the potential of vision-based systems for enhancing the autonomy and versatility of UAVs, particularly in GPS-denied scenarios.",include,high,"[""I1"", ""I2"", ""I3"", ""I4"", ""I5"", ""I6""]","UAV platform with primary GNSS-denied navigation contribution and quantitative results.",EXCLUDE,E1
17,REC_0057,REC_0057.pdf,"ROS+unity: An efficient high-fidelity 3D multi-UAV navigation and control simulator in GPS-denied environments","W. Meng; Y. Hu; J. Lin; F. Lin; R. Teo",2015,,10.1109/IECON.2015.7392488,IEEE_Xplore,"In this paper, we will introduce our newly developed 3D simulation system for miniature unmanned aerial vehicles (UAVs) navigation and control in GPS-denied environments. As we know, simulation technologies can verify the algorithms and identify potential problems before the actual flight test and to make the physical implementation smoothly and successfully. To enhance the capability of state-of-the-art of research-oriented UAV simulation system, we develop a 3D simulator based on robot operation system (ROS) and a game engine, Unity3D. Unity3D has powerful graphics and can support high-fidelity 3D environments and sensor modeling which is important when we simulate sensing technologies in cluttered and harsh environments. On the other hand, ROS can provide clear software structure and simultaneous operation between hardware devices for actual UAVs. By developing data transmitting interface and necessary sensor modeling techniques, we have successfully glued ROS and Unity together. The integrated simulator can handle real-time multi-UAV navigation and control algorithms, including online processing of a large number of sensor data.",include,high,"[""I1"", ""I2"", ""I3"", ""I4"", ""I5"", ""I6""]","UAV platform with primary GNSS-denied navigation contribution and quantitative results.",INCLUDE,I2
18,REC_0064,REC_0064.pdf,"Positioning and Navigation Approaches Using Packet Loss-Based Multilateration for UAVs in GPS-Denied Environments","I. Srisomboon; S. Lee",2024,,10.1109/ACCESS.2024.3357148,IEEE_Xplore,"Unmanned aerial vehicle (UAV) technology has demonstrated outstanding performance and has become an essential innovation in current applications. In outdoor surveillance operations, such as geolocation and navigation in restricted areas, an unmanned aerial vehicle, such as a drone, can accomplish missions efficiently with the assistance of a Global Positioning System (GPS). In contrast, drones without such a system are particularly limited to indoor surveillance or short-range applications owing to the absence of precise positioning capabilities. This study addresses the crucial challenge of non-GPS drones in outdoor surveillance scenarios and proposes a packet loss-based positioning approach, wherein a drone estimates its current position by utilizing wireless packet loss from reference point packet transmission using a multilateration technique. Moreover, we introduce three heuristic lightweight navigation algorithms, leveraging packet loss-based positioning and enabling a drone to navigate toward its intended destinations. Through simulations, we observed a significant average reduction of 55.78% in navigation accuracy errors during operation, proving that a drone without a precise positioning system can identify its location and recover to its nearest destination position by relying solely on packet loss computation without the need for complex sensors.",include,high,"[""I1"", ""I2"", ""I3"", ""I4"", ""I5"", ""I6""]","UAV platform with primary GNSS-denied navigation contribution and quantitative results.",INCLUDE,I2
19,REC_0065,REC_0065.pdf,"Autonomous Drones in GNSS-Denied Environments: Results from the Leonardo Drone Contest","S. Godio; F. Marino; A. Minervini; S. Primatesta; M. Chiaberge; G. Guglieri",2023,,10.1109/MetroAeroSpace57412.2023.10190003,IEEE_Xplore,"The Leonardo Drone Contest is an autonomous drone competition that aims at finding innovative solutions for drones operating in a Global Navigation Satellite System (GNSS) denied environment. At the end of a three years cycle of the competition, in this paper a review of the identified system and conclusions made by the DRAFT team from Politecnico di Torino is presented. The authors aim at introducing the final solutions to the challenge in terms of hardware components, algorithms and development process. The proposed approach has been widely tested and validated, and it ranked second in the competition. The well-consolidated procedure, resulting from many iterations in the development cycle, has contributed to further improvements during the three-year challenge and can be helpful for anyone who desires to approach the problem of autonomous drones employed in smart cities contexts.",include,high,"[""I1"", ""I2"", ""I3"", ""I4"", ""I5"", ""I6""]","UAV platform with primary GNSS-denied navigation contribution and quantitative results.",INCLUDE,I2
20,REC_0066,REC_0066.pdf,"Real Time Vision Based Obstacle Avoidance for UAV using YOLO in GPS Denied Environment","S. K. NT; G. U. Sai; P. K. Duba; P. Rajalakshmi",2023,,10.1109/OCIT59427.2023.10431039,IEEE_Xplore,"This paper discussed cost-effective vision-based obstacle avoidance for Unmanned Aerial Vehicles (UAVs) operating in GPS-denied environments. The system combines the You Only Look Once (YOLO) architecture with stereo vision cameras (OAK-D Lite), a Raspberry Pi computer, and a flight controller unit (Pixhawk-Cube). Navigating safely through obstacles becomes challenging for UAVs in GPS-denied environments. To address this issue, the drone is configured in altitude hold mode, and the system is trained on the Common Objects in Context (COCO) dataset, enabling it to recognize objects and analyze the surrounding areas to identify free spaces. By doing so, the drone can traverse an obstacle-free path. The detected obstacle information is then utilized to generate avoidance trajectories, allowing the UAV to navigate around obstacles safely. Real-time testing of the proposed technique demonstrates its efficacy in detecting and avoiding obstacles within a threshold distance of 2 meters, with an error rate of 10%. The drone?s relative speed is configured at 2 m/s during these tests.",include,high,"[""I1"", ""I2"", ""I3"", ""I4"", ""I5"", ""I6""]","UAV platform with primary GNSS-denied navigation contribution and quantitative results.",INCLUDE,I2
21,REC_0071,REC_0071.pdf,"Radar-Based High-Accuracy 3D Localization of UAVs for Landing in GNSS-Denied Environments","Y. Dobrev; Y. Dobrev; P. Gulden; M. Lipka; T. Pavlenko; D. Moormann; M. Vossiek",2018,,10.1109/ICMIM.2018.8443483,IEEE_Xplore,"Global navigation satellite systems (GNSS) such as GPS are the de-facto standard for absolute and reliable unmanned aerial vehicles (UAV) localization due to their global availability and the maturity and wide spread of the underlying technology. However, as the spread and reliance upon autonomous UAV systems increases, the risk of jamming becomes a substantial safety problem. The area where jamming attacks are most likely to occur is the close vicinity of the UAV landing station. Hence, to ensure reliable operations, an alternative localization technology for the approach and landing phase is needed. This paper presents a localization system for 3D position estimation based on 24 GHz FMCW cooperative radar. It has very low infrastructure requirements thanks to the combination of ranging and direction-of-arrival (DOA) estimation techniques employed in the ground station. Jamming resistance is improved due to the large bandwidth of 250 MHz. A measurement campaign was conducted to prove the feasibility of the proposed concept.",include,high,"[""I1"", ""I2"", ""I3"", ""I4"", ""I5"", ""I6""]","UAV platform with primary GNSS-denied navigation contribution and quantitative results.",INCLUDE,I2
22,REC_0077,REC_0077.pdf,"3D Path Planning for Autonomous UAV Navigation in GPS-Denied Environments","T. Thakkar; R. Ramirez; R. Tsui; S. Bhandari; A. Raheja",2026,,10.1109/ICUAS69441.2026.11598675,IEEE_Xplore,"This paper presents a UAV path planning framework designed to enable smooth, collision-free navigation in static, GPS-denied environments. The framework relies on point cloud data collected by a primary, pilot UAV, which uses onboard sensing, SLAM, and object detection to incrementally map an unknown environment and identify waypoints. Path planning is performed in a bounded SE(3) state space using sampling-based algorithms with a multi-objective formulation that balances path length, obstacle clearance, and orientation smoothness. Safety is ensured through tight integration with a dedicated collision detection and proximity query engine, enabling efficient collision and distance queries against the octree-based environment representation. Planned paths are further refined through shortcutting and B-spline smoothing to produce dynamically feasible trajectories, which are executed via a MAVROS-PX4 control pipeline. The enhanced collision validation approach for global path planning incorporates 6-DOF vehicle motion to facilitate accurate navigation. Simulation and flight test results demonstrate the effectiveness of the proposed framework for reliable UAV navigation in complex and GPS-denied environments.",include,high,"[""I1"", ""I2"", ""I3"", ""I4"", ""I5"", ""I6""]","UAV platform with primary GNSS-denied navigation contribution and quantitative results.",INCLUDE,I2
23,REC_0080,REC_0080.pdf,"Enabling Computer Vision-Based Autonomous Navigation for Unmanned Aerial Vehicles in Cluttered GPS-Denied Environments","F. Valenti; D. Giaquinto; L. Musto; A. Zinelli; M. Bertozzi; A. Broggi",2018,,10.1109/ITSC.2018.8569695,IEEE_Xplore,"This paper presents a synthesis of techniques enabling vision-based autonomous Unmanned Aerial Vehicle (UAV) systems. A full stack of computer vision processing modules are used to exploit visual information to simultaneously perceive obstacles and refine localization in a GPS-denied environment. An omni-directional stereo-vision based setup is used to build a 3D representation of the surroundings. A fully 3D local obstacle grid, maintained through multiple frames and updated accordingly to the UAV movement, is built accumulating multiple observations coming from the 360 stereo vision sensing suite. Visual data is also used to extract information regarding the drone attitude and position while exploring the environment. Sparse optical flow collected from both front and down facing stereo cameras is used to estimate UAV movement through multiple frames. The down-looking stereo pair is also used to estimate the drone height from the ground and to refine the pose estimation in a Simultaneous Localization and Mapping (SLAM) fashion. An improved A* planning algorithm exploits both the 3D representation of the surroundings and precise localization information in order to find the shortest path and reach the goal through a three dimensional safe trajectory.",include,high,"[""I1"", ""I2"", ""I3"", ""I4"", ""I5"", ""I6""]","UAV platform with primary GNSS-denied navigation contribution and quantitative results.",INCLUDE,I2
24,REC_0084,REC_0084.pdf,"Simulating GPS-denied Autonomous UAV Navigation for Detection of Surface Water Bodies","A. D. Singh; F. Vanegas Alvarez",2020,,10.1109/ICUAS48674.2020.9213927,IEEE_Xplore,"The aim to colonize extra-terrestrial planets has been of great interest in recent years. For Mars, or other planets to sustain human life, it is essential that water is present and accessible. Mars may contain or provide signs of the possibility of near surface water, but this work will only focus on surface water for the purposes of simulation. In this paper, we present a method for autonomous navigation and detection of surface water bodies in the GPS denied environments of Mars via a fully autonomous UAV. A combination of existing state-of-the-art tools and techniques have been utilized to enable the development of this system. Additionally, we create a modular framework to simulate the mission using the AirSim simulation environment and the Robot Operating System (ROS). The simulation environment is leveraged by using the Unreal game engine running in Windows OS, interfacing with an open source software for simultaneous localization and mapping (SLAM), running on ROS and Linux OS. A simulated mission was successfully implemented and demonstrated using the framework. Results obtained indicate that the framework enables the navigation of a UAV in the simulated Mars environment and allows the UAV to detect surface water bodies. The developed simulation framework, along with the knowledge and techniques attained in this research, could accelerate the development, testing and deployment of missions for a real-world Mars UAV, for the detection of surface water bodies. Additionally, this research aims to support and build upon prior work to further aid the search for water on other planets, as well as assisting humans in becoming a multi-planet species.",include,high,"[""I1"", ""I2"", ""I3"", ""I4"", ""I5"", ""I6""]","UAV platform with primary GNSS-denied navigation contribution and quantitative results.",INCLUDE,I2
25,REC_0095,REC_0095.pdf,"Cooperative Relative Localization for UAV Swarm in GNSS-Denied Environment: A Coalition Formation Game Approach","L. Ruan; G. Li; W. Dai; S. Tian; G. Fan; J. Wang; X. Dai",2022,,10.1109/JIOT.2021.3130000,IEEE_Xplore,"Unmanned aerial vehicle (UAV) swarms require accurate relative localization to safeguard flight missions in the global navigation satellite system-denied environment due to a lack of absolute position information. The existing work of relative localization faces challenges, such as the ranging information loss and the low localization frequency caused by long-distance ranging and large-scale characteristic of the UAV swarm. This article proposes a clustering-based cooperative relative localization scheme for UAV swarm, which contains a two-level framework: inter/intra-cluster localization. In order to investigate the tradeoff between intracluster cooperation and intercluster packet loss, the clustering-based problem is constructed as a coalition formation game (CFG) model. Given the designed coalition value, preference relation, and the coalition formation principles, it is proved that the proposed CFG model has a Nash stable partition. The designed coalition formation algorithm includes coalition heads and beacon drones selection mechanism. Simulation results show that the proposed CFG algorithms shorten the ranging time compared with global localization and achieve better localization performance (localization error and success rate) than contrast algorithms.",include,high,"[""I1"", ""I2"", ""I3"", ""I4"", ""I5"", ""I6""]","UAV platform with primary GNSS-denied navigation contribution and quantitative results.",INCLUDE,I2
26,REC_0096,REC_0096.pdf,"Cooperative UWB-Based Localization for Outdoors Positioning and Navigation of UAVs aided by Ground Robots","Y. Xianjia; L. Qingqing; J. P. Queralta; J. Heikkonen; T. Westerlund",2021,,10.1109/ICAS49788.2021.9551177,IEEE_Xplore,"Unmanned aerial vehicles (UAVs) are becoming largely ubiquitous with an increasing demand for aerial data. Accurate navigation and localization, required for precise data collection in many industrial applications, often relies on RTK GNSS. These systems, able of centimeter-level accuracy, require a setup and calibration process and are relatively expensive. This paper addresses the problem of accurate positioning and navigation of UAVs through cooperative localization. Inexpensive ultra-wideband (UWB) transceivers installed on both the UAV and a support ground robot enable centimeter-level relative positioning. With fast deployment and wide setup flexibility, the proposed system is able to accommodate different environments and can also be utilized in GNSS-denied environments. Through extensive simulations and test fields, we evaluate the accuracy of the system and compare it to GNSS in urban environments where multipath transmission degrades accuracy. For completeness, we include visual-inertial odometry in the experiments and compare the performance with the UWB-based cooperative localization.",include,high,"[""I1"", ""I2"", ""I3"", ""I4"", ""I5"", ""I6""]","UAV platform with primary GNSS-denied navigation contribution and quantitative results.",INCLUDE,I2
27,REC_0102,REC_0102.pdf,"Quantum-Enhanced Multi-Sensor Fusion for UAV Navigation in GPS-Denied Environments","A. Moussa; I. N. Him; K. Chawqi; Y. Salih-Alj",2026,,10.1109/FET68771.2026.11601505,IEEE_Xplore,"Reliable navigation in GPS-denied or degraded environments remains a core challenge for Unmanned Aerial Vehicles (UAVs), as inertial-vision systems accumulate drift over time. This paper proposes a feasibility study of a quantum-enhanced multi-sensor fusion framework that integrates cold-atom accelerometer-inspired aiding and NV-center-based heading stabilization with conventional IMU, camera, and LiDAR measurements inside a unified Extended Kalman Filter (EKF). The proposed architecture combines high-rate classical sensing with low-rate, bias-stable quantum corrections to suppress long-term drift during GNSS outages. Using real IMU data from the EuRoC MAV benchmark, both a standard IMU+GPS/VO-style EKF and a quantum-enhanced EKF under injected GPS-denial intervals are evaluated. The results show substantially reduced velocity and position drift, extended holdover time, and improved error distributions for the quantum-aided filter. Deployment considerations, including power, cost, integration complexity, and scalability, are discussed to assess the real-world feasibility of quantum-aided fusion as a promising pathway toward resilient all-weather UAV autonomy across highly demanding environments.",include,high,"[""I1"", ""I2"", ""I3"", ""I4"", ""I5"", ""I6""]","UAV platform with primary GNSS-denied navigation contribution and quantitative results.",INCLUDE,I2
28,REC_0107,REC_0107.pdf,"Augmented Radar Odometry by Nested Optimal Filter Aided Navigation for UAVS in GNSS Denied Environment","S. Zahran; M. Mostafa; M. Moussa; A. Salib; A. Moussa; N. El-Sheimy",2021,,10.1109/ITC-Egypt52936.2021.9513978,IEEE_Xplore,"Now a days, Unmanned Aerial Vehicles (UAVs) have been exploited in numerous civil and military aspects such as disaster management and border monitoring. Although most of these UAVs are equipped with Global Navigation Satellite System (GNSS) / Inertial Navigation System (INS) reliable integrated system for localization proposes, they are susceptible to lose their GNSS signals under some environmental and artificial challenging circumstances such as, flying in urban areas, jamming, and spoofing. In such complicated scenarios, the navigation solution will degrade rapidly due to the accumulated INS drift errors. Although various aiding sensors such as cameras, and radar are employed to mitigate the INS drift errors, their estimated positioning accuracy is still affected by some factors. This paper presents a nested optimal filter approach (G-H filter, Extended Kalman Filter (EKF)) for UAVs in GNSS denied environment, to enhance the estimated positioning accuracy by integrating the Radar Odometry (RO)/INS/MAG to sustain a reliable navigation solution during GNSS outage. First, the UAV relative velocity is calculated based on image processing approach from the radar range doppler map, then the G-H filter is deployed to improve the accuracy of the vehicle estimated forward velocities based on the vehicle dynamic characteristics to reduce the effect of unrealistic velocity estimate from the radar. These improved velocities are then fused with the Inertial Measurement Unit (IMU), magnetometer, and barometer via EKF to mitigate the positioning RMS errors during the GNSS signals outages. The experimental results demonstrate the proposed system's ability to notably enhance the 3D positioning accuracy during the GNSS signal outage by more than 99% when compared to a stand-alone IMU dead reckoning solution.",include,high,"[""I1"", ""I2"", ""I3"", ""I4"", ""I5"", ""I6""]","UAV platform with primary GNSS-denied navigation contribution and quantitative results.",INCLUDE,I2
29,REC_0111,REC_0111.pdf,"Position Estimation for Drones based on Visual SLAM and IMU in GPS-denied Environment","H. D. K. Motlagh; F. Lotfi; H. D. Taghirad; S. B. Germi",2019,,10.1109/ICRoM48714.2019.9071826,IEEE_Xplore,"Due to the increased rate of drone usage in various commercial and industrial fields, the need for their autonomous operation is rapidly increasing. One major aspect of autonomous movement is the ability to operate safely in an unknown environment. The majority of current works are persistently using a global positioning system (GPS) to directly find the absolute position of the drone. However, GPS accuracy might be not suitable in some applications and this solution is not applicable to all situations. In this paper, a positioning system based on monocular SLAM and inertial measurement unit (IMU) is presented. The position is calculated through the semi-direct visual odometry (SVO) method alongside IMU data, and is integrated with an extended Kalman filter (EKF) to enhance the efficiency of the algorithm. The data is then employed to control the drone without any requirement to any source of external input. The experiment results for long-distance flying paths is very promising.",include,high,"[""I1"", ""I2"", ""I3"", ""I4"", ""I5"", ""I6""]","UAV platform with primary GNSS-denied navigation contribution and quantitative results.",INCLUDE,I2
30,REC_0115,REC_0115.pdf,"Low Computational Data Fusion Approach Using INS and UWB for UAV Navigation Tasks in GPS-Denied Environments","X. Kong; G. Fang; L. Liu; T. P. Tran",2019,,10.1109/PDCAT46702.2019.00080,IEEE_Xplore,"This paper presents a low computational approach for unmanned aerial vehicles (UAV) navigation in GPS-denied environments. This approach is aiming to reduce computation load for UAV flying mission constraints. Small size, light weight on board hardware are constraints for UAV deployment and flying missions. The on board processor should not be built with high complexity and should consume as little computing as possible. Most existing approaches use Kalman filter, extended Kalman filter, Unscented filter, or particle filter to fuse different types of onboard sensor data to estimate UAV position. We developed a data fusion architecture that does not use these filters. We use an ultra-light-coupling fusion architecture. In this architecture, primary sensor and secondary sensor data are fused. When the secondary sensor is unavailable in most of the time, the UAV navigation uses the output of the primary sensor. When the secondary sensor signal is available, the primary sensor is re-aligned using the secondary sensor signal to bond the errors. In our approach, the primary sensor is Inertial Measurement Unit (IMU), and the secondary sensor inputs are from Ultra-wideband system (UWB). This approach is validated using demonstration of comparison of computing load, and simulation results for accuracy and reliability testing using UAV flying mission scenario.",include,high,"[""I1"", ""I2"", ""I3"", ""I4"", ""I5"", ""I6""]","UAV platform with primary GNSS-denied navigation contribution and quantitative results.",INCLUDE,I2
31,REC_0118,REC_0118.pdf,"A Vision-Aided Navigation System by Ground-Aerial Vehicle Cooperation for UAV in GNSS-Denied Environments","Z. -H. Wang; T. Zhang; K. -Y. Qin; B. Zhu",2018,,10.1109/GNCC42960.2018.9019191,IEEE_Xplore,"Modern UAVs are expected to be able to fly safely through the area where GNSS signal is weak or even could not be received. In order to realize it, the intuitive idea is by adding some airborne sensors and processor chips, which is, however, not practically feasible for the UAVs that have limited payload capability and online-computing resources. To address this issue, this paper presents a technical solution for building autonomous navigation system based on the concept of Ground-Aerial Vehicle Cooperation. The key features of the solution lie in four aspects: 1) A local reliable self-organizing network is constructed for transmitting control commands and estimated pose information between the UAV and a reusable ground robot; 2) A small and lightweight monocular camera is equipped on the UAV to achieve visual simultaneous localization and mapping (SLAM) considering the limitation of UAV's carrying capacity; 3) The modified ORB-SLAM2 system equipped on the ground robot rebuilds a global dense map and reconstructs the 3D environment based on the Octomap; and 4) The low-cost, commercial ground robots and rotor craft were chosen to facilitate other researchers to build a similar platform quickly. Four in-door flight experiments are conducted to verify the effectiveness of the technical solution. Other potential and extendable applications of the cooperation system include: real-time reconstruction of environmental maps, collaborative obstacle avoidance and path planning, and motion synchronization control.",include,high,"[""I1"", ""I2"", ""I3"", ""I4"", ""I5"", ""I6""]","UAV platform with primary GNSS-denied navigation contribution and quantitative results.",INCLUDE,I2
32,REC_0123,REC_0123.pdf,"Visual-based landing system of a multirotor UAV in GNSS denied environment","A. Marut; P. Wojciechowski; K. Wojtowicz; K. Falkowski",2023,,10.1109/MetroAeroSpace57412.2023.10190013,IEEE_Xplore,"Visual-based landing systems for multirotor unmanned aerial vehicles (UAVs) have become an active research area in robotics and aviation. The availability of GNSS signals is essential for most commercial UAVs, but unfortunately, these signals can be lost in certain environments or intentionally denied in military operations. Therefore, visual-based landing systems can provide an alternative solution to enable a low-cost system for precisely landing UAVs in GNSS-denied environments. This paper overviews recent research on visual-based landing systems for multirotor UAVs in a highly unfamiliar environment. The paper presents a comprehensive review of various vision-based techniques, such as optical flow, stereo vision, monocular visual odometry, and deep learning-based methods, which have been proposed for the accurate landing of UAVs in GNSS-denied environments. This paper proposes a multi-camera landing aid system based on ArUco markers. Proposed system allows for a precision landing of the UAV with a pre-programmed approach trajectory. The paper also highlights the challenges and limitations of this topic and provides potential directions for future research. This paper aims to provide a valuable resource for researchers, engineers, and practitioners interested in developing visual-based landing systems for multirotor UAVs in GNSS-denied environments.",include,high,"[""I1"", ""I2"", ""I3"", ""I4"", ""I5"", ""I6""]","UAV platform with primary GNSS-denied navigation contribution and quantitative results.",INCLUDE,I2
33,REC_0131,REC_0131.pdf,"Digital Twin for Drone Indoor Autonomous Navigation","M. J. Kumar; S. Singh; A. Saneen; D. Thomas",2026,,10.1109/LSENS.2025.3642424,IEEE_Xplore,"A digital twin (DT)-based framework for autonomous drone navigation in GPS-denied indoor environments is presented in this letter. A real-time virtual replica of the drone enables precise control, trajectory optimization, and feedback. A 224?cm ? 224?cm arena with ArUco markers defines the coordinate system, while an overhead camera and OpenCV provide vision-based localization. The ESP32-controlled drone uses the YOLOv11-nano model for obstacle detection and a lightweight transformer model, Depth Anything (Lihe-Young-small-hf), for monocular depth estimation?eliminating the need for LiDAR or stereo sensors. Detected obstacles are mapped into a 3-D grid for Dijkstra-based path planning. Real-time synchronization between the physical drone and its DT is achieved via message queuing telemetry transport (MQTT) within a robot operating system?Gazebo environment. The proposed DT system achieves an RMS trajectory deviation of approximately 0.015 m, representing an order-of-magnitude improvement compared with DT-based uncrewed aerial vehicle (UAV) navigation studies under similar experimental conditions, and maintains stable detection accuracy (mean average precision ? 0.994) throughout the maneuver. The proposed system offers a scalable low-cost solution for indoor UAV autonomy with potential applications in warehouse automation, disaster management, and intelligent surveillance.",include,high,"[""I1"", ""I2"", ""I3"", ""I4"", ""I5"", ""I6""]","UAV platform with primary GNSS-denied navigation contribution and quantitative results.",INCLUDE,I2
34,REC_0138,REC_0138.pdf,"Autonomous Exploration and Mapping System Using Heterogeneous UAVs and UGVs in GPS-Denied Environments","H. Qin; Z. Meng; W. Meng; X. Chen; H. Sun; F. Lin; M. H. Ang",2019,,10.1109/TVT.2018.2890416,IEEE_Xplore,"In this paper, we present a novel integrated vehicular system using collaborative unmanned aerial vehicles (UAVs) and unmanned ground vehicles (UGVs) for autonomous exploration, mapping, and navigation in GPS-denied 3-dimensional (3-D) unknown environments. The system implements a novel two-layered exploration strategy to decompose the perception task into a coarse exploration layer and a fine mapping layer. The coarse exploration makes use of a UGV to carry out fast autonomous exploration and active 2.5D simultaneous localization and mapping (SLAM) to generate a coarse environment model, which serves as a navigation reference for subsequent complementary 3-D fine mapping conducted by a UAV. The two layers share a novel optimized exploration path planning and navigation framework, which provides optimal exploration paths and integrates the collaborative exploration and mapping efforts through an OctoMap-based volumetric motion planning interface. The proposed system provides an efficient pipeline of fast environment perception taking advantages of the agility of the UAVs as well as the powerful computation resource aboard UGVs, also allowing assistive local perception with augmented object information when necessary. The effectiveness of our system is verified by both simulations and experiments, which demonstrate its capability of implementing heterogeneous UAV and UGV collaborative exploration and structural reconstruction of the environments through active SLAM, providing optimized perception for navigation tasks.",include,high,"[""I1"", ""I2"", ""I3"", ""I4"", ""I5"", ""I6""]","UAV platform with primary GNSS-denied navigation contribution and quantitative results.",INCLUDE,I2
35,REC_0149,REC_0149.pdf,"Vision-Based Global Localization for UAVs Using Deep Convolutional Neural Networks","M. Elbalshy; S. Mostafa; A. M. Kamel",2026,,10.1109/IPCS69631.2026.11604264,IEEE_Xplore,"This paper presents a reliable vision-based navigation system for guided aerial vehicles operating in GPS-denied environments. The proposed approach uses deep learning models trained on aerial map patches and high-resolution images captured directly by the unmanned aerial vehicles (UAV), enabling accurate position estimation without relying on GPS signals. By matching onboard visual information with preprocessed map data, the system enables accurate and stable position estimation. Experimental results show stable localization accuracy, with most positioning errors ranging between 5 m and 15 m using only vision sensors. Moreover, the system generalizes well to previously unseen areas without requiring additional GPS information, making it suitable for autonomous UAV navigation in GPS-denied environments.",include,high,"[""I1"", ""I2"", ""I3"", ""I4"", ""I5"", ""I6""]","UAV platform with primary GNSS-denied navigation contribution and quantitative results.",INCLUDE,I2
36,REC_0155,REC_0155.pdf,"Cooperative Navigation and Guidance of a Micro-Scale Aerial Vehicle by an Accompanying UAV using 3D LiDAR Relative Localization","V. Pritzl; M. Vrba; P. ?t?p?n; M. Saska",2022,,10.1109/ICUAS54217.2022.9836116,IEEE_Xplore,"A novel approach for cooperative navigation and guidance of a micro-scale aerial vehicle by an accompanying Unmanned Aerial Vehicle (UAV) using 3D Light Detection and Ranging (LiDAR) relative localization is proposed in this paper. The use of 3D LiDARs represents a reliable way of environment perception and robust UAV self-localization in Global Navigation Satellite System (GNSS)-denied environments. However, 3D LiDARs are relatively heavy and they need to be carried by large UAV platforms. On the contrary, visual cameras are cheap, light-weight, and therefore ideal for small UAVs. However, visual self-localization methods suffer from loss of precision in texture-less environments, scale unobservability during certain maneuvers, and long-term drift with respect to the global frame of reference. Nevertheless, a micro-scale camera-equipped UAV is ideal for complementing a 3D LiDAR-equipped UAV as it can reach places inaccessible to a large UAV platform. To gain the advantages of both navigation approaches, we propose a cooperative navigation and guidance architecture utilizing a large LiDAR-equipped UAV accompanied by a small secondary UAV carrying a significantly lighter monocular camera. The primary UAV is localized by a robust LiDAR Simultaneous Localization and Mapping (SLAM) algorithm, while the secondary UAV utilizes a Visual-Inertial Odometry (VIO) approach with lower precision and reliability. The LiDAR data are used for markerless relative localization between the UAVs to enable precise guidance of the secondary UAV in the frame of reference of the LiDAR SLAM. The performance of the proposed approach has been extensively verified in simulations and real-world experiments with the algorithms running onboard the UAVs with no external localization infrastructure.",include,high,"[""I1"", ""I2"", ""I3"", ""I4"", ""I5"", ""I6""]","UAV platform with primary GNSS-denied navigation contribution and quantitative results.",INCLUDE,I2
37,REC_0161,REC_0161.pdf,"Sensor Fusion for Autonomous Indoor UAV Navigation in Confined Spaces","A. James; A. Seth; E. Kuantama; S. Mukhopadhyay; R. Han",2023,,10.1109/ICST59744.2023.10460820,IEEE_Xplore,"In this paper, we address the challenge of navigating through unknown indoor environments using autonomous aerial robots within confined spaces. The core of our system involves the integration of key sensor technologies, including depth sensing from the ZED 2i camera, IMU data, and LiDAR measurements, facilitated by the Robot Operating System (ROS) and RTAB-Map. Through custom designed experiments, we demonstrate the robustness and effectiveness of this approach. Our results showcase a promising navigation accuracy, with errors as low as 0.4 meters, and mapping quality characterized by a Root Mean Square Error (RMSE) of just 0.13 m. Notably, this performance is achieved while maintaining energy efficiency and balanced resource allocation, addressing a crucial concern in UAV applications. Flight tests further underscore the precision of our system in maintaining desired flight orientations, with a remarkable error rate of only 0.1%. This work represents a significant stride in the development of autonomous indoor UAV navigation systems, with potential applications in search and rescue, facility inspection, and environmental monitoring within GPS-denied indoor environments.",include,high,"[""I1"", ""I2"", ""I3"", ""I4"", ""I5"", ""I6""]","UAV platform with primary GNSS-denied navigation contribution and quantitative results.",INCLUDE,I2
38,REC_0165,REC_0165.pdf,"UAV Cross-View Image Retrieval and Visual Geo-Localization in GNSS-Denied Environments","Y. -C. Tai; H. -Y. Shen; C. -P. Yi",2026,,10.1109/ICCE-Taiwan71481.2026.11652687,IEEE_Xplore,"UAV navigation often relies on GNSS, failing in denied environments like urban canyons. We propose an end-toend cross-view geo-localization framework mitigating geometric and appearance discrepancies. It achieves 93.59% Recall@1 on University-1652 and 93.56% on DenseUAV, outperforming baselines. Additionally, two efficient real-time inference strategies reduce the average continuous tracking error from 9.68 m to 0.95 m, demonstrating high-precision potential in GNSS-denied areas.",include,high,"[""I1"", ""I2"", ""I3"", ""I4"", ""I5"", ""I6""]","UAV platform with primary GNSS-denied navigation contribution and quantitative results.",INCLUDE,I2
39,REC_0179,REC_0179.pdf,"Wireless Local Positioning System for Controlled UAV Landing in GNSS-Denied Environment","T. Pavlenko; M. Sch?tz; M. Vossiek; T. Walter; S. Montenegro",2019,,10.1109/MetroAeroSpace.2019.8869587,IEEE_Xplore,"A novel concept for ad-hoc landing of unmanned aerial vehicles (UAV) in GNSS-denied environment is presented in this paper. In our concept at the beginning of the landing phase the UAV drops several active beacons down to the landing site. It enables the UAV to localize itself via distance and angle information to the deployed beacons. The presented wireless local positioning system is based on 24 GHz secondary radar sensors and allows for accurate and robust 3D-positioning even in harsh weather conditions. The specially designed antennas with large angular coverage assure UAV localization disregarding the beacon's position and orientation. The developed beacon design has small size, low weight and power consumption that perfectly suits the application goal. Measurements of localization and landing scenario using four beacons and the radar unit installed on the drone are shown. The 3D-positioning of the UAV with the RMSE under 36 cm using only a single beacon and 31 cm using four beacons were achieved. These results verify the application of the proposed system as an accurate and redundant UAV landing solution.",include,high,"[""I1"", ""I2"", ""I3"", ""I4"", ""I5"", ""I6""]","UAV platform with primary GNSS-denied navigation contribution and quantitative results.",INCLUDE,I2
40,REC_0195,REC_0195.pdf,"An Autonomous Continuous Positioning Method for Low-Altitude UAVs Based on Image Recognition in GNSS-Denied Environments","T. Du; Y. Lin",2026,,10.1109/RAITS68656.2026.11580149,IEEE_Xplore,"The article proposes a five-stage autonomous continuous positioning method that integrates inertial navigation and image recognition to address the prob-lem of accumulated positioning errors in unmanned aerial vehicles (UAV) in satellite-denied environments. This method first used inertial navigation (INS) for initial positioning to capture satellite image basemaps, and achieved aerial image preprocessing through heading angle correction, scale registration, and maximum inscribed rectangle cropping. Then, this study combined a U-Net semantic segmentation model to extract building areas, and innovatively adopted a two-stage matching strategy of template matching and SuperPoint & SuperGlue feature point matching to effectively over-come the interference of seasonal and lighting changes on matching. Finally, the height data was integrated into output three-dimensional coordinates. The experiment was based on the UAV-VisLOC dataset, and showed that twostage matching can reduce the average plane positioning error from 26.32 m in single-stage matching to 12.95 m, a decrease of 49.2%. The maximum error decreased from 68.74 m to 18.67 m. The proposed framework significantly improves the robustness and accuracy of positioning in complex environments, providing reliable technical support for urban low-altitude operations, emergency rescue, and other scenarios.",include,high,"[""I1"", ""I2"", ""I3"", ""I4"", ""I5"", ""I6""]","UAV platform with primary GNSS-denied navigation contribution and quantitative results.",INCLUDE,I2
41,REC_0196,REC_0196.pdf,"Navigation of Simultaneous Localization and Mapping by Fusing RGB-D Camera and IMU on UAV","X. Dai; Y. Mao; T. Huang; B. Li; D. Huang",2019,,10.1109/SAFEPROCESS45799.2019.9213339,IEEE_Xplore,"Simultaneous localization and mapping (SLAM) is one of the key components of the navigation system of unmanned aerial vehicles (UAVs). In this paper, a novel system that enables a UAV to navigation in a GPS-denied environment with an RGB-D (Red, Green, Blue, and Depth) camera and Inertial Measurement Unit (IMU) is presented. Such a system is realized via a host computer on a UAV, in which the IMU information read from the flight controller and the image information read from the RGB-D camera are fused using extended Kalman filter (EKF). Experiments are designed to test the feasibility of the proposed navigation scheme. Accurate assessment of our idea shows a good response when rapidly moving and rotating the UAV.",include,high,"[""I1"", ""I2"", ""I3"", ""I4"", ""I5"", ""I6""]","UAV platform with primary GNSS-denied navigation contribution and quantitative results.",INCLUDE,I2
42,REC_0202,REC_0202.pdf,"Design of A Positioning System for UAV in GPS-denied Environment","Z. Qiu; T. Li; F. Wang",2022,,10.1109/ISCIT55906.2022.9931225,IEEE_Xplore,"In this paper, a method for UAV positioning in GPS-denied environment through a multi-sensor fusion algorithm is proposed. This method uses IMU and UWB to obtain acceleration and position information respectively. After processing the two sets of data, the position data is obtained, and the more accurate position data is obtained through the Kalman filter algorithm. Through simulation and experimental results, this method of positioning proved to be very effective. This method can significantly reduce the accuracy requirements for the positioning sensors, and obtain relatively high-precision results through the fusion processing of data collected by multiple low-precision sensors. This method can be used in the positioning system of low-cost UAVs, which is of great significance for reducing the cost and promoting commercial applications.",include,high,"[""I1"", ""I2"", ""I3"", ""I4"", ""I5"", ""I6""]","UAV platform with primary GNSS-denied navigation contribution and quantitative results.",INCLUDE,I2
43,REC_0208,REC_0208.pdf,"UAV Pose Estimation in GNSS-Denied Environment Assisted by Satellite Imagery Deep Learning Features","H. Hou; Q. Xu; C. Lan; W. Lu; Y. Zhang; Z. Cui; J. Qin",2021,,10.1109/ACCESS.2020.3048342,IEEE_Xplore,"With the growing maturity of unmanned aerial vehicle (UAV) technology, its applications have widened to many spheres of life. The prerequisite for a UAV to perform air tasks smoothly is an accurate localization of its own position. Traditional UAV navigation relies on the Global Navigation Satellite System (GNSS) for localization; however, this system has disadvantages of instability and susceptibility to interference. Therefore, to obtain accuracy in UAV pose estimation in GNSS-denied environments, a UAV localization method that is assisted by deep learning features of satellite imagery is proposed. With the inclusion of a top-view optical camera to the UAV, localization is achieved based on satellite imageries with geographic coordinates and a digital elevation model (DEM). By utilizing the difference between the UAV frame and satellite imagery, the convolutional neural network is used to extract deep learning features between the two images to achieve stable registration. To improve the accuracy and robustness of the localization method, a local optimization method based on bundle adjustment (BA) is proposed. Experiments demonstrate that when the UAV's relative altitude is 0.5 km, the average localization error of this method under different trajectories is within 15 m.",include,high,"[""I1"", ""I2"", ""I3"", ""I4"", ""I5"", ""I6""]","UAV platform with primary GNSS-denied navigation contribution and quantitative results.",INCLUDE,I2
44,REC_0211,REC_0211.pdf,"SIA-KalmanNet: A Structurally Integrated Attention Kalman Filter for Multi-UAV Localization in Partially GNSS-Denied Environments","X. Xin; H. Zhou; X. Feng; F. Pan; J. Wang; Z. Li",2026,,10.1109/JIOT.2025.3650118,IEEE_Xplore,"Cooperative localization is an essential task in multiple uncrewed aerial vehicle (UAV) networks, especially in environments with partial global navigation satellite system (GNSS) denial. By effectively integrating low-precision inertial navigation system (INS)-derived priors, inter-UAV relative distances, and sparse anchor-based measurements, the extended Kalman filter (EKF) can be employed for UAV localization. However, localization accuracy suffers under nonlinear dynamics and inaccurate knowledge of process and measurement noise statistics. To address these challenges, this article proposes a structurally integrated attention Kalman filter called SIA-KalmanNet for accurate and robust state estimation. By combining state-space models with attention-based neural networks in the Kalman flow, the estimator preserves the data efficiency and interpretability of traditional model-driven methods while implicitly learning second-order covariance matrices from data. Specifically, two networks are devised to learn the Kalman gain: the self-attention residual masked network (SA-RMN) and the self-cross attention residual masked network (SCA-RMN). Among them, SA-RMN is a lightweight network for end-to-end state estimation. SCA-RMN introduces masked cross-attention to adaptively fuse forward state features and backward historical correction information to obtain a more precise state estimate. Furthermore, a practical training strategy based on sliding window and causal masking is developed to ensure efficient training and real-time inference. The experimental results show that the proposed algorithm achieves superior localization performance compared to the traditional EKF and KalmanNets. Moreover, it exhibits strong robustness against INS drift and non-line-of-sight (NLOS)-induced distance errors, even in harsh environments where only a limited number of UAVs can access GNSS signals.",include,high,"[""I1"", ""I2"", ""I3"", ""I4"", ""I5"", ""I6""]","UAV platform with primary GNSS-denied navigation contribution and quantitative results.",INCLUDE,I2
45,REC_0213,REC_0213.pdf,"A Multi-UAV System for Exploration and Target Finding in Cluttered and GPS-Denied Environments","X. Zhu; F. Vanegas; F. Gonzalez; C. Sanderson",2021,,10.1109/ICUAS51884.2021.9476820,IEEE_Xplore,"The use of multi-rotor Unmanned Aerial Vehicles (UAVs) for Search and Rescue (SAR) and Remote Sensing is rapidly increasing. Multi-rotor UAVs, however, have limited endurance. The range of UAV applications can be widened if teams of multiple UAVs are used. We propose a framework for a team of UAVs to cooperatively explore and find a target in complex GPS-denied environments with obstacles. The team of UAVs autonomously navigates, explores, detects, and finds the target in a cluttered environment with a known map. Examples of such environments include indoor scenarios, urban or natural canyons, caves, and tunnels, where the GPS signal is limited or blocked. The framework is based on a probabilistic Decentralised Partially Observable Markov Decision Processes (Dec-POMDP) which accounts for the uncertainties in sensing and the environment. The team can cooperate efficiently, with each UAV sharing only limited processed observations and their locations during the mission. The system is simulated using the Robotic Operating System (ROS) and Gazebo. Performance of the system with an increasing number of UAVs in several indoor scenarios with obstacles is tested. Results indicate that the proposed multi-UAV system has improvements in terms of time-cost, the proportion of search area surveyed, and successful rates for search and rescue missions.",include,high,"[""I1"", ""I2"", ""I3"", ""I4"", ""I5"", ""I6""]","UAV platform with primary GNSS-denied navigation contribution and quantitative results.",INCLUDE,I2
46,REC_0215,REC_0215.pdf,"GPS-Denied UAV-UGV Relative Positioning System via Vision-UWB Fusion","G. Mingyang; K. Sagar; X. Ning",2023,,10.1109/ICIEA58696.2023.10241577,IEEE_Xplore,"Locating drones in GPS-denied environments is a challenging task, particularly for hardware platforms with limited computational resources and sensors. A common approach for positioning a drone within the environment is to cooperate with an unmanned ground vehicle (UGV) by estimating the drone?s relative position on the UGV frame. In this paper, we propose a real-time drone positioning system that uses a Vision-UWB fusion framework. The fusion system involves two steps: 1) processing the state estimation using UWB ranging measurements and vision information separately, and 2) fusing the estimations from UWB and vision to provide the final state estimation for the drone. To evaluate the accuracy of our method, we deployed an accurate localization system, named OptiTrack, as the ground truth system. The experimental results demonstrate the accuracy and robustness of the developed system, which overcomes the limitations of individual sensors and enhances their advantages.",include,high,"[""I1"", ""I2"", ""I3"", ""I4"", ""I5"", ""I6""]","UAV platform with primary GNSS-denied navigation contribution and quantitative results.",INCLUDE,I2
47,REC_0218,REC_0218.pdf,"A Unified Error-State Kalman Filtering Framework for Multi-Sensor Navigation of Fixed-Wing UAVS in GNSS-Denied Scenarios","G. E. V. Hernandez; R. C. Fernandes; A. Sorokin; M. Korimi; F. O. Silva",2026,,10.1109/ICUAS69441.2026.11598562,IEEE_Xplore,"Reliable navigation in Global Navigation Satellite System (GNSS)-denied environments remains a critical challenge for fixed-wing Unmanned Aerial Vehicles (UAVs). In such conditions, Inertial Navigation Systems (INSs) must be aided by heterogeneous sensors to mitigate drift and ensure long-term accuracy. This paper presents the development, implementation, and experimental validation of a unified ErrorState Extended Kalman Filter (ESEKF) designed for fixedwing UAV navigation under GNSS-denied and GNSS-degraded scenarios. The proposed framework integrates an INS with magnetometer, barometer, pitot tube with pseudovanes, VisualInertial Odometry (VIO), and Computer Vision (CV) Convolutional Neural Network (CNN)-based position estimates within a unified estimation architecture. A comprehensive mathematical description of the ESEKF is provided, with special attention given to the modeling of sensor systematic errors, which are explicitly included in the augmented error-state vector. The estimator performance is evaluated through a flight experiment using a custom fixed-wing UAV platform, where the contribution of each aiding sensor is assessed via systematic sensor deactivation under GNSS outage conditions. Experimental results demonstrate the robustness and modularity of the proposed ESEKF architecture, highlighting its ability to maintain navigation accuracy despite the loss of individual aiding sensors (except barometer and CV). The presented framework consolidates previously fragmented sensor fusion approaches into a single, self-consistent navigation solution, providing both a practical implementation reference and a foundation for future extensions and tuning strategies.",include,high,"[""I1"", ""I2"", ""I3"", ""I4"", ""I5"", ""I6""]","UAV platform with primary GNSS-denied navigation contribution and quantitative results.",INCLUDE,I2
48,REC_0239,REC_0239.pdf,"Autonomous Flight Control Design Based on Multi-Sensor Fusion for a Low-Cost Quadrotor in GPS-Denied Environments","J. Guo; X. Zhang; Z. Huang; B. Li",2022,,10.1109/ACIRS55390.2022.9845557,IEEE_Xplore,"This paper presents a fully autonomous and low-cost quadrotor helicopter system in GPS-denied environments. An extended Kalman filter (EKF) framework is employed to fuse the raw data from inertial measurement unit (IMU), optical flow, ultrasonic rangefinder to achieve real-time state estimation of the quadrotor. An improved cascaded proportional-integral-derivative (PID) control scheme is proposed to achieve high-precision flight control for the quadrotor. A lightweight, powerful app of DroneKit-Python is integrated to directly guide the flight mission of the quadrotor on an onboard computer. The onboard computer which communicates with the flight controller using the MAVLink protocol augments the performance of the autopilot by a low-latency link. Finally, the autonomous quadrotor system is justified by real-world experiments, and the experimental results show that the quadrotor can realize high-precision autonomous localization in an indoor environment.",include,high,"[""I1"", ""I2"", ""I3"", ""I4"", ""I5"", ""I6""]","UAV platform with primary GNSS-denied navigation contribution and quantitative results.",INCLUDE,I2
49,REC_0242,REC_0242.pdf,"Survey on UAV navigation in GPS denied environments","G. Balamurugan; J. Valarmathi; V. P. S. Naidu",2016,,10.1109/SCOPES.2016.7955787,IEEE_Xplore,"In the Unmanned Air Vehicle (UAV) navigation the main challenge is estimating and maintaining the accurate values of UAVs position and orientation. The onboard Inertial Measurement Unit (IMU) provide the measurements but it is mainly affected from the accumulated error due to drift in measurements. Traditionally the Global Position System (GPS) measurements of vehicles position data can be fused with IMU measurements to compensate the accumulated error, But the GPS signals is not available everywhere and it will be degraded or fully not available in hostile areas, building structures and water bodies. Researchers already evolved methods to handle the UAV navigation in GPS denied environment by using Vision based navigation like Visual Odometry (VO) and Simultaneous Localisation and Mapping (SLAM). In this survey paper we attempted to understand the existing research towards vision based navigation and finally proposed a Modular Multi-Sensor Data Fusion technique for UAV navigation in the GPS denied environment.",include,high,"[""I1"", ""I2"", ""I3"", ""I4"", ""I5"", ""I6""]","UAV platform with primary GNSS-denied navigation contribution and quantitative results.",INCLUDE,I2
50,REC_0244,REC_0244.pdf,"Cooperative Relative Localization for UAV Swarm in GNSS-Denied Environments","G. Lei; Y. Ping; T. Liang; H. Ding; T. Zhang",2025,,10.1109/GLOBECOM59602.2025.11432122,IEEE_Xplore,"Relative localization of unmanned aerial vehicle (UAV) swarms in GNSS-denied environments is critical for emergency rescue and battlefield reconnaissance. Existing methods face large errors from packet loss and high complexity in large swarms. This paper proposes a clustering-based framework where UAVs leverage communication signals for channel estimation and ranging. Spectral clustering first divides the swarm into sub-clusters, where matrix completion and multidimensional scaling recover relative coordinates. A global map is then formed through inter-cluster anchor fusion. A case study of UAV integrated communication and sensing (ISAC) system is presented, where the Orthogonal Time Frequency Space (OTFS) is adopted for ranging and communication. Experimental results show that the proposed method reduces localization errors in large swarms and loss of range information. It also explores the impact of signal parameters on communication and localization, highlighting the interplay between communication and localization performance.",include,high,"[""I1"", ""I2"", ""I3"", ""I4"", ""I5"", ""I6""]","UAV platform with primary GNSS-denied navigation contribution and quantitative results.",INCLUDE,I2
51,REC_0246,REC_0246.pdf,"UAV Platforms for Autonomous Navigation in GPS-Denied Environments for Search and Rescue Missions","E. Ngo; J. Ramirez; M. Medina-Soto; S. Dirksen; E. D. Victoriano; S. Bhandari",2022,,10.1109/ICUAS54217.2022.9836181,IEEE_Xplore,"This paper presents the development, instrumentation, system integration, algorithm development, and flight testing of two UAVs for autonomous search and rescue in GPS-denied environments. The first UAV uses a Simultaneous Localization and Mapping (SLAM) algorithm to map the environment and localize itself within it. As it explores the disaster zone, it is designed to scan the environment for victims using a computer vision algorithm. Once the victims are identified, a second UAV is designed to be deployed to distribute rescue packages to the identified victims. Location of the victims can also be saved in the generated maps to help human rescuers locate the victims. Simulation and flight test results are shown.",include,high,"[""I1"", ""I2"", ""I3"", ""I4"", ""I5"", ""I6""]","UAV platform with primary GNSS-denied navigation contribution and quantitative results.",INCLUDE,I2
52,REC_0255,REC_0255.pdf,"A stereo and rotating laser framework for UAV navigation in GPS denied environment","Hailong Qin; Yingcai Bi; K. Z. Y. Ang; Kangli Wang; Jiaxin Li; Menglu Lan; Mo Shan; F. Lin",2016,,10.1109/IECON.2016.7793246,IEEE_Xplore,"Recent developments in robotics sensing using either the active sensor-laser range finder (LRF) or passive sensors-camera systems have shown that the existing approaches are able to estimate the motion and reconstruct the environment in a typical GPS-denied environment such as indoor environments. However, for a 2D LRF, it can only provide a planar measurement due to the hardware limitations and the cost for 3D LRF is still too high for robotic systems. For camera systems, the 3D perception capability and lightweight are promising while it is not effective in long range, low illumination and low textured environment com- pared to the LRF. In the proposed framework, our first contribution is a senor integration system that combines a stereo camera with a rotating LRF. The stereo camera can achieve a fast and smooth motion estimation and the rotating LRF could construct a dense 3D environment. Our second contribution is an integration of a fast feature-based motion estimation with an accurate shape matching refinement. The proposed approaches have been built in our customized unmanned aerial vehicle (UAV) platform. We have verified our proposed approach through a series of extensive evaluations in clustered indoor environments and open outdoor environments.",include,high,"[""I1"", ""I2"", ""I3"", ""I4"", ""I5"", ""I6""]","UAV platform with primary GNSS-denied navigation contribution and quantitative results.",INCLUDE,I2
53,REC_0264,REC_0264.pdf,"Autonomous UAV Navigation for Target Detection in Visually Degraded and GPS Denied Environments","S. Boiteau; F. Vanegas; J. Sandino; F. Gonzalez; J. Galvez-Serna",2023,,10.1109/AERO55745.2023.10115544,IEEE_Xplore,"The use of autonomous Unmanned Aerial Vehicles (UAVs) continues to increase for a wide range of applications, such as wildlife monitoring, planetary exploration, and emergency Search and Rescue (SAR). Autonomous UAVs typically rely on Global Positioning System (GPS) usage and most operations require correct flight conditions with good visibility (no rain, fog nor smoke). However, some difficult environments are characterized by partial to no GPS signal, limiting the drone's ability to localise itself. Moreover, visual obscurants affect the UAV's performance and behaviour by restricting its visibility, adding complexity to some subsystems such as target detection. This paper presents the development of a framework enabling a drone to autonomously navigate and explore in GPS denied environments impacted by visual obscurants. The study illustrates this by formulating the navigation and target detection problem as an autonomous Sequential Decision Problem (SDP) with uncertainty caused by degraded visibility and lack of GPS. The SDP is modelled as a Partially Observable Markov Decision Process (POMDP) and tested using the Adaptive Belief Tree (ABT) algorithm. The navigation task was created following the model of a classic SAR operation in a cluttered indoor environment with visual obscurants. The framework includes target detection under uncertainty from a vision-based camera. The formulated SDP is tested in a simulated environment with partial observability and in presence of smoke. The framework integrates Gazebo, Robot Operating System (ROS), Software In The Loop (SITL) and PX4 firmware to recreate a SAR scenario in simulation. Experiments conducted in the simulated SAR scenario test the target finding task under different levels of visibility, with the target position being unknown, and a pose uncertainty modelled from real-life flight experiments. The experiments in normal visibility were a success, but the developed framework was limited in presence of visual obscurants, reducing the target detection rate. Allowing an UAV to autonomously navigate in challenging environments with low visibility conditions aims at increasing the range of UAV's utilization in critical applications such as SAR and mining, where human interventions are often dangerous and unfeasible.",include,high,"[""I1"", ""I2"", ""I3"", ""I4"", ""I5"", ""I6""]","UAV platform with primary GNSS-denied navigation contribution and quantitative results.",INCLUDE,I2
54,REC_0271,REC_0271.pdf,"Hybrid IMU-Aided Approach for Optimized Visual Odometry","A. Mahmoud; M. M. Atia",2019,,10.1109/GlobalSIP45357.2019.8969460,IEEE_Xplore,"Autonomous navigation of unmanned vehicles in GPS-denied environments is a challenging problem, especially for small ground vehicles and micro aerial vehicles (MAVs) which are characterized by their small payload, short battery lifetime and limited processing resources. Stereo vision positioning has been introduced as a scale-free positioning technique, but it is computationally expensive. Monocular vision systems aided by inertial measurement unit (IMU) are more computationally efficient but it suffers from IMU random biases and scale errors. In this paper, we propose a hybrid visual-inertial odometry solution that minimizes the computation load by dividing the mission into two interchangeable stages. Firstly, a stereo vision stage in which a loosely coupled integration between stereo cameras and IMU is performed. In this stage, an extended Kalman filter (EKF) is used to automatically and dynamically estimate IMU biases. Once the IMU is calibrated, a monocular stage is activated where the system is downgraded into single camera getting the motion scale from the calibrated IMU. The proposed solution has been tested using the popular IMU-enabled ZED-Mini tracking camera. We compared our stereo vision solution against the IMU-aided monocular solution and the results showed accurate positioning with the advantage of less computation. Further analysis is provided where we compared our solution with the built-in solutions of the ZED Mini camera and the Intel Realsense T265 tracking camera.",include,high,"[""I1"", ""I2"", ""I3"", ""I4"", ""I5"", ""I6""]","UAV platform with primary GNSS-denied navigation contribution and quantitative results.",INCLUDE,I2
55,REC_0274,REC_0274.pdf,"Navigation and control of unmanned aerial vehicles in GPS-denied environments","B. Chen",2014,,10.1109/ICARCV.2014.7064483,IEEE_Xplore,"Unmanned aerial vehicles (UAVs) have made huge progress in military and civilian missions, ranging from surveillance, reconnaissance, to logistics and transportation. Particularly, to meet requirements of high-demand applications, it is necessary to develop advanced unmanned systems that are capable of autonomously navigating in cluttered indoor and outdoor GPS-denied environments, such as hostile buildings, radiation contaminated areas and forest.",include,high,"[""I1"", ""I2"", ""I3"", ""I4"", ""I5"", ""I6""]","UAV platform with primary GNSS-denied navigation contribution and quantitative results.",INCLUDE,I2
56,REC_0278,REC_0278.pdf,"Navigation Methods for UAVs in GNSS-Denied Environments Using Artificial Intelligence","N. V. Quynh; P. N. Huu; T. Han-Trong",2026,,10.1109/ICCE70609.2026.11658445,IEEE_Xplore,"With the rapid advancement of autonomous flight technology, there is an increasing demand for higher precision and advanced navigation techniques, with permissible distance errors often restricted to a few meters. Furthermore, the ubiquitous deployment of Unmanned Aerial Vehicles (UAVs) necessitates the integration of novel technologies to ensure operational continuity under adverse conditions, such as environmental signal interference, hostile attacks, or traversal through zones of complete signal loss. This study presents a methodology to address these challenges, enabling themaintenance of coordinates and navigation for UAVs to traverse jammed or completely out-of-coverage zones, thereby avoiding the need for emergency landings or Return-to-Home (RTH) protocols common in current UAV systems. The proposed approach leverages the TransGAN model, a framework typically employed for data analysis comprising a Generator and a Discriminator. In this context, the model processes sequential real-world coordinate data. Under normal GNSS operation, TransGAN is trained as a high-precision prediction model utilizing velocity and coordinate data as inputs. Conversely, during GNSS outages or interference, the trained TransGAN model is utilized to generate coordinates, thereby maintaining navigation capabilities for the UAV.",include,high,"[""I1"", ""I2"", ""I3"", ""I4"", ""I5"", ""I6""]","UAV platform with primary GNSS-denied navigation contribution and quantitative results.",INCLUDE,I2
57,REC_0281,REC_0281.pdf,"UAV Tracking with Lidar as a Camera Sensor in GNSS-Denied Environments","H. Sier; X. Yu; I. Catalano; J. P. Queralta; Z. Zou; T. Westerlund",2023,,10.1109/ICL-GNSS57829.2023.10148919,IEEE_Xplore,"Light detection and ranging (LiDAR) sensor has become one of the primary sensors in robotics and autonomous system for high-accuracy situational awareness. In recent years, multi-modal LiDAR systems emerged, and among them, LiDAR-as-a-camera sensors provide not only 3D point clouds but also fixed-resolution 360?panoramic images by encoding either depth, reflectivity, or near-infrared light in the image pixels. This potentially brings computer vision capabilities on top of the potential of LiDAR itself. In this paper, we are specifically interested in utilizing LiDARs and LiDAR-generated images for tracking Unmanned Aerial Vehicles (UAVs) in real-time which can benefit applications including docking, remote identification, or counter-UAV systems, among others. This is, to the best of our knowledge, the first work that explores the possibility of fusing the images and point cloud generated by a single LiDAR sensor to track a UAV without a priori known initialized position. We trained a custom YOLOv5 model for detecting UAVs based on the panoramic images collected in an indoor experiment arena with a motion capture (MOCAP) system. By integrating with the point cloud, we are able to continuously provide the position of the UAV. Our experiment demonstrated the effectiveness of the proposed UAV tracking approach compared with methods based only on point clouds or images. Additionally, we evaluated the real-time performance of our approach on the Nvidia Jetson Nano, a popular mobile computing platform.",include,high,"[""I1"", ""I2"", ""I3"", ""I4"", ""I5"", ""I6""]","UAV platform with primary GNSS-denied navigation contribution and quantitative results.",INCLUDE,I2
58,REC_0289,REC_0289.pdf,"Development of a Simulated UAV Platform for Sensor-Fusion-Based SLAM","M. F. Mummtaz; J. Yoo; I. B. K. Y. Utama; I. Zaini; Y. M. Jang",2026,,10.1109/ICAIIC68212.2026.11454340,IEEE_Xplore,"Accurate positioning is crucial for autonomous navigation of unmanned aerial vehicles (UAVs), as it provides reliable pose information to the perception and planning-control modules. However, when global navigation satellite system (GNSS) signals are unavailable or degraded, the accumulated drift of deadreckoning and inertial estimates significantly reduces localization accuracy, especially in complex 3D environments. To address this issue, this paper proposes a simulation-based sensor fusion based simultaneous localization and mapping (SLAM) framework for robust UAV positioning without relying on GNSS. The framework directly utilizes sequential 3D LiDAR scans to estimate the UAV pose and incrementally build a dense map of the environment, while high-resolution camera streams provide contextual information for the segmentation task. In addition, a modular simulation pipeline is constructed to support configurable sensor models, flight trajectories, and scene geometries, enabling systematic evaluation under GNSS-denied scenarios. The proposed approach is validated using a simulation experiments on a complex environment, and the results demonstrate that the 3D LiDAR SLAM system achieves accurate and stable localization in the simulation environment.",include,high,"[""I1"", ""I2"", ""I3"", ""I4"", ""I5"", ""I6""]","UAV platform with primary GNSS-denied navigation contribution and quantitative results.",INCLUDE,I2
59,REC_0294,REC_0294.pdf,"A Novel Approach to Computationally Lighter GNSS-Denied UAV Navigation Using Monocular Camera","J. Bhowmick; A. Singh; H. Gupta; R. Nallanthighal",2021,,10.1109/ICARA51699.2021.9376502,IEEE_Xplore,"A good receptivity of GNSS signals during autonomous navigation is of prime importance. Due to this, navigation becomes close to impossible with places having low receptivity or GNSS-denied zones. In this paper, a navigational system is presented for a multi-rotor UAV in a GNSS-denied environment. The global positioning problem is solved by taking a local reference frame and estimating the UAV's position and velocity w.r.t it, using an onboard monocular camera and barometer. The navigational problem is solved by designing a required velocity function and tuning the system's response to this input by a PID controller. The results of both simulations and actual flight tests show the effectiveness and reliability of the presented work, which enables a UAV to perform full automated missions from takeoff, waypoint navigation and landing, in complete absence of any GNSS signals.",include,high,"[""I1"", ""I2"", ""I3"", ""I4"", ""I5"", ""I6""]","UAV platform with primary GNSS-denied navigation contribution and quantitative results.",INCLUDE,I2
60,REC_0296,REC_0296.pdf,"Optical flow sensor integrated navigation system for quadrotor in GPS-denied environment","S. -E. Tsai; S. -H. Zhuang",2016,,10.1109/ICRAE.2016.7738795,IEEE_Xplore,"The issues about navigation precision and indoor hovering of micro aerial vehicles (MAV) have been discussed frequently nowadays. This practical study presented a dedicated design for indoor hovering that is more precise than using GPS positioning. We adapted optical flow sensors and ultrasound sensors to comply indoor/outdoor hover mode. This design is safer, cheaper, and easier for users to control the MAV flight. The practical results showed the proposed scheme could reduce the errors of navigation parameters and achieve stable hovering performance under different conditions of lighting.",include,high,"[""I1"", ""I2"", ""I3"", ""I4"", ""I5"", ""I6""]","UAV platform with primary GNSS-denied navigation contribution and quantitative results.",INCLUDE,I2
61,REC_0305,REC_0305.pdf,"A method based on CNN-BiLSTM for UAV navigation error compensation in GNSS denied environment","Y. -h. Shao; B. Han; Y. Luo",2023,,10.1109/ICCC59590.2023.10507546,IEEE_Xplore,"When the Global Navigation Satellite System (GNSS) signal is unavailable, the performance of GNSS/Inertial Navigation System (INS) integrated navigation system will be seriously degraded. In order to compensate the performance of GNSS/INS integrated navigation system, an error compensation method based on Convolutional Neural Network (CNN) combined with Bidirectional Long Short-Term Memory (BiLSTM) network is proposed. In the proposed method, the Inertial Measurement Unit (IMU) dynamics measurement of Unmanned Aerial Vehicle (UAV) is used as the input, the GNSS high-precision navigation information is used as the label. CNN-BiLSTM establishes the relationship between IMU dynamics measurement and GNSS high-precision navigation information through the training of a large number of input and label data, since it can achieve more accurate prediction of position increment and velocity increment. At last, the experimental results show that when the GNSS signal is unavailable, CNN-BiLSTM obtains the lower average RMSE and MAE of prediction error and the higher prediction fitting degree compared with CNN-LSTM and LSTM.",include,high,"[""I1"", ""I2"", ""I3"", ""I4"", ""I5"", ""I6""]","UAV platform with primary GNSS-denied navigation contribution and quantitative results.",INCLUDE,I2
62,REC_0318,REC_0318.pdf,"Cooperative Navigation Method Based on Adaptive CKF for UAVs In GPS Denied Areas","Y. Yu; S. Peng; Q. Li; X. Dong; Z. Ren",2018,,10.1109/GNCC42960.2018.9018972,IEEE_Xplore,"Unmanned Aerial Vehicles (UAVs), when used in a formation setting, can be more advantageous. The concerted operation of UAV formations has many potential applications, such as cooperative reconnaissance, formation combat and search and rescue in mountainous regions. Nevertheless, modern navigation systems for UAVs are not able to guarantee the precision of pose estimation when GPS is unavailable in complex environment. The IMU drifts of navigation systems can cause poor calculation accuracy of position, velocity and attitude of all UAVs in the group within dozens of seconds. To solve this problem, this paper puts forward a new cooperative navigation method based on adaptive Cubature Kalman Filter which shares the relative observations between the UAVs and fuses these data with direct measurements from IMU to obtain better navigation performance. The simulation results demonstrate the validity of the proposed method.",include,high,"[""I1"", ""I2"", ""I3"", ""I4"", ""I5"", ""I6""]","UAV platform with primary GNSS-denied navigation contribution and quantitative results.",INCLUDE,I2
63,REC_0332,REC_0332.pdf,"Thermal-Inertial Localization for Autonomous Navigation of Aerial Robots through Obscurants","C. Papachristos; F. Mascarich; K. Alexis",2018,,10.1109/ICUAS.2018.8453447,IEEE_Xplore,"In this paper the problem of autonomous navigation of aerial robots through obscurants is considered. As visible spectrum cameras and most LiDAR technologies provide degraded data in such conditions, the problem of localization is approached through the fusion of thermal camera data with inertial sensor cues. In particular, a long-wave infrared camera is employed and combined with an inertial measurement unit. The sensor intrinsic and extrinsic parameters are appropriately calibrated, and an Extended Kalman Filter framework that uses direct photometric feedback is employed in order to achieve robust odometry estimation. This framework is capable of accomplishing real-time localization while navigating though obscurants in GPS-denied conditions. Subsequently, an experimental study of autonomous aerial robotic navigation within a smoke-filled machine-shop environment was conducted. The presented results demonstrate the ability of the proposed solution to ensure reliable navigation in such extreme visually- degraded conditions.",include,high,"[""I1"", ""I2"", ""I3"", ""I4"", ""I5"", ""I6""]","UAV platform with primary GNSS-denied navigation contribution and quantitative results.",INCLUDE,I2
64,REC_0343,REC_0343.pdf,"Vision-Aided Multi-UAV Autonomous Flocking in GPS-Denied Environment","Y. Tang; Y. Hu; J. Cui; F. Liao; M. Lao; F. Lin; R. S. H. Teo",2019,,10.1109/TIE.2018.2824766,IEEE_Xplore,"This paper presents a sophisticated vision-aided flocking system for unmanned aerial vehicles (UAVs), which is able to operate in GPS-denied unknown environments for exploring and searching missions, and also able to adopt two types of vision sensors, day and thermal cameras, to measure relative motion between UAVs in different lighting conditions without using wireless communication. In order to realize robust vision-aided flocking, an integrated framework of tracking-learning-detection on the basis of multifeature coded correlation filter has been developed. To achieve long-term tracking, a redetector is trained online to adaptively reinitialize target for global sensing. An advanced flocking strategy is developed to address the autonomous multi-UAVs' cooperative flight. Light detection and ranging (LiDAR)-based navigation modules are developed for autonomous localization, mapping, and obstacle avoidance. Flight experiments of a team of UAVs have been conducted to verify the performance of this flocking system in a GPS-denied environment. The extensive experiments validate the robustness of the proposed vision algorithms in challenging scenarios.",include,high,"[""I1"", ""I2"", ""I3"", ""I4"", ""I5"", ""I6""]","UAV platform with primary GNSS-denied navigation contribution and quantitative results.",INCLUDE,I2
65,REC_0345,REC_0345.pdf,"Distance function based 6DOF localization for unmanned aerial vehicles in GPS denied environments","J. Unicomb; L. Dantanarayana; J. Arukgoda; R. Ranasinghe; G. Dissanayake; T. Furukawa",2017,,10.1109/IROS.2017.8206421,IEEE_Xplore,"This paper presents an algorithm for localizing an unmanned aerial vehicle (UAV) in GPS denied environments. Localization is performed with respect to a pre-built map of the environment represented using the distance function of a binary mosaic, avoiding the need for extraction and explicit matching of visual features. Edges extracted from images acquired by an on-board camera are projected to the map to compute an error metric that indicates the misalignment between the predicted and true pose of the UAV. A constrained extended Kalman filter (EKF) framework is used to generate an estimate of the full 6-DOF location of the UAV by enforcing the condition that the distance function values are zero when there is no misalignment. Use of an EKF also makes it possible to seamlessly incorporate information from any other system on the UAV, for example, from its auto-pilot, a height sensor or an optical flow sensor. Experiments using a hexarotor UAV both in a simulation environment and in the field are presented to demonstrate the effectiveness of the proposed algorithm.",include,high,"[""I1"", ""I2"", ""I3"", ""I4"", ""I5"", ""I6""]","UAV platform with primary GNSS-denied navigation contribution and quantitative results.",INCLUDE,I2
66,REC_0346,REC_0346.pdf,"Autonomous Flight in Unknown GNSS-denied Environments for Disaster Examination","D. Schleich; M. Beul; J. Quenzel; S. Behnke",2021,,10.1109/ICUAS51884.2021.9476790,IEEE_Xplore,"Micro aerial vehicles (MAVs) have high potential for information gathering tasks to support situation awareness in search and rescue scenarios. Manually controlling MAVs in such scenarios requires experienced pilots and is error-prone, especially in stressful situations of real emergencies. The conditions of disaster scenarios are also challenging for autonomous MAV systems. The environment is usually not known in advance and GNSS might not always be available. We present a system for autonomous MAV flights in unknown environments which does not rely on global positioning systems. The method is evaluated in multiple search and rescue scenarios and allows for safe autonomous flights, even when transitioning between indoor and outdoor areas.",include,high,"[""I1"", ""I2"", ""I3"", ""I4"", ""I5"", ""I6""]","UAV platform with primary GNSS-denied navigation contribution and quantitative results.",INCLUDE,I2
67,REC_0347,REC_0347.pdf,"A Novel Three-Stage Robust Adaptive Filtering Algorithm for Visual-Inertial Odometry in GNSS-Denied Environments","Z. Yue; C. Tang; Y. Gao",2023,,10.1109/JSEN.2023.3289313,IEEE_Xplore,"Visual-inertial odometry (VIO) has been widely applied in the autonomous navigation and positioning of unmanned aerial vehicles (UAVs) and unmanned ground vehicles (UGVs) in global navigation satellite system (GNSS)-denied environments. However, existing VIO filtering algorithms have the defects of low positioning accuracy and weak robustness, especially in complex and changeable environments. Therefore, a novel robust adaptive VIO algorithm is proposed here. First, the  $\text{H}{\infty} $  criterion is introduced into the popular cubature multistate constraint Kalman filter (CMSCKF), which improves the robustness of the VIO system. Second, this article designs a characterization method to judge the uncertainty degree of VIO based on the limited memory exponential weighting theory. Finally, inspired by the idea of the Institute of Geodesy and Geophysics (IGG) III model, we further put forward a three-stage robust adaptive  $\text{H}{\infty} $  filtering algorithm and test the performance with the numerical simulation and the publicly available real-world Karlsruhe Institute of Technology and Toyota Technological Institute (KITTI) dataset. The experimental results demonstrate that the proposed algorithm has better filtering accuracy and robustness.",include,high,"[""I1"", ""I2"", ""I3"", ""I4"", ""I5"", ""I6""]","UAV platform with primary GNSS-denied navigation contribution and quantitative results.",INCLUDE,I2
68,REC_0362,REC_0362.pdf,"Unmanned aerial vehicle relative navigation in GPS denied environments","J. Hardy; J. Strader; J. N. Gross; Y. Gu; M. Keck; J. Douglas; C. N. Taylor",2016,,10.1109/PLANS.2016.7479719,IEEE_Xplore,"This paper considers the problem of target handoff between Unmanned Aerial Vehicles (UAVs) in a GPS denied environment, and focuses on the design and evaluation of an estimation strategy for determining the relative pose of the aircraft. The estimation approach presented in this paper has three distinct components that act in concert to achieve the overall objective. First, a novel cooperative control and estimation strategy is used to determine relative pose from IMU and peer-to-peer ranging radio data without any a priori knowledge of either aircraft's pose. Next, a relative pose measurement is calculated using extracted features from downward looking cameras on the two UAVs. The computer vision technique first uses an indexing scheme based on a hierarchical statistical model to determine which frames from the two cameras have overlapping coverage, aligns the overlapping frames, and then calculates the relative pose estimate. Finally, a nonlinear Kalman Filter, which has been initialized with the a priori solution from the initialization filter is used to estimate relative pose by predicting it through the integration of IMU data of both UAVs with measurement updates from peer-to-peer radio ranging radios, magnetometers and the computer vision estimates.",include,high,"[""I1"", ""I2"", ""I3"", ""I4"", ""I5"", ""I6""]","UAV platform with primary GNSS-denied navigation contribution and quantitative results.",INCLUDE,I2
69,REC_0363,REC_0363.pdf,"Enhanced UAV navigation in GNSS denied environment using repeated dynamics pattern recognition","S. Zahran; A. Moussa; N. El-Sheimy",2018,,10.1109/PLANS.2018.8373497,IEEE_Xplore,"This paper presents an innovative approach to enhance the navigation of UAVs in GNSS denied environments. Considering the limited space, power, and size of small UAVs, the proposed approach does not require any sensors on the UAV. The typical repeated dynamic patterns of such UAVs are related to the actuators to offer a useful information for estimating the UAV navigation states. Machine learning (ML) classifier has been employed to detect these repeated dynamic patterns, then according to the detected pattern, an appropriate constraint/update is utilized to enhance the navigation solution through EKF to obtain a better estimate of the UAV states. Different test scenarios where conducted to verify the ability of the proposed approach to aid the INS solution during GNSS signal outages. The solution after fusing the Vheicle Model (VM) is enhaced by 98% compared to low cost stand-alone IMU solution.",include,high,"[""I1"", ""I2"", ""I3"", ""I4"", ""I5"", ""I6""]","UAV platform with primary GNSS-denied navigation contribution and quantitative results.",INCLUDE,I2
70,REC_0369,REC_0369.pdf,"Autonomous Flight Control of a Nano Quadrotor Helicopter in a GPS-Denied Environment Using On-Board Vision","X. Zhang; B. Xian; B. Zhao; Y. Zhang",2015,,10.1109/TIE.2015.2420036,IEEE_Xplore,"In this paper, a nano quadrotor helicopter which weighs about only 45 grams and has a diameter less than 0.15 m is employed for the autonomous flight control development in GPS-denied environments. Due to the very limited payload ability of the helicopter, a micro onboard vision system is designed to provide visual pose measurement. Then the attitude data obtained from a low cost micro inertial measurement unit (IMU) are fused with the visual measurement to provide accurate estimation of the helicopter's translational position and velocity. Nonlinear flight controller is designed to hold the quadrotor in a certain position and altitude without external ground motion capture system. Moreover, trajectory tracking ability is achieved with the help of a modified visual simultaneous localization and mapping (SLAM) algorithm. Experimental results are included to demonstrate the good hovering and tracking control performance of the proposed design in GPS-denied indoor and outdoor environments. To our best knowledge, few of previous works have demonstrated autonomous control ability of a quadrotor helicopter weighs less than 50 grams without the help of external ground motion capture system in GPS-denied indoor and outdoor environments.",include,high,"[""I1"", ""I2"", ""I3"", ""I4"", ""I5"", ""I6""]","UAV platform with primary GNSS-denied navigation contribution and quantitative results.",INCLUDE,I2
71,REC_0388,REC_0388.pdf,"Multi-UAV Cooperative Navigation Based on Multisource Information Fusion: A Review","F. Song; Q. Zeng; R. Zhang; X. Zhu; X. Ye; Z. Zhang",2026,,10.1109/JSEN.2025.3646302,IEEE_Xplore,"Unmanned aerial vehicle (UAV) swarms are increasingly deployed in both civilian and military domains, where high-precision navigation in Global Navigation Satellite System (GNSS)-denied environments remains a critical challenge. Cooperative navigation (CN) has emerged as a promising paradigm by leveraging intervehicle information exchange and multisource information fusion (MSIF) to enhance swarm navigation performance. Although numerous surveys have summarized multisensor integration and state estimation methods for single-platform UAVs, comprehensive reviews dedicated to CN remain limited. This article presents a structured framework for CN that integrates multisource information acquisition, cooperative localization (CL) techniques in GNSS-denied environments, and multisource fusion algorithms. On this basis, we provide a systematic review of CN from three perspectives: relative measurement information, CN architectures, and swarm cooperative optimization algorithms. Furthermore, fusion algorithms are categorized into four classes, namely, mathematically derived, graph-based, filtering-based, and learning-based approaches, with their development trends systematically analyzed. The synergistic features of multisource information are then discussed, with emphasis on information selection, fault tolerance, and resilient fusion. Finally, the hierarchical structure of MSIF is highlighted, revealing the evolutionary trend from feature-level toward decision-level strategies. This survey aims to present a holistic understanding of UAV CN, outline key technical challenges, and shed light on future research directions in this rapidly evolving field.",include,high,"[""I1"", ""I2"", ""I3"", ""I4"", ""I5"", ""I6""]","UAV platform with primary GNSS-denied navigation contribution and quantitative results.",INCLUDE,I2
72,REC_0391,REC_0391.pdf,"Multi-UAV Collaboration and IMU Fusion Localization Method in Partial GNSS-Denied Scenarios","Y. Zheng; Y. Xie; J. Li",2023,,10.1109/ACCESS.2023.3315870,IEEE_Xplore,"When it comes to disaster rescue, quickly and accurately locating the trapped people will not miss the golden rescue time, thereby improving the success rate of rescue. The existing research has focused on the use of unmanned aerial vehicles (UAVs) to locate stationary user equipment (UE). However, the simultaneous movement of the UAVs and the UE brings about problems of UAV coordinate deviation and range interference, resulting in poor accuracy and stability of UE localization. To solve the mentioned issues above, a fusion localization method based on multi-UAV collaborative ranging and user-side inertial measurement unit (IMU) module was proposed for GNSS-denied scenarios. First, the initial coordinate deviations of the UAVs were corrected by multi-UAV collaboration; Then, a pre-processing scheme based on density peaks clustering (DPC) was proposed to eliminate the abnormal interference in the ranging data; Finally, the unscented Kalman filter (UKF) was used to realize the fusion localization based on multi-UAV ranging and user-side IMU module. The simulation results showed that the proposed scheme can maintain the accuracy and stability of UE localization in the presence of ranging interference, and the positioning error was reduced by 21.4% compared with the commonly used extended Kalman filter (EKF). Moreover, the proposed localization scheme had a better performance in low-altitude rather than high-altitude flight scenarios.",include,high,"[""I1"", ""I2"", ""I3"", ""I4"", ""I5"", ""I6""]","UAV platform with primary GNSS-denied navigation contribution and quantitative results.",INCLUDE,I2
73,REC_0409,REC_0409.pdf,"Dust-Resilient Autonomous Navigation and Mapping for UAVs in GNSS-Denied Underground Tunnels","M. A. Montes-Grova; J. M. Gonz?lez-Mar?n; F. J. P?rez-Grau; A. Viguria",2026,,10.1109/ICUAS69441.2026.11598747,IEEE_Xplore,"Autonomous UAVs enable safe inspection of hazardous underground environments, but simultaneous GNSS denial and visibility degradation from airborne dust present critical navigation challenges. Conventional visual odometry fails under feature scarcity, while LiDAR-based methods suffer from noise artifacts as suspended particles are misinterpreted as obstacles. This paper presents a UAV system for autonomous mapping in dust-laden, GNSS-Denied tunnels. LiDAR-Inertial odometry was integrated with IMU pre-integration to achieve 100 Hz state estimation for responsive control in confined spaces. An intensity-based dust filtering algorithm removes point cloud contamination in real-time, enabling autonomous capabilities despite visibility degradation. Experimental validation in a real mining tunnel under controlled visually degraded conditions demonstrates autonomous operation. The system completes exploration and mapping in 480 seconds, achieving 0.19 m mean mapping accuracy and 0.60 m RMS error against Total Station ground truth. Results establish quantitative benchmarks for UAV deployment in underground construction and emergency response scenarios where human access is restricted.",include,high,"[""I1"", ""I2"", ""I3"", ""I4"", ""I5"", ""I6""]","UAV platform with primary GNSS-denied navigation contribution and quantitative results.",INCLUDE,I2
74,REC_0426,REC_0426.pdf,"Leonardo Drone Contest 2021: Politecnico di Milano team architecture","G. Roggi; S. Meraglia; M. Lovera",2022,,10.1109/ICUAS54217.2022.9836103,IEEE_Xplore,"In this paper, the winning solution of the second edition of the Leonardo Drone Contest (LDC), an autonomous drone competition, is presented. The participating teams were asked to design and build an autonomous system, capable of accomplishing complex tasks in an indoor urban-like environment. To reach this goal, the designed system should be capable of navigating in a Global Navigation Satellite System (GNSS)-denied environment with autonomous decision making, online planning and collision avoidance capabilities. In this light, the authors describe the competition, its rules and objectives, as well as the proposed solution in terms of hardware, software and algorithms.",include,high,"[""I1"", ""I2"", ""I3"", ""I4"", ""I5"", ""I6""]","UAV platform with primary GNSS-denied navigation contribution and quantitative results.",INCLUDE,I2
75,REC_0438,REC_0438.pdf,"Vision-based object path following on a quadcopter for GPS-denied environments","D. H. S. De Mel; K. A. Stol; J. A. D. Mills; B. R. Eastwood",2017,,10.1109/ICUAS.2017.7991500,IEEE_Xplore,"This paper presents the development of an object path following algorithm for a quadcopter using on-board vision and localization. This development aims to increase capabilities of autonomous unmanned aerial vehicles (UAV), with the use of object path following. By following an object's path, reliance on obstacle avoidance strategies can be reduced, under the assumption that the object's path is free of static obstacles. Relative position of the target has been estimated using on-board processing and monocular vision. On-board localization has been achieved through dead-reckoning, where velocity estimates are calculated from optical flow. Horizontal positional estimates with a standard deviation of 6.5cm have been achieved experimentally with this method. The use of optical flow allows for localization in GPS-denied environments. Both the position and path following can successfully run in moderate winds and variable lighting. The UAV can station-keep to within 40 cm of desired position. The object's path can be followed with an rms error of 28 cm and maximum deviation of 78 cm.",include,high,"[""I1"", ""I2"", ""I3"", ""I4"", ""I5"", ""I6""]","UAV platform with primary GNSS-denied navigation contribution and quantitative results.",INCLUDE,I2
76,REC_0444,REC_0444.pdf,"Autonomous Aerial Swarming in GNSS-denied Environments with High Obstacle Density","A. Ahmad; V. Walter; P. Petr??ek; M. Petrl?k; T. B??a; D. ?aitl?k; M. Saska",2021,,10.1109/ICRA48506.2021.9561284,IEEE_Xplore,"The compact flocking of relatively localized Un-manned Aerial Vehicles (UAVs) in high obstacle density areas is discussed in this paper. The presented work tackles realistic scenarios in which the environment map is not known apriori and the use of a global localization system and communication infrastructure is difficult due to the presence of obstacles. To achieve flocking in such a constrained environment, we propose a fully decentralized, bio-inspired control law that uses only onboard sensor data for safe flocking through the environment without any communication with other agents. In the proposed approach, each UAV agent uses onboard sensors to self-localize and estimate the relative position of other agents in its local reference frame. The usability and performance of the proposed approach were verified and evaluated using various experiments in a realistic robotic simulator and a natural forest. The presented experiments also validate the utility of onboard relative localization for autonomous multi-UAV applications in the absence of global localization information and communication.",include,high,"[""I1"", ""I2"", ""I3"", ""I4"", ""I5"", ""I6""]","UAV platform with primary GNSS-denied navigation contribution and quantitative results.",INCLUDE,I2
77,REC_0455,REC_0455.pdf,"Airborne-Relay-based Algorithm for Locating Crashed UAVs in GPS-Denied Environments","D. Oh; J. Lim; J. -K. Lee; H. Baek",2019,,10.1109/UEMCON47517.2019.8993065,IEEE_Xplore,"We propose a location algorithm to promptly search for crashed unmanned aerial vehicles (UAVs), using an airborne communication relay UAV (ACRU) in global positioning system (GPS)-denied environments. Conventional UAV based location methods require at least four UAVs to search for the crashed one. However, such methods are subject to significant errors according to the distance between the crashed UAV and the others. In the proposed algorithm, only one ACRU is required to locate the crashed UAV. The ACRU relays its own position and the signals from the crashed UAV in real-time to a ground control station (GCS), which then estimates the position of the crashed UAV based on time difference of arrival (TDOA) processing using the signals relayed from the ACRU. According to the estimated position of the crashed UAV, the ACRU then flies in the direction of the crashed UAV by applying a weighting algorithm to effectively estimate the distance to it. The performance of the proposed algorithm is verified by computer simulations by considering the conditions of an army battalion battlefield. We improve the accuracy of the proposed location algorithm by applying a weighting algorithm to the TDOA data, and we demonstrate that the location algorithm can be used to efficiently locate crashed UAVs in GPS denied environments.",include,high,"[""I1"", ""I2"", ""I3"", ""I4"", ""I5"", ""I6""]","UAV platform with primary GNSS-denied navigation contribution and quantitative results.",INCLUDE,I2
78,REC_0459,REC_0459.pdf,"Safe Tightly-Constrained UAV Swarming in GNSS-denied Environments","A. Dmytruk; T. Nascimento; A. Ahmad; T. B??a; M. Saska",2021,,10.1109/ICUAS51884.2021.9476794,IEEE_Xplore,"A decentralized algorithm for flocking of Unmanned Aerial Vehicles (UAV) in environments with high obstacle density is proposed in this work. The method combines a local planning loop with bio-inspired swarming rules for navigating a compact UAV flock in a real workspace without relying on external infrastructures, such as motion capture system and GNSS. The group stability and coherence are achieved by employing a purposely designed onboard UVDAR system for mutual localization of teammates in local proximity of each UAV. The required robustness and scalability of the multi-UAV system are therefore achieved without any need for communication among the swarm particle. Such minimal sensory and communication requirements have allowed the system to become a backup technique for centralized multi-robot systems in case of communication and GNSS dropout. The proposed approach has been verified in numerous simulations and real experiments inside a forest that represents one of the most challenging environments for deployment of compact groups of aerial vehicles.",include,high,"[""I1"", ""I2"", ""I3"", ""I4"", ""I5"", ""I6""]","UAV platform with primary GNSS-denied navigation contribution and quantitative results.",INCLUDE,I2
79,REC_0461,REC_0461.pdf,"Autonomous MAV navigation in complex GNSS-denied 3D environments","M. Nieuwenhuisen; D. Droeschel; M. Beul; S. Behnke",2015,,10.1109/SSRR.2015.7443012,IEEE_Xplore,"Micro aerial vehicles, such as multirotors, are particular well suited for the autonomous exploration, examination, and surveillance of otherwise inaccessible areas, e.g., for search and rescue missions in indoor disaster sites. Key prerequisites for the fully autonomous operation of micro aerial vehicles in restricted environments are 3D mapping, real-time pose tracking, obstacle detection, and planning of collision-free trajectories. In this work, we propose a complete navigation system with a multimodal sensor setup for omnidirectional environment perception. Measurements of a 3D laser scanner are aggregated in egocentric local multiresolution grid maps. Local maps are registered and merged to allocentric maps in which the MAV localizes. For autonomous navigation, we generate trajectories in a multi-layered approach: from mission planning over global and local trajectory planning to reactive obstacle avoidance. We evaluate our approach in a GNSS-denied indoor environment where multiple collision hazards require reliable omnidirectional perception and quick navigation reactions.",include,high,"[""I1"", ""I2"", ""I3"", ""I4"", ""I5"", ""I6""]","UAV platform with primary GNSS-denied navigation contribution and quantitative results.",INCLUDE,I2
80,REC_0464,REC_0464.pdf,"Relative visual-inertial odometry for fixed-wing aircraft in GPS-denied environments","G. Ellingson; K. Brink; T. McLain",2018,,10.1109/PLANS.2018.8373454,IEEE_Xplore,"This paper introduces an odometry-like front-end estimator for GPS-denied fixed-wing flight using a monocular camera. This development is a critical component for enabling fixed-wing aircraft to use a novel methodology called relative navigation. Relative navigation allows a single vehicle to gracefully accommodate intermittent GPS or geo-registered image updates. It can also enable communication and a computationally feasible cooperative, batch-based navigation approach for numerous vehicles. This paper presents a visual-odometry estimator that is appropriate for fixed-wing flight characteristics and sensing requirements. We propose a modification to the multi-state-constraint Kalman filter which, instead of running the filter in a single inertial/global frame, regularly resets the navigation frame to a new local origin. The vehicle operates based on the most recent keyframe and produces a marginalized change in pose (odometry) and covariance output whenever the keyframe is updated. This allows the front end to operate at the IMU rate to accommodate guidance and control inputs while sharing marginalized keyframe-to-keyframe odometry estimates with a back-end, graph optimization at a much lower rate than traditional batch navigation schemes. Results from testing the proposed method in a high-fidelity simulation of the filter is also presented.",include,high,"[""I1"", ""I2"", ""I3"", ""I4"", ""I5"", ""I6""]","UAV platform with primary GNSS-denied navigation contribution and quantitative results.",INCLUDE,I2
81,REC_0469,REC_0469.pdf,"Design and Flight Test of an Aerial Manipulator for Applications in GPS-Denied Environments","M. Ng; F. Vanegas; K. Morton; J. Sandino; F. Gonzalez",2022,,10.1109/ICUAS54217.2022.9836060,IEEE_Xplore,"Research and development of aerial manipulators has gained interest over the past few years. The incorporation of manipulator mechanisms into UAVs can expand the realm of applications for these vehicles in challenging scenarios where it is not safe for personnel to carry out the work. Examples of such missions and applications include collecting chemical samples, exploration and interaction with foreign objects, high rise building inspection and spray painting. With the growing interest to collect samples and interact with remote environments autonomously, most aerial manipulators use GPS or indoor tracking systems. However, an aerial manipulator capable of interacting safely with the environment in a GPS-denied environment using only on-board sensors is still a challenge. Related work on the use of and localization of UAVs in GPS-denied environments is increasing, however the integration of an aerial manipulator on a UAV operating in GPS-denied environments is still limited. This paper presents the design, build and implementation of an UAV with a robotic arm for use in GPS-denied environments. The aerial manipulator features a lightweight and robust design consisting of aluminium joints, carbon tubing and 3D printed linkages. The implemented aerial manipulation system presents a versatile and modular design which allows easy modification such as adjusting the linkage lengths to accommodate different reachability requirements and supports various multirotor configurations. Videos of the hover experiment can be found at: https://www.youtube.com/playlist?list=PLTkv8838qsQGW7JXl3kMfZ20rwmxUHfl5",include,high,"[""I1"", ""I2"", ""I3"", ""I4"", ""I5"", ""I6""]","UAV platform with primary GNSS-denied navigation contribution and quantitative results.",INCLUDE,I2
82,REC_0475,REC_0475.pdf,"P2P-DroneLoc: Peer-to-Peer Localization for GPS-Denied Drones using Camera and WiFi Fine Time Measurement","K. Ashraf; A. Ashok",2022,,10.1109/ANTS56424.2022.10227756,IEEE_Xplore,"In this work we design, implement, and evaluate a drone assisted coordinated localization system to help navigate remotely operating Global Positioning System (GPS) denied drones. Without any requirements of a base station or a central entity, in this system, a GPS enabled helper drone offers localization help to low functionality distress drones. The helper drone when discovers a distressed drone flying in proximity, estimates the distress drone?s absolute GPS location information respective to its own location. This is performed by computing the relative position of the distress drone with the helper drone. The estimated location is then communicated to the distress drone. In this paper, we evaluate two fundamental approaches for range estimation for peer-to-peer relative positioning between drones: (a) camera and computer vision projection theory, and (b) WiFi Fine Time Measurements (FTM). We envision that a helper drone equips a camera and a WiFi FTM access point (AP), while a distress drone equips only a WiFi FTM AP. We evaluate our proposed peer-to-peer localization via accuracy across three estimated measures: (i) range or distance between the drones, (ii) GPS bearing (angle), and (iii) GPS location (coordinates). Based on our analysis of our dataset consisting of outdoor static and flying drones setup, our methods result in a median localization accuracy within 1-4m.",include,high,"[""I1"", ""I2"", ""I3"", ""I4"", ""I5"", ""I6""]","UAV platform with primary GNSS-denied navigation contribution and quantitative results.",INCLUDE,I2
83,REC_0481,REC_0481.pdf,"An Onboard Transformer-Based Physics-Informed System for UAV Trajectory Prediction and State Classification in GNSS-Denied Environments","N. Souli; Y. Grigoriou; P. Chrysanthou; P. Kolios; G. Ellinas",2026,,10.1109/ICUAS69441.2026.11598599,IEEE_Xplore,"This work introduces a real-time, lightweight system deployed onboard unmanned aerial vehicles (UAVs) that achieves the two-fold objective of state classification and trajectory prediction by integrating a Transformer-based physicsinformed learning model with an extended Kalman filter (EKF). The proposed framework employs a two-stage sensor fusion mechanism that combines a physics-informed Transformer with an EKF-based measurement augmentation. In the first stage, an EKF fuses onboard sensor readings together with visionderived measurements (optical flow measurements) and external sensor information (such as weather station data of wind speed and direction) to construct an augmented and denoised input measurement vector. In the second stage, the resulting filtered state estimates are fed into a physics-informed Transformer network that exploits shared feature learning to jointly enhance robustness and improve state classification and trajectory forecasting performance in Global Navigation Satellite System (GNSS)-denied environments. The proposed EKF-assisted Automated framework is trained and validated on a custom dataset of UAV trajectories collected across various outdoor environments, and its prototype implementation is thoroughly assessed and validated in real-world outdoor experiments.",include,high,"[""I1"", ""I2"", ""I3"", ""I4"", ""I5"", ""I6""]","UAV platform with primary GNSS-denied navigation contribution and quantitative results.",INCLUDE,I2
84,REC_0485,REC_0485.pdf,"Multi-Sensor 6-DoF Localization For Aerial Robots In Complex GNSS-Denied Environments","J. L. Paneque; J. R. Mart?nez-de Dios; A. Ollero",2019,,10.1109/IROS40897.2019.8967686,IEEE_Xplore,"The need for robots autonomously navigating in more and more complex environments has motivated intense R& D efforts in making robot pose estimation more accurate and reliable. This paper presents a multi-sensor multi-hypothesis method for robust 6-DoF localization in complex environments. Robustness and accuracy requirements are addressed as follows. First, camera and LIDAR features are seamlessly integrated in the same statistical framework, benefiting from their synergies and providing robustness in scenarios with low or varying densities of LIDAR and visual features. Second, a multi-hypothesis approach is adopted to cope with scenario symmetries. The method has been carefully designed to operate in real time using feature and hypothesis filtering and efficient hypothesis refinement, and has been coded in a multi-core implementation. The proposed method has been extensively validated for closed-loop aerial robot navigation in different urban and industrial scenarios and has shown advantages over well-known single-sensor techniques.",include,high,"[""I1"", ""I2"", ""I3"", ""I4"", ""I5"", ""I6""]","UAV platform with primary GNSS-denied navigation contribution and quantitative results.",INCLUDE,I2
85,REC_0489,REC_0489.pdf,"UAV Vision Aided INS/Odometer Integration for Land Vehicle Autonomous Navigation","J. Dong; X. Ren; S. Han; S. Luo",2022,,10.1109/TVT.2022.3151729,IEEE_Xplore,"Autonomous navigation without external GNSS aiding is crucial for some kinds of land vehicle applications, such as military vehicles and unmanned vehicles navigation under GNSS denied environments. A typical solution for autonomous navigation can be achieved by integrating Inertial Navigation System (INS) and odometer, where the odometer can provide velocity aiding for INS. The INS/odometer integration approach can dramatically improve the navigation performances compared with the standalone INS approach, however its positioning error is still gradually accumulating with time because of lacking external position correction. This paper proposes an approach to aid the INS/odometer integration by using vision positioning, where a UAV is used to carry the vision camera and helps to realize the positioning of the vehicle by image matching. The UAV vision positioning acts a role like GNSS and provides constant position correction for INS/odometer integration. A dual-rate Kalman filter is proposed and utilized to realize the data fusing of vision, INS and odometer. Simulation and filed tests show that the proposed approach can dramatically improve the autonomous navigation performances for land vehicles.",include,high,"[""I1"", ""I2"", ""I3"", ""I4"", ""I5"", ""I6""]","UAV platform with primary GNSS-denied navigation contribution and quantitative results.",INCLUDE,I2
86,REC_0502,REC_0502.pdf,"LD3DGS-SLAM: Long-Distance Monocular SLAM With 3-D Gaussian Splatting and GNSS-Aided Localization for UAVs","D. Li; T. Yang; Y. Wang; H. Qin; S. Fan; S. Zhang; Y. Zhang; J. Li",2026,,10.1109/JIOT.2025.3638876,IEEE_Xplore,"Integrating neural rendering with simultaneous localization and mapping (SLAM) has shown great promise for achieving high-precision localization and photorealistic scene reconstruction. However, the dynamic perspectives of uncrewed aerial vehicles (UAVs), compounded by Global Navigation Satellite System (GNSS) signal interference and the accumulation of localization errors, pose significant challenges to existing monocular SLAM methods in complex environments. To address these limitations, we propose LD3DGS-SLAM, a novel framework that integrates monocular SLAM, GNSS, and 3-D Gaussian splatting (3DGS) to enhance UAV-based localization and mapping. The system integrates traditional geometric feature-based localization with the multiview synthesis capability of 3-D Gaussian rendering, achieving a breakthrough in accuracy while enhancing robustness. First, we construct a multisensor fusion graph optimization model that tightly integrates GNSS and monocular vision data, effectively mitigating the cumulative drift typical of traditional SLAM pipelines. Afterward, we introduce a 3-D Gaussian-based mapping strategy that incrementally refines a dense scene representation using SLAM-generated point clouds, fusing geometric and texture information to reconstruct highly accurate and detailed maps. To further enhance localization performance in GNSS-denied scenarios, we develop a dynamic frame interpolation and tracking approach based on 3-D Gaussian rendering. By synthesizing novel viewpoints, this method improves observation matching and strengthens loop closure detection, enabling robust relocalization in large-scale environments. To validate the effectiveness of the proposed framework, we implement a UAV test system and evaluate its performance on both the publicly available TUM dataset and a self-collected aerial dataset spanning several kilometers. Experimental results show that LD3DGS-SLAM achieves a state-of-the-art average localization error of only 0.8 m using just a monocular camera, even during long-range flight missions exceeding tens of kilometers and altitudes up to 500 m. Overall, LD3DGS-SLAM effectively addresses the limitations of monocular SLAM in aerial scenarios, providing a robust, accurate, and cost-effective localization solution for urban air mobility (UAM) and Aerial Internet of Things (IoT) applications.",include,high,"[""I1"", ""I2"", ""I3"", ""I4"", ""I5"", ""I6""]","UAV platform with primary GNSS-denied navigation contribution and quantitative results.",INCLUDE,I2
87,REC_0503,REC_0503.pdf,"Decimeter-Accuracy Positioning for Drones Using Two-Stage Trilateration in a GPS-Denied Environment","Y. -E. Chen; H. -H. Liew; J. -C. Chao; R. -B. Wu",2023,,10.1109/JIOT.2022.3231704,IEEE_Xplore,"This study proposes a high-accuracy two-stage trilateration method that enables real-time positioning in global position system (GPS)-denied areas, such as unmanned aerial vehicles (UAVs) under bridges and targets in vegetation or indoors, where automated drone operation is difficult, and there are few localization methods. This method uses ultrawideband (UWB) with high-ranging accuracy and a high transmission rate as the positioning sensor. The drone and the target are equipped with multiple UWBs, and the relative distance is calculated through the signal transmission between the UWB devices so as to determine the position of the target in a fixed coordinate system. In practice, this method uses the UWB anchors on the ground to locate the UAV moving in the air, and the altitude error can be reduced from 8?10 m to less than 1 m. The moving UAV can also be used as the anchor to locate fixed objects on the ground in areas with poor GPS, and the relative position error is reduced from 2.02 to 0.35 m, and the relative altitude error is reduced from 3.39 to 0.32 m. This study alleviates the insufficient accuracy of the trilateration method when the UWB anchors are in the coplanar space, so as to improve the reliability of the positioning and navigation of the UAV in the GPS-denied area.",include,high,"[""I1"", ""I2"", ""I3"", ""I4"", ""I5"", ""I6""]","UAV platform with primary GNSS-denied navigation contribution and quantitative results.",INCLUDE,I2
88,REC_0534,REC_0534.pdf,"Integrated UWB-Vision Approach for Autonomous Docking of UAVs in GPS-denied Environments","T. -M. Nguyen; T. H. Nguyen; M. Cao; Z. Qiu; L. Xie",2019,,10.1109/ICRA.2019.8793851,IEEE_Xplore,"Though vision-based techniques have become quite popular for autonomous docking of Unmanned Aerial Vehicles (UAVs), due to limited field of view (FOV), the UAV must rely on other methods to detect and approach the target before vision can be used. In this paper we propose a method combining Ultra-wideband (UWB) ranging sensor with vision-based techniques to achieve both autonomous approaching and landing capabilities in GPS-denied environments. In the approaching phase, a robust and efficient recursive least-square optimization algorithm is proposed to estimate the position of the UAV relative to the target by using the distance and relative displacement measurements. Using this estimate, UAV is able to approach the target until the landing pad is detected by an onboard vision system, then UWB measurements and vision-derived poses are fused with onboard sensor of UAV to facilitate an accurate landing maneuver. Real-world experiments are conducted to demonstrate the efficiency of our method.",include,high,"[""I1"", ""I2"", ""I3"", ""I4"", ""I5"", ""I6""]","UAV platform with primary GNSS-denied navigation contribution and quantitative results.",INCLUDE,I2
89,REC_0537,REC_0537.pdf,"Indoor Navigation and Attitude Estimation for Uas Using Inertial Sensors and Extended Kalman Filtering","S. Ponte; G. Ariante; A. Menichino; V. Di Vito; G. Del Core",2026,,10.1109/MetroAeroSpace69299.2026.11646697,IEEE_Xplore,"Accurate position estimation during navigation is essential for missions conducted using Unmanned Aerial Systems (UASs), particularly in fully autonomous operations or missions performed in Beyond Visual Line of Sight (BVLOS) conditions. In outdoor environments, conventional positioning solutions primarily rely on Global Navigation Satellite Systems (GNSS). However, GNSS-based approaches are not suitable for indoor navigation scenarios or GPS-denied environments, where satellite signals are unavailable or severely degraded. As a result, alternative positioning and navigation technologies are required to ensure reliable and accurate UAS operation in such conditions. Inertial Navigation Systems (INS) are becoming essential components of UAS navigation architectures. By integrating low-cost Inertial Measurement Units (IMU), INS provide reliable navigation and attitude estimation capabilities, particularly in GNSS-denied environments. However, uncompensated bias and drift errors lead to the accumulation of position and velocity errors, resulting in significant navigation inaccuracies. This work investigates the impact of IMU bias and drift errors on UAS navigation and attitude estimation and introduces an estimation technique based on the Extended Kalman Filter (EKF) to jointly estimate and compensate these error sources. The proposed EKF-based approach estimates both bias and drift terms affecting the UAS position and attitude, thereby mitigating the accumulation of velocity and position errors over time. The effectiveness of the proposed method is validated through simulation tests conducted in MATLAB? and Simulink? environments, reproducing realistic operational scenarios. Simulation results demonstrate that the proposed approach significantly enhances UAS navigation performance by improving estimation accuracy and reducing overall navigation errors.",include,high,"[""I1"", ""I2"", ""I3"", ""I4"", ""I5"", ""I6""]","UAV platform with primary GNSS-denied navigation contribution and quantitative results.",INCLUDE,I2
90,REC_0544,REC_0544.pdf,"Season-Invariant GNSS-Denied Visual Localization for UAVs","J. Kinnari; F. Verdoja; V. Kyrki",2022,,10.1109/LRA.2022.3191038,IEEE_Xplore,"Localization without Global Navigation Satellite Systems (GNSS) is a critical functionality in autonomous operations of unmanned aerial vehicles (UAVs). Vision-based localization on a known map can be an effective solution, but it is burdened by two main problems: places have different appearance depending on weather and season, and the perspective discrepancy between the UAV camera image and the map make matching hard. In this letter, we propose a localization solution relying on matching of UAV camera images to georeferenced orthophotos with a trained convolutional neural network model that is invariant to significant seasonal appearance difference (winter-summer) between the camera image and map. We compare the convergence speed and localization accuracy of our solution to six reference methods. The results show major improvements with respect to reference methods, especially under high seasonal variation. We finally demonstrate the ability of the method to successfully localize a real UAV, showing that the proposed method is robust to perspective changes.",include,high,"[""I1"", ""I2"", ""I3"", ""I4"", ""I5"", ""I6""]","UAV platform with primary GNSS-denied navigation contribution and quantitative results.",INCLUDE,I2
91,REC_0572,REC_0572.pdf,"GNSS-Independent Navigation of UAV through Utilization of Sensor Fusion and Intelligence System","S. E. Meheretu; S. Y. Hailesilassie; E. Nigussie",2022,,10.1109/ICT4DA56482.2022.9971437,IEEE_Xplore,"Unmanned Aerial Vehicles (UAVs) have gained a lot of attention due to their applications in various sectors. Most of fully autonomous UAVs navigation system is dependent on GNSS for localization. But the security threats that emanates from GPS system; spoofing and jamming makes the reliance on GNSS problematic. In this work, we proposed a fully autonomous UAV navigation system without GNSS and wireless communication. The application area of interest in this work is military battlefield. The proposed navigation method combines information gathered by Intelligence Preparation for Battlefield (IPB) and Intelligence Surveillance Reconnaissance(ISR) group and onboard sensors. Then it applies Automated-enabled multi sensor fusion, motion planning and decision making to accomplish the navigation successfully. The integrated way of navigation used to assess the conceptual possibility of autonomous navigation without the use of external navigation system and reliable operation of UAV at GPS and wireless signal denied environment. In addition, to ensure reliable operation of the navigation system, devices health monitoring system through the use of distributed monitoring agent and Automated algorithms are proposed. The conceptual architecture is designed as six layer architecture with cross-layer interaction feature.",include,high,"[""I1"", ""I2"", ""I3"", ""I4"", ""I5"", ""I6""]","UAV platform with primary GNSS-denied navigation contribution and quantitative results.",INCLUDE,I2
92,REC_0594,REC_0594.pdf,"Google map aided visual navigation for UAVs in GPS-denied environment","M. Shan; F. Wang; F. Lin; Z. Gao; Y. Z. Tang; B. M. Chen",2015,,10.1109/ROBIO.2015.7418753,IEEE_Xplore,"We propose a framework for Google Map aided UAV navigation in GPS-denied environment. Geo-referenced navigation provides drift-free localization and does not require loop closures. The UAV position is initialized via correlation, which is simple and efficient. We then use optical flow to predict its position in subsequent frames. During pose tracking, we obtain inter-frame translation either by motion field or homography decomposition, and we use HOG features for registration on Google Map. We employ particle filter to conduct a coarse to fine search to localize the UAV. Offline test using aerial images collected by our quadrotor platform shows promising results as our approach eliminates the drift in dead-reckoning, and the small localization error indicates the superiority of our approach as a supplement to GPS.",include,high,"[""I1"", ""I2"", ""I3"", ""I4"", ""I5"", ""I6""]","UAV platform with primary GNSS-denied navigation contribution and quantitative results.",INCLUDE,I2
93,REC_0598,REC_0598.pdf,"Compact Passive Millimeter Wave Imager for Degraded Visual and GPS-Denied Navigation","T. Dillon; C. Schuetz; A. Wright; S. Kozacik; Z. El-Azom; S. Shi; D. Prather; A. Rutkowski",2019,,10.1109/RAPID.2019.8864251,IEEE_Xplore,"We present a passive millimeter wave imager for aerial vehicle navigation in degraded visual and GPS-denied environments. The sensor employs aperture synthesis imaging techniques with optical upconversion of millimeter wave signals and coherent reconstruction in the optical domain to enable a suitably small form factor.",include,high,"[""I1"", ""I2"", ""I3"", ""I4"", ""I5"", ""I6""]","UAV platform with primary GNSS-denied navigation contribution and quantitative results.",INCLUDE,I2
94,REC_0617,REC_0617.pdf,"Visual-Inertial Fusion for Indoor Autonomous Navigation of a Quadrotor Using ORB-SLAM","S. J. Haddadi; E. B. Castelan",2018,,10.1109/LARS/SBR/WRE.2018.00028,IEEE_Xplore,"This brief addresses the accuracy of the pose estimation of a Low-Cost Quadrotor using visual SLAM and sensor data fusion for making an autonomous indoor navigation in a known GPS-denied environment. To perform this approach, two kinds of modules are employed. For the former, a Simultaneous Localization and Mapping (SLAM) system is used. This SLAM system uses Oriented Fast and rotated BRIEF (ORB) features, also known as ORB_SLAM. The second module is Extended Kalman Filter (EKF) that is applied for combining the obtained pose from ORB_SLAM and Inertial Measurement Unit (IMU). Since in this paper the SLAM process is performed by the frontal monocular camera of Quadrotor, so developing scale factor estimation in order to calculate the scale of the map with minimum error is necessary. In addition, a Proportional Integral Derivative (PID) is utilized to conduct the maneuver of the robot. All of these processes are done by sending data via Wi-Fi to a ground station in order to perform the data processing. To show the performance of the proposed algorithm, two experiments are carried out on an AR-Drone 2.0 quadrotor. The first one is position holding that shows the robustness of the estimated position of the system in hovering situation after take-off. The second one is an indoor trajectory tracking that illustrates the difference between the downward camera output position and the estimated position.",include,high,"[""I1"", ""I2"", ""I3"", ""I4"", ""I5"", ""I6""]","UAV platform with primary GNSS-denied navigation contribution and quantitative results.",INCLUDE,I2
95,REC_0620,REC_0620.pdf,"Terrain Aided Planetary UAV Localization Based on Geo-referencing","X. Wan; Y. Shao; S. Zhang; S. Li",2022,,10.1109/TGRS.2022.3198745,IEEE_Xplore,"The autonomous real-time optical navigation of planetary unmanned aerial vehicle (UAV) is of the key technologies to ensure the success of the exploration. In such a GPS-denied environment, vision-based localization is an optimal approach. In this article, we proposed a terrain aided simultaneous localisation and mapping (SLAM) algorithm, which simultaneously reconstructs the 3-D map point of environment and estimates the location of a planet UAV based on preexisting digital elevation model (DEM). To directly georeference the onboard UAV images to the digital terrain model, a theoretical model is proposed to prove that topographic features of UAV image and DEM can be correlated in the frequency domain via cross power spectrum. To provide the six-DOF of the UAV, we developed an optimization approach, which fuses the geo-referencing result into an SLAM system via local bundle adjustment (LBA) to achieve robust and accurate vision-based navigation even in featureless planetary areas. To test the robustness and effectiveness of the proposed localization algorithm, a new dataset for planetary drone navigation is proposed based on simulation engine. The proposed dataset includes 40 200 synthetic drone images taken from nine planetary scenes with related DEM query images. Comparison experiments are carried out to demonstrate that over the flight distance of 33.8 km, the proposed method achieved an average localization error of 0.45 m, compared to 1.32 m by ORB-SLAM2 and 0.75 m by ORB-SLAM3, with the processing speed of 12 Hz, which will ensure real-time performance. We will make our datasets available to encourage further work on this topic.",include,high,"[""I1"", ""I2"", ""I3"", ""I4"", ""I5"", ""I6""]","UAV platform with primary GNSS-denied navigation contribution and quantitative results.",INCLUDE,I2
96,REC_0622,REC_0622.pdf,"Micro-Drone Ego-Velocity and Height Estimation in GPS-Denied Environments Using an FMCW MIMO Radar","J. Barra; T. Creuzet; S. Lesecq; G. Scorletti; E. Blanco; M. Zarudniev",2023,,10.1109/JSEN.2022.3229421,IEEE_Xplore,"In the context of autonomous navigation, the vehicle trajectory estimation and the detection of surrounding obstacles are two critical functionalities that must be robust to difficult environmental conditions (e.g., fog, dust, and snow) and the unavailability of infrastructure signals (e.g., GPS). With the advantage of remaining operable in low-visibility conditions, radar sensors are good candidates to detect obstacles in an autonomous navigation context. In this article, we show that radars can also be successfully used for real-time trajectory estimation. We address the case of an autonomous micro-drone intended for the exploration of piping networks and embedding a frequency-modulated continuous wave (FMCW) multi-input multioutput (MIMO) radar. We show that using a beamforming technique to virtually steer the radar field of view (FOV), we can simultaneously estimate the horizontal and vertical velocities of the drone as well as its height. These results are first validated through simulations based on experimental drone flight data and a radar simulator. Then, using an Infineon 77-GHz FMCW radar, we show, through real-world experiments, the high performance attainable with our solution.",include,high,"[""I1"", ""I2"", ""I3"", ""I4"", ""I5"", ""I6""]","UAV platform with primary GNSS-denied navigation contribution and quantitative results.",INCLUDE,I2
97,REC_0631,REC_0631.pdf,"Invited Speaker 1: Navigation without GPS for Unmanned Aerial Vehicles","L. Feng",2019,,10.1109/IConDA47345.2019.9034681,IEEE_Xplore,"In recent years, research and development of unmanned aerial vehicles (UAVs) have gained much attention in the academic and industrial communities worldwide. Extensive research and development have been done for UAVs to operate in complex and unknown environments, especially in GPS-denied environments. Consideration of a wide range of factors needs to be observed in such environments. Control systems for the unmanned vehicles are required to integrate, not only the basic input-output control laws but also the high-level functionalities for perception, decision making and task scheduling. Software systems for unmanned vehicles are required to perform tasks from hardware driving to the management of device operations, and from traditional input-output control law implementation to sensing, task scheduling and event management. In this talk, in-depth research in the advanced autonomous systems on UAVs is presented, involving automate flight process in GPS-denied environments, such as below the forest canopy or indoor environments, in which a board range of sensing and navigation technologies have been used. The sensors and algorithms plan the drones' flight paths, make sense of where they are, and to ensure that they do not collide with obstacles. All these are done automatically with no human intervention. The proposed systems have been successfully tested in both simulations and real flight experiments. Several related applications of the autonomous systems on UAVs will also be presented.",include,high,"[""I1"", ""I2"", ""I3"", ""I4"", ""I5"", ""I6""]","UAV platform with primary GNSS-denied navigation contribution and quantitative results.",INCLUDE,I2
98,REC_0639,REC_0639.pdf,"A Vision-Based Approach to Autonomous Landing of an eVTOL Aircraft in GPS-Denied Environments","F. V. Benitez; A. Rutherford; J. Van Hilst; E. Babcock; M. Schlief; L. Markussen",2023,,10.1109/DASC58513.2023.10311329,IEEE_Xplore,"This research paper describes an autonomous system developed by a team of undergraduate engineering students at Embry-Riddle Aeronautical University - Prescott with support from Wisk Aero. Autonomous systems enable an electric vertical takeoff and landing (eVTOL) aircraft to perform the fundamental duties of a pilot - aviate, navigate, and communicate - without human intervention. A prototype eVTOL system, implemented as a modular payload attached to the bottom of a commercially available drone, was developed and tested to operate from the final approach through the landing phase of flight. The prototype vision-based system identifies a landing zone, and calculates relative position and orientation position without reliance on Global Positioning System (GPS) capabilities, which is potentially vulnerable to interruption and disruption. In addition, the system utilizes a machine learning approach to identify if any obstructions impact the safety of landing the aircraft. Through the development of the prototype, the findings demonstrated the viability of a computer vision-based landing system to be used on an eVTOL aircraft for the purpose of autonomous advanced air mobility (AAM) solutions.",include,high,"[""I1"", ""I2"", ""I3"", ""I4"", ""I5"", ""I6""]","UAV platform with primary GNSS-denied navigation contribution and quantitative results.",INCLUDE,I2
99,REC_0644,REC_0644.pdf,"Autonomous Localization and Navigation for Drones Over Rivers","P. -C. Wu; Y. -Y. Chen; C. -L. Lin; H. Wang",2026,,10.1109/ACCESS.2025.3650454,IEEE_Xplore,"Uncrewed aerial vehicles (UAVs) are increasingly used for environmental monitoring and riverine studies; however, their dependence on Global Positioning System (GPS) localization is often compromised in forested areas, under bridges, or above highly dynamic water surfaces. Conventional vision-based navigation methods struggle with sparse textures and transient disturbances, leading to unstable positioning and drift. This paper presents a robust real-time visual?inertial navigation framework that integrates neural network?based optical flow estimation (NeuFlow v2), the Dynamic Divided Method (DDM), and inertial measurement unit (IMU) data through a Kalman Filter (KF). The DDM adaptively segments the optical-flow field according to water-surface dynamics and local texture stability, suppressing transient artifacts such as ripples and reflections, while the KF stabilizes state estimation by compensating for outliers and short-term measurement loss. Field experiments at Kangqiao, Green River, and Wu River sites demonstrate that DDM-enhanced visual odometry (VO) significantly improves robustness in low-texture and dynamic conditions. The fused framework combining NeuFlow v2, DDM, and KF achieves high trajectory similarity with GPS benchmarks, reduced drift, and enhanced spatial consistency. These findings validate a practical and effective solution for accurate UAV localization and autonomous environmental monitoring in GPS-degraded riverine environments.",include,high,"[""I1"", ""I2"", ""I3"", ""I4"", ""I5"", ""I6""]","UAV platform with primary GNSS-denied navigation contribution and quantitative results.",INCLUDE,I2
100,REC_0647,REC_0647.pdf,"Radiation Source Localization in GPS-Denied Environments Using Aerial Robots","F. Mascarich; T. Wilson; C. Papachristos; K. Alexis",2018,,10.1109/ICRA.2018.8460760,IEEE_Xplore,"This paper details the system and methods developed to enable autonomous nuclear radiation source localization and mapping using aerial robots in GPS-denied environments. A Thallium-doped Cesium Iodide (CsI(Tl)) scintillator and a Silicon Photomultiplier are combined with custom-built electronics for counting and spectroscopy, and the provided radiation measurements are pose-annotated using visual-inertial localization enabling autonomous operation in GPS-denied environments. Provided this capability, a strategy for radioactive source localization, as well as active source search path planning was developed. The proposed method is motivated and accounts for the limited endurance of the vehicle, which entails a very small amount of dwell points, and the fact that GPS-denied localization implies varying uncertainty of the robot's position estimate. The complete system is evaluated in multiple experimental studies using a small aerial robot and a Cesium-137 radiation source. As shown, accurate radioactive source localization is achieved, enabling efficient radiation mapping of indoor GPS-denied environments.",include,high,"[""I1"", ""I2"", ""I3"", ""I4"", ""I5"", ""I6""]","UAV platform with primary GNSS-denied navigation contribution and quantitative results.",INCLUDE,I2
101,REC_0652,REC_0652.pdf,"Reinforcement Learning-Based Autonomous UAV Navigation in Indoor Environments Towards Human Detection","V. Geeganage; L. Gamage; H. Weerathunga; C. Premachandra; B. H. Sudantha",2026,,10.1109/ICIPRoB69625.2026.11497788,IEEE_Xplore,"Unmanned Aerial Vehicles (UAVs) have become indispensable in search and rescue (SAR) missions by enabling rapid aerial reconnaissance in unstructured and GPS denied environments that are inaccessible to ground teams. Conventional autonomous navigation systems typically depend on heavy sensor suites such as LiDAR or reliable GPS signals, which are often impractical for lightweight and low-cost rescue drones operating in cluttered indoor spaces, including partially collapsed buildings in disaster zones. To address this limitation, this paper introduces a cost-effective, fully autonomous UAV navigation framework that leverages Deep Reinforcement Learning (DRL) to replace brittle rule-based decision logic with adaptive policy learning. The framework integrates real-time human detection using a monocular RGB camera and YOLOv8n, and evaluates two DRL strategies for autonomous indoor maneuvering toward detected humans, specifically Deep Q-Network (DQN) and Proximal Policy Optimization (PPO). Simulation results indicate that rule-based navigation shows low generalization to dynamic and unstructured conditions. Although DQN shows limited reliability, the PPO based agent achieves higher navigation success rates and more stable decision policies. The proposed system is further validated through Sim to Real transfer using a DJI Tello drone on indoor flight tasks, demonstrating practical deployment without expensive sensing hardware. The results confirm the feasibility of lightweight, low-cost, vision based autonomous UAV agents capable of adaptive indoor navigation toward detected humans.",include,high,"[""I1"", ""I2"", ""I3"", ""I4"", ""I5"", ""I6""]","UAV platform with primary GNSS-denied navigation contribution and quantitative results.",INCLUDE,I2
102,REC_0656,REC_0656.pdf,"Vision-Based UAV Localization by Aerial and Satellite Image Matching","H. -Y. Lin; P. -H. Chen; C. -W. Yeh",2026,,10.1109/ACCESS.2026.3684630,IEEE_Xplore,"The deployment of Unmanned Aerial Vehicles (UAVs) in tasks such as urban surveillance, disaster assessment, and logistics necessitates enhanced autonomous navigation capabilities. Traditionally, the localization of UAVs relies on Global Navigation Satellite Systems (GNSS). However, in urban canyons, indoor environments, or bad weather conditions, GNSS signals are prone to obstruction and interference, leading to degraded navigation performance. To overcome the limitations, the development of GNSS-denied alternative localization techniques has become an important topic. In this paper we present an UAV visual localization and heading estimation in GNSS-denied environments by matching the UAV overhead imagery with satellite maps. The proposed NavCLIP constructs an image database using satellite data and retrieves the best-matched by querying with aerial images. A homography matrix is then employed to estimate the UAV location and yaw angle. Due to the lack of publicly available datasets, this work collects an aerial and satellite image dataset (UAV-Satellite Dataset) for training and validation. The experimental results show strong localization performance on the Google Earth dataset, while UAV flight experiments exhibit larger localization errors under the real-world conditions. In addition, the proposed technique improves over the GeoCLIP baseline and achieves low heading estimation error. Code and dataset are available on GitHub at https://github.com/PHChenGit/NavCLIP",include,high,"[""I1"", ""I2"", ""I3"", ""I4"", ""I5"", ""I6""]","UAV platform with primary GNSS-denied navigation contribution and quantitative results.",INCLUDE,I2
103,REC_0687,REC_0687.pdf,"On the scalability of experimentally determined aerodynamic model for model-based navigation on a delta-wing UAV","P. Longobardi; J. Skaloud",2023,,10.1109/MetroAeroSpace57412.2023.10189996,IEEE_Xplore,"Model-based navigation is a promising approach for autonomous navigation of small drones in challenging conditions such as GNSS denied flight scenarios. However, the lack of analysis of aerodynamic model structure for model-based navigation applications on delta-wing UAVs, characterized by a reduced number of control surfaces, has hindered its practical implementation. In this study, we propose a methodology for generalizing an aerodynamic model experimentally determined for a specific platform to a family of platforms sharing comparable physical characteristics by employing in-flight tuning. The experimental results show that the proposed methodology significantly improves navigation performance under GNSS outage, compared to traditional autonomous navigation approaches, for the model adapted to a second delta-wing platform. This indicates that the proposed methodology can be used to adapt aerodynamic models to different delta-wing UAV platforms of similar size, enabling reliable model-based navigation in challenging environments. This work contributes to the advancement of autonomous navigation technology for small drones, particularly in applications where GNSS signals are unavailable or unreliable.",include,high,"[""I1"", ""I2"", ""I3"", ""I4"", ""I5"", ""I6""]","UAV platform with primary GNSS-denied navigation contribution and quantitative results.",INCLUDE,I2
104,REC_0688,REC_0688.pdf,"Single Vehicle Localization and Routing in GPS-Denied Environments Using Range-Only Measurements","S. Misra; B. Wang; K. Sundar; R. Sharma; S. Rathinam",2020,,10.1109/ACCESS.2019.2963286,IEEE_Xplore,"Path planning algorithms for unmanned aerial or ground vehicles rely on Global Positioning System (GPS) information for localization in many surveillance and reconnaissance applications. However, disruption of GPS signals, by intention or otherwise, can render these algorithms ineffective. This paper provides a way of addressing this issue by leveraging range information from additionally placed stationary objects in the environment called Landmarks (LMs). The placement of LMs and the route followed by the vehicle is posed as an integer program such that the total travel and LM placement cost is minimized. The proposed formulation of the optimization problem also allows for a limited field-of-view of the sensor on-board the vehicle. For instances that are hard to solve for optimal solutions using the integer program, we present two fast heuristics to find good feasible solutions. We provide a systematic framework and algorithms for the problem, and evaluate the system using numerical, simulation and experimental results.",include,high,"[""I1"", ""I2"", ""I3"", ""I4"", ""I5"", ""I6""]","UAV platform with primary GNSS-denied navigation contribution and quantitative results.",INCLUDE,I2
105,REC_0693,REC_0693.pdf,"Characterization and Testing of a High-Resolution Time-of-Flight Camera for Autonomous Navigation","R. Opromolla; G. Fasano; G. Rufino; M. Grassi",2018,,10.1109/MetroAeroSpace.2018.8453522,IEEE_Xplore,"This paper presents the results of research activities carried out to characterize and test the operation of a latest generation commercial, high-resolution Time-of-Flight (TOF) camera. The aim is to preliminary evaluate the achievable performance as well as potential limitations related to the use of this instrument for autonomous navigation purposes. Two fields of investigation have been identified: autonomous navigation of Unmanned Aerial Vehicles flying in GPS-denied environments; autonomous relative navigation between non-cooperative space objects. With reference to these applications, first, a metrological characterization has been operated within a laboratory setup. Second, experimental tests have been carried out by processing point clouds acquired by the TOF sensor with state-of-the-art algorithms (for depth-based odometry and non-cooperative pose determination, respectively).",include,high,"[""I1"", ""I2"", ""I3"", ""I4"", ""I5"", ""I6""]","UAV platform with primary GNSS-denied navigation contribution and quantitative results.",EXCLUDE,E1
106,REC_0701,REC_0701.pdf,"Vision-Based Autonomous Drone Navigation Using Deep Reinforcement Learning","N. Narole; D. Prasad; S. R. Gaikwad; S. S. Badhiye; B. Jolad; J. S. Nadaf",2026,,10.1109/ESCI68015.2026.11493377,IEEE_Xplore,"Vision-guided autonomous drone navigation has been a high-priority field of research with the rise of the need of intelligent unmanned aerial vehicles that can be used in complex, dynamic, and GPS-denied settings. The classical and rule-based methods of control do not tend to be generalizable to different visual conditions, obstacles, and environmental versions because of uncertainties. With this, this paper introduces a deep reinforcement learning (DRL)-based autonomous drone navigation framework based on vision, which combines perception, decision-making and control in one learning framework. The system that is proposed would develop autonomous navigation as a sequential decision-making problem, in which the drone would learn the best navigation policies by observing the visual data itself using an on-board camera. The representation of states, actions and rewards are developed to provide stable learning without violating operational limits, e.g. collision avoidance, flight stability and constrained onboard computation. Various DRA algorithms, such as Deep Q-Networks (DQN), Proximal Policy Optimization (PPO), Asynchronous Advantage Actor-Critic (A3C) and Soft Actor-Critic (SAC) are compared to determine whether each can be used in real-time aerial navigation tasks. The perception module is based on convolutional neural network (CNN) that is used to derive compact and informative visual features on the raw image streams, and thus effective environment perception without depending on handcrafted features. This includes reward shaping and exploration techniques that will hasten convergence and improve policy resilience.",include,high,"[""I1"", ""I2"", ""I3"", ""I4"", ""I5"", ""I6""]","UAV platform with primary GNSS-denied navigation contribution and quantitative results.",INCLUDE,I2
107,REC_0705,REC_0705.pdf,"Recursive Extended Finite-Memory Positioning Algorithm for Robust UAV Positioning in GNSS-Denied Environment","S. S. Lee; J. M. Pak; P. Shi; C. K. Ahn",2026,,10.1109/JIOT.2025.3629868,IEEE_Xplore,"Recently, the operational domain of uncrewed aerial vehicles (UAVs) has expanded from outdoor environments to indoor spaces such as factories, power plants, and tunnels. In these environments, where the Global Navigation Satellite Systems (GNSS) is unavailable, and the risk of collision with surrounding structures is high, a positioning system with high accuracy and fast update rates is essential. In this article, we propose a novel 3-D positioning algorithm for UAVs operating in a GNSS-denied environment. The proposed algorithm is based on sensor fusion of the inertial measurement unit (IMU) and ultra-wideband-based wireless sensor network (UWB-WSN). The proposed algorithm, referred to as the recursive extended finite-memory positioning (REFMP), features a unique finite-memory (FM) structure that estimates the current position using only a limited set of recent information. This FM structure endows the algorithm with robustness against measurement model errors, linearization errors, and uncertainties in initial position information. We evaluated the performance of the proposed algorithm through both simulations and real-world experiments under various challenging conditions, including UAV collisions with walls, aggressive maneuvers inducing sensor measurement errors, and scenarios with uncertain initial position information. By comparing the proposed algorithm with state-of-the-art UAV positioning algorithms based on IMU and sensor fusion, we demonstrate the superior positioning accuracy and robustness of REFMP under harsh conditions.",include,high,"[""I1"", ""I2"", ""I3"", ""I4"", ""I5"", ""I6""]","UAV platform with primary GNSS-denied navigation contribution and quantitative results.",INCLUDE,I2
108,REC_0706,REC_0706.pdf,"Towards Robust UAV Tracking in GNSS-Denied Environments: A Multi-LiDAR Multi-UAV Dataset","I. Catalano; X. Yu; J. P. Queralta",2023,,10.1109/ROBIO58561.2023.10354788,IEEE_Xplore,"With the increasing prevalence of drones in various industries, the navigation and tracking of unmanned aerial vehicles (UAVs) in challenging environments, particularly GNSS-denied areas, have become crucial concerns. To address this need, we present a novel multi-LiDAR dataset specifically designed for UAV tracking. Our dataset includes data from a spinning LiDAR, two solid-state LiDARs with different Field of View (FoV) and scan patterns, and an RGB-D camera. This diverse sensor suite allows for research on new challenges in the field, including limited FoV adaptability and multi-modality data processing.The dataset facilitates the evaluation of existing algorithms and the development of new ones, paving the way for advances in UAV tracking techniques. Notably, we provide data in both indoor and outdoor environments. We also consider variable UAV sizes, from micro-aerial vehicles to more standard commercial UAV platforms. The outdoor trajectories are selected with close proximity to buildings, targeting research in UAV detection in urban areas, e.g., within counter-UAV systems or docking for UAV logistics.In addition to the dataset, we provide a baseline comparison with recent LiDAR-based UAV tracking algorithms, benchmarking the performance with different sensors, UAVs, and algorithms. Importantly, our dataset shows that current methods have shortcomings and are unable to track UAVs consistently across different scenarios.The dataset is available on GitHub 1.",include,high,"[""I1"", ""I2"", ""I3"", ""I4"", ""I5"", ""I6""]","UAV platform with primary GNSS-denied navigation contribution and quantitative results.",INCLUDE,I2
109,REC_0713,REC_0713.pdf,"Autonomous UAV Pipeline Landing via Depth-LiDAR Fusion in GNSS-Denied Refineries","D. Tejero-Ruiz; M. A. Montes-Grova; F. J. P?rez-Grau; A. Viguria; A. Ollero",2026,,10.1109/LRA.2026.3662655,IEEE_Xplore,"Autonomous UAV inspection in industrial refineries demands precise landing on pipelines under GNSS-denied conditions. This work presents a complete software architecture that integrates LiDAR-based localization with a novel multi-sensor framework for pipeline perception and tracking. The proposed method processes dual 2D laser scans and fuses them with depth data through a temporal filter. This enables consistent mapping and tracking of pipelines, effectively rejecting spurious detections and maintaining a reliable scene representation. The system is validated both in controlled indoor experiments and through fully autonomous landing missions in a real refinery, demonstrating robust performance and accurate alignment with the target infrastructure.",include,high,"[""I1"", ""I2"", ""I3"", ""I4"", ""I5"", ""I6""]","UAV platform with primary GNSS-denied navigation contribution and quantitative results.",INCLUDE,I2
110,REC_0716,REC_0716.pdf,"Cooperative Search Area optimization using Multiple Unmanned Aerial Vehicles in a GPS-denied Environment","S. Misra; S. Biswas; A. A. Minai; R. Sharma",2019,,10.1109/ICUAS.2019.8798332,IEEE_Xplore,"This paper addresses the problem of maximizing surveillance area coverage using multiple Unmanned Aerial Vehicles (UAVs) in an obstacle-laden and Global Positioning System (GPS)-denied environment. The UAVs should achieve this objective using the shortest possible routes while staying inside the designated search space and avoiding the obstacles. To attain a desired area coverage, we divide the NP-hard multi-objective optimization problem of planning optimal routes for all UAVs into 3 parts: (a) optimizing search area coverage, (b) performing obstacle avoidance, and (c) using Cooperative Localization (CL) for state estimation. We demonstrate the efficiency of our algorithm through extensive simulations.",include,high,"[""I1"", ""I2"", ""I3"", ""I4"", ""I5"", ""I6""]","UAV platform with primary GNSS-denied navigation contribution and quantitative results.",INCLUDE,I2
111,REC_0719,REC_0719.pdf,"Autonomous landing of small unmanned aerial rotorcraft based on monocular vision in GPS-denied area","C. Miao; J. Li",2015,,10.1109/JAS.2015.7032912,IEEE_Xplore,"Focusing on the low-precision attitude of a current small unmanned aerial rotorcraft at the landing stage, the present paper proposes a new attitude control method for the GPS-denied scenario based on the monocular vision. Primarily, a robust landmark detection technique is developed which leverages the well-documented merits of supporting vector machines (SVMs) to enable landmark detection. Then an algorithm of nonlinear optimization based on Newton iteration method for the attitude and position of camera is put forward to reduce the projection error and get an optimized solution. By introducing the wavelet analysis into the adaptive Kalman filter, the high frequency noise of vision is filtered out successfully. At last, automatic landing tests are performed to verify the method's feasibility and effectiveness.",include,high,"[""I1"", ""I2"", ""I3"", ""I4"", ""I5"", ""I6""]","UAV platform with primary GNSS-denied navigation contribution and quantitative results.",INCLUDE,I2
112,REC_0752,REC_0752.pdf,"Cooperative localisation of UAVs in a GPS-denied environment using bearing measurements","L. Zhang; M. Ye; B. D. O. Anderson; P. Sarunic; H. Hmam",2016,,10.1109/CDC.2016.7798924,IEEE_Xplore,"This paper studies the problem of localising a Global Positioning System (GPS)-denied Unmanned Aerial Vehicle (UAV) in two-dimensional space. Suppose there are two vehicles, one which is equipped with GPS and the other is GPS-denied (but has an inertial navigation system (INS) and so is able to determine its trajectory in a local coordinate frame, but not a global coordinate frame). The GPS-equipped vehicle broadcasts its global coordinates to the GPS-denied vehicle and the GPS-denied vehicle also obtains, in its local coordinate frame, a bearing measurement of the GPS-equipped UAV. The paper shows that with four or more such measurements and generic trajectories of the two UAVs, localisation in a global coordinate frame of the GPS-denied UAV is achievable. Certain nongeneric trajectories for which localisation is impossible are also identified. While in the first instance, the solution assumes zero noise in the measurements, the techniques are then extended to deal with the presence of measurement noise.",include,high,"[""I1"", ""I2"", ""I3"", ""I4"", ""I5"", ""I6""]","UAV platform with primary GNSS-denied navigation contribution and quantitative results.",INCLUDE,I2
113,REC_0814,REC_0814.pdf,"Monocular Vision Aided Autonomous UAV Navigation in Indoor Corridor Environments","R. P. Padhy; F. Xia; S. K. Choudhury; P. K. Sa; S. Bakshi",2019,,10.1109/TSUSC.2018.2810952,IEEE_Xplore,"Deployment of autonomous Unmanned Aerial Vehicles (UAV) in various sectors such as disaster hit environments, industries, agriculture, etc., not only improves productivity but also reduces human intervention resulting in sustainable benefits. In this regard, we present a model for autonomous navigation and collision avoidance of UAVs in GPS-denied corridor environments. In the first stage, we suggest a fast procedure to estimate the set of parallel lines whose intersection would yield the position of the vanishing point (VP) inside the corridor. A suitable measure is then formulated based on the position of VP on the intersecting lines in reference to any of the image boundary axes. The knowledge of VP location alongside the formulated mechanism govern the necessary set of commands to safely navigate the UAV avoiding any collision with the side walls. Furthermore, the relative Euclidean distance scale expansion of matched scale-invariant keypoints in a pair of frames is taken into account to estimate the depth of a frontal obstacle; usually a wall at the end of the corridor. However, turbulence in the UAV arising due to its rotors or other external factors such as wind may introduce uncertainty in depth estimation. It is rectified with the help of a constant velocity aided Kalman filter model. Necessary set of control commands are then generated to avoid the frontal wall before collision. Exhaustive experiments in different corridors reveal the efficacy of the proposed scheme.",include,high,"[""I1"", ""I2"", ""I3"", ""I4"", ""I5"", ""I6""]","UAV platform with primary GNSS-denied navigation contribution and quantitative results.",INCLUDE,I2
114,REC_0816,REC_0816.pdf,"Feature 3D Gaussian Splatting for UAV-to-Ship Pose Estimation in GNSS-Denied Environments","A. Bernas; J. McConnell; J. Seargeant; L. DeVries",2026,,10.1109/ICUAS69441.2026.11598627,IEEE_Xplore,"Autonomous recovery of Unmanned Aerial Vehicles (UAVs) in maritime environments is challenged by dynamic ship motion, texture-poor surroundings, and vulnerabilities inherent to Global Navigation Satellite Systems (GNSS). To enable robust UAV state estimation relative to a naval vessel in GNSS-denied environments, this paper presents a novel vision-based pose estimation framework leveraging Feature 3D Gaussian Splatting (3DGS). Adopting STDLoc's sparse pose estimation framework, our approach bypasses computationally expensive dense rendering in favor of direct sparse 2D-3D matching. We extract 2D features from live monocular imagery using SuperPoint and match them against a compact set of view-consistent 3D Gaussian landmarks distilled via a Matching-Oriented Sampling strategy. The 6-DoF camera pose is then robustly recovered using a Perspective-n-Point (PnP) solver augmented with Locally Optimized RANSAC (LO-RANSAC). Experimental validation on a 1/24-scale naval Yard Patrol (YP) craft demonstrates centimeter-level translational accuracy (1.66 cm lateral, 2.28 cm vertical mean absolute errors) and near-degree rotational accuracy (0.90? roll, 1.17? yaw). This method eliminates the need for physical fiducial markers or precise CAD models, offering a scalable and highly accurate relative localization solution for autonomous maritime operations.",include,high,"[""I1"", ""I2"", ""I3"", ""I4"", ""I5"", ""I6""]","UAV platform with primary GNSS-denied navigation contribution and quantitative results.",INCLUDE,I2
115,REC_0824,REC_0824.pdf,"A Homography-Based Visual Servo Control Approach for an Underactuated Unmanned Aerial Vehicle in GPS-Denied Environments","H. Zhong; Y. Wang; Z. Miao; L. Li; S. Fan; H. Zhang",2023,,10.1109/TIV.2022.3163315,IEEE_Xplore,"This paper proposes a homography-based visual servo control approach for the stabilization of underactuated unmanned aerial vehicles in GPS-denied environments. A virtual homography matrix is proposed, and a new visual error vector is defined to obtain the passivity-like visual error equation. In addition, a homography-based online translation velocity estimator and a nonlinear backstepping visual servo control approach are addressed to promote fast maneuvering without linear velocity feedback. Unlike conventional homography-based visual servo control solutions that only guarantee the local stability in the equilibrium, the proposed control scheme can get the global stability in large offset. Simulation and experimental tests with a realistic quadrotor subject to the measurement noise are carried out to verify the robustness and performance of the control approach. In addition, the autonomous tracking experiment when the target speed is unpredictable are also reported.",include,high,"[""I1"", ""I2"", ""I3"", ""I4"", ""I5"", ""I6""]","UAV platform with primary GNSS-denied navigation contribution and quantitative results.",INCLUDE,I2
116,REC_0840,REC_0840.pdf,"GPS-Denied Drone Navigation via Cross-Domain Keypoint Matching","J. -W. Hsieh; H. -K. Chen",2026,,10.1109/ICIP61757.2026.11630202,IEEE_Xplore,"Precise cross-domain matching between Unmanned Aerial Vehicle (UAV), imagery and satellite maps is essential for navigation in GPS-denied environments but remains challenging due to drastic variations in scale and rotation. This paper proposes a geometry-aware matching framework that decouples the process into specialized extraction, description, and navigation modules. By incorporating a local patching strategy and the Grid-based Random Sample Consensu (GRANSAC) algorithm, the framework effectively mitigates geometric biases and spatial feature clustering. Experimental results on the MDAS dataset demonstrate that our method significantly outperforms SIFT[10] and SuperPoint[1] in both accuracy and robustness, providing reliable localization precision for autonomous UAV flight.",include,high,"[""I1"", ""I2"", ""I3"", ""I4"", ""I5"", ""I6""]","UAV platform with primary GNSS-denied navigation contribution and quantitative results.",INCLUDE,I2
117,REC_0857,REC_0857.pdf,"SwarmRaft: Leveraging Consensus for Robust Drone Swarm Coordination in GNSS-Degraded Environments","K. Dev; Y. Madhwal; S. Shevelo; P. Osinenko; Y. Yanovich",2026,,10.1109/JIOT.2025.3645453,IEEE_Xplore,"Uncrewed aerial vehicle (UAV) swarms are increasingly used in critical applications such as aerial mapping, environmental monitoring, and autonomous delivery. However, the reliability of these systems is highly dependent on uninterrupted access to the Global Navigation Satellite Systems (GNSS) signals, which can be disrupted in real-world scenarios due to interference, environmental conditions, or adversarial attacks, causing disorientation, collision risks, and mission failure. This article proposes SwarmRaft, a blockchain-inspired positioning and consensus framework for maintaining coordination and data integrity in UAV swarms operating under GNSS-denied conditions. SwarmRaft leverages the Raft consensus algorithm to enable distributed drones (nodes) to agree on state updates such as location and heading, even in the absence of GNSS signals for one or more nodes. In our prototype, each node uses GNSS and local sensing, and communicates over WiFi in a simulated swarm. Upon signal loss, consensus is used to reconstruct or verify the position of the failed node based on its last known state and trajectory. Our system demonstrates robustness in maintaining swarm coherence and fault tolerance through a lightweight, scalable communication model. This work provides a practical and secure approach for decentralized drone operation in unpredictable environments.",include,high,"[""I1"", ""I2"", ""I3"", ""I4"", ""I5"", ""I6""]","UAV platform with primary GNSS-denied navigation contribution and quantitative results.",INCLUDE,I2
118,REC_0859,REC_0859.pdf,"A Multimode Visual-Inertial Navigation Method for Fixed-wing Aircraft Approach and Landing in GPS-denied and Low Visibility Environments","X. Song; L. Zhang; Z. Zhai; G. Yu",2019,,10.1109/DASC43569.2019.9081785,IEEE_Xplore,"The landing safety is still one of the greatest challenges for fixed-wing aircraft, meanwhile not all airport runways are equipped with instrument landing system (ILS), and global positioning system (GPS) is not always available. It is necessary for aircraft to autonomously acquire high accuracy and stable navigation data during approach and landing in case of GPS loss and ILS unavailability. In this paper, we propose a multimode visual-inertial navigation method that combines the inertial measurement unit (IMU), the forward-looking infrared (FLIR) camera and the barometer into unscented kalman filter (UKF) adaptively according to flight height. In order to obtain accurate motion estimation, different sensing measurements are used at different flight phase. This proposed method run on three significant stages: 1) initial approach (flight height: 1000-200 feet), runway azimuth information and inertia data are fused to estimate aircraft motion; 2) precision approach (flight height: 200-100 feet), sparse runway features extracted from the FLIR images, airport geo-information and inertia data are integrated to obtain precise motion estimation; 3) precision landing (flight height: 100-0 feet), visual simultaneous localization and mapping (VSLAM)and inertial measurements are used to estimate motion states. A general aircraft is elaborately equipped with a short-wave infrared (SWIR) camera, an IMU, a barometer and a flight data recorder to collect real flight data for algorithm verification. Finally, the experimental results demonstrate that the proposed approach can be used for fixed-wing aircraft accurate approach and landing in low visibility and GPS-denied environments robustly. Furthermore, its accuracy has been reached to the level of Inertial/Differential GPS integration.",include,high,"[""I1"", ""I2"", ""I3"", ""I4"", ""I5"", ""I6""]","UAV platform with primary GNSS-denied navigation contribution and quantitative results.",INCLUDE,I2
119,REC_0866,REC_0866.pdf,"Autonomous Aerial Robots for Search and Rescue Missions","K. Sangeeta; S. B; A. Jain; V. Bhutani; L. K. Tyagi; K. A. Jabbar",2023,,10.1109/UPCON59197.2023.10434325,IEEE_Xplore,"Autonomous aerial robots, often referred to as drones, have demonstrated immense potential in enhancing the effectiveness and safety of search and rescue (SAR) operations. This paper presents a comprehensive study of the latest advancements in drone technology tailored for SAR missions. It examines the integration of sophisticated algorithms that empower drones with autonomous navigation, object recognition, and decision-making capabilities in complex and unstructured environments. The paper explores the deployment strategies of swarm intelligence for coordinated multi-drone operations, maximizing area coverage, and minimizing search time. Attention is given to the development of robust communication systems that enable drones to operate in GPS-denied areas and ensure reliable data transmission during critical missions. The research further delves into the endurance and adaptability of drones under varied climatic conditions, ensuring sustained operation during extended missions. A pivotal focus is placed on the ethical implications and safety protocols essential for the operation of autonomous aerial robots in SAR scenarios. Through simulation and field trials, the paper evaluates the operational readiness and efficacy of these systems. The findings suggest that incorporating autonomous aerial robots significantly increases the efficiency of SAR missions, providing a safer alternative to human-led operations while reducing operational costs and response times.",include,high,"[""I1"", ""I2"", ""I3"", ""I4"", ""I5"", ""I6""]","UAV platform with primary GNSS-denied navigation contribution and quantitative results.",EXCLUDE,E1
120,REC_0870,REC_0870.pdf,"Recent Trends, Techniques, and Applications of Automated Based Autonomous Drones","H. M. Raghuwanshi; G. Dhopavkar",2026,,10.1109/ICEI65890.2026.11447876,IEEE_Xplore,"This paper presents a structured survey and comprehensive synthesis of influential research on autonomous drones, focusing on their development, applications, and performance evaluation. The studies span multiple domains, including medical delivery, agricultural automation, military surveillance, swarm coordination, urban navigation, and last-mile logistics. Techniques such as deep learning, fuzzy logic, reinforcement learning, SLAM, and LLM-based adaptive navigation have been applied and evaluated using both simulations and field deployments. Representative parameters include navigation accuracy, latency, battery life, payload capacity, flight time, and delivery efficiency. To complement this analysis, we highlight real-world drone deployments such as Zipline (medical logistics), Wing (urban parcel delivery), and Matternet (hospital supply chains), thereby linking experimental findings to operational viability. Emerging trends include the rise of Automated-driven autonomy, integration with mobile and cloud applications, GPS-denied navigation, and use in fire detection, infrastructure inspection, and healthcare delivery. However, gaps remain in privacy-preserving data usage, Automated responsibility, benchmarking standards, and commercial viability assessments. This survey identifies opportunities for future research toward scalable, context-aware, and ethically aligned deployment of autonomous drones.",include,high,"[""I1"", ""I2"", ""I3"", ""I4"", ""I5"", ""I6""]","UAV platform with primary GNSS-denied navigation contribution and quantitative results.",INCLUDE,I2
121,REC_0896,REC_0896.pdf,"Robust autonomous flight and mission management for MAVs in GPS-denied environments","Y. Bi; M. Lan; J. Li; K. Zhang; H. Qin; S. Lai; B. M. Chen",2017,,10.1109/ASCC.2017.8287144,IEEE_Xplore,"This paper addresses the problem of autonomous flight in GPS-denied environments. We present our systematic solution with integrated hardware and software design, robust state estimation and mission management. A micro aerial vehicle (MAV) equipped with 2D laser scanner, camera, on-board computer and flight controller is designed and constructed to realize our flight missions. The 2D laser-based localization and Kalman filter-based sensor fusion provide a robust state estimation for the MAV. We also design a task tree-based mission management method to handle a complete mission with multiple tasks. Moreover, vision-based detection algorithms complement various tasks, such as target searching and precision landing. Extensive experimental results demonstrate the robustness and effectiveness of the overall integrated system. It was also validated by our championship winning in Singapore Amazing Flight Machine Competition (SAFMC) 2017.",include,high,"[""I1"", ""I2"", ""I3"", ""I4"", ""I5"", ""I6""]","UAV platform with primary GNSS-denied navigation contribution and quantitative results.",INCLUDE,I2
122,REC_0932,REC_0932.pdf,"Development of a Plug-and-Play Infrared Landing System for Multirotor Unmanned Aerial Vehicles","E. Nowak; K. Gupta; H. Najjaran",2017,,10.1109/CRV.2017.23,IEEE_Xplore,"Precise landing of multirotor unmanned aerial vehicles (UAVs) in confined, GPS-denied and vision-compromised environments presents a challenge to common autopilot systems. In this work we outline an autonomous infrared (IR) landing system using a ground-based IR radiator, UAV-mounted IR camera, and image processing computer. Previous work has focused on UAV-mounted IR sources for UAV localization, or systems using multiple distributed ground-based IR sources to estimate UAV pose. We experimented with the use of a single ground-based IR radiator to determine the UAV's relative location in three-dimensional space. The outcome of our research significantly simplifies the landing zone setup by requiring only a single IR source, and increases operational flexibility, as the vision-based system adapts to changes in landing zone position. The usefulness of our system is especially demonstrated in vision-compromised applications such as nighttime operations, or in smoky environments observed during forest fires. We also evaluated a high-power IR radiator for future research in the field of outdoor autonomous point-to-point navigation between IR sources where GPS is unavailable.",include,high,"[""I1"", ""I2"", ""I3"", ""I4"", ""I5"", ""I6""]","UAV platform with primary GNSS-denied navigation contribution and quantitative results.",INCLUDE,I2
123,REC_0951,REC_0951.pdf,"PSS-LIO A Computationally Efficient LiDAR-Inertial Odometry Framework for UAV Building Inspection via Geometric Predictability and Structure Prior Learning","Y. Wang; R. Qiu; A. Tang; L. Li; W. Li; S. Wan; X. Li",2026,,10.1109/TIM.2026.3709427,IEEE_Xplore,"Unmanned aerial vehicle (UAV)-based building inspection demands accurate and computationally efficient state estimation in GNSS-denied environments. Existing LiDAR-inertial odometry (LIO) systems suffer from suboptimal observation utilization: frame-based and point-by-point methods process observations without exploiting geometric predictability, scalar information metrics risk observability degradation by conflating directional constraints, and recent plane merging methods improve map quality but do not feed learned structure back into state estimation. This article presents PSS-LIO, a building-inspection-oriented LIO framework integrating three complementary mechanisms. First, a prediction-based coarse filtering mechanism bypasses observations conforming to range predictions from mapped surfaces. Second, an information-driven fine selection strategy decomposes Fisher Information along state subspaces, enabling multiresolution updates with directional coverage guarantees. Third, a structure-prior guided update mechanism learns dominant surface orientations online as adaptive soft constraints, directly enhancing state estimation rather than merely improving map representation. Experiments on public datasets and real-world UAV deployments demonstrate that PSS-LIO achieves consistent accuracy improvements while substantially reducing computational requirements. Code will be available at: https://github.com/KerouacDlg/PSS-LIO",include,high,"[""I1"", ""I2"", ""I3"", ""I4"", ""I5"", ""I6""]","UAV platform with primary GNSS-denied navigation contribution and quantitative results.",INCLUDE,I2
124,REC_0960,REC_0960.pdf,"Cooperative Visual Inertial Odometry for Heterogeneous Swarm of Drones Navigating in Noisy Environments","K. C. Atik; E. Erdogan; A. Y. Yahsi; F. Kara; B. Yalcin; G. Cetin; N. K. Ure",2022,,10.1109/ISIE51582.2022.9831647,IEEE_Xplore,"This paper presents a methodology for enhancing the localization performance of drone swarms by collaborative propagation of the estimates of drones equipped with higher cost sensors to the drones with lower-cost sensors. Although recent advances in visual-inertial odometry (VIO) enabled good performance in GPS denied environments, the localization performance is still highly dependent on the accuracy of inertial sensors. Moreover, environmental effects that corrupt visual inputs also contribute to the error rate of VIO estimates thus localization in noisy environments with low-grade sensors is still widely an open problem. We show that this problem can be alleviated when drones are navigating in the form of a swarm, and the relative distance measurements between drones are available through ultra-wideband (UWB) signals. In particular, we develop a collaborative Kalman filtering and optimization framework, where the drones with lower grade sensors receive updates from drones that have access to higher-quality measurements. We validate our approach in a simulation environment with realistic visual representations and show that the proposed methodology can significantly improve the localization performance, especially for the scenarios where the camera measurements are corrupted with high noise. We further present results in simplistic flight tests to demonstrate the applicability of our approach to real hardware.",include,high,"[""I1"", ""I2"", ""I3"", ""I4"", ""I5"", ""I6""]","UAV platform with primary GNSS-denied navigation contribution and quantitative results.",INCLUDE,I2
125,REC_0961,REC_0961.pdf,"Multimodal Image Registration for GPS-denied UAV Navigation Based on Disentangled Representations","H. Li; Z. Liu; Y. Lyu; F. Wu",2023,,10.1109/ICRA48891.2023.10161567,IEEE_Xplore,"Visual navigation plays an important role for Unmanned Aerial Vehicles(UAVs). In some applications, the landmark image and the real-time image may be heterogeneous, like near-infrared and visible images. In this work, we propose a multimodal image registration method to deal with near-infrared and visible images so that it can be applied to visual navigation system for the localization of UAVs in GPS-denied environments. At first, a new feature extraction strategy is developed to embed different modalities of images into the common feature space based on disentangled representations. Such common space is independent of the image modality, and this can eliminate the modality differences. Meanwhile, an intensity loss is introduced to measure the similarity of mono-modal images. In the proposed method, we can directly predict the transformation parameters and thus accelerates the localization of UAV s. Extensive experiments on synthetic datasets are conducted to demonstrate the validity of our method, and the experimental results show that the proposed method can effectively improve the localization accuracy.",include,high,"[""I1"", ""I2"", ""I3"", ""I4"", ""I5"", ""I6""]","UAV platform with primary GNSS-denied navigation contribution and quantitative results.",INCLUDE,I2
126,REC_0973,REC_0973.pdf,"Landmark Placement for Localization in a GPS-denied Environment","K. Sundar; S. Srinivasan; S. Misra; S. Rathinam; R. Sharma",2018,,10.23919/ACC.2018.8431886,IEEE_Xplore,"Path planning algorithms for unmanned aerial or ground vehicles, in many surveillance applications, rely on Global Positioning System (GPS) information for localization. However, disruption of GPS signals, by intention or otherwise, can render these plans and algorithms ineffective. This article provides a way of addressing this issue by utilizing stationary landmarks to aid localization in such GPS-disrupted or GPS-denied environment. In particular, given the vehicle's path, we formulate a landmark-placement problem and present algorithms to place the minimum number of landmarks while satisfying the localization, sensing, and collision-avoidance constraints. The performance of such a placement is also evaluated via extensive simulations on ground robots.",include,high,"[""I1"", ""I2"", ""I3"", ""I4"", ""I5"", ""I6""]","UAV platform with primary GNSS-denied navigation contribution and quantitative results.",INCLUDE,I2
127,REC_0981,REC_0981.pdf,"Multi-sensor Data Analysis in Terms of Autonomous Drone Flight without GPS","G. Issassis; P. Marco?; J. Janou?ek; L. Venkrbec",2023,,10.1109/PIERS59004.2023.10221335,IEEE_Xplore,"The paper focuses on the movement of a drone without a GPS (Global Positioning System) signal. For this purpose, different types of sensors and their output data are described. In order to realize a flight without GPS, several steps need to be done such as data description and analysis and its correlation with GPS coordinates during the research. For data analysis, data from airspeed sensor, barometer, compass, GPS sensor, gyroscope sensor, accelerometer sensor and rangefinders sensor were used. Based on the correlation dependencies obtained, software for autonomous flight without GPS was designed.",include,high,"[""I1"", ""I2"", ""I3"", ""I4"", ""I5"", ""I6""]","UAV platform with primary GNSS-denied navigation contribution and quantitative results.",INCLUDE,I2
128,REC_0986,REC_0986.pdf,"Field Test Results of GNSS-denied Inertial Navigation aided by Phased-array Radio Systems for UAVs","K. Gryte; T. H. Bryne; S. M. Albrektsen; T. A. Johansen",2019,,10.1109/ICUAS.2019.8798057,IEEE_Xplore,"Unmanned aerial vehicles (UAVs) often depend on global navigation satellite systems (GNSS) and magnetic compasses for navigation, making them exposed to malicious attacks and sensitive to magnetic anomalies, while restricting operations to within GNSS coverage. By rather relying on inertial navigation aided by spherical position measurements from a phased-array radio system (PARS), these vulnerabilities are avoided. The navigation system relies on a multiplicative extended Kalman filter for state corrections, and on outlier rejection to mitigate effects of radio reflections. Field testing shows that, despite the higher levels of noise in the PARS signal, the PARS-based position, velocity and attitude estimates are satisfactory when compared to the autopilot based attitude and velocity and the real-time kinematic (RTK) GNSS position reference solution.",include,high,"[""I1"", ""I2"", ""I3"", ""I4"", ""I5"", ""I6""]","UAV platform with primary GNSS-denied navigation contribution and quantitative results.",INCLUDE,I2
129,REC_0993,REC_0993.pdf,"Fast, autonomous flight in GPS-denied and cluttered environments","Mohta K.; Watterson M.; Mulgaonkar Y.; Liu S.; Qu C.; Makineni A.; Saulnier K.; Sun K.; Zhu A.; Delmerico J.; Karydis K.; Atanasov N.; Loianno G.; Scaramuzza D.; Daniilidis K.; Taylor C.J.; Kumar V.",2018,,10.1002/rob.21774,Scopus,"One of the most challenging tasks for a flying robot is to autonomously navigate between target locations quickly and reliably while avoiding obstacles in its path, and with little to no a priori knowledge of the operating environment. This challenge is addressed in the present paper. We describe the system design and software architecture of our proposed solution and showcase how all the distinct components can be integrated to enable smooth robot operation. We provide critical insight on hardware and software component selection and development and present results from extensive experimental testing in real-world warehouse environments. Experimental testing reveals that our proposed solution can deliver fast and robust aerial robot autonomous navigation in cluttered, GPS-denied environments. ? 2017 Wiley Periodicals, Inc.",include,high,"[""I1"", ""I2"", ""I3"", ""I4"", ""I5"", ""I6""]","UAV platform with primary GNSS-denied navigation contribution and quantitative results.",INCLUDE,I2
130,REC_0994,REC_0994.pdf,"Automated localization of UAVs in GPS-denied indoor construction environments using fiducial markers","Nahangi M.; Heins A.; McCabe B.; Schoellig A.",2018,,10.22260/isarc2018/0012,Scopus,"Unmanned Aerial Vehicles (UAVs) have opened a wide range of opportunities and applications in different sectors including construction. Such applications include: 3D mapping from 2D images and video footage, automated site inspection, and performance monitoring. All of the above-mentioned applications perform well outdoors where GPS is quite reliable for localization and navigation of UAV?s. Indoor localization and consequently indoor navigation have remained relatively untapped, because GPS is not sufficiently reliable and accurate in indoor environments. This paper presents a method for localization of aerial vehicles in GPS-denied indoor construction environments. The proposed method employs AprilTags that are linked to previously known coordinates in the 3D building information model (BIM). Using cameras on-board the UAV and extracting the transformation from the tag to the camera?s frame, the UAV can be localized on the site. It can then use the previously computed information for navigation between critical locations on construction sites. We use an experimental setup to verify and validate the proposed method by comparing with an indoor localization system as the ground truth. Results show that the proposed method is sufficiently accurate to perform indoor navigation. Moreover, the method does not intensify the complexity of the construction execution as the tags are simply printed and placed on available surfaces at the construction site. ? ISARC 2018 - 35th International Symposium on Automation and Robotics in Construction and International AEC/FM Hackathon: The Future of Building Things. All rights reserved.",include,high,"[""I1"", ""I2"", ""I3"", ""I4"", ""I5"", ""I6""]","UAV platform with primary GNSS-denied navigation contribution and quantitative results.",INCLUDE,I2
131,REC_0995,REC_0995.pdf,"Experimentation of Monocular Visual-Aided Inertial Navigation on Fixed-Wing Unmanned Aerial Vehicle ?","Sivalingam B.; Hagen O.K.",2023,,10.3390/ENC2023-15476,Scopus,"This paper presents an experimental study utilizing the vision-aided inertial navigation system (VaINS) on a fixed-wing unmanned aerial vehicle (UAV). VaINS operates as a data-logging box, collecting sensor data, processing them, and transmitting the navigation solution to an operator terminal in real time. The flight data contain buildings, vegetation, a river, a lake, and mountains. The camera?s pitch angle was tested at both a grazing angle of 22? and a nadir angle of 90?. The aim of this experiment was twofold: to explore the application of VaINS on a fixed-wing UAV and to assess the performance of the image-aided navigation system. The image-aided inertial navigation system (INS) solution was compared with a reference solution during GNSS-denied time intervals. The camera?s pitch angle at 90? exhibited a slight advantage over the grazing angle at 22?. Moreover, in the linear flight segments, the image-aided navigation system demonstrated significantly better performance compared to the free inertial solution during the GNSS-denied periods. ? 2023 by the authors.",include,high,"[""I1"", ""I2"", ""I3"", ""I4"", ""I5"", ""I6""]","UAV platform with primary GNSS-denied navigation contribution and quantitative results.",INCLUDE,I2
132,REC_1001,REC_1001.pdf,"Perception and navigation for an autonomous quadrotor in GPS-denied environments","Saeedi S.; Nagaty A.; Thibault C.; Trentini M.; Li H.",2016,,10.2316/Journal.206.2016.6.206-4434,Scopus,"Robots need autonomous navigation to complete their tasks efficiently. This becomes more challenging in GPS-denied environments where positioning information is not available. For small flying robots and quadrotors, inherent limitations such as limited sensor payload and small system time-constant add another layer of challenge to the problem. This paper presents a solution for autonomous navigation of a quadrotor rotorcraft by performing autonomous behaviours, such as exploration, returning home, or following waypoints. The solution relies on accurate localization, mapping, and navigation between waypoints. Multiple tests were performed in simulated and real-world environments to show the effectiveness of the proposed solution.",include,high,"[""I1"", ""I2"", ""I3"", ""I4"", ""I5"", ""I6""]","UAV platform with primary GNSS-denied navigation contribution and quantitative results.",INCLUDE,I2
133,REC_1002,REC_1002.pdf,"An integrated UAV navigation system based on geo-registered 3D point cloud","Zhang S.; Wang S.; Li C.; Liu G.; Hao Q.",2017,,10.1109/MFI.2017.8170396,Scopus,"The autonomous navigation of unmanned aerial vehicles (UAVs) require a lot of sensing modalities to improve their cruise efficiency. This paper presents a system for autonomous navigation and path planning of UAVs in GPS-denied environment based on the fusion of geo-registered 3D point clouds with proprioceptive sensors (IMU, odometry and barometer) and the 2D Google maps. The contributions of this paper are illustrated as follows: 1) combination of 2D map and geo-registered 3D point clouds; 2) registration of local point cloud to global geo-registered 3D point clouds; 3) integration of visual odometry, IMU, GPS and barometer. Experiment and simulation results demonstrate the efficacy and robustness of the proposed system. ? 2017 IEEE.",include,high,"[""I1"", ""I2"", ""I3"", ""I4"", ""I5"", ""I6""]","UAV platform with primary GNSS-denied navigation contribution and quantitative results.",INCLUDE,I2
134,REC_1006,REC_1006.pdf,"A comprehensive survey on autonomous UAV navigation and control systems","Izakshiri A.; Tajrishi N.J.; Madinei H.S.; Azad P.A.; Ahmadi S.",2026,,10.1007/s40435-026-02068-3,Scopus,"This survey presents a systematic analysis of recent advancements in autonomous unmanned aerial vehicles (UAVs), focusing on their navigation and control systems. The paper provides a critical overview of the key technologies in navigation and control systems that enhance UAV autonomy. It focuses on three main aspects: perception and state estimation (navigation, target tracking, GNSS-denied environments); path planning (obstacle avoidance, autonomous takeoff/landing); and operating conditions (wind disturbances, night efficiency). Our findings highlight that critical developments, including vision-based and hybrid navigation frameworks, reinforcement learning methods, and energy-aware planning, are significantly advancing UAV capabilities, especially in terms of navigation in GPS-denied environments, path efficiency, energy optimization, and multi-UAV communication. The contributions of this survey include a unified taxonomy linking the perception, control, and energy subsystems, the identification of essential open research gaps, and the provision of structured recommendations to guide future research. Furthermore, by synthesizing a wide range of technologies, the survey identifies current challenges and points to future research opportunities for achieving safe, efficient, and fully autonomous UAV operation. ? The Author(s), under exclusive licence to Springer-Verlag GmbH Germany, part of Springer Nature 2026.",include,high,"[""I1"", ""I2"", ""I3"", ""I4"", ""I5"", ""I6""]","UAV platform with primary GNSS-denied navigation contribution and quantitative results.",INCLUDE,I2
135,REC_1007,REC_1007.pdf,"Robust geo-localization of UAVSAR in GPS-Denied environments using deep cross-modality matching with google Earth imagery","Naanjam R.; Ebadi H.; Farnood Ahmadi F.",2026,,10.1007/s12518-026-00694-2,Scopus,"The use of Unmanned Aerial Vehicles (UAVs) is rapidly increasing, making accurate localization essential for safe and reliable navigation. However, GPS signals can become unreliable or entirely unavailable in urban canyons, mountainous terrain, or environments with intentional interference. While many vision-based navigation methods rely on optical imagery, the potential of UAV-borne Synthetic Aperture Radar (UAVSAR) which performs reliably in all-weather and day?night conditions has received relatively little attention.This study presents a new three-stage geo-localization framework specifically designed for UAVSAR imagery: (1) coarse region retrieval by matching each UAVSAR image against low-resolution satellite tiles, (2) fine image alignment within the selected region using high-resolution reference imagery, and(3) final localization based on affine transformation estimation with compensation for the side-looking geometry of SAR. The feature extraction and matching process is driven by a Convolutional Multi-Scale Network with a ResNet-50 backbone, trained to learn robust, invariant features from image pairs captured under varying illumination, viewpoint, and sensor modality. Keypoints are extracted from intermediate feature maps, and mismatches are removed using adaptive distance filtering and RANSAC-based geometric verification. Experiments on a UAVSAR dataset covering more than 46,000?km? and 12 diverse flight paths demonstrate that the proposed method achieves RMSE values between 1.83 and 2.86?m (average 2.23?m) and yields a high Recall@1 in the coarse-retrieval stage.Compared with existing cross-modality matching approaches, the proposed framework consistently achieves higher retrieval accuracy and demonstrates more reliable operational performance.Training and testing across geographically distinct regions further confirm the strong generalization capability of the method.Overall, the results show that SAR-based visual navigation is a practical and robust alternative for GPS-limited or GPS-denied environments, offering a structured multi-stage pipeline and a cross-modality matching strategy that clearly distinguish it from prior work. ? The Author(s), under exclusive licence to Societ? Italiana di Fotogrammetria e Topografia (SIFET) 2026.",include,high,"[""I1"", ""I2"", ""I3"", ""I4"", ""I5"", ""I6""]","UAV platform with primary GNSS-denied navigation contribution and quantitative results.",INCLUDE,I2
136,REC_1011,REC_1011.pdf,"Real-time unmanned aerial system (UAS) based interference localization in a GNSS denied environment","Perkins A.; Chen Y.-H.; Lo S.; Lee C.; David Powell J.",2019,,10.33012/2019.16992,Scopus,"An unmanned aerial system (UAS) based system has been developed to be able to rapidly localize the source of GNSS interference to minimize the impact interference would have on critical infrastructure, such as an airport. Previously, the project, known as Jammer Acquisition with GPS Exploration and Reconnaissance or JAGER, has demonstrated capabilities of localizing a signal source in real time by physically rotating the antenna, however this approach proved to be a slow approach to localization [1]. Since that demonstration, the sensor has been upgraded to be electronically steered, the localizing algorithm and path planning has been improved to account for the higher rate of bearing measurements, and a GNSS independent navigation system has been developed. Each of these pieces have been demonstrated individually in both flight tests and simulation, however, until now, the full system has not been operated together in real-time [2]-[4]. This paper presents the real-time implementation of all the core sub-systems making up the JAGER platform working together to localizing a signal source in a GNSS denied environment. The JAGER system is made up of three sub-systems: the interference localization system, a GNSS denied navigation system, and a path planning system. The interference localization system is comprised of an electronically beam steered antenna making signal strength measurements to create received signal strength (RSS) patterns from which bearing information can be used to estimate the RFI source location. The GNSS denied navigation system is built around using optical flow from a gimbal stabilized FLIR Systems Boson infrared (IR) camera to measure velocity and in turn estimate the position of the vehicle. Finally, the path planning system sends velocity commands to the autopilot to fly a desired trajectory to get the best bearing measurements for estimating the RFI source. Flight tests were performed at Edwards Air Force Base with a 2W, 5MHz wide, 2.48 GHz signal source being localized by JAGER. The GNSS denied environment was created in software by disabling the use of GNSS by the autopilot for real time guidance and control. The flight tests were conducted at night, in the early morning (pre-sunrise), and in the late morning to stress test the IR based vision system and demonstrate the capabilities in a range of time periods. The location chosen at Edwards Air Force Base also consisted of a large hangar door that presented ?urban environment?-like challenges (namely reflections of the signal source). The flight tests comprised of 35 different mission attempts, where a mission consists of starting from a known location and fully autonomously executing the localization of the signal source with no user interaction until the source was determined to be localized. Of the 35 different mission attempts, 16 successfully localized the signal source with an average final 2D localization error of 13m, and the vision system demonstrated a drift rate of 4% and 6.1% during the day and night, respectively. ? 2019, Institute of Navigation.",include,high,"[""I1"", ""I2"", ""I3"", ""I4"", ""I5"", ""I6""]","UAV platform with primary GNSS-denied navigation contribution and quantitative results.",INCLUDE,I2
137,REC_1014,REC_1014.pdf,"Cooperative UAV Swarm Communication Networks for Rapid Disaster Assessment in GPS-Denied Environments","Wang P.; Li J.; Wei J.; Shi L.; Hou B.; Xie F.",2026,,10.3390/drones10050355,Scopus,"Timely situational awareness is essential in disaster management but normal Unmanned Aerial Vehicle (UAV) flight cannot take place when the Global Positioning System (GPS) signals are blocked or jammed. This paper addresses the issue of swarm cohesion and localization in these hostile conditions. We present a Cooperative Swarm-Mesh Network (CSMN), a hybrid structure that can alternate between an implicit Silent Mode and an explicit Leader?Follower mode based on distributed Extended Kalman Filters (DEKFs) in the face of communication failures. The system takes advantage of convex polygon decomposition to optimize the coverage in the area. The use of simulation studies with NS-3 and ROS has shown that the proposed framework can retain sub-meter localization error (RMSE < 0.9 m) in GPS-denied environments and provide 92% coverage of the area, which is 35% higher than the coverage with other baseline approaches. Within the simulated conditions evaluated using Gazebo/NS-3, sensor drift and network vulnerability are effectively addressed by the CSMN framework. These simulation-based results offer a promising blueprint for autonomous disaster evaluation, pending hardware-in-the-loop and field validation. Validation is conducted across two qualitatively distinct simulated environments: dense urban rubble and a sparse open field. Performance advantages generalise beyond a single test configuration, with mean localization RMSE remaining below 0.85 m in both scenarios. ? 2026 by the authors.",include,high,"[""I1"", ""I2"", ""I3"", ""I4"", ""I5"", ""I6""]","UAV platform with primary GNSS-denied navigation contribution and quantitative results.",INCLUDE,I2
138,REC_1017,REC_1017.pdf,"A Real-Time Simulator for Navigation in GNSS-Denied Environments of UAV Swarms","Zhang H.; Miao C.; Zhang L.; Zhang Y.; Li Y.; Fang K.",2023,,10.3390/app132011278,Scopus,"Featured Application: The findings presented herein can be directly applied for the development of navigation algorithms in gnss-denied environments. Accurate localization is the foundation of unmanned aerial vehicle (UAV) swarm applications in the global navigation satellite system (GNSS)-denied environment. However, the implementation of UAV formation in the real world is costly and time-consuming, which leads to difficulties in developing navigation algorithms. A real-time simulator for navigation in GNSS-denied environments is proposed, which includes world, model, controller, scene matching navigation (SMN), relative navigation and formation controller modules. Each module can be modified, which means that users can test their own algorithms. A novel inertial-aided SMN (ISMN) algorithm is developed and a relative navigation method that does not rely on inter communication is proposed. ISMN and relative navigation based on a camera and ultrawideband (UWB) are tested on the platform. Based on the developed simulation system, the navigation algorithms can be verified easily, which can reduce the time and personnel requirements during flight testing. ? 2023 by the authors.",include,high,"[""I1"", ""I2"", ""I3"", ""I4"", ""I5"", ""I6""]","UAV platform with primary GNSS-denied navigation contribution and quantitative results.",INCLUDE,I2
139,REC_1018,REC_1018.pdf,"OPsCV: A Robust Framework for Aerial Navigation under Global Positioning System Denied Conditions","Xavier N.A.Z.; Shiguemori E.H.; Maximo M.R.O.D.A.",2026,,10.1590/jatm.v18.1413,Scopus,"Unmanned aerial vehicles (UAVs) rely heavily on the global navigation satellite system (GNSS) for accurate localization. However, GNSS signals are often unavailable or unreliable in contested or cluttered environments. This study presents the optimized pose prediction and cross-view (OPsCV), a robust and adaptable navigation framework that integrates deep inertial odometry with a simulated cross-view geolocalization module through an error-state Kalman filter. The system enables dynamic switching from GNSS-based positioning to a fused solution that combines inertial and vision-based estimates as GNSS signal quality degrades. The framework was evaluated using real UAV flight data under persistent GNSS denial, with results demonstrating reliable pose estimation and improved positioning accuracy compared to the UAV?s internal navigation system. The OPsCV method maintained performance even with sparse cross-view updates, confirming its resilience under conservative operational conditions. These findings highlight the potential of fusing learned inertial measurements with statistical vision-based localization for autonomous aerial navigation in GNSS-denied environments. ? 2026, Departamento de Ciencia e Tecnologia Aeroespacial. All rights reserved.",include,high,"[""I1"", ""I2"", ""I3"", ""I4"", ""I5"", ""I6""]","UAV platform with primary GNSS-denied navigation contribution and quantitative results.",INCLUDE,I2
140,REC_1019,REC_1019.pdf,"Multi-Sensor Fusion SLAM for Interceptor UAVs in GNSS-Denied Environments: A Review","Liu B.; Shi J.; Gong Y.; Li C.; Li H.",2026,,10.1109/JSEN.2026.3720978,Scopus,"With the rapid development of interceptor unmanned aerial vehicles (UAVs), they have become core equipment for counter-UAV missions. Interceptor UAVs exhibit high dynamic performance and high-speed maneuverability, yet maintaining stable operation in global navigation satellite system (GNSS)-denied environments remains a major challenge. Conventional simultaneous localization and mapping (SLAM) systems are extremely susceptible to motion distortion, which can lead to system failures. This paper presents an in-depth and systematic overview of multi-sensor fusion SLAM technologies for interceptor UAVs. Traditional SLAM and learning-based SLAM methods are categorized and summarized according to sensor types and the adoption of learning techniques, and their performance and limitations under interception scenarios including high-speed flight, maneuvering flight, and alternating low-and-high altitude flight are analyzed. This review identifies key technical gaps in existing studies, including discrepancies between simulation and real-world scenarios, limited onboard computing resources, and poor model interpretability. Furthermore, it outlines promising future research directions for interceptor UAV applications, such as learning-based cooperative SLAM and distributed swarm intelligence-based SLAM. This review aims to provide comprehensive research references for researchers and engineers, and facilitate the deployment and implementation of full-scene, high-precision and high-reliability SLAM technologies on new-generation interceptor UAVs. ? 2001-2012 IEEE.",include,high,"[""I1"", ""I2"", ""I3"", ""I4"", ""I5"", ""I6""]","UAV platform with primary GNSS-denied navigation contribution and quantitative results.",INCLUDE,I2
141,REC_1021,REC_1021.pdf,"GPS-denied UAV localization using pre-existing satellite imagery","Goforth H.; Lucey S.",2019,,10.1109/ICRA.2019.8793558,Scopus,"We present a method for localization of Unmanned Aerial Vehicles (UAVs) which is meant to replace an onboard GPS system in the event of a noisy or unreliable GPS signal. Our method requires only a downward-facing monocular RGB camera on the UAV, and pre-existing satellite imagery of the flight location to which the UAV imagery is compared and aligned. To overcome differences in the image capturing conditions between the satellite and UAV, such as seasonal and perspective changes, we propose the use of Convolutional Neural Network (CNN) representations trained on readily available satellite data. To increase localization accuracy, we also develop an optimization which jointly minimizes the error between adjacent UAV frames as well as the satellite map. We demonstrate how our method improves on recent systems from literature by achieving greater performance in flight environments with very few landmarks. For a GPS-denied flight at 0.2km altitude, over a flight distance of 0.85km, we achieve average localization error of less than 8 meters. We make our source code and datasets available to encourage further work on this emerging topic11Authors are with The Robotics Institute at Carnegie Mellon University,2.2https://github.com/hmgoforth/gps-denied-uav-localization. ? 2019 IEEE.",include,high,"[""I1"", ""I2"", ""I3"", ""I4"", ""I5"", ""I6""]","UAV platform with primary GNSS-denied navigation contribution and quantitative results.",INCLUDE,I2
142,REC_1023,REC_1023.pdf,"A Hybrid Drone SINS/GNSS Information Fusion Method Based on Attention-Augmented TCN in GNSS-Denied Environments","Xu C.; Chen S.; Zhao D.; Hou Z.; Jiang C.",2026,,10.3390/rs18091379,Scopus,"In the field of drone navigation systems, a high-precision positioning solution can be provided by an integrated strapdown inertial navigation system (SINS)/global navigation satellite system (GNSS). But when satellite signals are interfered with or blocked by tall buildings, the errors of SINS will disperse rapidly due to the complex air and mechanical vibrations, leading to a serious degradation of navigation accuracy. To enhance the positioning performance in this situation, this paper proposes a hybrid information fusion method based on attention-augmented temporal convolutional network (TCN) for drone SINS/GNSS navigation system. A feature integration and prediction model is constructed to provide a pseudo-positioning reference for the integrated navigation filter during GNSS-denied periods, in which TCN is used to establish a predictive positioning error correction model based on inertial measurements and SINS data, while a self-attention model is incorporated to extract complex global drone motion features. The performance of the proposed method has been experimentally verified using Global Positioning System (GPS) and SINS data collected from real drone flight test. Comparison results among the proposed model, SINS with TCN, SINS with convergent Kalman filter (KF) prediction section and SINS-only indicate that the proposed method can effectively improve the drone positioning accuracy in specific GNSS-denied environments. ? 2026 by the authors.",include,high,"[""I1"", ""I2"", ""I3"", ""I4"", ""I5"", ""I6""]","UAV platform with primary GNSS-denied navigation contribution and quantitative results.",INCLUDE,I2
143,REC_1025,REC_1025.pdf,"A Survey on Radio Frequency based Precise Localisation Technology for UAV in GPS-denied Environment","Yang B.; Yang E.",2021,,10.1007/s10846-021-01500-4,Scopus,"Owing to the specific characteristics of Unmanned Aerial Vehicles (UAVs), the demands and applications increase dramatically for them being deployed in confined or closed space for surveying, inspection or detection to substitute human. However, Global Positioning System (GPS) may lose effectiveness or become unavailable due to the potential signal block or interference in that operational environment. Under such circumstances, an imperative requirement on new positioning technology for UAV has emerged. With the rapid development of Radio Frequency (RF) based localisation technologies, leveraging small wireless sensor nodes for low-cost, low latency, low energy consumption and accurate localisation on UAV has received significant attention. However, no up-to-date review has been conducted in this area so far. Therefore, this paper aims to give a comprehensive survey on the RF based localisation systems with different radio communication technologies and localisation mechanisms on UAV positioning. Toward this end, an exhaustive evaluation framework is first established to evaluate the performance of each system on UAV positioning from different perspectives. Particularly, the Ultra-wideband (UWB) based system with time-based mechanisms is highlighted for UAV positioning under the consideration of the proposed evaluation framework. Finally, an intensive analysis is conducted about the current challenges and the potential research issues in this area in order to identify the promising directions for future research. ? 2021, The Author(s), under exclusive licence to Springer Nature B.V.",include,high,"[""I1"", ""I2"", ""I3"", ""I4"", ""I5"", ""I6""]","UAV platform with primary GNSS-denied navigation contribution and quantitative results.",INCLUDE,I2
144,REC_1026,REC_1026.pdf,"Indoor UAV Localization via Multi-Anchor One-Shot Calibration and Factor Graph Fusion","Zhao J.; Deng Z.; Su W.; Lou B.; Liu Y.",2026,,10.3390/rs18091407,Scopus,"Indoor localization for unmanned aerial vehicles (UAVs) remains challenging in GNSS-denied environments due to the difficulty of position calibration of multiple ultra-wideband (UWB) anchors and the asynchronous fusion of heterogeneous sensors. This paper proposes a multi-sensor fusion localization framework that integrates multi-anchor one-shot calibration with factor graph optimization (FGO). First, Landmark Multidimensional Scaling (LMDS) is used to reconstruct the relative geometry of the anchors and the onboard tag from ranging measurements. Then, rigid Procrustes alignment is performed using a small number of anchors with known coordinates in the East?North?Up (ENU) frame to recover the transformation to the ENU frame, thereby enabling efficient position calibration of multiple UWB anchors and UAV pose initialization. Subsequently, a tightly coupled factor graph is constructed by incorporating inertial measurement unit (IMU) pre-integration, UWB ranging, laser rangefinder height measurements, and visual?inertial odometry (VIO) pose constraints. The resulting nonlinear optimization problem is solved using incremental smoothing, which improves robustness against non-line-of-sight (NLOS) errors and long-term drift. Experimental results on anchor calibration, public datasets, and real-world indoor UAV flights demonstrate that the proposed method improves the accuracy and robustness of indoor UAV localization. In particular, on the real-world rectangle trajectory, FGO-TC reduces the RMSE by approximately 38.8% compared with FGO-LC. ? 2026 by the authors.",include,high,"[""I1"", ""I2"", ""I3"", ""I4"", ""I5"", ""I6""]","UAV platform with primary GNSS-denied navigation contribution and quantitative results.",INCLUDE,I2
145,REC_1028,REC_1028.pdf,"Integrated navigation for autonomous drone in GPS and GPS-denied environments","Suzuki S.",2018,,10.20965/jrm.2018.p0373,Scopus,"In this study, a novel robust navigation system for a drone in global positioning system (GPS) and GPS-denied environments is proposed. In general, the drone uses position and velocity information from GPS for guidance and control. However, GPS cannot be used in several environments; for example, GPS exhibits huge errors near buildings and trees, indoor environments. In such GPS-denied environments, a Laser Imaging Detection and Ranging (LI-DAR) sensor-based navigation system has generally been used. However, the LIDAR sensor also has a weakness, and it cannot be used in an open outdoor environment where GPS can be used. Therefore, it is advantageous to develop an integrated navigation system that operates seamlessly in both GPS and GPS-denied environments. In this study, an integrated navigation system for the drone using GPS and LIDAR was developed. The design of the navigation system is based on the extended Kalman filter, and the effectiveness of the developed system is verified by numerical simulation and experiment. ? 2018, Fuji Technology Press. All rights reserved.",include,high,"[""I1"", ""I2"", ""I3"", ""I4"", ""I5"", ""I6""]","UAV platform with primary GNSS-denied navigation contribution and quantitative results.",INCLUDE,I2
146,REC_1029,REC_1029.pdf,"A Localization Strategy for Low-cost UAVs Sewers Inspection","Maisto P.; Scognamiglio V.; Selvaggio M.; Lippiello V.",2026,,10.1109/SII64115.2026.11404663,Scopus,"Inspecting sewers represents a significant challenge as these environments pose considerable safety risks to human operators. In this view, drones capable of autonomous flight can be used to perform inspection tasks reducing human exposure. However, sewer environments are typically confined, featureless, and poorly lit, hence, standard algorithms for the localization in GNSS-denied environments, such as Visual-Inertial Odometry (VIO), often fail. In addition, drone localization is further complicated by rotor-induced turbulence, and vibrations, that affect sensor measurements. This paper presents a low-cost multisensor-based method for robust pose reconstruction of Unmanned Aerial Vehicles (UAVs) to enable reliable navigation in visually degraded, GPS-denied environments. The proposed framework leverages environmental geometry, specifically obstacle and wall distances, to estimate relative motion and correct drift via a speed control strategy that maximizes the distance from any obstacle. The approach is validated through both simulation and real-world experiments, demonstrating its effectiveness in representative scenarios.  ? 2026 IEEE.",include,high,"[""I1"", ""I2"", ""I3"", ""I4"", ""I5"", ""I6""]","UAV platform with primary GNSS-denied navigation contribution and quantitative results.",INCLUDE,I2
147,REC_1032,REC_1032.pdf,"Synchronized Multi-Directional FMCW mmWave Radar?Inertial Odometry: Robust Positioning and Autonomous Navigation Experiments for UAVs in Low-Light Indoor Environments","Jing Y.; Sipahi R.; Martinez-Lorenzo J.",2026,,10.3390/drones10020120,Scopus,"Highlights: What are the main findings? An engineering-ready Hybrid-RIO indoor localization and navigation system is developed, leveraging an ESKF-based fusion of four-directional FMCW mmWave radars and a high-rate IMU to provide stable state estimation for UAVs in GPS-denied, low-light, and airflow-disturbed environments. A radar ego-velocity estimation method based on three-point RANSAC-LSQ is introduced, together with an independent vertical mmWave radar for altitude fusion, effectively mitigating barometer disturbances and improving 3D positioning accuracy and consistency. What are the implications of the main findings? The proposed approach demonstrates the practical feasibility of radar?inertial fusion for real-world autonomous UAV flight and can be integrated into PX4 and ROS frameworks as a general-purpose indoor navigation solution. The results establish a reusable engineering pathway for UAV operations in confined and complex environments, with strong potential for deployment in tunnel inspection, underground exploration, and emergency rescue applications. This paper presents a robust approach for achieving accurate indoor positioning and autonomous navigation of quadcopters through the fusion of multiple radars and an inertial measurement unit (IMU) named hybrid-filtered Radar?Inertial Odometry (Hybrid-RIO). The Hybrid-RIO system integrates four-directional Frequency-Modulated Continuous-Wave (FMCW) millimeter-wave (mmWave) radars simultaneously with a high-performance IMU to continuously estimate the quadcopters? position, velocity, and orientation even in low-light and indoor environments. The autonomous flight commands from the system further enable indoor navigation without requiring human intervention. Experimental results reveal notable advancements in both the accuracy and consistency of positioning. The integration of the proposed Hybrid-RIO approach holds promise in a wide spectrum of domains, including cave exploration, tunnel rescue operations, and indoor navigation solutions. ? 2026 by the authors.",include,high,"[""I1"", ""I2"", ""I3"", ""I4"", ""I5"", ""I6""]","UAV platform with primary GNSS-denied navigation contribution and quantitative results.",INCLUDE,I2
148,REC_1034,REC_1034.pdf,"Uavs enhanced navigation in outdoor gnss denied environment using UWB and monocular camera systems","Zahran S.; Masiero A.; Mostafa M.M.; Moussa A.M.; Vettore A.; El-Sheimy N.",2019,,10.5194/isprs-archives-XLII-2-W13-665-2019,Scopus,"The demand for small Unmanned Aerial Vehicles (UAVs) is massively increasing these days, due to the wide variety of applications utilizing such vehicles to perform tasks that may be dangerous or just to save time, effort, or cost. Small UAVs navigation system mainly depends on the integration between Global Navigation Satellite Systems (GNSS) and Inertial Measurement Unit (INS) to estimate the Positions, Velocities, and Attitudes (PVT) of the vehicle. Without GNSS such UAVs cannot navigate for long periods of time depending on INS alone, as the low-cost INS typically exhibits massive accumulation of errors during GNSS absence. Given the importance of ensuring full operability of the UAVs even during GNSS signals unavailability, other sensors must be used to bound the INS errors and enhance the navigation system performance. This paper proposes an enhanced UAV navigation system based on integration between monocular camera, Ultra-Wideband (UWB) system, and INS. In addition to using variable EKF weighting scheme. The paper also investigates this integration in the case of low density of UWB anchors, to reduce the cost required for such UWB system infrastructure. A GoPro Camera and UWB rover were attached to the belly of a quadcopter, an on the shelf commercial drone (3DR Solo), during the experimental flight. The velocity of the vehicle is estimated with Optical Flow (OF) from camera successive images, while the range measurements between the UWB rover and the stationary UWB anchors, which were distributed on the field, were used to estimate UAV position. ? Authors 2019.",include,high,"[""I1"", ""I2"", ""I3"", ""I4"", ""I5"", ""I6""]","UAV platform with primary GNSS-denied navigation contribution and quantitative results.",INCLUDE,I2
149,REC_1043,REC_1043.pdf,"Consistent-Innovation-Aided Distributed Cooperative Localization for Multi-UAV Navigation in GNSS-Denied Environments","Hou Z.; Xue C.; Chen S.; Xu C.; Jiang C.; Niu J.",2026,,10.3390/rs18142286,Scopus,"Cooperative localization provides a promising solution for multi-UAV navigation in GNSS-denied environments. However, centralized cooperative localization and exact cross-covariance-based distributed methods usually require global state management or explicit propagation of inter-node cross-covariance, resulting in heavy communication and computational burdens. To address this problem, this paper proposes a consistent-innovation-aided distributed cooperative localization method for multi-glider UAV swarms. The method uses a strapdown inertial navigation system as the reference source and introduces inter-node ultra-wideband ranging as cooperative constraints. Each node maintains only its local state and covariance, while a conservative innovation covariance approximation is constructed to perform distributed measurement updates without explicitly propagating global cross-covariance. The cooperative localization sub-filter is further integrated with altitude, geomagnetic, and scene-matching sub-filters through a federated filtering framework with adaptive vector information allocation. A GNSS-denied multi-glider release simulation is established to compare the proposed method with non-cooperative localization, centralized cooperative localization, and an exact-cross-covariance distributed baseline. The results show that the proposed method reduces the position, velocity, and yaw RMSEs by 27.14%, 21.90%, and 9.68%, respectively, compared with the non-cooperative method. Compared with the exact-cross-covariance baseline, the proposed method achieves comparable localization accuracy while reducing communication traffic by approximately 91.44%. Packet-loss experiments further show that the proposed method maintains bounded errors under a 20% packet loss rate, demonstrating improved robustness and engineering feasibility for communication-constrained UAV swarm localization. ? 2026 by the authors.",include,high,"[""I1"", ""I2"", ""I3"", ""I4"", ""I5"", ""I6""]","UAV platform with primary GNSS-denied navigation contribution and quantitative results.",INCLUDE,I2
150,REC_1044,REC_1044.pdf,"Magnetometer-based enhanced visual-inertial odometry for reliable long-range navigation in GNSS-denied high-altitude environment","Abdollahi M.R.; Pourtakdoust S.H.",2026,,10.1016/j.ast.2026.112673,Scopus,"A new visual-inertial odometry (VIO) algorithm for fixed-wing unmanned aerial vehicles (UAVs) operating in GNSS-denied, low to high altitude (50?800 m) environments is proposed. The method builds upon the Fast Multi-State Constraint Kalman Filter (FMSCKF) framework, introducing key innovations such as a dynamic feature extraction strategy, specialized handling of data for slow-motion imagery, selective feature utilization during filter updates, and magnetometer integration for improved heading estimation. Emphasis is placed on practical implementation and rigorous flight-testing on manned and unmanned multi-rotor vehicles. The proposed system is validated on a custom dataset obtained from a 15 km long-range flight via a conventional fixed-wing UAV in a desert-like environment. Experimental comparisons of results with standard Multi-State Constraint Kalman Filter (MSCKF), a semi-direct visual odometry approach with smoothing (SVO+GTSAM), and the VINS-Mono algorithm demonstrate the efficacy of the proposed system in terms of long-duration navigation, accuracy, and convergence while the other methods diverged. In addition, quantitative evaluation of the proposed integrated system using relative and absolute trajectory error (RTE and ATE) metrics confirms its robustness and accuracy under challenging conditions. ? 2026 Elsevier Masson SAS.",include,high,"[""I1"", ""I2"", ""I3"", ""I4"", ""I5"", ""I6""]","UAV platform with primary GNSS-denied navigation contribution and quantitative results.",INCLUDE,I2
151,REC_1046,REC_1046.pdf,"A UAV scene matching method based on triplet relationship and sliding mode control for GPS-denied environments","Chen Z.; Zhou J.; Gao D.; Lin J.; Huang G.; Deng Z.",2026,,10.1016/j.measurement.2026.120581,Scopus,"Scene matching plays an important role for UAV positioning under GPS-denied conditions. However, traditional feature matching methods struggle with scale, viewpoint, and illumination heterogeneity between UAV and satellite images, often relying on fixed thresholds that cannot adaptively suppress outliers. To address these issues, this paper introduces a scene matching method that integrates triplet relationships with a control-theoretic optimization strategy. Specifically, SuperPoint is first used for feature extraction, followed by triplet relationships and a greedy selection strategy based on matching scores and spatial distribution to improve initial model robustness. For the inlier optimization stage, this paper is the first to embed a sliding mode controller in the iterative refinement process, enabling dynamic residual feedback and adaptive outlier suppression. Additionally, to gain an insight of the working mechanism of sliding mode control strategy on feature matching, this paper provides a theoretical mechanism analysis, a Lyapunov-based convergence proof, and a parameter sensitivity analysis to clarify the physical interpretability and tunability of the SMC(sliding mode control) module. Extensive experiments on the University-1652 dataset, DenseUAV dataset, and a self-collected UAV dataset demonstrate that the proposed method significantly improves spatial representativeness, outlier removal capability, and matching stability. Compared to the RANSAC and TRESAC series of methods, the proposed method achieves an average improvement of approximately 4.51%?9.31% in F-score, reaching up to 96.24% in some complex scenarios, while maintaining relatively stable computational efficiency. The results verify the high matching accuracy and robustness of the proposed method under GPS-denied environments. ? 2026 Elsevier Ltd",include,high,"[""I1"", ""I2"", ""I3"", ""I4"", ""I5"", ""I6""]","UAV platform with primary GNSS-denied navigation contribution and quantitative results.",INCLUDE,I2
152,REC_1048,REC_1048.pdf,"Airspeed-Aided State Estimation Algorithm of Small Fixed-Wing UAVs in GNSS-Denied Environments","Ye X.; Zeng Y.; Zeng Q.; Zou Y.",2022,,10.3390/s22093156,Scopus,"Aimed at improving the navigation accuracy of the fixed-wing UAVs in GNSS-denied environments, this paper proposes an algorithm of nongravitational acceleration estimation based on air-speed and IMU sensors, which use a differential tracker (TD) model to further supplement the effect of linear acceleration for UAVs under dynamic flight. We further establish the mapping relationship between vehicle nongravitational acceleration and the vehicle attitude misalignment angle and transform it into the attitude angle rate deviation through the nonlinear complementary filtering model for real-time compensation. It can improve attitude estimation precision significantly for vehicles in dynamic conditions. Furthermore, a lightweight complementary filter is used to improve the accuracy of vehicle velocity estimation based on airspeed, and a barometer is fused on the height channel to achieve the accurate tracking of height and the lift rate. The algorithm is actually deployed on low-cost fixed-wing UAVs and is compared with ACF, EKF, and NCF by using real flight data. The position error within 30 s (about 600 m flying) in the horizontal channel flight is less than 30 m, the error within 90 s (about 1800 m flying) is less than 50 m, and the average error of the height channel is 0.5 m. The simulation and experimental tests show that this algorithm can provide UAVs with good attitude, speed, and position calculation accuracy under UAV maneuvering environments. ? 2022 by the authors. Licensee MDPI, Basel, Switzerland.",include,high,"[""I1"", ""I2"", ""I3"", ""I4"", ""I5"", ""I6""]","UAV platform with primary GNSS-denied navigation contribution and quantitative results.",INCLUDE,I2
153,REC_1049,REC_1049.pdf,"UAV tracking of mobile target in occluded, cluttered and GPS-denied environments","Vanegas F.; Roberts J.; Gonzalez F.",2018,,10.1109/AERO.2018.8396449,Scopus,"This paper presents a novel approach for mobile target tracking using a UAV flying in a cluttered and GPS-denied environment that occludes the target partially and momentarily. The problem is modelled as a sequential decision process under uncertainty using the Partially Observable Markov Decision Process framework (POMDP). The motion of the UAV is planned as sequences of high-level actions in order to optimise a multi-objective mission. A modular system executes the motion planning. The UAV and target dynamics models are included in the POMDP transition function as a black-box simulator. The target is detected using a front facing camera onboard the UAV. A model of the projection of the target and obstacles into the image plane of the camera is presented and used in the POMDP transition function. This model enables the POMDP solver to include the occlusions in the Field of View (FOV) of the camera caused by the obstacles in the scenario. Results in simulation indicate that the developed system is able to guide the UAV towards locations in which the target tracking duration is maximised whilst avoiding collisions with obstacles. This research has the potential to be used below the forest canopy, in fault or GPS-denied environments, underground mines and urban canyons. ? 2018 IEEE.",include,high,"[""I1"", ""I2"", ""I3"", ""I4"", ""I5"", ""I6""]","UAV platform with primary GNSS-denied navigation contribution and quantitative results.",INCLUDE,I2
154,REC_1055,REC_1055.pdf,"An Autonomously Navigation System for Forestry Quadrotor within GPS-denied Below-canopy Environment","Xia Y.; Song M.; Zhang J.; Hu C.",2018,,10.1109/GNCC42960.2018.9019136,Scopus,"This paper presents a navigation system that enables quadrotor to navigate autonomously within GPS-denied below-canopy environment without GPS. The navigation system consists of the function of Simultaneous Localization and Mapping(SLAM) and path planning. The online real-time locating estimation is achieved by Semi-direct Visual Odometer(SVO) to calculate the odometer data; we locate the position using the fusion of laser radar data and the visual odometer in the front end, the graph-based optimization is used as an optimization mechanism to map in the back end. The path planning finds an obstacle-free trajectory based on the waypoints generated by the improved RRT algorithm fitted with the Bezier curve. ? 2018 IEEE.",include,high,"[""I1"", ""I2"", ""I3"", ""I4"", ""I5"", ""I6""]","UAV platform with primary GNSS-denied navigation contribution and quantitative results.",INCLUDE,I2
155,REC_1059,REC_1059.pdf,"Enhanced drone navigation in GNSS denied environment using VDM and Hall effect sensor","Zahran S.; Moussa A.; El-Sheimy N.",2019,,10.3390/ijgi8040169,Scopus,"The last decade has witnessed a wide spread of small drones in many civil and military applications. With the massive advancement in the manufacture of small and lightweight Inertial Navigation System (INS), navigation in challenging environments became feasible. Navigation of these small drones mainly depends on the integration of Global Navigation Satellite Systems (GNSS) and INS. However, the navigation performance of these small drones deteriorates quickly when the GNSS signals are lost, due to accumulated errors of the low-cost INS that is typically used in these drones. During GNSS signal outages, another aiding sensor is required to bound the drift exhibited by the INS. Before adding any additional sensor on-board the drones, there are some limitations that must be taken into considerations. These limitations include limited availability of power, space, weight, and size. This paper presents a novel unconventional method, to enhance the navigation of autonomous drones in GNSS denied environment, through a new utilization of hall effect sensor to act as flying odometer ?Air-Odo? and vehicle dynamic model (VDM) for heading estimation. The proposed approach enhances the navigational solution by estimating the unmanned aerial vehicle (UAV) velocity, and heading and fusing these measurements in the Extended Kalman Filter (EKF) of the integrated system. ? 2019 by the authors.",include,high,"[""I1"", ""I2"", ""I3"", ""I4"", ""I5"", ""I6""]","UAV platform with primary GNSS-denied navigation contribution and quantitative results.",INCLUDE,I2
156,REC_1063,REC_1063.pdf,"Visual Inertial Navigation for a Small UAV Using Sparse and Dense Optical Flow","Fanin F.; Hong J.-H.",2019,,10.1109/REDUAS47371.2019.8999672,Scopus,"There has been a recent surge in interest regarding small Unmanned Aerial Vehicles (UAV) that operate in indoor environments. A crucial part of such platforms is the navigation system that allows them to navigate in Global Navigation Satellite System (GNSS) denied environments. The two objectives of this work were to develop an Optical Flow (OF) based method for navigation and a high-fidelity simulation for testing and verification. This paper presents the Visual-Inertial Navigation System (VINS) developed that utilises sparse and dense Optical Flow patterns within an Extended Kalman Filter (EKF) framework for autonomous navigation in GNSS denied environments. The principal novelty is the use of dense Optical Flow measurements to estimate the velocity of the UAV. ? 2019 IEEE.",include,high,"[""I1"", ""I2"", ""I3"", ""I4"", ""I5"", ""I6""]","UAV platform with primary GNSS-denied navigation contribution and quantitative results.",INCLUDE,I2
157,REC_1067,REC_1067.pdf,"GPS-denied navigation using location estimation and texel image correction","Jensen N.I.; Budge S.E.",2023,,10.1117/12.2664119,Scopus,"This paper presents a localization system for Unmanned Aerial Vehicles (UAVs), specifically designed for small UAVs to be used in a GPS-denied local area by using estimation algorithms incorporating camera and Light Detection and Ranging (LiDAR) sensor fusion. Localization techniques classically rely on Global Positioning System (GPS) information. However, GPS is subject to jamming. This paper proposes methods of localization without reliance on the GPS. This system utilizes Error-State Extended Kalman Filtering (ESEKF) and methods of camera to LiDAR sensor fusion to correct for error propagations in the aerial vehicle's estimated location. Initial results from the GPS-denied navigation method showed that the location of the sUAV to an average error of 3.2 m was possible using only texel images and velocity measurements from an experimental flight. ? 2023 SPIE. All rights reserved.",include,high,"[""I1"", ""I2"", ""I3"", ""I4"", ""I5"", ""I6""]","UAV platform with primary GNSS-denied navigation contribution and quantitative results.",INCLUDE,I2
158,REC_1069,REC_1069.pdf,"UAV?UGV Collaborative Localization in GNSS-Denied Large-Scale Environments: An Anchor-Free VIO?UWB Fusion with Adaptive Weighting and Outlier Suppression","Xu H.; Zhao G.; Bo Y.",2026,,10.3390/drones10030175,Scopus,"Highlights: What are the main findings? An anchor-free collaborative localization framework is proposed, effectively suppressing visual?inertial odometry (VIO) drift over long trajectories (up to kilometers) in GNSS-denied areas. A two-stage robust scheme integrating covariance-based outlier rejection and adaptive Fisher information estimation significantly improves positioning accuracy under dynamic Non-Line-of-Sight (NLOS) UWB ranging conditions. What are the implications of the main findings? The method enables precise, infrastructure-free multi-robot navigation in large-scale (~1.6 km2) complex environments, advancing applications like disaster response and cooperative inspection. The adaptive weighting strategy provides a generalizable approach for handling time-varying sensor uncertainty in real-world robotic systems. In GNSS-denied large-scale outdoor environments, UAVs and UGVs that rely solely on visual?inertial odometry (VIO) suffer from accumulated global drift as the trajectory grows. Meanwhile, inter-platform ultra-wideband (UWB) ranging exhibits unknown, time-varying noise under NLOS/multipath, rendering na?ve weighting unreliable. This paper presents an anchor-free collaborative localization framework for UAV?UGV teams that fuses pairwise UWB ranges (including UAV?UAV, UAV?UGV, and UGV?UGV) with onboard VIO in a factor-graph backend via a two-stage robust scheme. First, we bound VIO drift using per-agent state covariance and reject UWB outliers with a Mahalanobis gate, preventing early-stage bias when VIO is still accurate. Then, during global optimization, we adaptively estimate the Fisher information of UWB factors from measurement?state residuals, enabling online self-tuning of measurement confidence under time-varying SNR. Real-world experiments with three UAVs and two UGVs over multi-level rooftops and forest?open areas (~1.6 km2) show that, compared to an outlier-only variant, the proposed method further reduces localization RMSE by about 24.6% and maximum error by about 31.2% for both UAVs and UGVs, maintaining strong performance during long trajectories dominated by VIO drift and NLOS ranges. The approach requires no fixed anchors or GNSS and is applicable to UAV?UGV teams for disaster response, cooperative mapping/inspection, and bandwidth-limited operations. ? 2026 by the authors.",include,high,"[""I1"", ""I2"", ""I3"", ""I4"", ""I5"", ""I6""]","UAV platform with primary GNSS-denied navigation contribution and quantitative results.",INCLUDE,I2
159,REC_1080,REC_1080.pdf,"Adaptive neural pose regression enabled by updatable graphics-based digital twin for robust UAV localization in GPS-denied civil infrastructure","Matiki T.; Narazaki Y.; Chowdhary G.; Spencer B.F., Jr.",2026,,10.1016/j.robot.2026.105570,Scopus,"Autonomous inspection of civil structures using unmanned aerial vehicles (UAVs) offers a safer and more efficient alternative to manual methods; however, in GPS-denied environments, the absence of global positioning makes reliable navigation challenging and requires the use of onboard sensing. Conventional approaches such as Visual-Inertial Odometry (VIO) and Simultaneous Localization and Mapping (SLAM) estimate motion by tracking local features, but are susceptible to drift accumulation over time, even though loop closure can partially reduce this effect. Recent data-driven methods directly regress UAV poses from images, but their performance depends on large, accurately labeled datasets that are difficult to obtain in practice. To address this limitation, this study presents an updatable Graphics-Based Digital Twin (GBDT) that provides a globally referenced structural prior and generates synthetic image-pose datasets for training Siamese neural pose regressors for absolute pose estimation. The network embeds synthetic GBDT renders and real inspection images into a shared feature space, promoting reliance on geometric structure rather than appearance. To reduce the synthetic-to-real gap, geometric cues are emphasized through preprocessing while appearance variations are suppressed, and a geometric constraint loss enables indirect supervision on real images without ground-truth poses. By regressing poses relative to GBDT template views with known global poses, the method avoids cumulative drift and maintains consistent global alignment. Wireless communication between the UAV edge device and a base station enables real-time inference. Experiments on a custom-built drone demonstrate stable flight and improved global localization compared to the Intel T265 VIO-SLAM and RTAB-Map. As the GBDT is incrementally updated using inspection imagery, localization accuracy improves over successive deployments, enabling increasingly reliable autonomous UAV-based monitoring. Code is available at https://github.com/tmatiki2/GBDTpose/tree/main. ? 2026",include,high,"[""I1"", ""I2"", ""I3"", ""I4"", ""I5"", ""I6""]","UAV platform with primary GNSS-denied navigation contribution and quantitative results.",INCLUDE,I2
160,REC_1083,REC_1083.pdf,"GNSS-Denied UAV Terrain Matching Navigation Based on the Autoencoder Network with Contrastive Learning","Jiang Y.; Miao Q.; Wu D.; He J.; Zhao C.",2026,,10.3390/drones10050339,Scopus,"Reliable navigation is critical for UAVs operating in GNSS-denied environments, where conventional Inertial Navigation System/Global Navigation Satellite System (INS/GNSS) integrated navigation struggles to meet the requirements of high-reliability and long-endurance missions. As a passive and autonomous approach, terrain-aided navigation (TAN) offers strong concealment and a high degree of autonomy. However, most existing TAN methods rely on handcrafted features, which limit their ability to fully exploit multi-level terrain information, while sensitivity to elevation noise and attitude variations further degrades matching accuracy and robustness. To address these issues, this paper proposes a GNSS-denied UAV terrain matching navigation method based on an autoencoder network with contrastive learning. A Global?Local Dual-branch Feature Extraction Network (GL-DualNet) is designed to combine the local detail extraction capability of CNNs with the global dependency modeling ability of the Swin Transformer, enabling effective multi-scale terrain representation. In addition, an Autoencoder Contrastive Learning Model (ACLM) is developed to jointly optimize reconstruction and contrastive objectives, enabling unsupervised learning of terrain features with improved discriminability and robustness against noise and rotational disturbances. Experiments on a public terrain dataset show that the proposed method outperforms conventional terrain matching approaches under different noise levels, rotational disturbances, and search ranges, demonstrating its effectiveness and robustness for UAV navigation in complex GNSS-denied environments. ? 2026 by the authors.",include,high,"[""I1"", ""I2"", ""I3"", ""I4"", ""I5"", ""I6""]","UAV platform with primary GNSS-denied navigation contribution and quantitative results.",INCLUDE,I2
161,REC_1084,REC_1084.pdf,"CLAK:CNN-LSTM-Attention and Kolmogorov-Arnold Networks for non-visual UAV localization in GNSS-denied environments","Jarraya I.; Alahmed F.; Abdelkader M.; Gabr K.; Kadri M.B.; Boulila W.",2026,,10.1186/s43020-026-00192-1,Scopus,"Visual localization has shown promise for accurate Unmanned Aerial Vehicle (UAV) navigation in GNSS-denied environments due to its high spatial resolution. However, performance declines in low-light or texture-scarce conditions and incurs high computational costs. In contrast, non-visual sensors offer a lightweight, low-complexity alternative for localization under such conditions. This work introduces CLAK (CNN-LSTM-Attention-KAN), a deep learning framework that estimates global UAV positions (latitude, longitude, and elevation) using non-visual sensors such as LiDAR, barometric altitude, and Inertial Measurement Unit (IMU). CLAK combines Convolutional Neural Networks (CNNs) for spatial encoding, Long Short-Term Memory (LSTM) layers for temporal modeling, attention for feature prioritization, and Kolmogorov-Arnold Networks (KANs) for flexible nonlinear regression. The model is trained on synthetic UAV flight data generated using a ROS2 simulation framework that integrates Gazebo for 3D environment simulation and PX4 for autopilot control, with QGroundControl (QGC) managing mission planning and monitoring. Elevation data is extracted from a Digital Elevation Map (DEM) of the Taif region in Saudi Arabia, while ground truth positions are derived from simulated onboard Global Positioning System (GPS) outputs. Simulation results across different flight trajectories show CLAK can achieve up to 78.35% Mean Absolute Error (MAE) and 75.40% Root Mean Squared Error (RMSE) reduction compared to the LSTM baseline, while maintaining an average coefficient of determination (R2) of 0.998. These results demonstrate the scalability and precision of CLAK for UAV localization in GNSS-denied conditions. ? The Author(s) 2026.",include,high,"[""I1"", ""I2"", ""I3"", ""I4"", ""I5"", ""I6""]","UAV platform with primary GNSS-denied navigation contribution and quantitative results.",INCLUDE,I2
162,REC_1085,REC_1085.pdf,"GNSS-Denied Semi-Direct Visual Navigation for Autonomous UAVs Aided by PI-Inspired Inertial Priors","Gallo E.; Barrientos A.",2023,,10.3390/aerospace10030220,Scopus,"This article proposes a method to diminish the horizontal position drift in the absence of GNSS (Global Navigation Satellite System) signals experienced by the VNS (Visual Navigation System) installed onboard a UAV (Unmanned Air Vehicle) by supplementing its pose estimation non-linear optimizations with priors based on the outputs of the INS (Inertial Navigation System). The method is inspired by a PI (Proportional Integral) control loop, in which the attitude and altitude inertial outputs act as targets to ensure that the visual estimations do not deviate past certain thresholds from their inertial counterparts. The resulting IA-VNS (Inertially Assisted Visual Navigation System) achieves major reductions in the horizontal position drift inherent to the GNSS-Denied navigation of autonomous UAVs. Stochastic high-fidelity Monte Carlo simulations of two representative scenarios involving the loss of GNSS signals are employed to evaluate the results and to analyze their sensitivity to the terrain type overflown by the aircraft. The authors release the C++ implementation of both the navigation algorithms and the high-fidelity simulation as open-source software. ? 2023 by the authors.",include,high,"[""I1"", ""I2"", ""I3"", ""I4"", ""I5"", ""I6""]","UAV platform with primary GNSS-denied navigation contribution and quantitative results.",INCLUDE,I2
163,REC_1095,REC_1095.pdf,"A multi-sensorial simultaneous localization and mapping (SLAM) system for low-cost micro aerial vehicles in GPS-denied environments","L?pez E.; Garc?a S.; Barea R.; Bergasa L.M.; Molinos E.J.; Arroyo R.; Romera E.; Pardo S.",2017,,10.3390/s17040802,Scopus,"One of the main challenges of aerial robots navigation in indoor or GPS-denied environments is position estimation using only the available onboard sensors. This paper presents a Simultaneous Localization and Mapping (SLAM) system that remotely calculates the pose and environment map of different low-cost commercial aerial platforms, whose onboard computing capacity is usually limited. The proposed system adapts to the sensory configuration of the aerial robot, by integrating different state-of-the art SLAM methods based on vision, laser and/or inertial measurements using an Extended Kalman Filter (EKF). To do this, a minimum onboard sensory configuration is supposed, consisting of a monocular camera, an Inertial Measurement Unit (IMU) and an altimeter. It allows to improve the results of well-known monocular visual SLAM methods (LSD-SLAM and ORB-SLAM are tested and compared in this work) by solving scale ambiguity and providing additional information to the EKF. When payload and computational capabilities permit, a 2D laser sensor can be easily incorporated to the SLAM system, obtaining a local 2.5D map and a footprint estimation of the robot position that improves the 6D pose estimation through the EKF. We present some experimental results with two different commercial platforms, and validate the system by applying it to their position control. ? 2017 by the authors. Licensee MDPI, Basel, Switzerland.",include,high,"[""I1"", ""I2"", ""I3"", ""I4"", ""I5"", ""I6""]","UAV platform with primary GNSS-denied navigation contribution and quantitative results.",INCLUDE,I2
164,REC_1096,REC_1096.pdf,"DTVIRM-Swarm: A Distributed and Tightly Integrated Visual-Inertial-UWB-Magnetic System for Anchor Free Swarm Cooperative Localization","Luo X.; Du X.; Yue S.; Lv Y.; Zhang L.; He X.; Wu W.; Mao J.",2026,,10.3390/drones10010049,Scopus,"Highlights: This study proposes DTVIRM-Swarm, a distributed, anchor-free cooperative localizationsystem for UAV swarms that operates without GNSS or pre-deployed anchors. It introducesa novel MDS-MAP initialization method, achieving faster and more accurate swarm poseinitialization than conventional methods. The system demonstrates superior accuracy andstrong robustness, maintaining operation during vision loss where other methods fail. Itprovides a practical, scalable solution for GNSS-denied environments, enabling complexapplications like formation flying under severe conditions. What are the main findings? Superior Localization Accuracy and Efficiency: The proposed system and its novel MDS-MAP initialization method significantly outperform state-of-the-art alternatives, achieving faster and more accurate swarm pose initialization than conventional methods, culminating in real-world accuracy that is higher than leading VIO and collaborative methods. Enhanced Robustness in Degraded Conditions: The tightly-coupled framework demonstrates exceptional resilience, maintaining stable operation and reliable positioning during complete vision deprivation, a scenario in which comparable state-of-the-art systems fail entirely. What are the implications of the main findings? A Practical Enabler for GNSS-Denied Operations: This work provides a viable, infrastructure-independent solution for multi-robot collaborative localization, effectively addressing a critical gap for deploying low-cost UAV swarms in complex environments where traditional GNSS or anchor-dependent systems are infeasible. A Pathway to Scalable and Resilient Applications: The system?s design principles, including its efficient initialization and robust sensor fusion, pave the way for scalable applications involving large-scale swarms or heterogeneous robot teams, while its performance under harsh conditions expands the operational envelope for autonomous systems to more severe scenarios. Accurate Unmanned Aerial Vehicle (UAV) positioning is vital for swarm cooperation. However, this remains challenging in situations where Global Navigation Satellite System (GNSS) and other external infrastructures are unavailable. To address this challenge, we propose to use only the onboard Microelectromechanical System Inertial Measurement Unit (MIMU), Magnetic sensor, Monocular camera and Ultra-Wideband (UWB) device to construct a distributed and anchor-free cooperative localization system by tightly fusing the measurements. As the onboard UWB measurements under dynamic motion conditions are noisy and discontinuous, we propose an adaptive adjustment method based on chi-squared detection to effectively filter out inconsistent and false ranging information. Moreover, we introduce the pose-only theory to model the visual measurement, which improves the efficiency and accuracy for visual-inertial processing. A sliding window Extended Kalman Filter (EKF) is constructed to tightly fuse all the measurements, which is capable of working under UWB or visual deprived conditions. Additionally, a novel Multidimensional Scaling-MAP (MDS-MAP) initialization method fuses ranging, MIMU, and geomagnetic data to solve the non-convex optimization problem in ranging-aided Simultaneous Localization and Mapping (SLAM), ensuring fast and accurate swarm absolute pose initialization. To overcome the state consistency challenge inherent in the distributed cooperative structure, we model not only the UWB noisy uncertainty but also the neighbor agent?s position uncertainty in the measurement model. Furthermore, we incorporate the Covariance Intersection (CI) method into our UWB measurement fusion process to address the challenge of unknown correlations between state estimates from different UAVs, ensuring consistent and robust state estimation. To validate the effectiveness of the proposed methods, we have established both simulation and hardware test platforms. The proposed method is compared with state-of-the-art (SOTA) UAV localization approaches designed for GNSS-challenged environments. Extensive experiments demonstrate that our algorithm achieves superior positioning accuracy, higher computing efficiency and better robustness. Moreover, even when vision loss causes other methods to fail, our proposed method continues to operate effectively. ? 2026 by the authors.",include,high,"[""I1"", ""I2"", ""I3"", ""I4"", ""I5"", ""I6""]","UAV platform with primary GNSS-denied navigation contribution and quantitative results.",INCLUDE,I2
165,REC_1103,REC_1103.pdf,"Integrated navigation of aerial robot for GPS and GPS-denied environment","Suzuki S.; Min H.; Wada T.; Nonami K.",2016,,10.1088/1742-6596/744/1/012219,Scopus,"In this study, novel robust navigation system for aerial robot in GPS and GPS- denied environments is proposed. Generally, the aerial robot uses position and velocity information from Global Positioning System (GPS) for guidance and control. However, GPS could not be used in several environments, for example, GPS has huge error near buildings and trees, indoor, and so on. In such GPS-denied environment, Laser Detection and Ranging (LIDER) sensor based navigation system have generally been used. However, LIDER sensor also has an weakness, and it could not be used in the open outdoor environment where GPS could be used. Therefore, it is desired to develop the integrated navigation system which is seamlessly applied to GPS and GPS-denied environments. In this paper, the integrated navigation system for aerial robot using GPS and LIDER is developed. The navigation system is designed based on Extended Kalman Filter, and the effectiveness of the developed system is verified by numerical simulation and experiment. ? Published under licence by IOP Publishing Ltd.",include,high,"[""I1"", ""I2"", ""I3"", ""I4"", ""I5"", ""I6""]","UAV platform with primary GNSS-denied navigation contribution and quantitative results.",INCLUDE,I2
166,REC_1105,REC_1105.pdf,"3D SCENE RECONSTRUCTION AND PATH PLANNING METHOD FOR UAV IN GNSS-DENIED ENVIRONMENT","Jin Q.; Zhao P.; Hu Q.; Duan X.; Ai M.",2022,,10.5194/isprs-annals-X-3-W1-2022-69-2022,Scopus,"Today, natural disasters have a huge impact all over the world, while GNSS plays an important role in disaster relief and rescue. However, when the ground surface is severely damaged and covered, satellite positioning means are denied. In addition, disaster site conditions are often very complex and may require unmanned robots such as UAVs for pre-surveying. To address the raised problem, we reconstructed the 3D scene by laser SLAM; improved PRM path planning method for better computational efficiency while solving feasible path results; and realized UAV autonomous flight along the planned path in GNSS-denied environment. The experiments prove that the reconstructed scene map provides a feasible means for UAV autonomous navigation in GNSS-denied environment, and the proposed path planning method has a significant improvement in computational efficiency.  ? Copyright:",include,high,"[""I1"", ""I2"", ""I3"", ""I4"", ""I5"", ""I6""]","UAV platform with primary GNSS-denied navigation contribution and quantitative results.",INCLUDE,I2
167,REC_1106,REC_1106.pdf,"Adaptive Particle Filter-Neural Network Fusion for Cooperative Localization of Multi-UAV Systems in GNSS-Denied Indoor Environments","Wang Z.; Wang H.; Liu S.",2026,,10.3390/computers15030172,Scopus,"Accurate autonomous navigation of unmanned aerial vehicles (UAVs) in complex indoor environments where satellite signals are denied remains a critical challenge. Conventional state estimation methods, such as particle filters, often suffer from particle degeneracy and high computational costs, limiting their robustness and real-time applicability. Here, we introduce an adaptive particle filter-neural network (PF-NN) fusion framework that achieves high-fidelity cooperative localization for multi-UAV systems. Our approach integrates a lightweight neural network that optimizes particle weight allocation by learning from motion consistency, thereby mitigating sample impoverishment. This is coupled with an adaptive resampling strategy that dynamically adjusts the particle population based on the effective sample size, balancing computational load with estimation accuracy. By fusing ultra-wideband (UWB) inter-vehicle ranging with visual landmark observations, the system leverages both global and local constraints to achieve robust state estimation. In simulations involving six UAVs in a complex indoor setting, our algorithm demonstrated superior performance, achieving an average root-mean-square error (RMSE) of 0.437 m. This work provides a robust and efficient solution for multi-UAV cooperative localization, paving the way for reliable autonomous operations in GNSS-denied scenarios such as search-and-rescue and industrial inspection. ? 2026 by the authors.",include,high,"[""I1"", ""I2"", ""I3"", ""I4"", ""I5"", ""I6""]","UAV platform with primary GNSS-denied navigation contribution and quantitative results.",INCLUDE,I2
168,REC_1107,REC_1107.pdf,"Multi-UAV Cooperative Localization in Pseudolite-Augmented GNSS-Denied Regions: An Anomaly-Resilient Adaptive Kalman Filter with Group Covariance Compensation","Ji C.; Guo X.; Tang Y.; Han X.; Song Y.",2026,,10.3390/drones10060460,Scopus,"In complex low-altitude environments, unmanned aerial vehicles (UAVs) require reliable positioning, yet Global Navigation Satellite System (GNSS) signals are vulnerable to occlusion and interference. Pseudolite-augmented cooperative localization, which combines ground base-station signals with inter-UAV relative observations, can complement GNSS in such environments. However, two practical issues remain in real-world deployment: UAV-to-base-station (U-B) and UAV-to-UAV (U-U) observations have markedly different error statistics that a unified noise adjustment cannot handle, and the conservative covariance estimates produced by Covariance Intersection (CI) fusion bias the innovation-based adaptive noise estimation in distributed architectures. To address these issues, this paper proposes a Distributed Group Covariance Compensation Adaptive Kalman Filter (DGCC-AKF) for collaborative enhancement of UAV regional localization. DGCC-AKF establishes a group adaptive mechanism that independently adjusts the noise covariance matrices of U-B and U-U observations, enabling observation-type-level adaptive weighting that suppresses anomalous U-B or U-U measurements at the group level. In addition, a bounded covariance compensation factor is incorporated to alleviate the CI-induced conservatism in the adaptive noise estimation. The proposed method is evaluated on a 2800 km2 semi-physical testbed based on the Ground-based High-precision Local Positioning System (GH-LPS) pseudolite network using measured U-B observations and high-dynamic (>300 km/h) flight trajectories collected from a fixed-wing platform across three independent flight sessions. Results demonstrate that under observation fault periods, the proposed method improves 3D positioning accuracy by up to about 75% over single-UAV extended Kalman filter (EKF). Compared with two advanced algorithms in this field, variational Bayesian adaptive Kalman filter (VBAKF) and maximum correntropy criterion Kalman filter (MCC-EKF), it is the only scheme that remains accurate and stable across all UAVs and fault types. The framework provides a practical step toward field deployment for resilient multi-UAV cooperative navigation in pseudolite-augmented GNSS-denied regions. ? 2026 by the authors.",include,high,"[""I1"", ""I2"", ""I3"", ""I4"", ""I5"", ""I6""]","UAV platform with primary GNSS-denied navigation contribution and quantitative results.",INCLUDE,I2
169,REC_1110,REC_1110.pdf,"Cross-Session 3D LiDAR and Camera Fusion for Robust Localization of Unmanned Aerial Vehicles in GPS-Denied Environments","Quach C.H.; Vo C.T.; Tran D.L.T.; Nguyen T.S.; Phung M.D.; Tran T.H.",2026,,10.1155/joro/9948104,Scopus,"Accurate localization of unmanned aerial vehicles (UAVs) is essential for applications such as structural health monitoring, especially in environments where global positioning system (GPS) signals are denied or unreliable, like indoor spaces, tunnels, urban canyons, or areas beneath large structures. To address this challenge, we propose cross-fusion, a novel method for real-time UAV localization that integrates data from a 3D light detection and ranging (LiDAR) and a monocular camera. A key contribution is its cross-session fusion strategy, which integrates visual and geometric information collected from multiple agents during routine baseline surveys to improve localization consistency and map completeness. The system employs LiDAR-based odometry for motion tracking and image-based feature matching via a single red?green?blue (RGB) camera to correct drift and improve accuracy. Unlike visual?inertial systems, cross-fusion maintains a simple sensor setup and avoids the complexity of stereo or global shutter configurations. Experimental results demonstrate that cross-fusion achieves localization accuracy comparable to GPS-based methods and performs reliably in challenging feature-sparse environments. Copyright ? 2026 Cong Hoang Quach et al. Journal of Robotics published by John Wiley & Sons Ltd.",include,high,"[""I1"", ""I2"", ""I3"", ""I4"", ""I5"", ""I6""]","UAV platform with primary GNSS-denied navigation contribution and quantitative results.",INCLUDE,I2
170,REC_1114,REC_1114.pdf,"I-NAV: Inverse Navigation for questionnaire-based geolocation in GPS-denied environments","Qazi S.; Alejandro J.; Murshed R.U.; Evans T.S.; Lippert J.; Saquib M.",2026,,10.1016/j.array.2026.100978,Scopus,"Accurate geolocation remains challenging in areas with limited Global Positioning System (GPS) availability, such as dense forests, rural settings, urban canyons, and disaster zones. To overcome this, we introduce Inverse Navigation (I-NAV), a geolocation framework explicitly designed for decision-making in GPS-denied environments. Unlike conventional methods that determine optimal routes from known origins to destinations, I-NAV inversely identifies probable user locations based on contextual data from questionnaires such as recently passed landmarks, travel-time constraints, and directional cues. Consequently, it can be utilized in critical applications, including public health monitoring, drone surveillance, search-and-rescue operations, and emergency response. Applying a modified Dijkstra's algorithm, I-NAV generates all feasible paths at a high resolution that is reachable within a specified travel budget. Within a Bayesian inference framework, we introduce an Adaptive Gaussian Likelihood Model that combines a reachability prior with travel-time and directional observation likelihoods to produce a posterior probability distribution over candidate locations, effectively capturing uncertainties in travel conditions. Our experimental results demonstrate that I-NAV's deterministic isochrone component achieves spatial coverage comparable to established routing services such as OpenRouteService, while the probabilistic component outperforms several baseline localization approaches across multiple evaluation metrics. ? 2026 The Authors",include,high,"[""I1"", ""I2"", ""I3"", ""I4"", ""I5"", ""I6""]","UAV platform with primary GNSS-denied navigation contribution and quantitative results.",INCLUDE,I2
171,REC_1115,REC_1115.pdf,"SWA-PF: Semantic-weighted adaptive particle filter for memory-efficient 4-DoF UAV localization in GNSS-denied environments","Yuan J.; Dai M.; Zheng E.; Su C.; Chen N.; Hu Q.; Zhu S.; Cao Y.",2026,,10.1016/j.patcog.2026.114522,Scopus,"Vision-based Unmanned Aerial Vehicle (UAV) localization systems have been extensively investigated for Global Navigation Satellite System (GNSS)-denied environments. However, existing retrieval-based approaches face limitations in dataset availability and persistent challenges including suboptimal real-time performance, memory inefficiency for onboard deployment, environmental sensitivity, and limited generalization capability, particularly in dynamic or temporally varying environments. To overcome these limitations, we present a large-scale Multi-Altitude Flight Segments dataset (MAFS) for variable altitude scenarios and propose a novel Semantic-Weighted Adaptive Particle Filter (SWA-PF) method. This approach integrates robust semantic features from both UAV-captured images and satellite imagery through three core innovations: a compact 4-DoF particle representation with strictly linear memory complexity, a semantic weighting mechanism, and an optimized particle filtering architecture. The compact particle design achieves negligible per-particle memory overhead, enabling memory-efficient deployment on resource-constrained UAV onboard computing platforms. Evaluated using our dataset, the proposed method achieves approximately 10? end-to-end computational efficiency gain over classical feature-based methods when embedded in the same particle filter localization framework, maintains global positioning errors below 10 meters with respect to onboard GNSS-based pose measurements, and enables rapid 4 degree of freedom (4-DoF) pose estimation within seconds using accessible low-resolution satellite maps. Code and dataset will be available at https://github.com/YuanJiayuuu/SWA-PF. ? 2026 Elsevier Ltd",include,high,"[""I1"", ""I2"", ""I3"", ""I4"", ""I5"", ""I6""]","UAV platform with primary GNSS-denied navigation contribution and quantitative results.",INCLUDE,I2
172,REC_1116,REC_1116.pdf,"Development of a Visual SLAM-Based Autonomous UAV System for Greenhouse Plant Monitoring","Lin J.-H.; Lin T.-T.",2026,,10.3390/drones10030205,Scopus,"Highlights: What are the main findings? A UAV navigation framework enables autonomous monitoring missions in GPS-denied commercial greenhouses. A dual-link edge architecture offloads V-SLAM, while a side-view RGB stream supports deep learning-based phenotyping via flower detection and tracking. What are the implications of the main findings? The modular separation of navigation and sensing lowers onboard requirements and supports practical deployment with lightweight hardware. Daily flower monitoring demonstrates a scalable pathway toward automated, data-driven greenhouse management and plant phenotyping. Autonomous monitoring is essential for precision agriculture in greenhouses, yet deploying unmanned aerial vehicles (UAVs) in confined, GPS-denied environments remains limited by payload, power, and cost constraints. This study developed and validated an autonomous UAV system for reliable, low-cost operation in such conditions. The proposed system employs a dual-link edge-computing architecture: a lightweight onboard controller handles flight control and sensor acquisition, while visual simultaneous localization and mapping (V-SLAM) is offloaded to an edge computer via the FPV video link. Phenotyping (flower detection and tracking/counting) is performed offline from the side-view RGB stream and does not participate in the flight control loop. Using muskmelon (Cucumis melo L.) flower development as a case study, the UAV autonomously executed daily missions for 27 days in a commercial greenhouse, performing flower detection and tracking to monitor phenological dynamics. Localization and control accuracy were evaluated against a validated UWB reference system, achieving 5.4~8.0 cm 2D RMSE for trajectory tracking and 12.7 cm translation RMSE for greenhouse mapping. This work demonstrates a practical architecture for autonomous monitoring in GPS-denied agricultural environments, with operational boundaries characterized through the sustained field deployment. The system?s design principles may extend to other indoor or communication-limited scenarios requiring lightweight, intelligent robotic operation. ? 2026 by the authors.",include,high,"[""I1"", ""I2"", ""I3"", ""I4"", ""I5"", ""I6""]","UAV platform with primary GNSS-denied navigation contribution and quantitative results.",INCLUDE,I2
173,REC_1118,REC_1118.pdf,"GNSS-denied UAV indoor navigation with UWB incorporated visual inertial odometry","Lin H.-Y.; Zhan J.-R.",2023,,10.1016/j.measurement.2022.112256,Scopus,"The localization of unmanned aerial vehicles (UAVs) in GPS-denied areas is an essential issue for indoor navigation. This paper presents a technique to improve the accuracy of visual inertial odometry (VIO) by combining the ultra-wideband (UWB) positioning technology. The proposed architecture is divided into two stages. In the initial stage, the constraint on UWB short-term position change is adopted to improve the pose estimation results of the VIO system. It is also used to mitigate the translation error caused by the vibration and lack of features during the flight. In the second stage, a loose coupling approach based on nonlinear optimization is utilized to fuse the local pose estimator of the VIO system with the global constraints from the UWB positioning. At the beginning of each operation, the alignment between the VIO and UWB frames is estimated to avoid the influence of coordinate transformation due to the VIO cumulative error. It is shown that our optimization-based fusion method is able to achieve a smooth localization trajectory under the global coordinate frame. In the experiments, the performance evaluation carried out in the real-world scenes has demonstrated the effectiveness of the proposed technique. ? 2022 Elsevier Ltd",include,high,"[""I1"", ""I2"", ""I3"", ""I4"", ""I5"", ""I6""]","UAV platform with primary GNSS-denied navigation contribution and quantitative results.",INCLUDE,I2
174,REC_1123,REC_1123.pdf,"A Novel Scene-Matching Positioning Approach for Low-Altitude UAVs Considering Elevation Differences in Satellite Images","Zhang X.; Li T.; Wang Z.; Kuang Y.",2026,,10.1109/JIOT.2026.3664077,Scopus,"The precise localization of Unmanned Aerial Vehicles (UAVs) is a critical prerequisite for mission success in smart urban environments driven by the Internet of Things (IoT). Traditional Global Navigation Satellite System (GNSS)-based positioning schemes are vulnerable to signal interference and spoofing attacks, highlighting the importance of visual scene matching as a robust solution for anti-jamming localization. However, this technology faces challenges such as sensitivity to perspective variations and trajectory discontinuities. To address these limitations, this paper presents a novel visual scene matching-based UAV localization framework. First, a spatiotemporally constrained candidate map retrieval strategy is proposed, which enables efficient and accurate candidate retrieval by coupling single-frame probability estimation with a Hidden Markov Model. Second, a pose recovery algorithm based on cross-frame elevation difference constraints is introduced, by leveraging feature matches between adjacent UAV frames and between UAV frames and satellite images, the elevation information of satellite images is estimated and 2D-3D correspondences between UAV images and satellite images is established. This constructs a 3D constraint model that enables the UAV to obtain 3D coordinates independent of perspective variations, thereby maintaining localization accuracy under oblique views. Finally, a factor graph joint optimization framework is developed to fuse local relative poses with satellite-based absolute geographic poses, thereby ensuring smooth and stable localization performance. Extensive experiments on public and real-world datasets demonstrate that the proposed method significantly improves localization accuracy and validates its effectiveness in supporting collaborative IoT agent operations in GNSS-denied environments. ? 2014 IEEE.",include,high,"[""I1"", ""I2"", ""I3"", ""I4"", ""I5"", ""I6""]","UAV platform with primary GNSS-denied navigation contribution and quantitative results.",INCLUDE,I2
175,REC_1130,REC_1130.pdf,"Robust GNSS-denied localization for UAV using particle filter and visual odometry","Jurevi?ius R.; Marcinkevi?ius V.; ?eibokas J.",2019,,10.1007/s00138-019-01046-4,Scopus,"Conventional autonomous unmanned air vehicle (UAV) autopilot systems use global navigation satellite system (GNSS) signal for navigation. However, autopilot systems fail to navigate due to lost or jammed GNSS signal. To solve this problem, information from other sensors such as optical sensors are used. Monocular simultaneous localization and mapping (SLAM) algorithms have been developed over the last few years and achieved state-of-the-art accuracy (e.g., visual SLAM algorithms achieve centimeter-level precision in an in-doors environment). Also, map matching localization approaches are used for UAV localization relatively to imagery from static maps such as Google Maps. Unfortunately, the accuracy and robustness of these algorithms are very dependent on up-to-date maps. The purpose of this research is to improve the accuracy and robustness of map-relative particle filter-based localization using a downward-facing optical camera mounted on an autonomous aircraft. This research shows how image similarity to likelihood conversion function impacts the results of particle filter localization algorithm. Two parametric image similarity to likelihood conversion functions (logistic and rectifying) are proposed. A dataset of simulated aerial imagery is used for experiments. The experiment results are shown, that the particle filter localization algorithm using the logistic function was able to surpass the accuracy of state-of-the-art ORB-SLAM2 algorithm by 2.6 times. The algorithm is shown to be able to navigate using up-to-date maps more accurately and with an average decrease in precision by 30% using out-of-date maps. ? 2019, Springer-Verlag GmbH Germany, part of Springer Nature.",include,high,"[""I1"", ""I2"", ""I3"", ""I4"", ""I5"", ""I6""]","UAV platform with primary GNSS-denied navigation contribution and quantitative results.",INCLUDE,I2
176,REC_1132,REC_1132.pdf,"Minimalistic approach for monocular SLAM system applied to micro aerial vehicles in GPS-denied environments","Urzua S.; Mungu?a R.; Nu?o E.; Grau A.",2018,,10.1177/0142331217747343,Scopus,"In this work, a novel monocular simultaneous localization and mapping (SLAM) system with application to micro aerial vehicles is proposed. The main difference with respect to previous approaches is that a barometer is used as a unique sensory aid for incorporating altitude information into the system in order to recover an absolute metric scale. First, an observability analysis of a simplified model of a monocular SLAM system is developed. From this analysis, several theoretical results are derived. Among others, one important result is related to the fact that the metric scale can become observable when measurements of altitude are included in the system. In this case, sufficient conditions for observability are presented. The design of the proposed method is based on these theoretical results. Simulations and experiments with real data are presented to validate the proposed approach. The results confirm that the metric scale can be retrieved by including altitude measurements in the system. It is also shown that the proposed method can be practically implemented, using low-cost sensors, to perform visual-based navigation in GPS-denied environments. ? The Author(s) 2018.",include,high,"[""I1"", ""I2"", ""I3"", ""I4"", ""I5"", ""I6""]","UAV platform with primary GNSS-denied navigation contribution and quantitative results.",INCLUDE,I2
177,REC_1135,REC_1135.pdf,"UAV Localization in Low-Altitude GNSS-Denied Environments Based on POI and Store Signage Text Matching in UAV Images","Liu Y.; Bai J.; Wang G.; Wu X.; Sun F.; Guo Z.; Geng H.",2023,,10.3390/drones7070451,Scopus,"Localization is the most important basic information for unmanned aerial vehicles (UAV) during their missions. Currently, most UAVs use GNSS to calculate their own position. However, when faced with complex electromagnetic interference situations or multipath effects within cities, GNSS signals can be interfered with, resulting in reduced positioning accuracy or even complete unavailability. To avoid this situation, this paper proposes an autonomous UAV localization method for low-altitude urban scenarios based on POI and store signage text matching (LPS) in UAV images. The text information of the store signage is first extracted from the UAV images and then matched with the name of the POI data. Finally, the scene location of the UAV images is determined using multiple POIs jointly. Multiple corner points of the store signage in a single image are used as control points to the UAV position. As verified by real flight data, our method can achieve stable UAV autonomous localization with a positioning error of around 13 m without knowing the exact initial position of the UAV at take-off. The positioning effect is better than that of ORB-SLAM2 in long-distance flight, and the positioning error is not affected by text recognition accuracy and does not accumulate with flight time and distance. Combined with an inertial navigation system, it may be able to maintain high-accuracy positioning for UAVs for a long time and can be used as an alternative to GNSS in ultra-low-altitude urban environments. ? 2023 by the authors.",include,high,"[""I1"", ""I2"", ""I3"", ""I4"", ""I5"", ""I6""]","UAV platform with primary GNSS-denied navigation contribution and quantitative results.",INCLUDE,I2
178,REC_1137,REC_1137.pdf,"Integrated guidance, navigation, and control system for a UAV in a GPS denied environment","Hong J.-H.; Ryoo C.-K.; Shin H.-S.; Tsourdos A.",2018,,10.5220/0006908204400447,Scopus,"This paper proposes an integrated guidance, navigation, and control system for operations of a UAV in GPS denied environments. The proposed system uses a sensor combination, which consists of an image sensor and a range sensor. The main idea of the system developed is that it replaces the conventional navigation information with the measurement from the image processing. For example, it is possible to substitute the look angle and look angle rate from the image sensor for the conventional navigation information like the relative target position and the body angular rate. As the preliminary study, the integrated guidance and control system is designed with a nonlinear back-stepping approach to investigate the possibility of the proposed system. And the proposed integrated guidance and control system is verified by the numerical simulation. Copyright ? 2018 by SCITEPRESS ? Science and Technology Publications, Lda. All rights reserved",include,high,"[""I1"", ""I2"", ""I3"", ""I4"", ""I5"", ""I6""]","UAV platform with primary GNSS-denied navigation contribution and quantitative results.",INCLUDE,I2
179,REC_1140,REC_1140.pdf,"UAV navigation in large-scale GPS-denied bridge environments using fiducial marker-corrected stereo visual-inertial localisation","Wang F.; Zou Y.; Zhang C.; Buzzatto J.; Liarokapis M.; del Rey Castillo E.; Lim J.B.P.",2023,,10.1016/j.autcon.2023.105139,Scopus,"The use of Unmanned Aerial Vehicles (UAVs) for bridge inspection has gained popularity recently; however, accurately localising the UAV in GPS-denied areas is still challenging, which hinders the development of fully autonomous UAV-assisted bridge inspection solutions. This paper proposes a fiducial marker-corrected stereo visual-inertial localisation (FMC-SVIL) method, running on a resource-constrained onboard computer, to estimate UAV's global pose underneath bridge girders. The proposed FMC-SVIL utilises an optimised stereo visual-inertial odometry for continuous relative pose estimation between consecutive camera frames and an improved AprilTag2-based measurement algorithm for accurate global referencing and periodic pose corrections. The method is validated through extensive experiments, and the results show that the FMC-SVIL achieved UAV localisation with a root mean square error of 0.416 m in sunny conditions and 0.340 m in cloudy conditions. FMC-SVIL outperforms the leading vision-based simultaneous localisation and mapping (SLAM) algorithms for flights over multiple bridge spans. ? 2023 The Authors",include,high,"[""I1"", ""I2"", ""I3"", ""I4"", ""I5"", ""I6""]","UAV platform with primary GNSS-denied navigation contribution and quantitative results.",INCLUDE,I2
180,REC_1142,REC_1142.pdf,"Dual Quaternion-Based Unscented Kalman Filter with Visual Inertial Odometry for navigation in GPS-denied environments","Khalifa M.; Hashim H.A.",2026,,10.1016/j.measurement.2026.121964,Scopus,"Reliable navigation in GPS-denied environments remains a fundamental challenge in robotics, aerospace, and autonomous vehicle applications. This paper presents a Dual Quaternion-Based Unscented Kalman Filter (DQUKF) equipped with a Visual Inertial Odometry (VIO) algorithm for accurate state estimation enabling navigation in GPS denied locations. The proposed framework formulates the DQUKF in an error state manner, where the nominal pose is represented by a unit dual quaternion and the local pose error is represented by a 6-dimensional twistor parameterization used for sigma point generation, covariance propagation, and measurement correction. In parallel, the VIO algorithm tracks features across image frames, synchronizes measurements between the IMU and camera, and provides visual constraints that complement inertial propagation. Simulation results on the EuRoC MAV dataset show that the proposed DQUKF converges under high initialization uncertainty and achieves a position RMSE of 0.2584 m in the difficult flight sequence, outperforming the benchmark filters. ? 2026 The Authors",include,high,"[""I1"", ""I2"", ""I3"", ""I4"", ""I5"", ""I6""]","UAV platform with primary GNSS-denied navigation contribution and quantitative results.",INCLUDE,I2
181,REC_1146,REC_1146.pdf,"Micro-radar and UWB aided UAV navigation in GNSS denied environment","Zahran S.; Mostafa M.M.; Masiero A.; Moussa A.M.; Vettore A.; El-Sheimy N.",2018,,10.5194/isprs-archives-XLII-1-469-2018,Scopus,"During the last decade, the number of applications of UAVs has continuously increased, making the global UAV market one of those with the highest rate of growth. The worldwide increasing usage of UAVs is causing an ever-growing demand for efficient solutions in order to make them usable in every kind of working condition. In fact, nowadays the main restriction to the usage of UAVs is probably the need of reliable position estimates provided by using the Global Navigation Satellite System (GNSS): since UAVs mostly rely on the integration of GNSS/Inertial Navigation System (INS) to properly fulfil their tasks, they face a major challenge while navigating in GNSS denied environments. The goal of this paper is that of investigating possible strategies to reduce such main restriction to UAV usage, i.e. enabling flights in GNSS denied environment by providing position estimates with accuracy quite comparable to that of standard GNSS receivers currently mounted on commercialized drones. To be more specific, this paper proposes the combined use of a novel Frequency Modulated Continuous Wave (FMCW) Radar, a set of Ultra-Wideband (UWB) devices, and Inertial Measurement Unit (IMU) measurements in order to compensate for the unavailability of the GNSS signal units. A 24-GHz micro FMCW radar and a UWB device have been attached to a quadcopter during the flight. The radar receives the reflections from ground scatterers, whereas the UWB system provides range measurements between a UWB rover mounted on the UAV and a set of UWB anchors distributed along the flying area. ? Authors 2018. CC BY 4.0 License.",include,high,"[""I1"", ""I2"", ""I3"", ""I4"", ""I5"", ""I6""]","UAV platform with primary GNSS-denied navigation contribution and quantitative results.",INCLUDE,I2
182,REC_1148,REC_1148.pdf,"UAV-Based Structural Health Monitoring Using a Two-Stage CNN Model with Lighthouse Localization in GNSS-Denied Environments","Chu T.S.C.; Sorilla J.; Chua A.Y.",2025,,10.28991/HIJ-2025-06-02-03,Scopus,"This study presents a UAV-based Structural Health Monitoring (SHM) system that combines Lighthouse localization with a two-stage CNN architecture?AlexNet for crack classification and YOLOv4 for segmentation?to enable reliable crack detection and spatial mapping in GNSS-denied environments. This study explores the effectiveness of this combination as a practical and computationally efficient solution for indoor SHM tasks. The UAV was deployed within a 1.5 m ? 1.2 m ? 1.2 m test volume to inspect synthetic cracks derived from ?zgenel?s dataset, as well as a real-world wall crack. Two experiments were conducted: evaluating UAV localization accuracy and assessing the system?s ability to detect cracks and provide corresponding pose data. The system achieved a 1?2 cm margin of error in pose estimation, alongside 100% precision, 83.33% recall, and 91.89% accuracy in crack detection. This level of localization accuracy supports stable autonomous UAV flight and ensures that cracks are detected and spatially localized with minimal deviation. Beyond classification and segmentation, the system returns pose data tied to each detected crack, allowing users to identify defect locations precisely and use this information to guide inspection or maintenance tasks. Future work includes expanding the dataset, generalization, and evaluating scalability via multi-base station setups. ? 2025, Ital Publication. All rights reserved..",include,high,"[""I1"", ""I2"", ""I3"", ""I4"", ""I5"", ""I6""]","UAV platform with primary GNSS-denied navigation contribution and quantitative results.",INCLUDE,I2
183,REC_1150,REC_1150.pdf,"NaviLoc: Trajectory-Level Visual Localization for GNSS-Denied UAV Navigation","Shpagin P.; Panchenko T.",2026,,10.3390/drones10020097,Scopus,"Highlights: What are the main findings? NaviLoc enables training-free GNSS-denied aerial-to-satellite localization using trajectory-level fusion of image matching and motion sensing. On low-altitude (50?150 m) rural UAV flights, NaviLoc achieves a 19.5 m Mean Localization Error (16.0? better than prior state-of-the-art). What are the implications of the main finding? Trajectory-level optimization handles visually repetitive rural environments, enabling reliable GPS-free navigation. The lightweight algorithm enables real-time CPU-only deployment (9 FPS on Raspberry Pi 5), supporting embedded autonomy. Aerial-to-satellite visual localization enables GNSS-denied UAV navigation, but the appearance gap between low-altitude (50?150 m) UAV imagery and nadir satellite tiles makes per-frame Visual Place Recognition (VPR) unreliable. Under perceptual aliasing, high-similarity matches are often geographically inconsistent, so na?ve anchoring fails. We introduce NaviLoc, a training-free three-stage trajectory-level estimator that treats VPR as a noisy measurement source and exploits Visual-Inertial Odometry (VIO) as a relative-motion prior. Stage 1 (Global Align) estimates a global SE(2) transform by maximizing an explicit trajectory-level similarity objective. Stage 2 (Refinement) performs sliding-window bounded weighted Procrustes updates. Stage 3 (Smoothing) computes a strictly convex MAP trajectory estimate that fuses VIO displacements with VPR anchors while clamping detected outliers. On a challenging low-altitude rural UAV benchmark, NaviLoc attains 19.5 m Mean Localization Error (MLE)?a 16.0? reduction compared to state-of-the-art localization method AnyLoc-VLAD, and 32.1? compared to raw VIO drift. End-to-end inference runs at 9 FPS on Raspberry Pi 5, enabling real-time embedded deployment. ? 2026 by the authors.",include,high,"[""I1"", ""I2"", ""I3"", ""I4"", ""I5"", ""I6""]","UAV platform with primary GNSS-denied navigation contribution and quantitative results.",INCLUDE,I2
184,REC_1159,REC_1159.pdf,"GPS-Denied Navigation Aided by Synthetic Aperture Radar Using the Range-Doppler Algorithm","Lindstrom C.; Christensen R.; Gunther J.; Jenkins S.",2022,,10.33012/navi.533,Scopus,"The need to successfully navigate in the absence of GNSS has grown in recent years. In particular, light aircraft such as UAVs are growing in popularity for a variety of applications vulnerable to GPS denial. The research presented here develops a GPS-denied navigation scheme for light aircraft employing images formed from a synthetic aperture radar system. Past research has explored the utility of radar telemetry in GPS-denied systems. This research advances previous work by exploiting radar images to obtain range and cross-range position measurements. Images are formed using the Range-Doppler Algorithm, an efficient image formation algorithm ideal for the sometimes limited processing packages available to light aircraft. An inertial navigation and radar processing system is implemented using both real and simulated radar images to aid in estimating an aircraft?s state in a GPS-denied environment. The results show that navigation in the absence of GPS using synthetic aperture radar is feasible with converging and bounded estimation errors. ? 2022 Institute of Navigation.",include,high,"[""I1"", ""I2"", ""I3"", ""I4"", ""I5"", ""I6""]","UAV platform with primary GNSS-denied navigation contribution and quantitative results.",INCLUDE,I2
185,REC_1160,REC_1160.pdf,"Towards Large-Scale Relative Localization in Multi-Robot Systems with Dynamic UWB Role Allocation","Moron P.T.; Queralta J.P.; Westerlund T.",2022,,10.1109/ICRAE56463.2022.10054614,Scopus,"Ultra-wideband (UWB) ranging has emerged as a key radio technology for robot positioning and relative localization in multi-robot systems. Multiple works are now advancing towards more scalable systems, but challenges still remain. This paper proposes a novel approach to relative localization in multi-robot systems where the roles of the UWB nodes are dynamically allocated between active nodes (using time-of-flight for ranging estimation to other active nodes) and passive nodes (using time-difference-of-arrival for estimating range differences with respect to pairs of active nodes). We adaptively update UWB roles based on the location of the robots with respect to the convex envelope defined by active nodes, and introducing constraints in the form of localization frequency and accuracy requirements. We demonstrate the applicability of the proposed approach and show that the localization errors remain comparable to fixed-role systems. Then, we show how the navigation of an autonomous drone is affected by the changes in the localization system, obtaining significantly better trajectory tracking accuracy than when relying in passive localization only. Our results pave the way for UWB-based localization in large-scale multi-robot deployments, for either relative positioning or for applications in GNSS-denied environments. ? 2022 IEEE.",include,high,"[""I1"", ""I2"", ""I3"", ""I4"", ""I5"", ""I6""]","UAV platform with primary GNSS-denied navigation contribution and quantitative results.",INCLUDE,I2
186,REC_1163,REC_1163.pdf,"A comparative study of TERCOM-EKF and ViSensorRF for UAV localization in GNSS-denied environments","Jarraya I.; Gabr K.; Abdelkader M.; Alahmed F.; Bilal Kadri M.; Boulila W.",2026,,10.1016/j.rineng.2025.108279,Scopus,"Accurate localization is essential for Unmanned Aerial Vehicles (UAVs) in mission-critical applications such as military operations, search and rescue, and environmental monitoring. While Global Navigation Satellite Systems (GNSS) provide reliable positioning in open environments, GNSS-denied conditions remain challenging, such as in obstructed or hostile environments. Various localization strategies have been developed using visual and/or non-visual sensors such as LiDAR, barometers, Inertial Measurement Units (IMU), and cameras, with recent advances in machine learning. However, there is a lack of comparative studies that analyze the trade-offs between learning-based and conventional estimation approaches in such conditions. This study bridges that gap by comparing two fundamentally different methods: a Terrain Contour Matching algorithm-Extended Kalman Filter framework (TERCOM-EKF), and Visual-Inertial Sensor Fusion with Random Forest Regression (ViSensorRF), a machine learning approach based on Random Forest Regression (RFR). Both methods are evaluated in a GNSS-denied simulation environment using PX4, Robot Operating System (ROS) 2, Gazebo, and QGroundControl over a digital elevation model of the Taif region in Saudi Arabia. Results demonstrate that ViSensorRF achieves superior localization accuracy, with a root mean square error (RMSE) ranging between approximately 1 to 5 m across multiple trajectories, but requires significantly higher execution time of 1.92 s. In contrast, TERCOM-EKF offers faster computation of 0.04 s, making it suitable for real-time deployment in resource-constrained UAV systems. These findings highlight a trade-off between localization precision and computational efficiency, offering valuable insights for UAV deployment in GNSS-denied environments. ? 2025 The Author(s).",include,high,"[""I1"", ""I2"", ""I3"", ""I4"", ""I5"", ""I6""]","UAV platform with primary GNSS-denied navigation contribution and quantitative results.",INCLUDE,I2
187,REC_1165,REC_1165.pdf,"UAV Localization in GPS-Denied Environments: A Review","Wu Y.; Liu D.; Ma J.; He X.",2026,,10.1109/TSMC.2026.3708505,Scopus,"With the increasingly wide application of unmanned aerial vehicles (UAVs) in various scenarios, accurate UAV localization in indoor and urban environments has been a critical issue to address. However, in these signal-degraded environments, global positioning system (GPS) localization becomes unreliable; thus, alternative localization methods are essential. This article surveys localization methods for UAV systems in such environments. We classify these methods into two groups: 1) onboard-only methods, which rely exclusively on onboard sensors and 2)hybrid methods, which incorporate external anchors. To evaluate their performance in UAV localization systems, we first analyze the hardware requirements, the data preprocessing strategies, and the localization algorithms of the two groups, and then compare their experimental settings and localization accuracy. Finally, we summarize the strengths and limitations of these two groups and outline several research directions on GPS-denied UAV localization. ? 2013 IEEE.",include,high,"[""I1"", ""I2"", ""I3"", ""I4"", ""I5"", ""I6""]","UAV platform with primary GNSS-denied navigation contribution and quantitative results.",INCLUDE,I2
188,REC_1167,REC_1167.pdf,"APF-Driven Lightweight UAV Swarm Trajectory Optimization in GNSS-Denied Air?Terrestrial Navigation","Guo R.; Yuan H.; Chen X.; Li W.",2026,,10.3390/electronics15061207,Scopus,"To enable autonomous route planning for UAV swarms in dynamic air?terrestrial cooperative navigation scenarios within GNSS-denied environments, this paper proposes a lightweight framework based on the Artificial Potential Field (APF) method. In the considered architecture, UAVs act as mobile transit navigation nodes that relay positioning information from sparse ground anchors to terrestrial users. For TOA-based cooperative positioning, the instantaneous geometric configuration of the UAV swarm significantly affects the overall system accuracy. Therefore, the impact of UAV positions on the end-to-end navigation performance is rigorously analyzed, yielding a comprehensive Dilution of Precision (DOP) matrix for the entire air?terrestrial system. By applying the Schur complement, the global performance metric is decomposed, resulting in a scalar evaluation function that directly reflects the geometric quality of the configuration. In practical scenarios involving dynamic and heterogeneous users, real-time trajectory adaptation of the UAV swarm is essential to continuously optimize user positioning accuracy. To this end, an APF-based autonomous joint route planning approach is developed. The potential field is constructed directly from the derived geometric evaluation model, where its negative gradient generates virtual forces that autonomously guide the UAV swarm. This elegantly bridges high-level navigation performance optimization with low-level motion control of the swarm. The simulation results show a 76.1% improvement in the average comprehensive GDOP for users compared to the baseline of hovering UAVs, validating the effectiveness and real-time capability of the proposed lightweight framework. ? 2026 by the authors.",include,high,"[""I1"", ""I2"", ""I3"", ""I4"", ""I5"", ""I6""]","UAV platform with primary GNSS-denied navigation contribution and quantitative results.",INCLUDE,I2
189,REC_1171,REC_1171.pdf,"LiDAR-Based Multi-Modal UAV Navigation Dataset for Robust Benchmarking in Complex-Structured, GNSS-Denied Industrial Environments","Qiu Z.; Lin D.; Liu B.; Han H.; Guo W.; Liang J.; Chen Z.; Yan Z.; Wang H.; Yang X.; Liu Z.; Zhao L.",2026,,10.3390/drones10080611,Scopus,"To address the problem of lacking effective evaluation benchmarks for UAV navigation algorithms in complex-structured, GNSS-denied industrial environments (e.g., fully enclosed stockyards), this paper proposes and open-sources a multi-modal UAV navigation dataset. The dataset is collected in a real steel plant enclosed stockyard, integrating LiDAR point clouds, IMU, RGB images, and high-precision total station ground truth trajectories, and specially designs ArUco markers to aid visual localization. Different from existing datasets targeting urban or campus scenes, this dataset realistically reflects the challenges of GNSS-denied signal, weak texture, high dust, and complex spatial grid structures in industrial environments. Through the evaluation of various mainstream LiDAR odometry and fusion navigation algorithms, the difficulties encountered by existing methods in this scenario are highlighted, and the potential of the proposed dataset as a valuable benchmark for developing and quantitatively testing highly robust navigation algorithms is suggested. ? 2026 by the authors.",include,high,"[""I1"", ""I2"", ""I3"", ""I4"", ""I5"", ""I6""]","UAV platform with primary GNSS-denied navigation contribution and quantitative results.",INCLUDE,I2
190,REC_1172,REC_1172.pdf,"LiDAR Inertial Mapping of Non-Manhattan Topologies for UAV-Based Aircraft Inspection in GNSS-Denied Environments","Pugliese R.; Abel D.",2022,,10.1016/j.ifacol.2023.01.132,Scopus,"In this paper we propose and evaluate a high resolution intensity yielding adaption of a 3D mapping approach for airplane inspection by autonomous unmanned aerial vehicles. We solely use a 16 column laserscanner and an industrial-grade inertial measurement unit, without a priori knowledge of the inspection object dimensions or its surroundings. Our approach includes the introduction of a novel cylinder feature detection and an according modification of the optimization-based state estimation. Robustness of the point cloud registration is proven based on measurements in a GNSS-denied hangar environment with a Boeing 737-500, comprising only sparse plane and edge features and for highly dynamic movement involving rapid roll or pitch rotation. The approach is suitable for the given application to datasets with strong non-Manhattan characteristics, as opposed to several state of the art algorithms. By means of including the intensity information, 2D projections of the 3D registration result depict a remarkable level of detail and sharpness, resembling that of camera images. Thus allowing for complete coverage of the environment with high spatial resolution using the discrete points and voxel grids with small leaf sizes, the obtained results perspectively can be used for visually matching multi-channel camera images. By fusion of such visual information with the LiDAR generated projections and using the LiDAR inertial odometry, 3D defect maps of the aircraft surface can be constructed, enabling the automated localization of structural damages that are detectable using convolutional neural networks, as shown in previous publications. Copyright ? 2022 The Authors.",include,high,"[""I1"", ""I2"", ""I3"", ""I4"", ""I5"", ""I6""]","UAV platform with primary GNSS-denied navigation contribution and quantitative results.",INCLUDE,I2
191,REC_1175,REC_1175.pdf,"Deep Learning for Autonomous UAV Navigation: Multi-Modal Visual-Inertial Pose Estimation in GPS-Denied Environments","Izadbakhsh S.; Khademi M.",2026,,10.5194/isprs-annals-X-4-W8-2025-389-2026,Scopus,"This paper presents DeepVIONet, a novel deep learning framework for autonomous UAV navigation in GPS-denied environments using multi-modal visual-inertial pose estimation. The system addresses the critical challenge of accurate localization and navigation when traditional GPS signals are unavailable or unreliable, such as in indoor spaces, urban canyons, or adversarial conditions. Our approach integrates synchronized camera imagery and inertial measurement unit (IMU) data through a dual-encoder architecture. The visual encoder employs a convolutional neural network followed by long short-term memory (LSTM) layers to extract spatio-temporal features from image sequences, while the IMU encoder processes accelerometer and gyroscope data using recurrent networks to capture motion dynamics. A fusion module combines these complementary modalities to predict relative pose transformations consisting of 3-DOF translation and 3-DOF rotation parameters. The network is trained and evaluated on the TUM Visual-Inertial dataset, demonstrating robust performance in challenging scenarios. Our multi-modal fusion strategy leverages the complementary strengths of visual and inertial sensing: cameras provide rich environmental context and feature-based localization, while IMU data offers high-frequency motion estimates and robustness to visual degradation. The architecture incorporates temporal modeling through LSTM networks to capture motion dynamics across sequential frames. Experimental results show significant improvements in pose estimation accuracy compared to single-modality approaches, with translation MAE of 0.089 m and rotation MAE of 0.043 radians. The system achieves real-time performance suitable for autonomous navigation applications while maintaining computational efficiency. This work advances the state-of-the-art in vision-based UAV navigation and demonstrates the effectiveness of deep learning for robust localization in GPS-denied environments. ? Author(s) 2026.",include,high,"[""I1"", ""I2"", ""I3"", ""I4"", ""I5"", ""I6""]","UAV platform with primary GNSS-denied navigation contribution and quantitative results.",INCLUDE,I2
192,REC_1178,REC_1178.pdf,"Aerial-Ground Robots Collaborative 3D Mapping in GNSS-Denied Environments","Yue Y.; Zhao C.; Wang Y.; Yang Y.; Wang D.",2022,,10.1109/ICRA46639.2022.9812319,Scopus,"Collaborative heterogeneous robots are expected to perform comprehensive perception, mapping and coordination in search and rescue scenarios. The challenge of collaboration between heterogeneous robots lies in their huge differences in perception, mobility and processing capabilities. In this paper, a novel collaborative UAV-UGV mapping framework is proposed in GNSS-denied and unknown environments. The key novelty of this work is the proposing of a unified framework to formulate the UAV-UGV collaborative mapping problem with a continuous-discrete model, as well as its realization in real robotic systems. In order to project continuous space into discrete space, a novel information gain trigger scheme is pro-posed. The continuous space allows each robot to perform high frequency local map estimation, while discrete space describes the problem of multi-resolution hybrid map fusion. Considering the nature of data heterogeneity, a flexible probabilistic fusion algorithm is proposed that addresses the multi-resolution hybrid map fusion problem, where the local maps generated by UAV and UGV are fused based on Bayesian rule. The proposed UAV-UGV hybrid system is validated in various challenging scenarios, demonstrating its accuracy and utility in practical tasks. ? 2022 IEEE.",include,high,"[""I1"", ""I2"", ""I3"", ""I4"", ""I5"", ""I6""]","UAV platform with primary GNSS-denied navigation contribution and quantitative results.",INCLUDE,I2
193,REC_1185,REC_1185.pdf,"UAV swarm distributed cooperative localization in GNSS-denied environments: an ICMC and ACPM Fusion approach","Yue W.; Wang Y.; Zhang X.; Wang L.; Liu Z.; Li L.; Zhu L.",2026,,10.1016/j.adhoc.2026.104363,Scopus,"With the widespread use of Unmanned Aerial Vehicles (UAVs) in urban environments, achieving high-precision localization, particularly in Global Navigation Satellite System (GNSS)-denied environments, presents a significant challenge. Existing localization methods largely rely on centralized data processing, which often leads to issues such as information redundancy, high computational complexity, and limited real-time responsiveness. This paper proposes a UAV swarm collaborative localization strategy, termed I-ACPM, based on Imperialist Competitive Mechanism-based Clustering (ICMC) and the Ant Colony Pheromone Mechanism (ACPM). The ICMC is employed for multi-stage clustering of the UAV swarm, enhancing communication efficiency and reducing information redundancy. Meanwhile, the ACPM is used to fuse localization information both within and between clusters, improving system robustness and localization accuracy. Simulation results demonstrate that I-ACPM significantly enhances localization accuracy, particularly in low-noise environments, with performance approaching the Cram?r-Rao Lower Bound (CRLB). Compared to the traditional Maximum Likelihood Estimation (MLE) algorithm, I-ACPM offers substantial improvements in both accuracy and interference resistance. ? 2026 Elsevier B.V. All rights are reserved, including those for text and data mining, Automated training, and similar technologies.",include,high,"[""I1"", ""I2"", ""I3"", ""I4"", ""I5"", ""I6""]","UAV platform with primary GNSS-denied navigation contribution and quantitative results.",INCLUDE,I2
194,REC_1186,REC_1186.pdf,"Landmarks based path planning for UAVs in GPS-denied areas","Singh S.; Sujit P.B.",2016,,10.1016/j.ifacol.2016.03.086,Scopus,"In this paper, we propose a UAV path planner travelling from a given source to goal location in GPS-denied areas. The environment consists of a set of cellular towers which are treated as landmarks having finite communication range. The vehicle has to perform dead reckoning in regions where landmarks are not available. Therefore, the objective is to determine a time optimal path taking the presence of landmarks into account while ensuring the covariance due to dead-reckoning is within a given bound. Solving the stochastic optimal control problem to determine a path in the continuous domain is very difficult and hence we discrete the path as a set of way points and optimize the location of these way points to obtain a time optimal path satisfying the covariance bounds. We use a particle swarm optimization technique coupled with a rabbit-carrot based path following technique to determine a near-optimal path. Numerical results are presented to show that our approach produces feasible paths that are near-optimal and satisfy the covariance bounds. ? 2016, IFAC (International Federation of Automatic Control) Hosting by Elsevier Ltd. All rights reserved.",include,high,"[""I1"", ""I2"", ""I3"", ""I4"", ""I5"", ""I6""]","UAV platform with primary GNSS-denied navigation contribution and quantitative results.",INCLUDE,I2
195,REC_1187,REC_1187.pdf,"Group coordination and path replan tactics in GPS denied environments","Suresh M.; Ghose D.",2016,,10.1109/ICUAS.2016.7502646,Scopus,"Success of a cooperative mission entirely depends on precise navigation information of each UAV. Though present day UAVs are equipped with GPS, the UAVs have to rely only on navigation information obtained from inertial navigation system while operating in GPS denied environments. This research work, addresses the problem of establishing a GPS protected wireless MAV network (WIMAN) using three classes of navigation system, one equipped only with GPS, an other equipped only with high accuracy inertial navigation system and the third equipped with relatively low accuracy inertial navigation system, to enable missions in GPS denied environments. NP hardness in establishing GPS protected WIMAN architecture is discussed and a heuristic algorithm is proposed. Group coordination and tactical replan procedures, that enable WIMAN to maintain its configuration, reconfiguration to adapt to various phases of cooperative threat reconnaissance mission, is demonstrated through simulation results. ? 2016 IEEE.",include,high,"[""I1"", ""I2"", ""I3"", ""I4"", ""I5"", ""I6""]","UAV platform with primary GNSS-denied navigation contribution and quantitative results.",INCLUDE,I2
196,REC_1189,REC_1189.pdf,"Leonardo Drone Contest Autonomous Drone Competition: Overview, Results, and Lessons Learned from Politecnico di Milano Team","Roggi G.; Meraglia S.; Lovera M.",2023,,10.1007/s10846-023-01855-w,Scopus,"In this paper, the Politecnico di Milano solutions proposed for the Leonardo Drone Contest (LDC) are presented. The Leonardo Drone Contest is an annual autonomous drone competition among universities, which has already seen the conclusion of its second edition. In each edition, the participating teams were asked to design and build an autonomous multicopter, capable of accomplishing complex tasks in an indoor urban-like environment. To reach this goal, the designed systems should be capable of navigating in a Global Navigation Satellite System (GNSS)-denied environment with autonomous decision making, online planning and collision avoidance capabilities. In this light, the authors describe the first two editions of the competition, i.e., their rules, objectives and overview of the proposed solutions. While the first edition is presented as relevant for the experience and takeaways acquired from it, the second edition solution is analyzed in detail, providing both the simulation and experimental results obtained. ? 2023, The Author(s).",include,high,"[""I1"", ""I2"", ""I3"", ""I4"", ""I5"", ""I6""]","UAV platform with primary GNSS-denied navigation contribution and quantitative results.",INCLUDE,I2
197,REC_1190,REC_1190.pdf,"Reduction of GNSS-Denied inertial navigation errors for fixed wing autonomous unmanned air vehicles","Gallo E.; Barrientos A.",2022,,10.1016/j.ast.2021.107237,Scopus,"This article proposes an inertial navigation algorithm intended to lower the negative consequences of the absence of GNSS (Global Navigation Satellite System) signals on the navigation of autonomous fixed wing low SWaP (Size, Weight, and Power) UAVs (Unmanned Air Vehicles). In addition to accelerometers and gyroscopes, the filter takes advantage of sensors usually present onboard these platforms, such as magnetometers, Pitot tube, and air vanes, and aims to reduce the attitude error and position drift (both horizontal and vertical) with the dual objective of improving the aircraft GNSS-Denied inertial navigation capabilities as well as facilitating the fusion of the inertial filter with visual odometry algorithms. Stochastic high fidelity Monte Carlo simulations of two representative scenarios involving the loss of GNSS signals are employed to evaluate the results, compare the proposed filter with more traditional implementations, and analyze the sensitivity of the results to the quality of the onboard sensors. The author releases the [Formula presented] implementation of both the navigation filter and the high fidelity simulation as open-source software [1]. ? 2021 The Authors",include,high,"[""I1"", ""I2"", ""I3"", ""I4"", ""I5"", ""I6""]","UAV platform with primary GNSS-denied navigation contribution and quantitative results.",INCLUDE,I2
198,REC_1191,REC_1191.pdf,"Computationally Light Spectrally Normalized Memory Neuron Network based Estimator for GPS-denied operation of Micro-UAV","Rao N.; Sundaram S.; Raghavendra V.",2023,,10.1109/CoDIT58514.2023.10284327,Scopus,"This paper addresses the problem of position estimation in UAVs operating in a cluttered environment where GPS information is unavailable. A learning-based approach is proposed that takes in the rotor RPMs and past state as input and predicts the one-step-ahead position of the UAV using a novel spectral-normalized memory neural network (SN-MNN). The spectral normalization guarantees stable and reliable prediction performance. The predicted position is transformed to the global coordinate frame (GPS), which is then fused along with the odometry of other peripheral sensors like IMU, barometer, compass, etc., using the onboard extended Kalman filter (EKF) to estimate the states of the UAV. The experimental flight data collected from an RTK-GPS facility using a micro-UAV is used to train the SN-MNN. The PX4-ECL library is used to fuse the predicted data using the SN-MNN, and the estimated position is compared with actual ground truth data. The proposed algorithm doesn't require any additional onboard sensors and is computationally light. The performance of the proposed approach is compared with the current state-of-art GPS-denied algorithms, and it can be seen that the proposed algorithm has the least RMSE for position estimates.  ? 2023 IEEE.",include,high,"[""I1"", ""I2"", ""I3"", ""I4"", ""I5"", ""I6""]","UAV platform with primary GNSS-denied navigation contribution and quantitative results.",INCLUDE,I2
199,REC_1192,REC_1192.pdf,"Indoor UAV Localization Using a Tether","Xiao X.; Fan Y.; Dufek J.; Murphy R.",2018,,10.1109/SSRR.2018.8468627,Scopus,"This paper presents an approach to localize a UAV in indoor environments using only a quasi-taut tether. In indoor GPS-denied environments, UAV localization usually depends on vision-based methods combined with inertial sensing, such as visual odometry or SLAM using 2D/3D cameras or laser range finders. This necessitates either heavy and sophisticated sensor payload mounted onto the UAV platform or computationally expensive algorithms running online. In this work, we investigate another indoor localization possibility for a tethered UAV: using the tether's sensory feedback, which is fed into a catenary-based mechanics model, to localize the UAV in an indoor global frame defined by the tether reel center. Our localization method is tested on a physical robot, Fotokite Pro. Our approach could reduce the error of the state-of-the-art tether-based indoor aerial vehicle localization by 31.12%. Since the UAV is localized with respect to the tether reel center, our method could be used to localize the UAV in a moving frame. So it is particularly suitable for inter-localization within marsupial heterogeneous robotic teams for urban search and rescue purposes. ? 2018 IEEE.",include,high,"[""I1"", ""I2"", ""I3"", ""I4"", ""I5"", ""I6""]","UAV platform with primary GNSS-denied navigation contribution and quantitative results.",INCLUDE,I2
200,REC_1194,REC_1194.pdf,"A Unmanned Aerial Vehicle (UAV)/Unmanned Ground Vehicle (UGV) Dynamic Autonomous Docking Scheme in GPS-Denied Environments","Cheng C.; Li X.; Xie L.; Li L.",2023,,10.3390/drones7100613,Scopus,"This study designs a navigation and landing scheme for an unmanned aerial vehicle (UAV) to autonomously land on an arbitrarily moving unmanned ground vehicle (UGV) in GPS-denied environments based on vision, ultra-wideband (UWB) and system information. In the approaching phase, an effective multi-innovation forgetting gradient (MIFG) algorithm is proposed to estimate the position of the UAV relative to the target using historical data (estimated distance and relative displacement measurements). Using these estimates, a saturated proportional navigation controller is developed, by which the UAV can approach the target, making the UGV enter the field of view (FOV) of the camera deployed in the UAV. Then, a sensor fusion estimation algorithm based on an extended Kalman filter (EKF) is proposed to achieve accurate landing. Finally, a numerical example and a real experiment are used to support the theoretical results. ? 2023 by the authors.",include,high,"[""I1"", ""I2"", ""I3"", ""I4"", ""I5"", ""I6""]","UAV platform with primary GNSS-denied navigation contribution and quantitative results.",INCLUDE,I2
201,REC_1196,REC_1196.pdf,"Precision Landing of a Quadcopter Drone by Smartphone Video Guidance Sensor in a GPS-Denied Environment","Bautista N.; Gutierrez H.; Inness J.; Rakoczy J.",2023,,10.3390/s23041934,Scopus,"This paper describes the deployment, integration, and demonstration of a Smartphone Video Guidance Sensor (SVGS) as a novel technology for autonomous 6-DOF proximity maneuvers and precision landing of a quadcopter drone. The proposed approach uses a vision-based photogrammetric position and attitude sensor (SVGS) to estimate the position of a landing target after video capture. A visual inertial odometry sensor (VIO) is used to provide position estimates of the UAV in a ground coordinate system during flight on a GPS-denied environment. The integration of both SVGS and VIO sensors enables the accurate updating of position setpoints during landing, providing improved performance compared with VIO-only landing, as shown in landing experiments. The proposed technique also shows significant operational advantages compared with state-of-the-art sensors for indoor landing, such as those based on augmented reality (AR) markers. ? 2023 by the authors.",include,high,"[""I1"", ""I2"", ""I3"", ""I4"", ""I5"", ""I6""]","UAV platform with primary GNSS-denied navigation contribution and quantitative results.",INCLUDE,I2
202,REC_1207,REC_1207.pdf,"GPS-denied indoor and outdoor monocular vision aided navigation and control of unmanned aircraft","Chowdhary G.; Johnson E.N.; Magree D.; Wu A.; Shein A.",2013,,10.1002/rob.21454,Scopus,"GPS-denied closed-loop autonomous control of unstable Unmanned Aerial Vehicles (UAVs) such as rotorcraft using information from a monocular camera has been an open problem. Most proposed Vision aided Inertial Navigation Systems (V-INSs) have been too computationally intensive or do not have sufficient integrity for closed-loop flight. We provide an affirmative answer to the question of whether V-INSs can be used to sustain prolonged real-world GPS-denied flight by presenting a V-INS that is validated through autonomous flight-tests over prolonged closed-loop dynamic operation in both indoor and outdoor GPS-denied environments with two rotorcraft unmanned aircraft systems (UASs). The architecture efficiently combines visual feature information from a monocular camera with measurements from inertial sensors. Inertial measurements are used to predict frame-to-frame transition of online selected feature locations, and the difference between predicted and observed feature locations is used to bind in real-time the inertial measurement unit drift, estimate its bias, and account for initial misalignment errors. A novel algorithm to manage a library of features online is presented that can add or remove features based on a measure of relative confidence in each feature location. The resulting V-INS is sufficiently efficient and reliable to enable real-time implementation on resource-constrained aerial vehicles. The presented algorithms are validated on multiple platforms in real-world conditions: through a 16-min flight test, including an autonomous landing, of a 66 kg rotorcraft UAV operating in an unconctrolled outdoor environment without using GPS and through a Micro-UAV operating in a cluttered, unmapped, and gusty indoor environment. ? 2013 Wiley Periodicals, Inc.",include,high,"[""I1"", ""I2"", ""I3"", ""I4"", ""I5"", ""I6""]","UAV platform with primary GNSS-denied navigation contribution and quantitative results.",INCLUDE,I2
203,REC_1208,REC_1208.pdf,"Energy-Aware Adaptive Communication Topology with Edge-AI Navigation for UAV Swarms in GNSS-Denied Environments","Tulembayev A.; Dolya A.; Kuttybayeva A.; Jussupbekov T.; Tazhen K.",2026,,10.3390/drones10040273,Scopus,"Energy-efficient and resilient decentralized unmanned aerial vehicles (UAV) swarm operation in global navigation satellite system (GNSS) denied environments remains challenging because propulsion demand, communication load, and onboard inference are tightly coupled at the mission level. Although prior studies have examined some of these components separately, their joint evaluation within adaptive decentralized swarms remains limited under degraded navigation conditions. This study proposes an energy-aware adaptive communication-topology framework integrated with lightweight edge artificial intelligence (AI)-assisted navigation for decentralized UAV swarms operating without reliable GNSS support. The approach combines a unified mission-level energy-accounting structure for propulsion, communication, and onboard inference, a residual-energy-aware topology adaptation mechanism for preserving swarm connectivity, and a convolutional neural network-long short-term memory (CNN?LSTM) based edge-Automated navigation module for improving localization robustness. The framework was evaluated in 1200 s Robot Operating System 2 (ROS2)?Gazebo?PX4 simulation scenarios against fixed topology and extended Kalman filter (EKF)-based baselines. Under the adopted simulation assumptions, the proposed configuration achieved a 22.7% reduction in total energy consumption, with the largest decrease observed in the communication-energy component, while preserving positive algebraic connectivity across all evaluated runs. The edge-Automated module yielded a 4.8% root mean square error (RMSE) reduction relative to the EKF baseline, indicating a modest but meaningful improvement in localization performance. These results support the feasibility of integrated energy-aware swarm coordination in GNSS-denied environments; however, they should be interpreted as simulation-based evidence under the adopted modeling assumptions, and further high-fidelity propagation modeling, broader learning validation, and hardware-in-the-loop studies remain necessary. ? 2026 by the authors.",include,high,"[""I1"", ""I2"", ""I3"", ""I4"", ""I5"", ""I6""]","UAV platform with primary GNSS-denied navigation contribution and quantitative results.",INCLUDE,I2
204,REC_1212,REC_1212.pdf,"Autonomous drone hunter operating by deep learning and all-onboard computations in GPS-denied environments","Wyder P.M.; Chen Y.-S.; Lasrado A.J.; Pelles R.J.; Kwiatkowski R.; Comas E.O.A.; Kennedy R.; Mangla A.; Huang Z.; Hu X.; Xiong Z.; Aharoni T.; Chuang T.-C.; Lipson H.",2019,,10.1371/journal.pone.0225092,Scopus,"This paper proposes a UAV platform that autonomously detects, hunts, and takes down other small UAVs in GPS-denied environments. The platform detects, tracks, and follows another drone within its sensor range using a pre-trained machine learning model. We collect and generate a 58,647-image dataset and use it to train a Tiny YOLO detection algorithm. This algorithm combined with a simple visual-servoing approach was validated on a physical platform. Our platform was able to successfully track and follow a target drone at an estimated speed of 1.5 m/s. Performance was limited by the detection algorithm?s 77% accuracy in cluttered environments and the frame rate of eight frames per second along with the field of view of the camera. ? 2019 Wyder et al. This is an open access article distributed under the terms of the Creative Commons Attribution License, which permits unrestricted use, distribution, and reproduction in any medium, provided the original author and source are credited.",include,high,"[""I1"", ""I2"", ""I3"", ""I4"", ""I5"", ""I6""]","UAV platform with primary GNSS-denied navigation contribution and quantitative results.",INCLUDE,I2
205,REC_1216,REC_1216.pdf,"A Two-Stage Residual Extended Kalman Filter using Extreme Gradient Boosting and Kolmogorov?Arnold Networks for terrain-aided Unmanned Aerial Vehicle Localization in Global Navigation Satellite System-denied environments","Abdelkader M.; Jarraya I.; Gabr K.; Al-Batati A.S.; AlMusalami A.; Alahmed F.; Boulila W.",2026,,10.1016/j.engappai.2026.114430,Scopus,"Unmanned Aerial Vehicles (UAVs) localization in Global Navigation Satellite Systems-denied environments faces significant challenges due to sensor limitations, environmental factors, and the absence of absolute positioning references. Visual-based methods degrade under sparse textures and illumination changes, while traditional sensor fusion approaches suffer from cumulative drift and poor adaptability to dynamic conditions. We propose the Two-Stage Residual Extended Kalman Filter (TSR-EKF), a hybrid framework that incorporates Machine Learning (ML)-based residual corrections into a probabilistic state estimator. The core novelty lies in a clear two-stage residual learning strategy: the approach employs eXtreme Gradient Boosting (XGBoost) for coarse bias removal from terrain-induced and inertial errors, followed by Dense Kolmogorov?Arnold Networks (DenseKAN) for fine nonlinear residual refinement. These corrections are fused with Inertial Measurement Unit velocities and terrain-referenced measurements within an Extended Kalman Filter framework without altering its standard probabilistic structure. We conducted experimental validation using seven UAV flight trajectories over the Taif region, Saudi Arabia. These tests were performed in high-fidelity Gazebo simulations using actual terrain Digital Elevation Models (DEM). The results demonstrate clear and measurable performance gains. The TSR-EKF achieves root-mean-square error (RMSE) reductions of 57.4% to 98.9% compared to traditional EKF methods while maintaining sub-6m positioning accuracy and real-time computational feasibility with processing times under 2.1 ms per update. The framework exhibits exceptional robustness to sparse measurement conditions, making it suitable for mission-critical UAV operations in contested environments. Overall, these results highlight TSR-EKF as a practical and effective solution that combines Kalman filtering reliability with ML adaptability for robust autonomous navigation. Copyright ? 2026. Published by Elsevier Ltd.",include,high,"[""I1"", ""I2"", ""I3"", ""I4"", ""I5"", ""I6""]","UAV platform with primary GNSS-denied navigation contribution and quantitative results.",INCLUDE,I2
206,REC_1217,REC_1217.pdf,"Vision based UAS navigation for RFI localization","Perkins A.; Chen Y.-H.; Lo S.; Enge P.",2018,,10.33012/2018.16060,Scopus,"Radio frequency interference (RFI) is a challenge that has, and continues to be, faced by the aviation industry today. This is especially true for GNSS in aviation as these signals are particularly weak. Interference comes in many forms ranging from short transient events to longer duration events, and are often caused by unintentional radiators, however all of these scenarios have the possibility to pose a risk to GNSS users. Many techniques exist to localize a signal source, however, these techniques typically rely on knowing the position from which a set of measurements are made. Therefore, when the source being localized creates a GNSS denied environment there become two problems to solve: localizing the interferer and navigating in the denied environment caused by the interferer. An unmanned aerial system (UAS) built on a multirotor platform, known as JAGER, is being developed to solve these two challenges [1]. This paper focuses on the development of a navigation system for JAGER to enable operation in a GNSS denied environment, resulting in improvements to the RFI localization capabilities that are JAGER?s core mission. Enabling operation in the denied environment opens up new possible flight trajectories that result in significant improvements in time to localization of the RFI source. This paper presents the design, development, and flight testing of a vision based navigation system for JAGER. The resulting navigation performance is demonstrated to enable improvements in the RFI localization performance through enabling flight trajectories that take JAGER closer to the RFI source into a potentially GNSS denied environment. To quantify the improvements to the RFI localization, this paper uses the existing system?s strategy of maintaining a necessary standoff distance to an interferer to execute the mission with a GNSS position throughout the flight as a baseline. Against this baseline, this paper demonstrates the improvements possible through the use of new trajectories that bring the vehicle closer to the interferer. The navigation system is built around the use of a downward facing infrared (IR) camera and the use of optical flow to measure the velocity of the vehicle in flight. These velocity measurements are used in an extended Kalman filter (EKF) that estimates the 2D position and 2D velocity of the vehicle throughout the flight. Flight tests of the system demonstrate an ability to measure the velocity with noise of 0.7m/s resulting in a drift rate of the estimated position of 0.4% of distance traveled. This level of navigation performance enables the separation of the navigation and localization algorithms, enabling the use of two different filters for navigation and localization. A brief analysis of the effect of the noise in the velocity measurement on the navigation and localization systems is also presented. It is shown that as the noise increases above 1m/s, the localization results are no longer improved with the new trajectories taking JAGER into the GNSS denied environment. Therefore, in those cases, to combat the drift in the position estimate due to the use of velocity only measurements, this paper briefly explores the use of a simultaneous localization and mapping (SLAM) framework to use both the velocity and bearing measurements to the RFI source to simultaneously estimate the vehicle?s position and the source?s position. In simulation, this paper shows that the inclusion of bearing measurements can cap the position drift of the vehicle?s estimate and, with low noise bearing measurements, can provide improvements to the localization system in cases of high velocity measurement noise. ? 2018 Institute of Navigation. All rights reserved.",include,high,"[""I1"", ""I2"", ""I3"", ""I4"", ""I5"", ""I6""]","UAV platform with primary GNSS-denied navigation contribution and quantitative results.",INCLUDE,I2
207,REC_1223,REC_1223.pdf,"uVGS-2: The Micro Video Guidance Sensor: A 6-DoF Robust Pose Estimator for Autonomous Proximity Maneuvers in Drones, Spacecraft and Mobile Robot Navigation","Gutierrez H.; Cornejo J.; Bertaska I.",2026,,10.3390/drones10070535,Scopus,"This paper presents the Micro Video Guidance Sensor Version 2 (uVGS-2), a ROS-based vision navigation framework for real-time six-degrees-of-freedom pose estimation in drones, spacecraft, and autonomous robotic platforms operating in GNSS-denied environments. The system evolves from the previous Smartphone Video Guidance Sensor (SVGS) architecture through a modular C++ implementation, including advanced image preprocessing, deterministic blob sorting, and an optimized perspective-4-point solver using a Lie-algebra-based analytical Jacobian formulation. The proposed architecture achieves computationally efficient photogrammetric state estimation using onboard camera and processor resources, enabling deployment in resource-constrained systems. Experimental validation was conducted in NASA?s Astrobee free-flying robot, both at the International Space Station (ISS), for SVGS, and by ground testing through real-time sensor-fusion with Astrobee?s graph-based localizer (Astroloc), for uVGS-2. Results demonstrate robust centimeter-level accuracy in relative position and attitude estimation under illumination disturbances, partial occlusions, and intermittent loss of line-of-sight. The framework can be used in robotic platforms and autonomous UAV operations, including precision landing, formation flight, and cooperative navigation in environments where GNSS signals are unavailable or intermittent. ? 2026 by the authors.",include,high,"[""I1"", ""I2"", ""I3"", ""I4"", ""I5"", ""I6""]","UAV platform with primary GNSS-denied navigation contribution and quantitative results.",INCLUDE,I2
208,REC_1232,REC_1232.pdf,"Range?Visual?Inertial Odometry with Coarse-to-Fine Image Registration Fusion for UAV Localization","Hao Y.; He M.; Liu Y.; Liu J.; Meng Z.",2023,,10.3390/drones7080540,Scopus,"In Global Navigation Satellite System (GNSS)-denied environments, image registration has emerged as a prominent approach to utilize visual information for estimating the position of Unmanned Aerial Vehicles (UAVs). However, traditional image-registration-based localization methods encounter limitations, such as strong dependence on the prior initial position information. In this paper, we propose a systematic method for UAV geo-localization. In particular, an efficient range?visual?inertial odometry (RVIO) is proposed to provide local tracking, which utilizes measurements from a 1D Laser Range Finder (LRF) to suppress scale drift in the odometry. To overcome the differences in seasons, lighting conditions, and other factors between satellite and UAV images, we propose an image-registration-based geo-localization method in a coarse-to-fine manner that utilizes the powerful representation ability of Convolutional Neural Networks (CNNs). Furthermore, to ensure the accuracy of global optimization, we propose an adaptive weight assignment method based on the evaluation of the quality of image-registration-based localization. The proposed method is extensively evaluated in both synthetic and real-world environments. The results demonstrate that the proposed method achieves global drift-free estimation, enabling UAVs to accurately localize themselves in GNSS-denied environments. ? 2023 by the authors.",include,high,"[""I1"", ""I2"", ""I3"", ""I4"", ""I5"", ""I6""]","UAV platform with primary GNSS-denied navigation contribution and quantitative results.",INCLUDE,I2
209,REC_1235,REC_1235.pdf,"Autonomous Positioning System for UAV Scene Matching Under GNSS-Denied Environments","Du S.; Ma C.; Wu P.; Yu A.; Li D.; Dong Z.",2026,,10.3233/ATDE260245,Scopus,"To address the significant decline in UAV navigation and positioning accuracy caused by severe error accumulation of inertial measurement units (IMUs) in GNSS-denied environments, which severely restricts operational capabilities, we propose an autonomous UAV positioning system based on image matching/inertial navigation fusion. First, a Multi-scale Oriented Gradient Fusion (MOGF) image matching algorithm is developed to achieve rapid and high-precision matching for UAV scene imagery. Subsequently, an autonomous positioning model integrating image matching with INS is established to accurately determine the spatial coordinates of the UAV. Finally, a prototype system for autonomous positioning via image matching is designed and implemented on the RK3588 domestic computing platform, with field flight tests conducted using the DJI M210 UAV platform. Experimental results demonstrate stable system performance, achieving a positioning accuracy of 16.4 meters and a real-time processing rate exceeding 8.3 Hz. These outcomes satisfy the requirements for high-precision and real-time applications. ? 2026 The Authors.",include,high,"[""I1"", ""I2"", ""I3"", ""I4"", ""I5"", ""I6""]","UAV platform with primary GNSS-denied navigation contribution and quantitative results.",INCLUDE,I2
210,REC_1243,REC_1243.pdf,"Adaptive Formation Control of UAVs near Structures for Robust Localization and Efficient Task Execution","Haneda M.; Funabora Y.; Doki S.; Doki K.",2026,,10.20965/jrm.2026.p0907,Scopus,"Accurate position estimation of unmanned aerial vehicles (UAVs) is essential for reliable and efficient task execution, such as the automated inspection of structures. However, localization is a significant challenge for UAVs in GNSS-denied spaces, such as under bridges, where satellite signals are obstructed. To address this issue, we employed a cooperative localization system consisting of a work-UAV, which performs tasks in the GNSS-denied space, and support UAVs, which relatively localize the work-UAV. The critical challenge in this approach is the degradation of the GNSS-localization accuracy of the support-UAV owing to multipath effects, which are difficult to predict. This paper proposes an adaptive formation control method that enables support-UAVs to escape from multipath-affected spaces. Instead of focusing on signal processing or sensor fusion under multipath effects, our proposed system controls support-UAVs to escape from multipath-affected spaces where accurate GNSS localization is difficult. This physical avoidance strategy enhances the robustness of the cooperative localization systems. Simulation results demonstrate the effectiveness of the proposed method. In two distinct scenarios, the average time spent by the support-UAV in multipath-affected spaces was reduced by 83.7% and 79.9%, respectively. Furthermore, the average task completion time was reduced by 37.6% and 14.3%, respectively. ? Fuji Technology Press Ltd.",include,high,"[""I1"", ""I2"", ""I3"", ""I4"", ""I5"", ""I6""]","UAV platform with primary GNSS-denied navigation contribution and quantitative results.",INCLUDE,I2
211,REC_1245,REC_1245.pdf,"Fusion of Optical Flow and Dead Reckoning Algorithms for UAV Navigation Without GPS","Walczak J.; Szyku?a B.; Targowski P.; Pa?ys T.",2025,,10.12716/1001.19.04.02,Scopus,"The article presents an innovative navigation system for unmanned aerial vehicles (UAVs) operating in environments with limited or unavailable GPS signal. The developed solution integrates dead reckoning navigation methods with advanced computer vision algorithms utilizing optical flow analysis, enabling precise drone positioning. The research includes implementation of data fusion algorithms from inertial measurement units (IMU) and analysis of image sequences from a downward-facing camera. Experimental results from tests conducted in both simulated environments and on real flight platforms are presented. The study demonstrates that the application of optical flow techniques significantly improves dead reckoning navigation accuracy in GPS-denied conditions, reducing the accumulating position error. The proposed system offers a promising solution for UAV operations in challenging navigation conditions, such as urban areas, indoor environments, or regions with electromagnetic interference. ? 2025, Faculty of Navigation, Gdynia Maritime University. All rights reserved.",include,high,"[""I1"", ""I2"", ""I3"", ""I4"", ""I5"", ""I6""]","UAV platform with primary GNSS-denied navigation contribution and quantitative results.",INCLUDE,I2
212,REC_1248,REC_1248.pdf,"Gradient perception approach: Mapless INS/geomagnetic combined navigation in GPS-denied environments","Yang S.; Tang H.; Zhang X.; Bai W.; Xin J.; Huang Y.",2026,,10.1016/j.measurement.2026.122761,Scopus,"In GPS-denied environments, errors in angular velocity, acceleration, and zero-bias drift degrade inertial navigation system (INS) accuracy over time. Limited high-resolution geomagnetic maps and magnetic disturbances further reduce navigation reliability. This paper introduces the gradient perception approach (GPA), a mapless framework that fuses geomagnetic vector gradient perception with inertial data. Using a multi-vector parallel guidance model and model predictive control (MPC) with state constraints, GPA generates stable heading corrections without requiring prior high-resolution geomagnetic maps or precise initial INS parameters, relying only on the discrete magnetic signature at the target. Dynamic fusion weights address model uncertainties, allowing graceful degradation to state-propagated tracking in areas with unobservable gradients. Evaluations with SuperMAG-driven magnetic storm simulations, short-term drone tests, and long-term flight logs show the GPA outperforms uncompensated predictive baselines. Monte Carlo simulations under uniform disturbances demonstrate terminal accuracy improvements of 78.19% and 95.89% over LTI-MPC and LTV-MPC, respectively, while empirical flight tests confirm its drift-suppression capability, mainly contingent on the observability of local geomagnetic gradients. ? 2026 Elsevier Ltd",include,high,"[""I1"", ""I2"", ""I3"", ""I4"", ""I5"", ""I6""]","UAV platform with primary GNSS-denied navigation contribution and quantitative results.",INCLUDE,I2
213,REC_1250,REC_1250.pdf,"Long-Distance GNSS-Denied Visual Inertial Navigation for Autonomous Fixed-Wing Unmanned Air Vehicles: SO(3) Manifold Filter Based on Virtual Vision Sensor","Gallo E.; Barrientos A.",2023,,10.3390/aerospace10080708,Scopus,"This article proposes a visual inertial navigation algorithm intended to diminish the horizontal position drift experienced by autonomous fixed-wing UAVs (unmanned air vehicles) in the absence of GNSS (Global Navigation Satellite System) signals. In addition to accelerometers, gyroscopes, and magnetometers, the proposed navigation filter relies on the accurate incremental displacement outputs generated by a VO (visual odometry) system, denoted here as a virtual vision sensor, or VVS, which relies on images of the Earth surface taken by an onboard camera and is itself assisted by filter inertial estimations. Although not a full replacement for a GNSS receiver since its position observations are relative instead of absolute, the proposed system enables major reductions in the GNSS-denied attitude and position estimation errors. The filter is implemented in the manifold of rigid body rotations or (Formula presented.) in order to minimize the accumulation of errors in the absence of absolute observations. Stochastic high-fidelity simulations of two representative scenarios involving the loss of GNSS signals are employed to evaluate the results. The authors release the C++ implementation of both the visual inertial navigation filter and the high-fidelity simulation as open-source software. ? 2023 by the authors.",include,high,"[""I1"", ""I2"", ""I3"", ""I4"", ""I5"", ""I6""]","UAV platform with primary GNSS-denied navigation contribution and quantitative results.",INCLUDE,I2
214,REC_1251,REC_1251.pdf,"Reinforcement learning based UAV formation control in GPS-denied environment","MA B.; LIU Z.; JIANG F.; ZHAO W.; DANG Q.; WANG X.; ZHANG J.; WANG L.",2023,,10.1016/j.cja.2023.07.006,Scopus,"Highly accurate positioning is a crucial prerequisite of multi Unmanned Aerial Vehicle close-formation flight for target tracking, formation keeping, and collision avoidance. Although the position of a UAV can be obtained through the Global Positioning System (GPS), it is difficult for a UAV to obtain highly accurate positioning data in a GPS-denied environment (e.g., a GPS jamming area, suburb, urban canyon, or mountain area); this may cause it to miss a tracking target or collide with another UAV. In particular, UAV close-formation control in GPS-denied environments faces difficulties owing to the low-accuracy position, close distance between vehicles, and nonholonomic dynamics of a UAV. In this paper, on the one hand, we develop an innovative UAV formation localization method to address the formation localization issues in GPS-denied environments; on the other hand, we design a novel reinforcement learning based algorithm to achieve the high-efficiency and robust performance of the controller. First, a novel Lidar-based localization algorithm is developed to measure the localization of each aircraft in the formation flight. In our solution, each UAV is equipped with Lidar as the position measurement sensor instead of the GPS module. The k-means algorithm is implemented to calculate the center point position of UAV. A novel formation position vector matching method is proposed to match center points with UAVs in the formation and estimate their position information. Second, a reinforcement learning based UAV formation control algorithm is developed by selecting the optimal policy to control UAV swarm to start and keep flying in a close formation of a specific geometry. Third, the innovative collision risk evaluation module is proposed to address the collision-free issues in the formation group. Finally, a novel experience replay method is also provided in this paper to enhance the learning efficiency. Experimental results validate the accuracy, effectiveness, and robustness of the proposed scheme. ? 2023 Chinese Society of Aeronautics and Astronautics",include,high,"[""I1"", ""I2"", ""I3"", ""I4"", ""I5"", ""I6""]","UAV platform with primary GNSS-denied navigation contribution and quantitative results.",INCLUDE,I2
215,REC_1252,REC_1252.pdf,"Artificial Intelligence-Based Decision Support System for UAV Control in a Simulated Environment","Sujecki P.; Fr?szczak D.",2026,,10.3390/s26082436,Scopus,"Unmanned aerial vehicles (UAVs) are increasingly deployed in missions that require high autonomy and reliable decision-making; however, many operational concepts still assume access to GNSS and stable communication with a human operator. In contested environments, this assumption may no longer hold because GNSS degradation, radio-frequency interference, and intentional jamming can disrupt positioning and communication, thereby reducing mission effectiveness and safety. Recent surveys show that operation in GNSS-denied environments remains a major challenge and often requires alternative perception, localization, and control strategies. In response, this article investigates a reinforcement learning (RL)-based decision-support system for the autonomous control of a quadrotor UAV in a three-dimensional simulated environment. Rather than following pre-programmed waypoints, the UAV learns a control policy through interaction with the environment and reward-driven adaptation. The proposed system is designed for mission execution under uncertainty, limited external guidance, and partial observability. Two policy-gradient approaches are implemented and compared: classical REINFORCE and Proximal Policy Optimization (PPO) with an Actor?Critic architecture. The study presents the simulation environment, state and action representation, reward formulation, staged training procedure, and comparative evaluation. The results indicate that, within the considered unseen test scenario, the PPO-based configuration achieved higher mission effectiveness than REINFORCE in the final unseen test scenario, supporting the practical relevance of structured deep reinforcement learning for UAV operation in GPS-denied and communication-constrained environments. ? 2026 by the authors.",include,high,"[""I1"", ""I2"", ""I3"", ""I4"", ""I5"", ""I6""]","UAV platform with primary GNSS-denied navigation contribution and quantitative results.",INCLUDE,I2
216,REC_1253,REC_1253.pdf,"Real-Time Autonomous UAV Navigation with SLAM-Based Mapping and Direction-Oriented Exploration in Forest-like GNSS-Denied Scenarios","Wu Y.-T.; Huang Y.-C.",2026,,10.3390/drones10060399,Scopus,"In environments where GNSS signals are unavailable?such as indoor spaces, underground facilities, and forested areas?autonomous UAV navigation faces challenges related to localization uncertainty and limited onboard sensing capability. This study proposes a lightweight navigation framework using a single Intel RealSense D435i depth camera, integrating RTAB-Map SLAM, DWA-based local planning, and a direction-oriented frontier exploration strategy. The proposed exploration strategy introduces heading consistency into frontier target selection to support navigation in directionally constrained environments. The system is implemented within the ROS framework and evaluated in Gazebo/ArduPilot SITL simulation environments under low-, medium-, and high-density obstacle configurations. The results show that the system successfully completed autonomous traversal and return-to-home missions across all scenarios, with traversal RMSE values of 0.195 m, 0.197 m, and 0.420 m and return RMSE values of 0.295 m, 0.474 m, and 1.084 m, respectively. Qualitative dynamic-obstacle tests further demonstrate the system?s capability for local map updating and replanning. It should be noted that the current evaluation is primarily simulation-based and conducted in simplified environments. Therefore, the results are interpreted as initial system-level validation rather than full real-world deployment verification. The proposed system should not be directly interpreted as a ready-to-deploy real-world UAV navigation solution. Future work will focus on physical UAV experiments and more realistic GNSS-denied environments. ? 2026 by the authors.",include,high,"[""I1"", ""I2"", ""I3"", ""I4"", ""I5"", ""I6""]","UAV platform with primary GNSS-denied navigation contribution and quantitative results.",INCLUDE,I2
217,REC_1267,REC_1267.pdf,"Field-testing of a UAV-UGV team for GNSS-denied navigation in subterranean environments","Gross J.; De Petrillo M.; Beard J.; Nichols H.; Swiger T.; Watson R.; Kirk C.; Kilic C.; Hikes J.; Upton E.; Ross D.; Russell M.; Gu Y.; Griffin C.",2019,,10.33012/2019.16912,Scopus,"We present the system design, navigation algorithm formulation, and field-testing results for a cooperative unmanned ground vehicle (UGV) and unmanned aerial vehicle (UAV) team designed for operation in a GNSS-denied subterranean environment. Central to the presented system design, to support longer UAV mission duration, the sensing and computation performed on-board the UAV is assumed to be limited in order to reduce UAV payload mass, and the UGV assumes the responsibility of mapping the unknown environment and tracking the state of the UAV. To achieve this, the UGV is instrumented with an omnidirectional fish-eye camera, a 128 channel 3D scanning LIDAR, and an ultra wideband (UWB) ranging radio that is linked with a radio on the UAV. In addition, the UAV shares inertial measurement unit and laser altimeter data to the UGV over a local WiFi network. This paper outlines the UAV localization algorithm for the UAV/UGV team and presents results from multiple flight tests that were conducted in a large indoor flight testing tunnel environment that is instrumented with a VICON motion capture system for providing reference solutions. ? 2019, Institute of Navigation.",include,high,"[""I1"", ""I2"", ""I3"", ""I4"", ""I5"", ""I6""]","UAV platform with primary GNSS-denied navigation contribution and quantitative results.",INCLUDE,I2
218,REC_1270,REC_1270.pdf,"Navigation of UAV in GNSS denied area","Pint?r M.; Marco? P.",2024,,10.13164/eeict.2024.96,Scopus,"This paper examines the concept of navigation of of Unmanned aerial vehicle (UAV) in three-dimensional space using visual odometry. In the near future navigation of the UAV without GNSS is becoming a critical part of autonomous navigation systems, using information from on-board cameras to estimate the UAV?s movement and position. In the paper, different types of visual odometry, sensors for visual odometry, components of the implementation, and scenarios of usage. For the development and future application we utilize widely used Robotic Operating System (ROS). ? 2024, Brno University of Technology. All rights reserved.",include,high,"[""I1"", ""I2"", ""I3"", ""I4"", ""I5"", ""I6""]","UAV platform with primary GNSS-denied navigation contribution and quantitative results.",INCLUDE,I2
219,REC_1274,REC_1274.pdf,"Integrated Air?Ground Robotic System for Autonomous Post-Blast Operations in GNSS-Denied Tunnels","Arias-Ferreiro G.; Montes-Grova M.A.; P?rez-Grau F.J.; Noriega-del-Rivero S.; Herguedas R.; L?zaro M.T.; Castelruiz-Aguirre A.; Fernandez J.C.J.; Karahan M.; Alonso-Cepeda A.",2026,,10.3390/rs18081133,Scopus,"Post-blast operations in tunnel construction represent a critical bottleneck due to mandatory downtime and hazardous environmental conditions. This study addresses these challenges by developing and validating an integrated cyber?physical architecture that coordinates an autonomous Unmanned Aerial Vehicle (UAV) and an Autonomous Wheel Loader (AWL) under the supervision of a Digital Twin acting as central operational digital interface. Specifically, this technology was designed to access the tunnel, evaluate post-blasting conditions, and initiate operations during mandatory exclusion periods for personnel. The system was validated in a realistic, Global Navigation Satellite System (GNSS)-denied tunnel environment emulating post-detonation visibility constraints. The results demonstrate that the aerial agent successfully navigated and mapped the excavation front in less than 8 min, establishing a shared coordinate system for the ground machinery. Through this collaborative workflow, the autonomous deployment enabled operations to commence 50% to 80% earlier than conventional manual procedures. Furthermore, the system reduced daily operational time by approximately 8%, with an estimated return on financial investment between one and seven months. Overall, the proposed framework eliminates human exposure during high-risk inspections and transforms the fragmented excavation cycle into a continuous, data-driven process. ? 2026 by the authors.",include,high,"[""I1"", ""I2"", ""I3"", ""I4"", ""I5"", ""I6""]","UAV platform with primary GNSS-denied navigation contribution and quantitative results.",INCLUDE,I2
220,REC_1277,REC_1277.pdf,"A Physics-Guided Aeromagnetic Interference Compensation Method for Geomagnetic Sensing in GNSS-Denied UAV Swarm Systems","Wang S.; Ma L.; Wang Y.; Li D.; Luo J.",2026,,10.3390/drones10040252,Scopus,"Geomagnetic navigation is a promising alternative for positioning and localization of UAV swarm systems in GNSS-denied environments. However, strong and heterogeneous electromagnetic interference generated by onboard power, propulsion, and electronic subsystems severely degrades magnetic measurement fidelity, limiting the achievable accuracy of cooperative UAV swarm navigation. To address this challenge, this paper proposes PG-TLNet, a physics-guided aeromagnetic interference compensation framework based on the extended Tolles?Lawson (T?L) model. By integrating onboard state information (current, voltage, and attitude) with magnetic measurements through physics-consistency constraints and a lightweight multi-branch convolutional neural network, the framework enables robust real-time compensation under strong and time-varying interference while remaining suitable for resource-constrained UAV nodes. Experimental validation using multiple scalar magnetometers under heterogeneous interference conditions, with amplitudes up to 1000 nT, shows that PG-TLNet consistently outperforms the conventional T?L model across all sensing nodes, maintaining residual magnetic interference at approximately 0?30 nT under long-duration and highly dynamic operations. The proposed method achieves an improvement ratio (IR) of up to 15 with an end-to-end inference latency below 94 ?s. These results indicate that PG-TLNet meets the practical measurement fidelity requirements for geomagnetic navigation in GNSS-denied environments. By ensuring reliable and consistent magnetic measurements at the individual UAV node level, the proposed framework establishes a practical sensing foundation for geomagnetic navigation and distributed magnetic sensing in UAV swarm systems operating in GNSS-denied environments. ? 2026 by the authors.",include,high,"[""I1"", ""I2"", ""I3"", ""I4"", ""I5"", ""I6""]","UAV platform with primary GNSS-denied navigation contribution and quantitative results.",INCLUDE,I2
221,REC_1282,REC_1282.pdf,"A Lidar-Inertial Navigation System for UAVs in GNSS-Denied Environment with Spatial Grid Structures","Qiu Z.; Lv J.; Lin D.; Yu Y.; Sun Z.; Zheng Z.",2023,,10.3390/app13010414,Scopus,"Featured Application: The proposed navigation system is suitable for UAV navigation in GNSS-denied environments with spatial grid structures. It can be used for the UAV inventory system of dry coal sheds in thermal power plants, the UAV detection system for anti-corrosion coating of truss structures on high-speed railway platforms, the UAV inspection system for large turbine workshops, and other similar systems. With its fast and accurate position and attitude estimation, the feature-based lidar-inertial odometer is widely used for UAV navigation in GNSS-denied environments. However, the existing algorithms cannot accurately extract the required feature points in the spatial grid structure, resulting in reduced positioning accuracy. To solve this problem, we propose a lidar-inertial navigation system based on grid and shell features in the environment. In this paper, an algorithm for extracting features of the grid and shell is proposed. The extracted features are used to complete the pose (position and orientation) calculation based on the assumption of local collinearity and coplanarity. Compared with the existing lidar navigation system in practical application scenarios, the proposed navigation system can achieve fast and accurate pose estimation of UAV in a GNSS-denied environment full of spatial grid structures. ? 2022 by the authors.",include,high,"[""I1"", ""I2"", ""I3"", ""I4"", ""I5"", ""I6""]","UAV platform with primary GNSS-denied navigation contribution and quantitative results.",INCLUDE,I2
222,REC_1283,REC_1283.pdf,"Cooperative monocular-based SLAM for multi-UAV systems in GPS-denied environments","Trujillo J.-C.; Munguia R.; Guerra E.; Grau A.",2018,,10.3390/s18051351,Scopus,"This work presents a cooperative monocular-based SLAM approach for multi-UAV systems that can operate in GPS-denied environments. The main contribution of the work is to show that, using visual information obtained from monocular cameras mounted onboard aerial vehicles flying in formation, the observability properties of the whole system are improved. This fact is especially notorious when compared with other related visual SLAM configurations. In order to improve the observability properties, some measurements of the relative distance between the UAVs are included in the system. These relative distances are also obtained from visual information. The proposed approach is theoretically validated by means of a nonlinear observability analysis. Furthermore, an extensive set of computer simulations is presented in order to validate the proposed approach. The numerical simulation results show that the proposed system is able to provide a good position and orientation estimation of the aerial vehicles flying in formation. ? 2018 by the authors. Licensee MDPI, Basel, Switzerland.",include,high,"[""I1"", ""I2"", ""I3"", ""I4"", ""I5"", ""I6""]","UAV platform with primary GNSS-denied navigation contribution and quantitative results.",INCLUDE,I2
223,REC_1285,REC_1285.pdf,"Unmanned autonomous aerial navigation in GPS-denied environments","Habib N.; Flores-Abad A.; Mart?nez-Mart?nez J.; Aponte-Roa D.A.; Espinoza A.A.",2020,,10.18687/LACCEI2020.1.1.349,Scopus,"This work focuses on enhancing existing technology to support unmanned aerial vehicle navigation for the inspection of power plants. These inspections are a vital component of a power plant's capability to function but can be costly and dangerous to do by humans. Therefore, it has been proposed to utilize a small, unmanned quadcopter integrated with autonomous navigation by using an alternate signal in place of GPS. The quadcopter can gain the ability to navigate to desired coordinates without the need for GPS, which can often be unavailable within these structures. The UAV uses an optical flow sensor to determine the ground velocity and x-y position, and sonar for measuring the altitude. Using ROS and MAVLink, the communication can be modified to use ?fake GPS? data, instead of the actual GPS signal, to be published in the appropriate ROS topics to avoid GPS failures. The optical flow and fake GPS are filtered by an Extended Kalman Filter to get a better position estimation during navigation. Through this process, autonomous flight was successfully achieved without GPS. ? 2020 Latin American and Caribbean Consortium of Engineering Institutions. All rights reserved.",include,high,"[""I1"", ""I2"", ""I3"", ""I4"", ""I5"", ""I6""]","UAV platform with primary GNSS-denied navigation contribution and quantitative results.",INCLUDE,I2
224,REC_1286,REC_1286.pdf,"Hybrid camera array-based UAV auto-landing on moving UGV in GPS-denied environment","Yang T.; Ren Q.; Zhang F.; Xie B.; Ren H.; Li J.; Zhang Y.",2018,,10.3390/rs10111829,Scopus,"With the rapid development of Unmanned Aerial Vehicle (UAV) systems, the autonomous landing of a UAV on a moving Unmanned Ground Vehicle (UGV) has received extensive attention as a key technology. At present, this technology is confronted with such problems as operating in GPS-denied environments, a low accuracy of target location, the poor precision of the relative motion estimation, delayed control responses, slow processing speeds, and poor stability. To address these issues, we present a hybrid camera array-based autonomous landing UAV that can land on a moving UGV in a GPS-denied environment. We first built a UAV autonomous landing system with a hybrid camera array comprising a fisheye lens camera and a stereo camera. Then, we integrated a wide Field of View (FOV) and depth imaging for locating the UGV accurately. In addition, we employed a state estimation algorithm based on motion compensation for establishing the motion state of the ground moving UGV, including its actual motion direction and speed. Thereafter, according to the characteristics of the designed system, we derived a nonlinear controller based on the UGV motion state to ensure that the UGV and UAV maintain the same motion state, which allows autonomous landing. Finally, to evaluate the performance of the proposed system, we carried out a large number of simulations in AirSim and conducted real-world experiments. Through the qualitative and quantitative analyses of the experimental results, as well as the analysis of the time performance, we verified that the autonomous landing performance of the system in the GPS-denied environment is effective and robust. ? 2018 by the authors.",include,high,"[""I1"", ""I2"", ""I3"", ""I4"", ""I5"", ""I6""]","UAV platform with primary GNSS-denied navigation contribution and quantitative results.",INCLUDE,I2
225,REC_1289,REC_1289.pdf,"A Global ArUco-Based Lidar Navigation System for UAV Navigation in GNSS-Denied Environments","Qiu Z.; Lin D.; Jin R.; Lv J.; Zheng Z.",2022,,10.3390/aerospace9080456,Scopus,"With the continuous expansion of the application field of UAV intelligent systems to GNSS-denied environments, the existing navigation system can hardly meet low cost, high precision, and high robustness in such conditions. Most navigation systems used in GNSS-denied environments give up the connection between the map frame and the actual world frame, making them impossible to apply in practice. Therefore, this paper proposes a Lidar navigation system based on global ArUco, which is widely used in large-scale known GNSS-denied scenarios for UAVs. The system jointly optimizes the Lidar, inertial measurement unit, and global ArUco information by factor graph and outputs the pose in the real-world frame. The system includes a method to update the global ArUco confidence with sampling, improving accuracy while using the pose solved from the global ArUco. The system uses the global ArUco to maintain navigation when Lidar is degraded. The system also has a loop closure determination part based on ArUco, which reduces the consumption of computing resources. The navigation system has been tested in the dry coal shed of a thermal power plant using a UAV platform. Experiments demonstrate that the system can achieve global, accurate, and robust pose estimation in large-scale, complex GNSS-denied environments. ? 2022 by the authors.",include,high,"[""I1"", ""I2"", ""I3"", ""I4"", ""I5"", ""I6""]","UAV platform with primary GNSS-denied navigation contribution and quantitative results.",INCLUDE,I2
226,REC_1295,REC_1295.pdf,"Digital Twin Approach for Drift-Free UAV Localization in GPS-Denied Environments","Matiki T.; Narazaki Y.; Chowdhary G.; Spencer B.F., Jr",2026,,10.1061/JCCEE5.CPENG-7010,Scopus,"Unmanned aerial vehicles (UAVs) hold promise for automating civil infrastructure inspections, but reliable pose estimation is crucial for autonomous navigation in GPS-denied environments. While simultaneous localization and mapping estimates UAV poses, drift often occurs and is typically corrected through loop closures. However, relying on loop closures limits UAV maneuverability to paths that enable loop formation. To overcome this, recent methods leverage digital twins by combining highly accurate three-dimensional (3D) models of the physical environment with identification of distinctive landmarks to enable drift-free localization. In earlier work, the authors proposed using a graphics-based digital twin (GBDT) for drift-free localization through landmark identification, but this approach fails in landmark-sparse environments. This paper eliminates landmark detection by matching visual patterns between the physical structure and its digital twin. UAV images are compared with views from virtual cameras positioned in the digital model. After identifying the virtual camera that best aligns with the UAV?s viewpoint, the iterative closest point (ICP) algorithm is used to estimate their relative pose. To enhance accuracy, the method GBDTpose2 uses trustworthy regions, areas that are geometrically and visually similar in both the physical structure and digital twin. These regions guide the selection of 3D point cloud pairs for ICP. By computing the UAV pose relative to a virtual camera with a known pose, the approach naturally ensures drift-free localization. GBDTpose2 is validated in a laboratory environment using ROS (Robot Operating System) for real-time localization, achieving centimeter-level accuracy without drift, highlighting its potential for autonomous UAV navigation in GPS-denied environments. ? 2025 American Society of Civil Engineers.",include,high,"[""I1"", ""I2"", ""I3"", ""I4"", ""I5"", ""I6""]","UAV platform with primary GNSS-denied navigation contribution and quantitative results.",INCLUDE,I2
227,REC_1298,REC_1298.pdf,"Cooperative Localization for GNSS-Denied Subterranean Navigation: A UAV?UGV Team Approach","Akhihiero D.; Olawoye U.; Das S.; Gross J.",2024,,10.33012/navi.677,Scopus,"This paper presents a cooperative navigation architecture in a global navigation satellite system (GNSS)-denied subterranean environment using an unmanned ground vehicle (UGV) and unmanned aerial vehicle (UAV) team. The main focus of this design is to prolong the UAV mission time by reducing the UAV payload, sensing, and computational elements. To accomplish this, the UGV handles the mapping of the environment, its own state estimation, and the state estimation of the UAV using the UAV?s proprioceptive sensors, a three-dimensional lidar, and an ultra-wideband ranging radio that communicates with a similar radio on the UAV. The UAV is assumed to be instrumented with an inertial measurement unit, stereo camera, and laser altimeter, and the data from these instruments are shared with the UGV over a local network for use in UAV state estimation. This paper presents the architecture for localization of a UAV/UGV team and realizes the implementation using two different nonlinear state estimators. Details and a comparison between an extended Kalman filter and an incremental factor graph optimization implementation are provided. The performance of the presented algorithms is analyzed via experiments conducted in a motion-capture facility. ? 2024 Institute of Navigation.",include,high,"[""I1"", ""I2"", ""I3"", ""I4"", ""I5"", ""I6""]","UAV platform with primary GNSS-denied navigation contribution and quantitative results.",INCLUDE,I2
228,REC_1302,REC_1302.pdf,"Federated Energy-Aware Deep Reinforcement Learning for GNSS-Independent Swarm UAV Autonomy ?","Almalis N.; Tsihrintzis G.; Baris G.; Armenakis N.",2026,,10.3390/electronics15143064,Scopus,"Achieving scalable swarm autonomy in Global Navigation Satellite System (GNSS)-denied and communication-constrained environments remains an open challenge at the intersection of robotics, distributed optimization, and reinforcement learning. Existing unmanned aerial vehicle (UAV) autonomy frameworks typically decouple navigation, perception, and distributed learning, while assuming centralized coordination or reliable global positioning. This paper introduces a unified federated deep reinforcement learning architecture that enables GNSS-independent multi-UAV autonomy through the principled integration of multi-modal perception, decentralized policy optimization, energy-aware control, and edge-compliant inference. The proposed framework formulates joint navigation and dynamic target tracking as a partially observable Markov decision process optimized via Proximal Policy Optimization (PPO) over structured motion primitives. A communication-efficient federated learning mechanism enables distributed policy convergence under non-independent and identically distributed (non-IID) agent experiences without sharing raw data, establishing a scalable alternative to centralized training. To address sim-to-real discrepancies, the architecture incorporates domain randomization, structured sensor noise modeling, and curriculum-based training to promote robust zero-shot deployment. Multi-agent simulation experiments evaluate the swarm-level and federated-learning behavior of the proposed framework, while single-UAV field deployment evidence using a DJI Matrice 100 platform supports the feasibility of the onboard sensing, perception, and edge-inference pipeline under realistic outdoor conditions. The evaluation demonstrates stable decentralized convergence, improved energy efficiency relative to centralized baselines, robust target-tracking performance under GNSS-denied conditions, and real-time edge-compliant inference. The results establish that federated reinforcement learning can serve as a viable systems-level foundation for resilient, energy-aware, and scalable aerial swarm intelligence, advancing the state of the art in distributed autonomous robotics. ? 2026 by the authors.",include,high,"[""I1"", ""I2"", ""I3"", ""I4"", ""I5"", ""I6""]","UAV platform with primary GNSS-denied navigation contribution and quantitative results.",INCLUDE,I2
229,REC_1304,REC_1304.pdf,"Formation-Constrained Cooperative Localization for UAV Swarms in GNSS-Denied Environments","Li Q.; Wang P.; Li X.; Zhang J.; Luo Y.; Yu W.; Cheng H.",2026,,10.3390/s26061984,Scopus,"Cooperative localization is critical for UAV swarm operations in GNSS-denied environments. The backbone-listener scheme, using a small subset of agents as active backbone nodes and others as passive listeners, offers notable advantages in reducing communication overhead and enhancing swarm scalability. Building on this scheme, we propose a formation-constrained cooperative localization method to improve accuracy by integrating known formation geometry into the localization process. First, backbone node selection uses a formation-constrained greedy node activation (GNA) strategy with weighted distance fusion, combining measured and ideal formation distances to enable near-optimal selection aligned with formation structure. Second, listener node localization incorporates formation constraints into Chan?s algorithm, paired with angle-of-arrival (AOA) refinement, to ensure estimated positions match expected inter-agent distances. Third, global optimization uses a gradient descent-based refinement to enforce formation constraints across all agent positions. Our theoretical derivations and simulations are limited to the two-dimensional (2D) case. Simulation results validate the proposed method?s improved success rate, reliability, and stability. Its effectiveness is demonstrated across various formation types, with robust adaptability to asymmetric geometries shown to be a valuable feature for practical deployment. ? 2026 by the authors.",include,high,"[""I1"", ""I2"", ""I3"", ""I4"", ""I5"", ""I6""]","UAV platform with primary GNSS-denied navigation contribution and quantitative results.",INCLUDE,I2
230,REC_1306,REC_1306.pdf,"UAV Visual Localization in GNSS-Denied Environments","Wang T.-C.; Tsou L.-H.; Jhan J.-P.; Tang R.-S.",2026,,10.5194/isprs-archives-XLIX-B1-2026-55-2026,Scopus,"Navigating Unmanned Aerial Vehicles (UAVs) in Global Navigation Satellite System (GNSS)-denied environments requires reliable autonomous localization techniques. This study proposes a vision-based localization framework utilizing satellite true orthophotos and Digital Surface Models (DSMs) as absolute geospatial references. The algorithmic pipeline integrates deep learning architectures-specifically SuperPoint and LightGlue-to establish robust image-to-map feature correspondences. The matched correspondences are used to estimate camera exterior orientation parameters through collinearity-based spatial resection with an Iteratively Reweighted Least Squares (IRLS) approach. To validate the proposed methodology, a multi-altitude dataset (100-250 m) was acquired across structurally diverse terrains, including dense building, high vegetation, and bare ground areas. Experimental evaluations demonstrate that the framework achieves meter-level absolute positioning accuracy and stable pose estimation. Analyses further reveal that matching robustness and localization success rates depend heavily on terrain texture and flight altitude; geometrically structured urban scenes at moderate-to-high altitudes consistently yield reliable correspondences, whereas low-texture environments and lower flight altitudes present persistent challenges for continuous visual tracking. ? Author(s) 2026.",include,high,"[""I1"", ""I2"", ""I3"", ""I4"", ""I5"", ""I6""]","UAV platform with primary GNSS-denied navigation contribution and quantitative results.",INCLUDE,I2
231,REC_1307,REC_1307.pdf,"An architecture for robust UAV navigation in GPS-denied areas","Perez-Grau F.J.; Ragel R.; Caballero F.; Viguria A.; Ollero A.",2018,,10.1002/rob.21757,Scopus,"This article presents a software architecture for safe and reliable autonomous navigation of aerial robots in GPS-denied areas. The techniques employed within key modules from this architecture are explained in detail, such as a six-dimensional localization approach based on visual odometry and Monte Carlo localization, or a variant of the Lazy Theta* algorithm for motion planning. The aerial robot used to demonstrate this approach has been extensively tested over the past 2 years for localization and state estimation without any external positioning systems, autonomous local obstacle avoidance, and local path planning among other tasks. This article describes the architecture and main algorithms used to achieve these goals to build a robust autonomous system. ? 2017 Wiley Periodicals, Inc.",include,high,"[""I1"", ""I2"", ""I3"", ""I4"", ""I5"", ""I6""]","UAV platform with primary GNSS-denied navigation contribution and quantitative results.",INCLUDE,I2
232,REC_1308,REC_1308.pdf,"Multi-sensor Data Fusion for Autonomous Unmanned Aerial Vehicle Navigation in GPS Denied Environments","ELMAS E.E.; ALKAN M.",2024,,10.47839/ijc.23.4.3762,Scopus,"Although the Global Positioning System (GPS) is a cornerstone of modern navigation, its accuracy can diminish in urban areas, indoors, and intentionally jammed locations. This poses significant challenges for Unmanned Aerial Vehicles (UAVs) operating autonomously in these ?GPS-denied? environments. In this context, multi-sensor data fusion (MSDF) is suggested as a viable technique, as it integrates inputs from various sensors to create a more robust and reliable navigation solution. In this paper, a system has been developed that enables an AUAV flying along a predetermined route to reliably detect both fixed and moving obstacles in challenging environments where GPS signals are weak or absent, and to perform effective avoidance maneuvers to prevent potential collisions, offering superior situational awareness and operational efficiency. The results obtained demonstrate that the AUAV can navigate safely and accurately in complex and continuously changing environments. The findings reveal that the proposed system has the ability to reliably detect both stationary and moving obstacles in challenging environments where GPS signals are absent or weak, and to perform effective avoidance maneuvers to prevent potential collisions in real time. ? (2024), (Research Institute of Intelligent Computer Systems). All rights reserved.",include,high,"[""I1"", ""I2"", ""I3"", ""I4"", ""I5"", ""I6""]","UAV platform with primary GNSS-denied navigation contribution and quantitative results.",INCLUDE,I2
233,REC_1309,REC_1309.pdf,"Vision-Based Unmanned Aerial Vehicle Swarm Cooperation and Online Point-Cloud Registration for Global Localization in Global Navigation Satellite System-Intermittent Environments","Garcia G.; Eskandarian A.",2026,,10.3390/drones10010065,Scopus,"Highlights: What are the main findings? A unified, lightweight framework is introduced that fuses bio-inspired passive vision swarm coordination with real-time monocular point-cloud registration, enabling UAV teams to maintain formation and achieve global localization without GNSS, active ranging, or communication. Experiments with drone?drone and drone?ground robot pairs show that online cooperative map alignment improves spatial consistency compared to baseline monocular SLAM, even under heterogeneous viewpoints, sparse maps, and global positioning outage. What is the implication of the main findings? The framework provides a scalable and sensor-efficient strategy for resilient multi-drone autonomy in GNSS-intermittent environments such as tunnels, industrial interiors, underground facilities, and disaster zones. By maintaining both coordination coherence (stable, collision-free group motion) and spatial coherence (shared global map alignment), the method enables real-time cooperative navigation for mixed aerial?ground teams operating under strict payload and communication constraints. Reliable autonomy for drones operating in GNSS-intermittent or denied environments requires both stable inter-vehicle coordination and a shared global understanding of the environment. This paper presents a unified vision-based framework in which UAVs use biologically inspired swarm behaviors together with online monocular point-cloud registration to achieve real-time global localization. First, we apply a passive-perception strategy, bird-inspired drone swarm-keeping, enabling each UAV to estimate the relative motion and proximity of its neighbors using only monocular visual cues. This decentralized mechanism provides cohesive and collision-free group motion without GNSS, active ranging, or explicit communication. Second, we integrate this capability with a cooperative mapping pipeline in which one or more drones acting as global anchors generate a globally referenced monocular SLAM map. Vehicles lacking global positioning progressively align their locally generated point clouds to this shared global reference using an iterative registration strategy, allowing them to infer consistent global poses online. Other autonomous vehicles optionally contribute complementary viewpoints, but UAVs remain the core autonomous agents driving both mapping and coordination due to their privileged visual perspective. Experimental validation in simulation and indoor testbeds with drones demonstrates that the integrated system maintains swarm cohesion, improves spatial alignment by more than a factor of four over baseline monocular SLAM, and preserves reliable global localization throughout extended GNSS outages. The results highlight a scalable, lightweight, and vision-based approach to resilient UAV autonomy in tunnels, industrial environments, and other GNSS-challenged settings. ? 2026 by the authors.",include,high,"[""I1"", ""I2"", ""I3"", ""I4"", ""I5"", ""I6""]","UAV platform with primary GNSS-denied navigation contribution and quantitative results.",INCLUDE,I2
234,REC_1313,REC_1313.pdf,"A smart hybrid vision aided inertial navigation system approach for UAVs in a GNSS denied environment","Mostafa M.M.; Moussa A.M.; El-Sheimy N.; Sesay A.B.",2018,,10.1002/navi.270,Scopus,"This paper presents a smart hybrid vision-aided inertial navigation system (VAINS) for enhancing the navigation accuracy of UAVs in GNSS-denied environments. The proposed system consists of GNSS, INS, monocular visual odometry (VO) based on optical flow and regression trees, a Gaussian process regression (GPR), and extended Kalman filter (EKF) for data fusion. Although a variety of monocular VO-based on photogrammetric, structure from motion, and machine learning approaches have been proposed to assist the navigation process, the accuracy of 3-D positioning using these techniques is still affected by some factors such as the lack of the observed features, incorrect matches, and the accumulated positioning drift errors. Therefore, the development of a reliable navigation system that can handle such challenges is necessary. In this system, the GPR algorithm is deployed to model these errors when the GNSS signal is available and to correct them when the GNSS signal is lost. ? 2018 Institute of Navigation",include,high,"[""I1"", ""I2"", ""I3"", ""I4"", ""I5"", ""I6""]","UAV platform with primary GNSS-denied navigation contribution and quantitative results.",INCLUDE,I2
235,REC_1316,REC_1316.pdf,"Automated Method for SLAM Evaluation in GNSS-Denied Areas","Merkle D.; Reiterer A.",2023,,10.3390/rs15215141,Scopus,"The automated inspection and mapping of engineering structures are mainly based on photogrammetry and laser scanning. Mobile robotic platforms like unmanned aerial vehicles (UAVs) and unmanned ground vehicles (UGVs), but also handheld platforms, allow efficient automated mapping. Engineering structures like bridges shadow global navigation satellite system (GNSS), which complicates precise localization. Simultaneous localization and mapping (SLAM) algorithms offer a sufficient solution, since they do not require GNSS. However, testing and comparing SLAM algorithms in GNSS-denied areas is difficult due to missing ground truth data. This work presents an approach to measuring the performance of SLAM in indoor and outdoor GNSS-denied areas using a terrestrial scanner Leica RTC360 and a tachymeter to acquire point cloud and trajectory information. The proposed method is independent of time synchronization between robot and tachymeter and also works on sparse SLAM point clouds. For the evaluation of the proposed method, three LiDAR-based SLAM algorithms called KISS-ICP, SC-LIO-SAM, and MA-LIO are tested using a UGV equipped with two light detection and ranging (LiDAR) sensors and an inertial measurement unit (IMU). KISS-ICP is based solely on a single LiDAR scanner and SC-LIO-SAM also uses an IMU. MA-LIO, which allows multiple (different) LiDAR sensors, is tested on a horizontal and vertical one and an IMU. Time synchronization between the tachymeter and SLAM data during post-processing allows calculating the root mean square (RMS) absolute trajectory error, mean relative trajectory error, and the mean point cloud to reference point cloud distance. It shows that the proposed method is an efficient approach to measure the performance of SLAM in GNSS-denied areas. Additionally, the method shows the superior performance of MA-LIO in four of six test tracks with 5 to 7 cm RMS trajectory error, followed by SC-LIO-SAM and KISS-ICP in last place. SC-LIO-SAM reaches the lowest point cloud to reference point cloud distance in four of six test tracks, with 4 to 12 cm. ? 2023 by the authors.",include,high,"[""I1"", ""I2"", ""I3"", ""I4"", ""I5"", ""I6""]","UAV platform with primary GNSS-denied navigation contribution and quantitative results.",INCLUDE,I2
236,REC_1320,REC_1320.pdf,"Radar and visual odometry integrated system aided navigation for UAVS in GNSS denied environment","Mostafa M.; Zahran S.; Moussa A.; El-Sheimy N.; Sesay A.",2018,,10.3390/s18092776,Scopus,"Drones are becoming increasingly significant for vast applications, such as firefighting, and rescue. While flying in challenging environments, reliable Global Navigation Satellite System (GNSS) measurements cannot be guaranteed all the time, and the Inertial Navigation System (INS) navigation solution will deteriorate dramatically. Although different aiding sensors, such as cameras, are proposed to reduce the effect of these drift errors, the positioning accuracy by using these techniques is still affected by some challenges, such as the lack of the observed features, inconsistent matches, illumination, and environmental conditions. This paper presents an integrated navigation system for Unmanned Aerial Vehicles (UAVs) in GNSS denied environments based on a Radar Odometry (RO) and an enhanced Visual Odometry (VO) to handle such challenges since the radar is immune against these issues. The estimated forward velocities of a vehicle from both the RO and the enhanced VO are fused with the Inertial Measurement Unit (IMU), barometer, and magnetometer measurements via an Extended Kalman Filter (EKF) to enhance the navigation accuracy during GNSS signal outages. The RO and VO are integrated into one integrated system to help overcome their limitations, since the RO measurements are affected while flying over non-flat terrain. Therefore, the integration of the VO is important in such scenarios. The experimental results demonstrate the proposed system?s ability to significantly enhance the 3D positioning accuracy during the GNSS signal outage. ? 2018 by the authors. Licensee MDPI, Basel, Switzerland.",include,high,"[""I1"", ""I2"", ""I3"", ""I4"", ""I5"", ""I6""]","UAV platform with primary GNSS-denied navigation contribution and quantitative results.",INCLUDE,I2
237,REC_1322,REC_1322.pdf,"Indoor SLAM for Micro Aerial Vehicles Control Using Monocular Camera and Sensor Fusion","Garc?a S.; L?pez M.E.; Barea R.; Bergasa L.M.; G?mez A.; Molinos E.J.",2016,,10.1109/ICARSC.2016.46,Scopus,"This paper represents research in progress in Simultaneous Localization and Mapping (SLAM) for Micro Aerial Vehicles (MAVs) in the context of rescue and/or recognition navigation tasks in indoor environments. In this kind of applications, the MAV must rely on its own onboard sensors to autonomously navigate in unknown, hostile and GPS denied environments, such as ruined or semi-demolished buildings. This article aims to investigate a SLAM technique that fuses visual information and measurements from the inertial measurement unit (IMU), to robustly obtain the 6DOF pose estimation of a MAV within a local map of the environment. The monocular visual SLAM algorithm along with the IMU calculate the pose estimation through an Extended Kalman Filter (EKF). The system consists of a low-cost commercial drone and a remote control unit to computationally afford the SLAM algorithms using a distributed node system based on ROS (Robot Operating System). Some experimental results show how sensor fusion improves the position estimation and the obtained map under different test conditions. ? 2016 IEEE.",include,high,"[""I1"", ""I2"", ""I3"", ""I4"", ""I5"", ""I6""]","UAV platform with primary GNSS-denied navigation contribution and quantitative results.",INCLUDE,I2
238,REC_1330,REC_1330.pdf,"UAV VISUAL AUTOLOCALIZATON BASED on AUTOMATIC LANDMARK RECOGNITION","Filho P.S.; Shiguemori E.H.; Saotome O.",2017,,10.5194/isprs-annals-IV-2-W3-89-2017,Scopus,"Deploying an autonomous unmanned aerial vehicle in GPS-denied areas is a highly discussed problem in the scientific community. There are several approaches being developed, but the main strategies yet considered are computer vision based navigation systems. This work presents a new real-time computer-vision position estimator for UAV navigation. The estimator uses images captured during flight to recognize specific, well-known, landmarks in order to estimate the latitude and longitude of the aircraft. The method was tested in a simulated environment, using a dataset of real aerial images obtained in previous flights, with synchronized images, GPS and IMU data. The estimated position in each landmark recognition was compatible with the GPS data, stating that the developed method can be used as an alternative navigation system. ? Authors 2017.",include,high,"[""I1"", ""I2"", ""I3"", ""I4"", ""I5"", ""I6""]","UAV platform with primary GNSS-denied navigation contribution and quantitative results.",INCLUDE,I2
239,REC_1336,REC_1336.pdf,"Multi-sensor robust relative estimation framework for GPS-denied multirotor aircraft","Koch D.P.; McLain T.W.; Brink K.M.",2016,,10.1109/ICUAS.2016.7502619,Scopus,"An estimation framework is presented that improves the robustness of GPS-denied state estimation to changing environmental conditions by fusing updates from multiple view-based odometry algorithms. This allows the vehicle to utilize a suite of complementary exteroceptive sensors or sensing modalities. By estimating the vehicle states relative to a local coordinate frame collocated with an odometry keyframe, observability of the relative state is maintained. A description of the general framework is given, as well as the specific equations for a multiplicative extended Kalman filter with a multirotor vehicle. Experimental results are presented that demonstrate the ability of the proposed algorithm to produce accurate and consistent estimates in challenging environments that cause a single-sensor solution to fail. ? 2016 IEEE.",include,high,"[""I1"", ""I2"", ""I3"", ""I4"", ""I5"", ""I6""]","UAV platform with primary GNSS-denied navigation contribution and quantitative results.",INCLUDE,I2
240,REC_1346,REC_1346.pdf,"Tag-based visual-inertial localization of unmanned aerial vehicles in indoor construction environments using an on-manifold extended Kalman filter","Kayhani N.; Zhao W.; McCabe B.; Schoellig A.P.",2022,,10.1016/j.autcon.2021.104112,Scopus,"Automated visual data collection using autonomous unmanned aerial vehicles (UAVs) can improve the accessibility and accuracy of the frequent data required for indoor construction inspections and tracking. However, robust localization, as a critical enabler for autonomy, is challenging in ever-changing, cluttered, GPS-denied indoor construction environments. Rapid alterations and repetitive low-texture areas on indoor construction sites jeopardize the reliability of typical vision-based solutions. This research proposes a tag-based visual-inertial localization method for off-the-shelf UAVs with only a camera and an inertial measurement unit (IMU). Given that tag locations are known in the BIM, the proposed method estimates the UAV's global pose by fusing inertial data and tag measurements using an on-manifold extended Kalman filter (EKF). The root-mean-square error (RMSE) achieved in our experiments in laboratory and simulation, being as low as 2 ? 5 cm, indicates the potential of deploying the proposed method for autonomous navigation of low-cost UAVs in indoor construction environments. ? 2021",include,high,"[""I1"", ""I2"", ""I3"", ""I4"", ""I5"", ""I6""]","UAV platform with primary GNSS-denied navigation contribution and quantitative results.",INCLUDE,I2
241,REC_1348,REC_1348.pdf,"LiDAR-odometry based UAV pose estimation in young forest environment","Ouattara I.; Korhonen V.; Visala A.",2022,,10.1016/j.ifacol.2022.11.121,Scopus,"In this study, we propose a real-time pose estimation solution for Unmanned Aerial Vehicle in a seedling pine forest environment. Our method uses graph-based approach to fuse data from an onboard IMU sensors, a GNSS receiver and a 3D LiDAR. Features are detected from every LiDAR scan. A local map is built from the detected features and used to compute the LiDAR odometry in real time for the incoming scans. In order to obtain a robust estimate of the state of the vehicle, the noise covariance of the LiDAR odometry is updated at each iteration using the fitness score of the LiDAR. The proposed solution provides promising trajectory and velocity estimates even in GNSS denied scenario. Both the local and global consistencies of the estimated trajectory are encouraging. ? 2022 Elsevier B.V.. All rights reserved.",include,high,"[""I1"", ""I2"", ""I3"", ""I4"", ""I5"", ""I6""]","UAV platform with primary GNSS-denied navigation contribution and quantitative results.",INCLUDE,I2
242,REC_1355,REC_1355.pdf,"A distributed approach for lidar-based relative state estimation of multi-UAV in GPS-denied environments","SHEN H.; ZONG Q.; LU H.; ZHANG X.; TIAN B.; HE L.",2022,,10.1016/j.cja.2021.04.021,Scopus,"In this paper, we present a distributed framework for the lidar-based relative state estimator which achieves highly accurate, real-time trajectory estimation of multiple Unmanned Aerial Vehicles (UAVs) in GPS-denied environments. The system builds atop a factor graph, and only on-board sensors and computing power are utilized. Benefiting from the keyframe strategy, each UAV performs relative state estimation individually and broadcasts very partial information without exchanging raw data. The complete system runs in real-time and is evaluated with three experiments in different environments. Experimental results show that the proposed distributed approach offers comparable performance with a centralized method in terms of accuracy and real-time performance. The flight test demonstrates that the proposed relative state estimation framework is able to be used for aggressive flights over 5 m/s. ? 2021 Chinese Society of Aeronautics and Astronautics",include,high,"[""I1"", ""I2"", ""I3"", ""I4"", ""I5"", ""I6""]","UAV platform with primary GNSS-denied navigation contribution and quantitative results.",INCLUDE,I2
243,REC_1358,REC_1358.pdf,"An experimental analysis of outdoor UAV localisation through diverse estimators and crowd-sensed data fusion","Ahmed M.M.; Shawky M.A.; Zahran S.; Moussa A.; EL-Shimy N.; Elmahallawy A.A.; Ansari S.; Shah S.T.; Abdellatif A.G.",2024,,10.1016/j.phycom.2024.102475,Scopus,"Motivated by the challenge of achieving precise 3D outdoor localisation for unmanned aerial vehicles (UAVs) in global navigation satellite system (GNSS)-denied environments, this paper introduces an innovative technique. Integrating crowd-sensed data fusion to counter inertial navigation system (INS) drift during GNSS signal outages, the proposed method exploits diverse estimators to enhance its efficacy. A micro lightweight frequency modulated continuous wave (FMCW) radar mounted on the UAV captures ground scatterer reflections, processed via fast Fourier transform (FFT) to generate a range-Doppler map. This map facilitates forward velocity estimation during GNSS signal loss. This approach employs adaptive thresholding, image binarisation, and connected components-based techniques for target detection from a computer vision standpoint. The derived radar-based velocity fuses with magnetometer, barometer, and inertial measurement unit (IMU) data using diverse estimators like extended Kalman filter (EKF) and particle filter (PF). Real-time flight data evaluation and simulated outage periods using EKF and PF validate the outdoor localisation system. Experimental analyses demonstrate substantial improvements, enhancing 3D positioning accuracy by 99.89% and 99.83% for the initial and subsequent flights, respectively, leveraging PF to fortify the standalone INS mode during GNSS signal loss. This approach significantly enhances UAV localisation precision, particularly in challenging GNSS-denied scenarios, showcasing the potential for real-world applications. ? 2024 The Author(s)",include,high,"[""I1"", ""I2"", ""I3"", ""I4"", ""I5"", ""I6""]","UAV platform with primary GNSS-denied navigation contribution and quantitative results.",INCLUDE,I2
244,REC_1366,REC_1366.pdf,"Cooperative Localisation of a GPS-Denied UAV in 3-Dimensional Space Using Direction of Arrival Measurements","Russell J.S.; Ye M.; Anderson B.D.O.; Hmam H.; Sarunic P.",2017,,10.1016/j.ifacol.2017.08.1226,Scopus,"This paper presents a novel approach for localising a GPS (Global Positioning System)-denied Unmanned Aerial Vehicle (UAV) with the aid of a GPS-equipped UAV in three-dimensional space. The GPS-equipped UAV makes discrete-time broadcasts of its global coordinates. The GPS-denied UAV receives the broadcast and in doing so takes a direction of arrival (DOA) measurement towards the origin of the broadcast in its local coordinate frame (obtained via an inertial navigation system (INS)). The aim is to determine the difference between the local and global frames, described by a rotation and a translation. In the noiseless case, global coordinates are recovered exactly by solving a system of linear equations. When DOA measurements are contaminated with noise, rank relaxed semidefinite programming (SDP) and the Orthogonal Procrustes algorithm are employed. Simulations are provided and factors affecting accuracy, such as noise levels and number of measurements, are explored. ? 2017",include,high,"[""I1"", ""I2"", ""I3"", ""I4"", ""I5"", ""I6""]","UAV platform with primary GNSS-denied navigation contribution and quantitative results.",INCLUDE,I2
245,REC_1370,REC_1370.pdf,"Cooperative navigation for UAVs in GNSS-denied area based on optimized belief propagation","Li J.; Yang G.; Cai Q.; Niu H.; Li J.",2022,,10.1016/j.measurement.2022.110797,Scopus,"A multitude of individual unmanned aerial vehicle (UAV) cooperatively self-organized as a swarm attracts increasing attention for exploration and parallel tasks. Accurate position is essential for UAVs to avoid collision and implement control. Although the Global Navigation Satellite System (GNSS) has been integrated in UAV, it is susceptible to disruption. In this paper, we propose a novel cooperative navigation framework based on optimized belief propagation (BP) in the GNSS-denied area. Specifically, we derive a directional uncertainty model to characterize the position information of UAVs with different dynamic motions. With this model, we improve the navigation performance by designing a weighted uncertainty belief propagation (WUBP) based on information evaluation. Simulation and experimental results validate that in the dynamic scenarios, the proposed WUBP can make the swarm reap the benefits of more accurate positional estimate from UAVs with less maneuvers, higher-grade of INS or shorter time interval of GNSS signal lost. ? 2022 Elsevier Ltd",include,high,"[""I1"", ""I2"", ""I3"", ""I4"", ""I5"", ""I6""]","UAV platform with primary GNSS-denied navigation contribution and quantitative results.",INCLUDE,I2
246,REC_1373,REC_1373.pdf,"Enabling UAV navigation with sensor and environmental uncertainty in cluttered and GPS-denied environments","Vanegas F.; Gonzalez F.",2016,,10.3390/s16050666,Scopus,"Unmanned Aerial Vehicles (UAV) can navigate with low risk in obstacle-free environments using ground control stations that plan a series of GPS waypoints as a path to follow. This GPS waypoint navigation does however become dangerous in environments where the GPS signal is faulty or is only present in some places and when the airspace is filled with obstacles. UAV navigation then becomes challenging because the UAV uses other sensors, which in turn generate uncertainty about its localisation and motion systems, especially if the UAV is a low cost platform. Additional uncertainty affects the mission when the UAV goal location is only partially known and can only be discovered by exploring and detecting a target. This navigation problem is established in this research as a Partially-Observable Markov Decision Process (POMDP), so as to produce a policy that maps a set of motion commands to belief states and observations. The policy is calculated and updated on-line while flying with a newly-developed system for UAV Uncertainty-Based Navigation (UBNAV), to navigate in cluttered and GPS-denied environments using observations and executing motion commands instead of waypoints. Experimental results in both simulation and real flight tests show that the UAV finds a path on-line to a region where it can explore and detect a target without colliding with obstacles. UBNAV provides a new method and an enabling technology for scientists to implement and test UAV navigation missions with uncertainty where targets must be detected using on-line POMDP in real flight scenarios. ? 2016 by the authors; licensee MDPI, Basel, Switzerland.",include,high,"[""I1"", ""I2"", ""I3"", ""I4"", ""I5"", ""I6""]","UAV platform with primary GNSS-denied navigation contribution and quantitative results.",INCLUDE,I2
247,REC_1378,REC_1378.pdf,"Optical Flow Sensor/INS/Magnetometer Integrated Navigation System for MAV in GPS-Denied Environment","Shen C.; Bai Z.; Cao H.; Xu K.; Wang C.; Zhang H.; Wang D.; Tang J.; Liu J.",2016,,10.1155/2016/6105803,Scopus,"The drift of inertial navigation system (INS) will lead to large navigation error when a low-cost INS is used in microaerial vehicles (MAV). To overcome the above problem, an INS/optical flow/magnetometer integrated navigation scheme is proposed for GPS-denied environment in this paper. The scheme, which is based on extended Kalman filter, combines INS and optical flow information to estimate the velocity and position of MAV. The gyro, accelerator, and magnetometer information are fused together to estimate the MAV attitude when the MAV is at static state or uniformly moving state; and the gyro only is used to estimate the MAV attitude when the MAV is accelerating or decelerating. The MAV flight data is used to verify the proposed integrated navigation scheme, and the verification results show that the proposed scheme can effectively reduce the errors of navigation parameters and improve navigation precision. Copyright ? 2016 Chong Shen et al.",include,high,"[""I1"", ""I2"", ""I3"", ""I4"", ""I5"", ""I6""]","UAV platform with primary GNSS-denied navigation contribution and quantitative results.",INCLUDE,I2
248,REC_1393,REC_1393.pdf,"ST-DCL: A Spatio-Temporally Decoupled Cooperative Localization Method for Dynamic Drone Swarms","Wu H.; Shi Z.; Wu Z.; Xu H.; Tu Z.",2026,,10.3390/drones10010069,Scopus,"Highlights: What are the main findings? We establish a novel differential equation model that rigorously quantifies the joint impact of abrupt kinematic changes and network connectivity on spatio-temporal error propagation in dynamic drone swarms, providing a predictive error bound. We propose ST-DCL, a cooperative localization framework that innovatively integrates a Dynamic Weighted MDS optimizer and a Spatio-Temporal Graph Neural Network, achieving closed-loop spatio-temporal error decoupling and suppression. What are the implications of the main findings? The proposed framework provides a theoretically grounded and provably convergent localization system for highly dynamic and NLOS-prone environments, enhancing the reliability of drone swarms in GPS-denied missions. ST-DCL demonstrates a 21% improvement in normalized localization error over state-of-the-art optimization methods (MDS, FC-MDS, dwMDS, and vMDS) in simulations. More importantly, it significantly outperforms deep learning baselines (e.g., ST-GAT) in out-of-distribution real-world tests, demonstrating superior generalization and robustness. This indicates strong potential for reliable deployment in search and rescue, surveillance, and other autonomous swarm applications. In GPS-denied environments, the spatio-temporal coupling of errors caused by dynamic network topologies poses a fundamental challenge to cooperative localization, presenting existing methods with a dilemma: approaches pursuing global optimization lack dynamic adaptability, while those focusing on local adaptation struggle to guarantee global convergence. To address this challenge, this paper proposes ST-DCL, a cooperative localization framework based on a novel principle of closed-loop spatio-temporal decoupling. The core of ST-DCL comprises two modules: a Dynamic Weighted Multidimensional Scaling (DW-MDS) optimizer, responsible for providing a globally consistent coarse estimate with provable convergence, and a specially designed Spatio-Temporal Graph Neural Network (ST-GNN) corrector, tasked with compensating for local nonlinear errors. The DW-MDS effectively suppresses interference from historical errors via an adaptive sliding window and confidence weights derived from our error propagation model. The key innovation of the ST-GNN lies in its two newly designed components: a Dynamic Topological Attention Module for actively modulating neighbor aggregation to inhibit spatial error diffusion, and a Dilated Causal Convolution Module for modeling long-term temporal dependencies to curb error accumulation. These two modules form a closed loop via a confidence feedback mechanism, working in synergy to achieve continuous error suppression. Theoretical analysis indicates that the framework exhibits bounded-error convergence under dynamic topologies. In simulations involving 200 nodes, velocities up to 50 m/s, and 15% NLOS links, the ST-DCL achieves a normalized root mean square error (NRMSE) of 0.0068, representing a 21% performance improvement over state-of-the-art methods. The practical efficacy and real-time capability are further validated through real-world flight experiments with a 10-UAV swarm in complex, GPS-denied scenarios. ? 2026 by the authors.",include,high,"[""I1"", ""I2"", ""I3"", ""I4"", ""I5"", ""I6""]","UAV platform with primary GNSS-denied navigation contribution and quantitative results.",INCLUDE,I2
249,REC_1399,REC_1399.pdf,"Adaptive Texture-Aware Pixel Selection for Robust Direct Visual Odometry in UAV Navigation","Gaia J.; Fagundes L., Jr.; Soria C.; Brand?o A.",2026,,10.1109/ICUAS69441.2026.11598726,Scopus,"Direct visual odometry (DVO) is becoming widely used to estimate camera ego-motion and simultaneously reconstruct/map the environment from image sequences, particularly due to its efficient use of photometric information and strong performance in weak-texture scenarios. However, since DVO relies directly on pixel intensity patterns for frame-to-frame alignment, it is inherently sensitive to brightness inconsistencies and illumination changes, which can degrade pose estimation, particularly in aerial robotics scenarios involving motion blur, illumination variations, and texture-poor environments. This paper proposes an adaptive pixel selection mechanism for DVO systems. The proposed approach prioritizes regions with strong structural content, ensuring that the pose estimate remains constrained by meaningful image gradients, even in low-texture or highly homogeneous scenarios. By integrating image texture descriptors, the system dynamically adjusts selection parameters, according to the scene complexity. This enables the operation across structured, semi-structured, and unstructured environments without introducing significant computational overhead. Experimental validation in both indoor and outdoor scenarios demonstrates that the proposed method preserves uniform spatial coverage while suppressing low-gradient and photometrically unstable regions. The results demonstrate enhanced trajectory consistency and greater robustness under challenging visual conditions, confirming the algorithm effectiveness for UAV navigation in GPS-denied environments.  ? 2026 IEEE.",include,high,"[""I1"", ""I2"", ""I3"", ""I4"", ""I5"", ""I6""]","UAV platform with primary GNSS-denied navigation contribution and quantitative results.",INCLUDE,I2
250,REC_1402,REC_1402.pdf,"Oxpecker: A Tethered UAV for Inspection of Stone-Mine Pillars","Martinez Rocamora B., Jr.; Lima R.R.; Samarakoon K.; Rathjen J.; Gross J.N.; Pereira G.A.S.",2023,,10.3390/drones7020073,Scopus,"This paper presents a state-of-the-art tethered unmanned aerial vehicle (TUAV) for structural integrity assessment of underground stone mine pillars. The TUAV, powered by its tether, works in tandem with an unmanned ground vehicle (UGV) that hosts the TUAV batteries, a self-leveled landing platform, and the tether management system. The UGV and the TUAV were named Rhino and Oxpecker, respectively, given that the TUAV stays landed on the UGV while the ensemble moves inside a mine. The mission of Oxpecker is to create, using a LiDAR sensor, 3D maps of the mine pillars to support time-lapse hazard mapping and time-dependent pillar degradation analysis. Given the height of the pillars (7?12 (Formula presented.)), this task cannot be executed by Rhino alone. This paper describes the drone?s hardware and software. The hardware includes the tether management system, designed to control the tension of the tether, and the tether perception system, which provides information that can be used for localization and landing in global navigation satellite systems (GNSS)-denied environments. The vehicle?s software is based on a state machine that controls the several phases of a mission (i.e., takeoff, inspection, and landing) by coordinating drone motion with the tethering system. The paper also describes and evaluates our approach for tether-based landing and autonomous 3D mapping of pillars. We show experiments that illustrate and validate our system in laboratories and underground mines. ? 2023 by the authors.",include,high,"[""I1"", ""I2"", ""I3"", ""I4"", ""I5"", ""I6""]","UAV platform with primary GNSS-denied navigation contribution and quantitative results.",INCLUDE,I2
251,REC_1403,REC_1403.pdf,"Simless GSM positioning for navigation in GPS-denied environments","Soldado Serrano I.; Garc?a Doblado J.; Finazzi I.F.; Mart?n Prats M.?.",2018,,10.1108/AEAT-01-2017-0029,Scopus,"Purpose: Until now, air navigation systems have mainly relied on global navigation satellite systems (GNSS) on the worldwide spread global positioning system. However, the so-called GNSS-denied environments open a new research line which pursues the development of alternative technologies which will cover this gap in positioning systems? services. Design/methodology/approach: This paper presents the possibility of using positioning systems based on global system for mobile communications (GSM) signal. This approach developed in a standalone device will provide real-time information. The presented algorithm pursues a new methodology for providing useful information. Findings: Among all the different technologies aimed at giving a navigation solution in the absence of any kind of GNSS in which this paper is based, it advocates for the use of the signals of opportunity, particularly the usage of GSM. Practical implications: Technology is currently immersed in an era of continuous progress and expansion of navigation systems. These are evolving toward high performance systems, offering precise, efficient and safe air navigation. In addition, the growing demand for unmanned aerial vehicles increases the level of exigency on this activity even more. Therefore, in the context of the development of unmanned navigation technologies, the aim is to implement positioning systems that will allow high precision even in though environments. Originality/value: Referencing the SIMless concept, a SIM-free system is described in this paper. The SIM-free system is supported by open data bases and permits the positioning based on the information sniffed from the signals broadcast by a set of several nearby base station of the GSM network. Hence, it provides same and in some cases even better accuracies than the already developed techniques, not being necessary to synchronize the link between the mobile terminal and the base station transceiver (BTS). ? 2018, Emerald Publishing Limited.",include,high,"[""I1"", ""I2"", ""I3"", ""I4"", ""I5"", ""I6""]","UAV platform with primary GNSS-denied navigation contribution and quantitative results.",INCLUDE,I2
252,REC_1405,REC_1405.pdf,"Angle Robustness Unmanned Aerial Vehicle Navigation in GNSS-Denied Scenarios","Wang Y.; Feng Z.; Zhang H.; Gao Y.; Lei J.; Sun L.; Song M.",2024,,10.1609/aaai.v38i9.28906,Scopus,"Due to the inability to receive signals from the Global Navigation Satellite System (GNSS) in extreme conditions, achieving accurate and robust navigation for Unmanned Aerial Vehicles (UAVs) is a challenging task. Recently emerged, vision-based navigation has been a promising and feasible alternative to GNSS-based navigation. However, existing vision-based techniques are inadequate in addressing flight deviation caused by environmental disturbances and inaccurate position predictions in practical settings. In this paper, we present a novel angle robustness navigation paradigm to deal with flight deviation in point-to-point navigation tasks. Additionally, we propose a model that includes the Adaptive Feature Enhance Module, Cross-knowledge Attention-guided Module and Robust Task-oriented Head Module to accurately predict direction angles for high-precision navigation. To evaluate the vision-based navigation methods, we collect a new dataset termed as UAV AR368. Furthermore, we design the Simulation Flight Testing Instrument (SFTI) using Google Earth to simulate different flight environments, thereby reducing the expenses associated with real flight testing. Experiment results demonstrate that the proposed model outperforms the state-of-the-art by achieving improvements of 26.0% and 45.6% in the success rate of arrival under ideal and disturbed circumstances, respectively. Copyright ? 2024, Association for the Advancement of Artificial Intelligence (www.aaai.org). All rights reserved.",include,high,"[""I1"", ""I2"", ""I3"", ""I4"", ""I5"", ""I6""]","UAV platform with primary GNSS-denied navigation contribution and quantitative results.",INCLUDE,I2
253,REC_1417,REC_1417.pdf,"Cellular Communication-Based Autonomous UAV Navigation with Obstacle Avoidance for Unknown Indoor Environments","Choi Y.J.; Ramatryana I.N.A.; Shin S.Y.",2021,,10.22266/ijies2021.0430.31,Scopus,"The technology of Unmanned Aerial Vehicles (UAV) has been the subject of pioneering research in recent years. Also, the subject has been used in various situations for both outdoor and indoor. In this paper, a cellular communication-based autonomous UAV Navigation is proposed that enables UAVs to maneuver independently in previously unknown and GPS-denied indoor environments with LiDAR sensors. The main idea of the proposed scheme is to implement LTE connection to UAV Navigation and compared it to a Wi-Fi connection. We have proposed that autonomous UAV navigation system for unknown environment like indoor. This system relies on the combination of ROS-based Hector SLAM systems, 2D-LiDAR sensor and LTE connection. The performance of proposed scheme is evaluated as the error distance and exploration time for unknown area like indoor environment. The mapping efficiency of LTE connection is 57.5% greater than the Wi-Fi connection. Computation time for flight is approximately 200 seconds. ? 2021",include,high,"[""I1"", ""I2"", ""I3"", ""I4"", ""I5"", ""I6""]","UAV platform with primary GNSS-denied navigation contribution and quantitative results.",INCLUDE,I2
254,REC_1423,REC_1423.pdf,"A robust real-time vision based GPS-denied navigation system of UAV","Yang L.; Xiao B.; Zhou Y.; He Y.; Zhang H.; Han J.",2016,,10.1109/CYBER.2016.7574843,Scopus,"In 2015 International UAV Innovation Grand Prix the competition, the cargo transport task is assumed as: there are 4 buckets placed in four circles on one moving platform. Firstly, the unmanned aerial vehicle (UAV) is required to identify circle targets and the black and white id marker near the circle on one moving platform, then the UAV chosen a target bucket, tracked and transported it to the other moving platform, until all 4 buckets are transported from one moving platform to the other. In order to accomplish the cargo transport task, a method of a real-time vision-based GPS-denied multiple object tracking for UAV is developed. The Pixhawk controller is used to achieve tracking, that the relative distance and velocity between the target and UAV is estimated by the image. Finally, the experimental results proved the effectiveness and robustness of the algorithm. ? 2016 IEEE.",include,high,"[""I1"", ""I2"", ""I3"", ""I4"", ""I5"", ""I6""]","UAV platform with primary GNSS-denied navigation contribution and quantitative results.",INCLUDE,I2
255,REC_1429,REC_1429.pdf,"Modelling and Simulation of Fast Autonomous Exploration and Mapping System for GPS Denied Unknown Environment Using ROS","Umakarthikeyan S.; Ram Kumar K.; Priyadharshini S.",2022,,10.1109/ICRAIE56454.2022.10054265,Scopus,"This paper describes a multi-robot coordinated heterogeneous vehicle which employs cooperative unmanned ground vehicles (UGVs) and unmanned aerial vehicles (UAVs) to explore and map a GPS-denied unknown terrain. Exploration processes like cave exploration, tunnel inspections required an accurate and quick mapping of the environment in emergencies for rescue or maintenance operations. This multi-robot system's main objective is to use the Dijkstra algorithm to produce a 2D and 3D map of an unexplored region. Each robot features a border identification system that uses image processing to derive border locations. The autonomous exploration problem is a partially observable Markov decision process (POMDP) to the local planner exploration component. The robot is directed to the uncharted region in the map after recovering boundary points in the region separating known from unknown space. The global planner graph, introducing flexible values, is constructed during the discovery phase to examine the robot's border positions at the end. The two methodologies are combined with speeding up the search for border sites. Closed-loop control ensures that the robot is always pushed to its greatest advantage following achieving the desired advantages. Finally, the 2D and 3D maps obtained from each robot are combined using conventional map merging techniques to form a map.  ? 2022 IEEE.",include,high,"[""I1"", ""I2"", ""I3"", ""I4"", ""I5"", ""I6""]","UAV platform with primary GNSS-denied navigation contribution and quantitative results.",INCLUDE,I2
256,REC_1431,REC_1431.pdf,"Advancing Autonomous UAV Target Localization in GPS-Denied Environments","Dawne A.; Nazaruddin Y.Y.; Wardana R.P.; Ikhtiarudin A.; Mardhatillah I.; Fauzan I.M.",2023,,10.1109/CoDIT58514.2023.10284425,Scopus,"This research introduces a novel approach to enhance the robustness of autonomous UAV target localization in GPS-denied environments. Typically, localization in such environments relies on utilizing received signal strength (RSS) transmitted by the target and employing the Q-learning algorithm to determine agent actions. Usually, there are two approaches to defining Q-learning's state, both using only a single variable as the Q-learning's state. One of those approaches is potentially hard to converge, while the other is susceptible to unrealistic assumptions in a real-world deployment. This study proposes an improved Q-learning algorithm by incorporating multiple variables as states, addressing the limitations of existing approaches that use a single variable. In this research, it will be proven that if the assumptions don't hold, the performance of the proposed method by another research will be messed up. In addition, it's proved that a new approach is proposed in this research able to outperform the approach using only single-variable as Q-learning state in terms of speeds of convergence and robustness, even when the assumptions are not met.  ? 2023 IEEE.",include,high,"[""I1"", ""I2"", ""I3"", ""I4"", ""I5"", ""I6""]","UAV platform with primary GNSS-denied navigation contribution and quantitative results.",INCLUDE,I2
257,REC_1432,REC_1432.pdf,"GNSS/INS/VO fusion using Gated Recurrent Unit in GNSS denied environments","Negru S.A.; Geragersian P.; Petrunin I.; Zolotas A.; Grech R.",2023,,10.2514/6.2023-2226,Scopus,"Urban air mobility is a growing market, which will bring new ways to travel and to deliver items covering urban and suburban areas, at relatively low altitudes. To guarantee a safe and robust navigation, Unmanned Aerial Vehicles should be able to overcome all the navigational constraints. The paper is analyzing a novel sensor fusion framework with the aim to obtain a stable flight in a degraded GNSS environment. The sensor fusion framework is combining data coming from a GNSS receiver, an IMU and an optical camera under a loosely coupled scheme. A Federated Filter approach is implemented with the integration of two GRUs blocks. The first GRU is used to increase the accuracy in time of the INS, giving as output a more reliable position that it is fused, with the position information coming from, the GNSS receiver, and the developed Visual Odometry algorithm. Further, a master GRU block is used to select the best position information. The data is collected using a hardware in the loop setup, using AirSim, Pixhawk and Spirent GSS7000 hardware. As validation, the framework is tested, on a virtual UAV, performing a delivery mission on Cranfield university campus. Results showed that the developed fusion framework, can be used for short GNSS outages. ? 2023, American Institute of Aeronautics and Astronautics Inc, AutomatedAA. All rights reserved.",include,high,"[""I1"", ""I2"", ""I3"", ""I4"", ""I5"", ""I6""]","UAV platform with primary GNSS-denied navigation contribution and quantitative results.",INCLUDE,I2
258,REC_1435,REC_1435.pdf,"UAV-Assisted Collaborative Positioning in GNSS-Denied Environments","Masiero A.; Toth C.; Morelli L.; Trybala P.; Remondino F.",2026,,10.5194/isprs-archives-XLIX-B1-2026-41-2026,Scopus,"Accurate and reliable positioning and navigation are fundamental for the development of a wide number of applications. Despite in most of the regular working conditions the use of a GNSS (Global Navigation Satellite System) receiver is sufficient for properly determining the absolute coordinates of such a device, determining a reliable solution of the positioning problem in challenging conditions, e.g. in environments where GNSS is not available or not reliable, can be difficult. In such conditions, exploiting the information shared by different sensors and platforms can be useful for reliably determining the platforms' positions. In this work, both ground and aerial platforms are considered: each platform is assumed to be provided with communication capabilities, which can be exploited to share its knowledge. In particular, since GNSS positioning is usually less effective at ground level than on a flying platform, here the aerial platforms are assumed to be provided with good GNSS-based positioning information. Instead, GNSS is assumed to be unavailable to the ground vehicles, which, instead, can use LiDAR/visual odometry for determining dead-reckoning solutions, Ultra Wide-Band (UWB) inter-platform ranging for relative positioning, and camera-based positions, provided by aerial platforms, for assessing their georeferenced positions. In particular, this work focuses on assessing the positioning performance when exploiting vision-based information about the georeferenced ground vehicle positions from a camera mounted on a Unmanned Aerial Vehicle (UAV). The camera acquired oblique views of the scene, while moving over the case study area during the test. YOLO network was used to detect cars from the image frames, whereas different techniques were used for obtaining the cars' georeferenced coordinates, including the extraction of vehicle coordinates from 3D reconstructions obtained from the MoGe-2 network. Average errors at meter level on the determined georeferenced coordinates, even on vehicles not visible in the image acquired by the UAV, were obtained when combining UWB vehicle-to-vehicle ranges with MoGe-2 reconstructions. ? Author(s) 2026.",include,high,"[""I1"", ""I2"", ""I3"", ""I4"", ""I5"", ""I6""]","UAV platform with primary GNSS-denied navigation contribution and quantitative results.",INCLUDE,I2
259,REC_1438,REC_1438.pdf,"3D motion planning for UAVs in GPS-denied unknown forest environment","Liao F.; Lai S.; Hu Y.; Cui J.; Wang J.L.; Teo R.; Lin F.",2016,,10.1109/IVS.2016.7535393,Scopus,"In this paper, a decomposition hierarchic on-line motion planning approach consisting of path planning and trajectory generation is proposed for VTOL UAVs to fly in a GPS-denied unknown obstacle-rich environment such as forest and urban canyon. A closed-loop 3D path planning based on A? search algorithm is used to generate collision-free path and a 3D on-line trajectory generation based on maneuver automaton methods is used to generate a collision-free reference trajectory. The simulation and experiment on a VTOL UAV demonstrate the effectiveness of the proposed motion planning approach. ? 2016 IEEE.",include,high,"[""I1"", ""I2"", ""I3"", ""I4"", ""I5"", ""I6""]","UAV platform with primary GNSS-denied navigation contribution and quantitative results.",INCLUDE,I2
260,REC_1439,REC_1439.pdf,"3D map and mmWave radar-based self-localization for UAVs in GNSS-denied environments","Cui Y.; Zhang Y.; Bai D.; Diao Y.; Wang Y.",2026,,10.1016/j.vehcom.2025.100986,Scopus,"Reliable self-localization of unmanned aerial vehicles (UAVs) in dense urban environments remains a major challenge due to the frequent unavailability or degradation of Global Navigation Satellite Systems (GNSS) and other radio signals. This paper presents a robust and cost-effective method for UAV self-localization by using vision and millimeter-wave (mmWave) radar data in GNSS-denied environments. The approach generates an initial dense point cloud through depth estimation and semantic segmentation, which is then geometrically refined using sparse mmWave radar point cloud. A semantic-guided clustering method is applied to the mmWave radar point cloud to remove noise and extract key structural elements such as walls, which are later fused with vision-based depth information. For positioning, image matching algorithm provides coarse localization, followed by fine registration that leverages geometric features of windows to enhance precision. Experimental results demonstrate that the proposed method can achieve self-localization accuracy within 0.4 m, while maintaining low system complexity and deployment cost, offering a practical solution for UAV self-localization in GNSS-denied urban scenarios. ? 2025 Elsevier Inc.",include,high,"[""I1"", ""I2"", ""I3"", ""I4"", ""I5"", ""I6""]","UAV platform with primary GNSS-denied navigation contribution and quantitative results.",INCLUDE,I2
261,REC_1443,REC_1443.pdf,"Study on angle-only relative navigation for unmanned aerial vehicle formation in GPS-denied environment","Zheng Z.; Wang S.; Gong B.; Su E.; Huang H.",2023,,10.1177/09544100221149235,Scopus,"To satisfy the autonomous relative navigation demand of unmanned aerial vehicle (UAV) formation in a GPS-denied environment, an angle-only relative navigation algorithm is proposed. First, the relative states in 3-dimension space are decoupled into relative motion along the horizontal plane and altitude by applying the relative azimuth between the north-east-down global frame and the body-fixed horizontal frame belonging to UAVs. Second, a relative dynamic and measurement model considering the measurement deviation of sensors are established. This solves the problem of colored noise in a majority of sensors used in practical engineering. Third, a consensus constraint model of relative states is established by introducing a geometric constraint among formation members. Additionally, a consensus-extended Kalman filter is designed. Finally, the angle-only relative navigation method is validated using standard Monte Carlo simulations. The simulation results show that all the states of the system are observable when the observability criterion is satisfied. The relative position accuracy achieved using gyros with a drift rate of 50?/h, accelerometers with 1?mg deviation, and optical cameras with 1? Gaussian white noise is within 10?m (3?). Additionally, the method proposed in this study can be used to estimate the sensor measurement deviations effectively. Furthermore, it can be potentially applied to improve the absolute navigation accuracy of UAVs. ? IMechE 2023.",include,high,"[""I1"", ""I2"", ""I3"", ""I4"", ""I5"", ""I6""]","UAV platform with primary GNSS-denied navigation contribution and quantitative results.",INCLUDE,I2
262,REC_1451,REC_1451.pdf,"Vision Model-Based Real-Time Localization of Unmanned Aerial Vehicle for Autonomous Structure Inspection under GPS-Denied Environment","Shang Z.; Shen Z.",2019,,10.1061/9780784482445.037,Scopus,"UAVs have been widely used in visual inspections of buildings, bridges, and other structures. In either outdoor autonomous or semi-autonomous flights missions strong GPS signal is vital for UAV to locate its own positions. However, strong GPS signal is not always available, and it can degrade or fully loss underneath large structures or close to power lines, which can cause serious control issues or even UAV crashes. Such limitations highly restricted the applications of UAV as a routine inspection tool in various domains. In this paper a vision-model-based real-time self-positioning method is proposed to support autonomous aerial inspection without the need of GPS support. Compared to other localization methods that requires additional onboard sensors, the proposed method uses a single camera to continuously estimate the inflight poses of UAV. Each step of the proposed method is discussed in detail, and its performance is tested through an indoor test case. ? 2019 American Society of Civil Engineers.",include,high,"[""I1"", ""I2"", ""I3"", ""I4"", ""I5"", ""I6""]","UAV platform with primary GNSS-denied navigation contribution and quantitative results.",INCLUDE,I2
263,REC_1453,REC_1453.pdf,"A Graph-Optimization-Based tightly coupled Multi-Source positioning method for UAVs in GNSS-Denied environments","Lu J.; Zhang Z.; Qi Y.; Song P.",2026,,10.1016/j.measurement.2026.121787,Scopus,"To address UAV positioning in GNSS-denied environments, this study proposes a tightly coupled IMU?vision?UWB localization method. A structured visual feature optimization strategy is first developed to improve feature uniformity and robustness through adaptive thresholding, density balancing, and grayscale-gradient fusion. A graph-optimization-based fusion framework is then constructed, incorporating UWB?IMU joint initialization and UWB differential-residual-enhanced global constraints. With an adaptive sliding window and IMU pre-integration compensation, the framework improves localization accuracy and real-time performance while alleviating temporal asynchrony. Finally, experimental results show that the optimized visual features increase ORB matched points by 11.8% and improve accuracy by 5% over ORB, while achieving better distribution uniformity than SIFT and ORB. On the VIRAL dataset, front-end replacement experiments demonstrate that the Structured Visual Feature Optimization Method shows good engineering practicality within a fixed back-end framework and the proposed location method achieves the lowest RMSE across all nine sequences, demonstrating superior overall localization accuracy and trajectory-level robustness in real-world UAV scenarios. In real flight experiments, it attains RMSEs of 0.480 m under high-dynamic conditions and 0.286 m under steady-state conditions. Ablation results show that the adaptive sliding window improves frame rate, while the other modules enhance accuracy. Comparative experiments confirm that the proposed method achieves a better trade-off between accuracy and efficiency in both high-dynamic and steady-state scenarios. ? 2026 Elsevier Ltd",include,high,"[""I1"", ""I2"", ""I3"", ""I4"", ""I5"", ""I6""]","UAV platform with primary GNSS-denied navigation contribution and quantitative results.",INCLUDE,I2
264,REC_1454,REC_1454.pdf,"Adaptive UAV Visual Localisation Based on Improved Gradient-Damping Newton Method","Zhou X.; Fang A.; Fu S.; Liu J.; Zhang X.; Liao X.; Zhang J.",2026,,10.3390/electronics15101974,Scopus,"The role of unmanned aerial vehicles (UAVs) in time-sensitive missions such as low-altitude reconnaissance and disaster rescue has gained increasing significance. To address the challenge of visual localisation for UAVs operating in complex terrains under Global Navigation Satellite System (GNSS)-denied environments, this paper proposes an improved adaptive gradient-damped Newton approach to mitigate the trade-off between terrain non-convexity and computational real-time performance. The proposed approach incorporates a terrain-gradient-based dynamic step-size adjustment mechanism that adaptively captures non-linear terrain characteristics in real time and effectively reduces the numerical oscillations typically observed in steep regions when using the standard Newton method. In addition, a tightly coupled vision?geometry framework was developed to constrain cumulative drift during long-range flight. Monte Carlo simulation results demonstrate that the proposed algorithm maintains submeter localisation accuracy while achieving approximately a three-fold improvement in computational efficiency compared with traditional grid-based methods, and a 27.4% increase in convergence speed relative to the standard Newton method. Experiments conducted under high-noise conditions and highly undulating terrains indicate that the approach exhibits strong convergence stability, offering a computationally efficient and robust solution for UAV navigation. ? 2026 by the authors.",include,high,"[""I1"", ""I2"", ""I3"", ""I4"", ""I5"", ""I6""]","UAV platform with primary GNSS-denied navigation contribution and quantitative results.",INCLUDE,I2
265,REC_1455,REC_1455.pdf,"Cross-Modal Images Matching Based Enhancement to MEMS INS for UAV Navigation in GNSS Denied Environments","Han S.; Zhao M.; Wang K.; Dong J.; Su A.",2023,,10.3390/app13148238,Scopus,"A new cross-modal image matching method is proposed to solve the problem that unmanned aerial vehicles (UAVs) are difficult to navigate in GPS-free environment and night environment. In this algorithm, infrared image or visible image is matched with satellite visible image. The matching process is divided into two steps, namely, coarse matching and fine alignment. Based on the dense structure features, the coarse matching algorithm can realize the position update above 10 Hz with a small amount of computation. Based on the end-to-end matching network, the fine alignment algorithm can align the multi-sensor image with the satellite image under the condition of interference. In order to obtain the position and heading information with higher accuracy, the fusion of the information after visual matching with the inertial information can restrain the divergence of the inertial navigation position error. The experiment shows that it has the advantages of strong anti-interference ability, strong reliability, and low requirements on hardware, which is expected to be applied in the field of unmanned navigation. ? 2023 by the authors.",include,high,"[""I1"", ""I2"", ""I3"", ""I4"", ""I5"", ""I6""]","UAV platform with primary GNSS-denied navigation contribution and quantitative results.",INCLUDE,I2
266,REC_1459,REC_1459.pdf,"Automatic UAV Inspection of Tunnel Infrastructure in GPS-Denied Underground Environment","Zhang R.; Ouyang A.; Li Z.",2023,,10.1007/978-3-031-07258-1_53,Scopus,"In the Architecture, Engineering and Construction (AEC) industry, unmanned aerial vehicles (UAV) has been widely acknowledged as a promising tool to perform adaptive structural health monitoring automatically. However, there still remains some challenges for drones to collect image data of underground structures, primarily due to low light and no GPS conditions. In order to facilitate data acquisition, this article developed a mobile software development kit (MSDK) for drone using visual positioning and predefined controlling code, which enabled the drone to automatically fly along a designated sinusoidal route, whilst continuously taking videos and images of the tunnel surface. The developed MSDK was able to adjust the drone parameters (e.g., overlapping rate, inspection range, heading, flight direction between frames of the video) for different underground infrastructure conditions. Furthermore, a field test is conducted in an abandoned windless tunnel near Cork (Goggins Hill Tunnel) to test its feasibility. Results show that the 40-m difference between the designated routine and actual routine was 1.9%, and the collected data processed by Pix4Dmapper could reconstruct the complete tunnel scene and surface details. The navigation method proposed in this paper allows UAVs to perform automatic inspection without GPS, and the collected image data is used to build a tunnel panorama view. ? 2023, The Author(s), under exclusive license to Springer Nature Switzerland AG.",include,high,"[""I1"", ""I2"", ""I3"", ""I4"", ""I5"", ""I6""]","UAV platform with primary GNSS-denied navigation contribution and quantitative results.",INCLUDE,I2
267,REC_1463,REC_1463.pdf,"Decentralised Multi-UAV Cooperative Searching Multi-Target in Cluttered and GPS-Denied Environments","Zhu X.; Vanegas F.; Gonzalez F.",2022,,10.1109/AERO53065.2022.9843665,Scopus,"In recent years, the use of multi-unmanned aerial vehicles (UAVs) systems in outdoor GPS enabled environments has increased significantly. Their use in GPS-denied environments, however, is still a complex task. Examples of such environments include search and rescue inside buildings or collapsed building scenarios, urban or natural canyons, in which the GPS signal is limited or blocked. In order to provide a possible solution for these applications, this paper presents a multi-UAV system that can be utilised for a team of UAVs to autonomously navigate, search and detect multiple targets in a cluttered and GPS-denied environment. The multi-UAV system uses a decentralised framework based on Decentralised Partially Observable Markov Decision Processes (Dec-POMDP) to formulate the decision-making process considering uncertainties in the environments and sensing. This system was designed for a mission that needs to cooperate efficiently to search and find multiple targets, without knowing possible locations, by sharing limited vital observations through WiFi connection. The system was tested in several cluttered and GPS-denied environments simulated in Gazebo and ROS interface. The environments were populated with different numbers and types of obstacles, several targets, a team of UAVs and boundaries. After comparing three different searching strategies, the results show that the system is capable of cooperatively searching and finding multiple targets in an effective approach while without having a collision in a complex environment. The multi-UAV system is robust to uncertainties in target exploration and localisation, enabling the use of multiple UAVs to enhance critical missions for challenging scenarios such as search and rescue or exploration and disaster management and assessment. ? 2022 IEEE.",include,high,"[""I1"", ""I2"", ""I3"", ""I4"", ""I5"", ""I6""]","UAV platform with primary GNSS-denied navigation contribution and quantitative results.",INCLUDE,I2
268,REC_1474,REC_1474.pdf,"Robust UAV-Satellite Imagery Alignment via Cross-Domain Descriptor Learning and Homography Optimization","Xiao Y.; Wu Y.; Yang C.; Qin Z.; Yu Z.; Zheng H.",2026,,10.1109/TGRS.2026.3689254,Scopus,"Localization methods that leverage satellite maps and their associated geospatial information are critical for uncrewed aerial vehicles (UAVs) executing time-sensitive missions in global navigation satellite system (GNSS)-denied environments. UAV and satellite images exhibit substantial cross-domain differences, including appearance variations caused by temporal changes and geometric discrepancies between perspective imaging and orthorectification. However, existing methods in the UAV-satellite setting often lack effective supervision for local feature matching, which limits the cross-domain adaptation capability of feature matching models. Existing datasets also provide limited support for rigorous fine-grained registration evaluation. To address these issues, we present Co-Lo, a calibrated UAV-satellite dataset. During dataset construction, dense matching is combined with sparse keypoints to obtain reliable keypoint correspondences. An initial calibration procedure is then used to derive accurate ground-truth homography matrices for evaluation. Based on these supervisory signals, we validate the effectiveness of the proposed weakly supervised cross-domain adaptation strategy. In addition, a dual evaluation protocol is designed to decouple algorithm robustness (across texture variations) from sequence stability (along flight trajectories). Compared with representative sparse-matching and semi-dense-matching baselines, the adapted models show improved robustness in cross-domain matching. In texture-sparse scenes, they also yield relatively stable continuous localization performance.  ? 1980-2012 IEEE.",include,high,"[""I1"", ""I2"", ""I3"", ""I4"", ""I5"", ""I6""]","UAV platform with primary GNSS-denied navigation contribution and quantitative results.",INCLUDE,I2
269,REC_1480,REC_1480.pdf,"Pose estimation for an autonomous vehicle using monocular vision","Kothari N.; Gupta M.; Vachhani L.; Arya H.",2017,,10.1109/INDIANCC.2017.7846512,Scopus,"Vision-based pose estimation is particularly important for small sized mobile robots and aerial vehicles that have limited payload constraints. Accurate localization is of importance for any autonomous vehicle, especially in indoor and GPS-denied (Global Positioning System) environment. The aim of this work is to provide a solution for the pose estimation of an autonomous vehicle using monocular vision alone so that even a small-size vehicle can perform pose estimation without the help of additional sensors. Unlike Visual Odometry which operates on a sequence of images to estimate robot's motion, the proposed method estimates the robot's pose using individual images by constantly tracking four fixed feature points in a rectangular pattern, whose positions are known a priori. Also, unlike Monocular Visual Odometry which suffers from scale ambiguity problem, the proposed algorithm can estimate the pose of the vehicle and can be applied to both planar robots (3-DoF) as well as aerial vehicles (6-DoF). The proposed method has been validated by implementing on a Raspberry Pi2 model B and a RPi camera. Simulation results of controlling a differential drive robot using the proposed pose estimation method are also presented. ? 2017 IEEE.",include,high,"[""I1"", ""I2"", ""I3"", ""I4"", ""I5"", ""I6""]","UAV platform with primary GNSS-denied navigation contribution and quantitative results.",INCLUDE,I2
270,REC_1502,REC_1502.pdf,"A UAV-based explore-then-exploit system for autonomous indoor facility inspection and scene reconstruction","Gao C.; Wang X.; Wang R.; Zhao Z.; Zhai Y.; Chen X.; Chen B.M.",2023,,10.1016/j.autcon.2023.104753,Scopus,"Traditional indoor facility inspections on pipelines and boilers are conducted manually and can be logistically challenging, labor-intensive, costly, and dangerous for the inspectors. With the maturity of unmanned technology, the unmanned aerial vehicle (UAV) is becoming a promising alternative to the problematic manual inspection. However, due to the lack of GPS signal indoor, the localization of UAVs is a big challenge to achieve fully autonomous inspection. Moreover, the narrow and complex indoor environment makes it difficult to guarantee flight safety. This paper presents a UAV-based explore-then-exploit system to tackle these problems for autonomous indoor facility data collection and scene reconstruction. The proposed system consists of a hardware description and integration of two UAVs, a two-step simultaneous localization and mapping (SLAM) method for UAV localization and 3D environmental mapping, a safety-guaranteed coverage path planning algorithm for inspection and data collection, as well as an obstacle-aware trajectory generation method. The proposed system is examined in GPS-denied and cluttered indoor environment and 3D scene reconstruction is conducted. The quantitative analysis shows that the positioning accuracy is centimeter-level and the reconstruction error is within 3 cm. The performance analysis demonstrates the robustness and feasibility of our system in reconstructing and inspecting complex indoor environments for high-efficiency and low-cost facility management. ? 2023 Elsevier B.V.",include,high,"[""I1"", ""I2"", ""I3"", ""I4"", ""I5"", ""I6""]","UAV platform with primary GNSS-denied navigation contribution and quantitative results.",INCLUDE,I2
271,REC_1512,REC_1512.pdf,"Hierarchical Multi-Agent Navigation Through the 72-h Thermal Drift Cliff","Alrashed M.; Aldaihani H.; Alqattan M.",2026,,10.3390/drones10080561,Scopus,"Long-endurance unmanned aerial vehicle (UAV) missions beyond 72 consecutive flighthours face a reliability boundary at which thermal gyroscope drift drives the inertialnavigation system (INS) position error into rapid nonlinear divergence at a predictablethreshold tc. This paper presents BAZ II, a simulation-validated multi-agent navigationsystem that extends the analytical BAZ (bifurcation-aware zonal navigation) framework.Its central idea is to treat communication quality as a planning resource and combine itwith multi-agent collaboration, making the navigation cliff a manageable degradationevent rather than a hard operating limit. Four contributions support this idea: a thermalhysteresisMEMS gyroscope drift model reproduces the analytical cliff in simulation andsupplies its physical mechanism; a distributed collaborative simultaneous localization andmapping (SLAM) filter coupled to a stochastic continuous-time Markov chain (CTMC) interagentchannel sustains GPS-denied localization within the operational accuracy budget;a 3D Gaussian process RF-aware model predictive controller (MPC) with cognitive radio frequency-hopping restores link availability under jamming, while an analytic hierarchyprocess (AHP)-weighted multi-objective communication cost improves latency and jitterat negligible signal-to-noise ratio cost; finally, the integrated controller executes withinthe onboard real-time budget of an NVIDIA Jetson Xavier NX. All results are obtained insimulation, with hardware-in-the-loop and field testing remaining as priority future work. ? 2026 by the authors.",include,high,"[""I1"", ""I2"", ""I3"", ""I4"", ""I5"", ""I6""]","UAV platform with primary GNSS-denied navigation contribution and quantitative results.",INCLUDE,I2
272,REC_1541,REC_1541.pdf,"Visual-Thermal Landmarks and Inertial Fusion for Navigation in Degraded Visual Environments","Khattak S.; Papachristos C.; Alexis K.",2019,,10.1109/AERO.2019.8741787,Scopus,"During the past decade, aerial robots have seen an unprecedented expansion in their utility as they take on more tasks which had typically been reserved for humans. With an ever widening domain of aerial robotic applications, including many mission critical tasks such as disaster response operations, search and rescue missions and infrastructure inspections taking place in GPS-denied environments, the need for reliable autonomous operation of aerial robots has become crucial. To accomplish their tasks, aerial robots operating in GPS-denied areas rely on a multitude of sensors to localize and navigate. Visible spectrum camera systems correspond to the most commonly used sensing modality due to their low cost and weight rendering them suitable for small aerial robots in indoor or broadly GPS-denied settings. However, in environments that are visually-degraded such as in conditions of poor illumination, low texture, or presence of obscurants including fog, smoke and dust, the reliability of visible light cameras deteriorates significantly. Nevertheless, maintaining reliable robot navigation in such conditions is essential if the robot is to perform many of the critical applications listed above. In contrast to visible light cameras, thermal cameras offer visibility in the infrared spectrum and can be used in a complementary manner with visible spectrum cameras for robot localization and navigation tasks, without paying the significant weight and power penalty typically associated with carrying other sensors such as 3D LiDARs or a RADAR. Exploiting this fact, in this work we present a multi-sensor fusion algorithm for reliable odometry estimation in GPS-denied and degraded visual environments. The proposed method utilizes information from both the visible and thermal spectra for landmark selection and prioritizes feature extraction from informative image regions based on a metric over spatial entropy. Furthermore, inertial sensing cues are integrated to improve the robustness of the odometry estimation process. The proposed method works in real-time, fully on-board an aerial robot. To verify our solution, a set of challenging experiments were conducted inside a) an obscurant-filed machine shop-like industrial environment, as well as b) a dark subterranean mine in the presence of heavy airborne dust. ? 2019 IEEE.",include,high,"[""I1"", ""I2"", ""I3"", ""I4"", ""I5"", ""I6""]","UAV platform with primary GNSS-denied navigation contribution and quantitative results.",INCLUDE,I2
273,REC_1557,REC_1557.pdf,"Model-Based Cooperative Navigation for a Group of Flying Robots","Faghihinia A.; Atashgah M.A.A.; Dehghan S.M.M.",2022,,10.1109/TAES.2021.3136247,Scopus,"In this article, a model-based cooperative navigation system for a group of quadrotors, while no absolute position data is accessible, is proposed. The growth of position errors in a GNSS-denied condition is such that the navigation methods are not reliable. In the proposed method, instead of the conventional inertial navigation equations, a different dynamic equation based on drag forces is used. Together with the relative position measurements between agents, the acceleration measurements on the plane of the rotors of at least one of the agents are also used in the observation process. For evaluation of the proposed method, an algorithm-in-loop 6DOF simulation environment is developed. The results illustrate that the growth rate of navigation errors is significantly reduced; 97% in the horizontal plane and 40% in the vertical one. In short, integrating the proposed model-based and cooperative navigation methods is more effective than using each of them separately.  ? 1965-2011 IEEE.",include,high,"[""I1"", ""I2"", ""I3"", ""I4"", ""I5"", ""I6""]","UAV platform with primary GNSS-denied navigation contribution and quantitative results.",INCLUDE,I2
274,REC_1561,REC_1561.pdf,"Characterization of mountain drainage patterns for GPS-denied UAS navigation augmentation","Wang T.; Celik K.; Somani A.K.",2016,,10.1007/s00138-015-0723-9,Scopus,"We present a novel approach to use mountain drainage patterns for GPS-denied navigation of small unmanned aerial systems, such as the ScanEagle, utilizing a down-looking fixed focus monocular imager. Our proposal allows for extension of GPS-denied missions in mountain areas, with no assumption of human-made geographic objects. We leverage the analogy between mountain drainage patterns, human aeteriograms, and human fingerprints, to match local drainage patterns to parallax occlusion maps of geo-registered radar returns (GRRR). The GRRR data may be loaded on-board the aircraft pre-mission to avoid the need for a scanning aperture radar during the mission. For recognition purpose, we represent a given mountain area with a set of spatially distributed mountain minutiae, i.e., details found in the drainage patterns, so that conventional minutiae-based fingerprint matching approaches can be used to match real-time camera images against template images in the training set. We use medical arteriography processing technique to extract the patterns. The minutiae-based representation of mountains is achieved by first exposing mountain ridges and valleys with a series of filters and then extracting mountain minutiae from these ridges/valleys. Our results are experimentally validated on actual terrain data and show the effectiveness of minutiae-based mountain representation method. ? 2015, Springer-Verlag Berlin Heidelberg.",include,high,"[""I1"", ""I2"", ""I3"", ""I4"", ""I5"", ""I6""]","UAV platform with primary GNSS-denied navigation contribution and quantitative results.",INCLUDE,I2
275,REC_1564,REC_1564.pdf,"Ultra-wideband based cooperative relative localization algorithm and experiments for multiple unmanned aerial vehicles in GPS denied environments","Guo K.; Qiu Z.; Meng W.; Xie L.; Teo R.",2017,,10.1177/1756829317695564,Scopus,"This article puts forward an indirect cooperative relative localization method to estimate the position of unmanned aerial vehicles (UAVs) relative to their neighbors based solely on distance and self-displacement measurements in GPS denied environments. Our method consists of two stages. Initially, assuming no knowledge about its own and neighbors? states and limited by the environment or task constraints, each unmanned aerial vehicle (UAV) solves an active 2D relative localization problem to obtain an estimate of its initial position relative to a static hovering quadcopter (a.k.a. beacon), which is subsequently refined by the extended Kalman filter to account for the noise in distance and displacement measurements. Starting with the refined initial relative localization guess, the second stage generalizes the extended Kalman filter strategy to the case where all unmanned aerial vehicles (UAV) move simultaneously. In this stage, each unmanned aerial vehicle (UAV) carries out cooperative localization through the inter-unmanned aerial vehicle distance given by ultra-wideband and exchanging the self-displacements of neighboring unmanned aerial vehicles (UAV). Extensive simulations and flight experiments are presented to corroborate the effectiveness of our proposed relative localization initialization strategy and algorithm. ? 2017, ? The Author(s) 2017.",include,high,"[""I1"", ""I2"", ""I3"", ""I4"", ""I5"", ""I6""]","UAV platform with primary GNSS-denied navigation contribution and quantitative results.",INCLUDE,I2
276,REC_1573,REC_1573.pdf,"Visual-based localization methods for unmanned aerial vehicles in landing operation on maritime vessel","Nguyen T.-T.; Hamesse C.; Dutrannois T.; Halleux T.; De Cubber G.; Haelterman R.; Janssens B.",2024,,10.21014/actaimeko.v13i4.1575,Scopus,"Unmanned Aerial Vehicles (UAVs) have become increasingly important in maritime operations. However, accurate localization of these UAVs in maritime environments especially during landing operation on maritime vessels remains a challenge, particularly in GNSS denied areas. This paper proposes two visual-based localization methods for UAVs during two different phases of landing operating on maritime vessels. The first method is used for estimating the UAV's position with respect to the vessel during the approach phase. It involves a visual UAV detection and tracking approach using the YOLO detector and OceanPlus tracker trained on a custom dataset. The UAV's position with respect to the vessel is estimated using stereo triangulation. The proposed method achieves accurate positioning with errors below 10cm during landing phases in a simulated environment. The second method is used for final landing phase. We utilize a visual Simultaneous Localization and Mapping (SLAM) algorithm, ORB-SLAM3, for real-time motion estimation of a UAV with respect to its confined landing area on a maritime platform. ORB-SLAM3 was benchmarked against multiple state-of-the-art visual SLAM and Visual Odometry (VO) algorithms and evaluated for a simulated landing scenario of a UAV at 16m height with a downward camera. The results demonstrated sufficient speed and accuracy for the landing task. These methods provide a promising solution for precise and reliable localization of UAV in different phases of the landing operation on maritime vessel, especially in GNSS denied environments. Dataset and source codes can be accessed from: https://gitlab.cylab.be/t.nguyen/uav-visual-localization. ? 2024 International Measurement Confederation (IMEKO). All rights reserved.",include,high,"[""I1"", ""I2"", ""I3"", ""I4"", ""I5"", ""I6""]","UAV platform with primary GNSS-denied navigation contribution and quantitative results.",INCLUDE,I2
277,REC_1576,REC_1576.pdf,"Autonomous dynamic docking of UAV based on UWB-vision in GPS-denied environment","Cheng C.; Li X.; Xie L.; Li L.",2022,,10.1016/j.jfranklin.2022.03.005,Scopus,"This paper studies the autonomous docking between an Unmanned Aerial Vehicle (UAV) and a Mobile Platform (MP) based on UWB and vision sensors. To solve this problem, an integrated estimation and control scheme is proposed, which is divided into three phases: hovering, approaching and landing. In the hovering phase, the velocity of the MP and relative position between the MP and UAV are estimated by using geometric tools and Cayley-Menger determinant based on ultra-wideband distance measurements; in the approaching phase, a recursive least squares optimization algorithm with a forgetting factor is proposed, which uses distance, displacement and MP's velocity to estimate the relative position between the UAV and MP. With the estimated relative position, UAV can approach MP until reaching a distance such that MP is within the field of view of UAV; in the landing phase, the UWB measurement value and visual perception attitude are integrated with the UAV on-board navigation sensor of the UAV to perform the precision landing. Simulation and experiment results verify the effectiveness and feasibility of the proposed integrated navigation scheme. ? 2022 The Franklin Institute",include,high,"[""I1"", ""I2"", ""I3"", ""I4"", ""I5"", ""I6""]","UAV platform with primary GNSS-denied navigation contribution and quantitative results.",INCLUDE,I2
278,REC_1582,REC_1582.pdf,"Overview of Mutual Localization Techniques Between Unmanned Aerial Vehicles in Swarm","Czaja B.; Ma?lanka K.; Skokowski P.; Kelner J.",2025,,10.12716/1001.19.01.37,Scopus,"The market for unmanned aerial vehicles (UAVs), along with their associated applications and services, has been developing at a rapid pace in recent years. One of the key emerging trends is the use of UAV swarms, which enable the execution of complex tasks more efficiently than single platforms. Effective control of such a swarm, whether by a human operator or autonomously, requires maintaining safe distances between individual UAVs. This, in turn, necessitates precise navigation and mutual localization within the swarm, posing both technical and operational challenges. This paper presents a comprehensive review of recent advancements in relative localization techniques within UAV swarms. With the increasing interest in UAV swarm applications for tasks such as search and rescue, surveillance, and delivery, accurate and reliable localization methods have become critical for maintaining formation and avoiding collisions. The paper categorizes localization approaches into cooperative methods and autonomous sensing and further classifies them by the type of sensor used: optical, radio frequency, and acoustic. For each category, representative technologies, and algorithms, such as ultra-wideband (UWB), received signal strength indication (RSSI), angle of arrival (AOA), multidimensional scaling (MDS), and convolutional neural network (CNN)-based vision systems, are discussed, along with their strengths, limitations, and suitability for Global Positioning System (GPS)-denied environments. The paper concludes with an identification of current research gaps, including the challenges of sensor array integration on UAV platforms and the influence of environmental interference on localization accuracy. ? 2025, Faculty of Navigation, Gdynia Maritime University. All rights reserved.",include,high,"[""I1"", ""I2"", ""I3"", ""I4"", ""I5"", ""I6""]","UAV platform with primary GNSS-denied navigation contribution and quantitative results.",INCLUDE,I2
279,REC_1587,REC_1587.pdf,"Landmark-Based Scale Estimation and Correction of Visual Inertial Odometry for VTOL UAVs in a GPS-Denied Environment","Lee J.-C.; Chen C.-C.; Shen C.-T.; Lai Y.-C.",2022,,10.3390/s22249654,Scopus,"With the rapid development of technology, unmanned aerial vehicles (UAVs) have become more popular and are applied in many areas. However, there are some environments where the Global Positioning System (GPS) is unavailable or has the problem of GPS signal outages, such as indoor and bridge inspections. Visual inertial odometry (VIO) is a popular research solution for non-GPS navigation. However, VIO has problems of scale errors and long-term drift. This study proposes a method to correct the position errors of VIO without the help of GPS information for vertical takeoff and landing (VTOL) UAVs. In the initial process, artificial landmarks are utilized to improve the positioning results of VIO by the known landmark information. The position of the UAV is estimated by VIO. Then, the accurate position is estimated by the extended Kalman filter (EKF) with the known landmark, which is used to obtain the scale correction using the least squares method. The Inertial Measurement Unit (IMU) data are used for integration in the time-update process. The EKF can be updated with two measurements. One is the visual odometry (VO) estimated directly by a landmark. The other is the VIO with scale correction. When the landmark is detected during takeoff phase, or the UAV is returning to the takeoff location during landing phase, the trajectory estimated by the landmark is used to update the scale correction. At the beginning of the experiments, preliminary verification was conducted on the ground. A self-developed UAV equipped with a visual?inertial sensor to collect data and a high-precision real time kinematic (RTK) to verify trajectory are applied to flight tests. The experimental results show that the method proposed in this research effectively solves the problems of scale and the long-term drift of VIO. ? 2022 by the authors.",include,high,"[""I1"", ""I2"", ""I3"", ""I4"", ""I5"", ""I6""]","UAV platform with primary GNSS-denied navigation contribution and quantitative results.",INCLUDE,I2
280,REC_1608,REC_1608.pdf,"Long-term aerial robot localization based on visual odometry and radio-based ranging","Perez-Grau F.J.; Fabresse F.R.; Caballero F.; Viguria A.; Ollero A.",2016,,10.1109/ICUAS.2016.7502653,Scopus,"Visual odometry approaches have demonstrated to work very well for localization in GPS-denied areas, however they could quickly diverge depending on the environment. In order to achieve reliable long-term localization, it is a good practice to complement vision-based estimations with an additional source of information able to correct odometry drifts. This paper presents an approach that complements stereo visual odometry with distance measurements from several radio beacons located in an indoor scenario. The computational efficiency of the whole processing pipeline allows for real-time and bounded drift localization. Field experiments have been conducted using an indoor testbed with a very accurate tracking system in order to validate the algorithms. ? 2016 IEEE.",include,high,"[""I1"", ""I2"", ""I3"", ""I4"", ""I5"", ""I6""]","UAV platform with primary GNSS-denied navigation contribution and quantitative results.",INCLUDE,I2
281,REC_1612,REC_1612.pdf,"Visual GPS-denied multi-agent localization & terrain classification","Chiel B.S.; Baillieul J.",2018,,10.1109/AERO.2018.8396392,Scopus,"This paper furthers the state of the art of visual localization by harnessing recently developed scene recognition and understanding machine learning (ML) algorithms to rethink how vision can be used for navigation, particularly when combined with a realistic, minimalist, and robust multi-agent approach. The focus on visual navigation comes as GPS is increasingly unreliable (jammed, spoofed, or disabled), or unavailable (indoor, or extraterrestrial environments). GPS denial/unreliability is an area of active research in general, with unmanned parafoil systems being one UAV application. The landing locations for parafoil systems must be pre-programmed manually with global coordinates, which may be inaccurate or outdated, and offer no in-flight adaptability. This paper will introduce a novel and minimalist approach to visual navigation and multi-agent communication using semantic machine learning classification and geometric constraints. This approach enables localization and landing site identification for multiple communicating UAV systems deployed in GPS-denied environments. This is a capability extending beyond singleagent localization, as well as a novel landing site classification approach. A mathematical foundation using information theory provides the technical grounding for the algorithms presented, and simulation results demonstrate how multiple agents using the proposed algorithms make a significant improvement in localization accuracy and speed over a single agent. Desirable landing sites for UAVs generally, and autonomous parafoils in particular, constitute locations where payload survivability and accessibility are greatest. An on-board semantic representation and understanding of the operating environment will allow systems to automatically detect and classify these desirable and undesirable landing sites, enabling successful landing in a much larger class of scenarios than currently possible, in addition to a fail-safe capability when localization is not feasible. This paper will further introduce an algorithm enabling multiple agents to reproduce this classification of their environment on-line better and more rapidly than a single agent working alone, demonstrating the advantage of multiple agents in this context as well. This has applications to general UAV landing, whether powered or unpowered, on Earth or in extra-terrestrial environments. ? 2018 IEEE.",include,high,"[""I1"", ""I2"", ""I3"", ""I4"", ""I5"", ""I6""]","UAV platform with primary GNSS-denied navigation contribution and quantitative results.",INCLUDE,I2
282,REC_1619,REC_1619.pdf,"Robust Autonomous Flight in Constrained and Visually Degraded Shipboard Environments","Fang Z.; Yang S.; Jain S.; Dubey G.; Roth S.; Maeta S.; Nuske S.; Zhang Y.; Scherer S.",2017,,10.1002/rob.21670,Scopus,"This paper addresses the problem of autonomous navigation of a micro aerial vehicle (MAV) for inspection and damage assessment inside a constrained shipboard environment, which might be perilous or inaccessible for humans, especially in emergency scenarios. The environment is GPS-denied and visually degraded, containing narrow passageways, doorways, and small objects protruding from the wall. This causes existing two-dimensional LIDAR, vision, or mechanical bumper-based autonomous navigation solutions to fail. To realize autonomous navigation in such challenging environments, we first propose a robust state estimation method that fuses estimates from a real-time odometry estimation algorithm and a particle filtering localization algorithm with other sensor information in a two-layer fusion framework. Then, an online motion-planning algorithm that combines trajectory optimization with a receding horizon control framework is proposed for fast obstacle avoidance. All the computations are done in real time on the onboard computer. We validate the system by running experiments under different environmental conditions in both laboratory and practical shipboard environments. The field experiment results of over 10 runs show that our vehicle can robustly navigate 20-m-long and only 1-m-wide corridors and go through a very narrow doorway (66-cm width, only 4-cm clearance on each side) autonomously even when it is completely dark or full of light smoke. These experiments show that despite the challenges associated with flying robustly in challenging shipboard environments, it is possible to use a MAV to autonomously fly into a confined shipboard environment to rapidly gather situational information to guide firefighting and rescue efforts. ? 2016 Wiley Periodicals, Inc.",include,high,"[""I1"", ""I2"", ""I3"", ""I4"", ""I5"", ""I6""]","UAV platform with primary GNSS-denied navigation contribution and quantitative results.",INCLUDE,I2
283,REC_1637,REC_1637.pdf,"Virtual testbed for monocular visual navigation of small unmanned aircraft systems","Kim K.; Leishman R.C.; Nykl S.L.",2022,,10.1177/1548512920954545,Scopus,"Monocular visual navigation methods have seen significant advances in the last decade, recently producing several real-time solutions for autonomously navigating small unmanned aircraft systems without relying on the Global Positioning System (GPS). This is critical for military operations that may involve environments where GPS signals are degraded or denied. However, testing and comparing visual navigation algorithms remains a challenge since visual data is expensive to gather. Conducting flight tests in a virtual environment is an attractive solution prior to committing to outdoor testing. This work presents a virtual testbed for conducting simulated flight tests over real-world terrain and analyzing the real-time performance of visual navigation algorithms at 31 Hz. This tool was created to ultimately find a visual odometry algorithm appropriate for further GPS-denied navigation research on fixed-wing aircraft, even though all of the algorithms were designed for other modalities. This testbed was used to evaluate three current state-of-the-art, open-source monocular visual odometry algorithms on a fixed-wing platform: Direct Sparse Odometry, Semi-Direct Visual Odometry, and ORB-SLAM2 (with loop closures disabled). ? The Author(s) 2020.",include,high,"[""I1"", ""I2"", ""I3"", ""I4"", ""I5"", ""I6""]","UAV platform with primary GNSS-denied navigation contribution and quantitative results.",INCLUDE,I2
284,REC_1640,REC_1640.pdf,"Automatic landing of a low-cost quadrotor using monocular vision and Kalman filter in GPS-denied environments","Sani M.F.; Shoaran M.; Karimian G.",2019,,10.3906/elk-1809-204,Scopus,"Unmanned aerial vehicles are becoming an important part of the modern life. Despite some recent advances in GPS-aided navigation of quadrotors, the concern of crash and collision still overshadows their reliability and safety, especially in GPS-denied environments. Therefore, the necessity for developing fully automatic methods for safe, accurate, and independent landing of drones increases over time. This paper investigates the autolanding process by focusing on an accurate and continuous position estimation of the drone using a monocular vision system and the fusion with the inertial measurement unit and ultrasonic sensors? data. An ARUCO marker is used as the landing pad, and the information is processed in the ground station through a real-time Wi-Fi link. In order to overcome the closed loop instability caused by the communication and localization delays, we propose a method called?movement slicing method?. This method divides the moves around the marker into moving and waiting slices and makes the landing process not only more accurate but also faster. Experimental results show a successful landing of the UAV on a predefined location, while it is accurately aligned with the marker using the proposed method. ? T?B?TAK",include,high,"[""I1"", ""I2"", ""I3"", ""I4"", ""I5"", ""I6""]","UAV platform with primary GNSS-denied navigation contribution and quantitative results.",INCLUDE,I2
285,REC_1642,REC_1642.pdf,"UAV based target finding and tracking in GPS-denied and cluttered environments","Vanegas F.; Campbell D.; Eich M.; Gonzalez F.",2016,,10.1109/IROS.2016.7759360,Scopus,"In this paper we describe and flight test a novel system architecture for low cost muti-rotor unmanned aerial vehicles (UAVs) for searching, tracking and following a ground target. The UAV uses only on-board sensors for localisation within a GPS-denied space with obstacles. This mission is formulated as a Partially Observable Markov Decision Process (POMDP) and uses a modular framework that runs on the Robotic Operating System (ROS). This system computes a policy for executing actions instead of way-points to navigate and avoid obstacles. Results indicate that the system is robust to overcome uncertainties in localisation of both, the aircraft and the target and avoids collisions with the obstacles. ? 2016 IEEE.",include,high,"[""I1"", ""I2"", ""I3"", ""I4"", ""I5"", ""I6""]","UAV platform with primary GNSS-denied navigation contribution and quantitative results.",INCLUDE,I2
286,REC_1653,REC_1653.pdf,"A Novel Scene Matching Algorithm via Deep Learning for Vision-based UAV Absolute Localization","Ren Y.; Wang Z.",2022,,10.1109/MLCCIM55934.2022.00043,Scopus,"Almost all military systems and combat platforms rely on GNSS to achieve military missions. However, they are facing more and more intensive jamming and spoofing attacks. Due to the rapid development of computer vision technology and vision sensor, visual navigation and localization technology have gradually revealed their advantages to solve this kind of problem. In this paper, a new framework of visual localization under a GNSS-denied environment is proposed. Firstly, a novel image preprocessing method based on information entropy and granular segmentation is presented which can significantly filtrate the Google tiles in the georeferenced area to parsimony set to reduce UAV localization time. Secondly, we introduce an end-to-end image matching method based on convolutional neural network and image preprocessing to realize UAV localization which has strong robustness and localization accuracy. Finally, the proposed localization algorithm achieves experimental performance on the real images captured by DJI Phantom 3 drone. The good accuracy and fast execution time shown by experiments indicate that the proposed localization algorithm can serve as a powerful tool to keep the UAVs working continuously in the face of intensive jamming and spoofing attacks.  ? 2022 IEEE.",include,high,"[""I1"", ""I2"", ""I3"", ""I4"", ""I5"", ""I6""]","UAV platform with primary GNSS-denied navigation contribution and quantitative results.",INCLUDE,I2
287,REC_1660,REC_1660.pdf,"A Novel Ranging and IMU-Based Method for Relative Positioning of Two-MAV Formation in GNSS-Denied Environments","Cheng J.; Ren P.; Deng T.",2023,,10.3390/s23094366,Scopus,"Global Navigation Satellite Systems (GNSS) with weak anti-jamming capability are vulnerable to intentional or unintentional interference, resulting in difficulty providing continuous, reliable, and accurate positioning information in complex environments. Especially in GNSS-denied environments, relying solely on the onboard Inertial Measurement Unit (IMU) of the Micro Aerial Vehicles (MAVs) for positioning is not practical. In this paper, we propose a novel cooperative relative positioning method for MAVs in GNSS-denied scenarios. Specifically, the system model framework is first constructed, and then the Extended Kalman Filter (EKF) algorithm, which is introduced for its ability to handle nonlinear systems, is employed to fuse inter-vehicle ranging and onboard IMU information, achieving joint position estimation of the MAVs. The proposed method mainly addresses the problem of error accumulation in the IMU and exhibits high accuracy and robustness. Additionally, the method is capable of achieving relative positioning without requiring an accurate reference anchor. The system observability conditions are theoretically derived, which means the system positioning accuracy can be guaranteed when the system satisfies the observability conditions. The results further demonstrate the validity of the system observability conditions and investigate the impact of varying ranging errors on the positioning accuracy and stability. The proposed method achieves a positioning accuracy of approximately 0.55 m, which is about 3.89 times higher than that of an existing positioning method. ? 2023 by the authors.",include,high,"[""I1"", ""I2"", ""I3"", ""I4"", ""I5"", ""I6""]","UAV platform with primary GNSS-denied navigation contribution and quantitative results.",INCLUDE,I2
288,REC_1667,REC_1667.pdf,"Autonomous Mapping and Navigation Unit for Aerial Robots","Baiao J.; Prado D.; Soares L.; Soares G.; Vangasse A.; Cruz G.; Lima R.; Pimenta L.; Goncalves V.; Freitas G.",2025,,10.1109/ICAR65334.2025.11338655,Scopus,"This paper presents an Autonomous Mapping and Navigation Unit (AM&NU) for multirotor platforms operating without GNSS. The unit combines a Livox Mid-360 LiDAR and an Intel RealSense D435i camera, both with internal IMU, connected to the embedded computer a Jetson Orin NX 16GB. A LiDAR-inertial SLAM module (FAST-LIO2) provides a six-degree-of-freedom pose and an incremental point-cloud map. The map is forwarded to a planner that interpolates user-defined waypoints with cubic Hermite spline segments, producing a smooth reference path. An artificial vector-field controller evaluates the current pose with respect to the path and computes body-frame velocity commands; a multirotor control law converts these commands into thrust and angular-rate inputs. The full pipeline was implemented in ROS2 and validated in simulation. Data collected during outdoor flights were processed offline to verify localization and mapping consistency. The results confirm the feasibility of using the proposed unit for autonomous navigation in GNSS-denied environments. ? 2025 IEEE.",include,high,"[""I1"", ""I2"", ""I3"", ""I4"", ""I5"", ""I6""]","UAV platform with primary GNSS-denied navigation contribution and quantitative results.",INCLUDE,I2
289,REC_1678,REC_1678.pdf,"Position and Orientation from Asynchronous Lidar in GNSS Denied Environments","Glennie C.; Haces-Garcia F.",2026,,10.5194/isprs-annals-XI-1-2026-151-2026,Scopus,"This study investigates the use of a distributed asynchronous lidar system for augmented position and orientation determination in Global Navigation Satellite Systems (GNSS) denied environments. An asynchronous lidar design is one in which the laser transmitter and detectors/receivers are disconnected and carried on separate platforms. This unique geometry offers observational redundancy that can be used to estimate the trajectory of the receiver platforms. The paper presents the results of simulation experiments, first examining single epoch solutions and then considers estimates of position and orientation along simulated flight trajectories. The results show that as long as the laser transmitter is operated above the GNSS denied environment, the system is able to simultaneously estimate position and orientation for multiple receiver drones, even for extended periods of GNSS outages. The accuracy of position and orientation estimation is dependent on the exact flight path and the number of lidar receivers in the solution, but with favorable geometry the accuracy of position estimation can approach that provided by a high precision GNSS solution. Copyright ? 2026 Craig Glennie.",include,high,"[""I1"", ""I2"", ""I3"", ""I4"", ""I5"", ""I6""]","UAV platform with primary GNSS-denied navigation contribution and quantitative results.",INCLUDE,I2
290,REC_1688,REC_1688.pdf,"Pose estimation based on laser range finder for a quadrotor unmanned aerial vehicle in GPS-denied environment","X. Gu; B. Xian; F. Guo; Y. Zhang; X. Zhang",2013,,,IEEE_Xplore,"The feedback of position and attitude information are important for the autonomous control of a quadrotor unmanned aerial vehicle (UAV). But in the GPS-denied environments, it is hard to obtain the quadrotor UAV's position. The pose estimation problem for a quadrotor UAV is addressed in this paper. A miniature laser range finder and a miniature attitude heading reference system (AHRS) unit are employed as the main onboard sensors. And a new pose estimation algorithm is developed to provide accurate estimation for the UAV's position and attitude which can be utilized for the flight controller in the GPS-denied environments.",include,high,"[""I1"", ""I2"", ""I3"", ""I4"", ""I5"", ""I6""]","UAV platform with primary GNSS-denied navigation contribution and quantitative results.",EXCLUDE,E3
291,REC_1715,REC_1715.pdf,"Autonomous targeted flight of a rotary-wing micro aerial vehicle in indoor, GPS-denied environments","Potyagaylo S.; Rand O.",2014,,,Scopus,"This work focuses on targeted flight of Rotary- Wing Micro Aerial Vehicles (RW MAV) in in- door environments. In such missions, Global Po- sitioning System (GPS) signals may be unavail- Able and a map of the environment is unknown prior to the flight. Thus, the MAV should be able to estimate its position, build a map of the en- vironment, and plan an obstacle-free flight path towards the target, while taking into consider- Ation its maneuverability limitations. This pa- per presents a modular system that comprises re- quired components for these tasks. The proposed methodology relies on using a single laser range scanner. We present the components of the pro- posed system and algorithms, including a high level module for mission planning and decision making. The system was checked in different simulated environments under the realistic level of disturbances and system noise. The obtained results illustrate the effectiveness of the system for GPS-denied navigation of RW MAVs.",include,high,"[""I1"", ""I2"", ""I3"", ""I4"", ""I5"", ""I6""]","UAV platform with primary GNSS-denied navigation contribution and quantitative results.",INCLUDE,I2
