id,title,authors,year,venue,doi,country,problem,motivation,approach_summary,method_category,sensors,gps_denied_type,fusion_method,algorithm,dataset,platform,contribution_type,real_or_sim,baseline,headline_result,metrics,ablation,limitations,future_work,funding,notes,verification_status
REC_0001,BIM-Assisted UAV Topological Localization and Navigation Method for GPS-Denied Indoor Environments,"Hao Pan, Haowei Ye, Wei Zheng, Lv Zhou",2026,2026 6th International Conference on Control and Intelligent Robotics (ICCIR),10.1109/ICCIR70228.2026.11633308,"China (Nanchang Hangkong University, Jiangxi)","""However, reliable indoor UAV operation fundamentally depends on robust localization and navigation capabilities. Unlike outdoor environments, indoor scenarios typically suffer from unavailable or severely degraded Global Positioning System (GPS) signals"" [p.1].","""Existing indoor localization approaches mainly focus on recovering continuous metric coordinates and performing navigation on geometric maps[5]. Chen et al. [6] transformed BIM semantic and geometric information into a graph structure for UAV navigation, improving the interpretability of indoor path planning. However, the approach primarily focused on navigation planning and assumed that the UAV location was already known, failing to address localization ambiguity caused by repetitive corridors and visually similar rooms in GPS-denied indoor environments."" [p.1].","""The proposed framework transforms BIM into a lightweight semantic-topological graph and converts UAV image observations into candidate BIM node sets using spatial semantic recognition and OCR-based textual cues. A topology-aware recursive localization mechanism is then introduced, integrating BIM adjacency constraints and historical states to continuously infer the most probable topological node. Furthermore, semantic-cost A* path planning is employed to verify whether the estimated topological locations can effectively support indoor UAV navigation tasks."" [p.1]",HYBRID,"""The inputs of the proposed framework include the building BIM model and the image sequence captured by the onboard UAV camera"" [p.1]",INDOOR,NOT_REPORTED,BIM-assisted UAV topological localization and navigation framework,"""The dataset consisted of 721 indoor images, including 349 Corridor images, 319 Room images, and 53 Stair images, with an 8:2 training-testing split."" [p.3]","""The proposed framework was implemented in Python using PyTorch for image semantic classification and NetworkX for BIM topology construction and path planning. UAV perception input was simulated using monocular image sequences collected in a real university teaching-building environment containing repetitive corridors, room entrances, and staircase regions."" [p.3]",METHOD,BOTH,NO_BASELINE,"""Results demonstrate that the proposed framework achieves 95.95% localization coverage and 100% valid-frame node accuracy"" [p.1].

""TABLE 1 BIM TOPOLOGY-AWARE RECURSIVE LOCALIZATION RESULTS ... Total 74 14 57 71 3 95.95% 100.00%"" [p.4].","| metric | value + unit | baseline value | page |
| Localization Coverage | 95.95% | NO_BASELINE | p.4 |
| Valid-frame Node Accuracy | 100.00% | NO_BASELINE | p.4 |",NOT_REPORTED,"""The current experiment was conducted on a relatively small topology graph consisting of 16 nodes. Although the results demonstrate the feasibility and robustness of the proposed recursive topological inference mechanism, real-world smart-building applications may involve hundreds of interconnected nodes with more complex semantic ambiguities."" [p.4].","""Future work will compare it with representative visual localization methods, including feature-based approaches, visual SLAM, and deep-learning-based place recognition. The evaluation will consider localization accuracy, robustness, computational efficiency, and navigation consistency in GPS-denied indoor environments."" [p.4].","""Project: Early-Career Young Scientists and Technologists Project of Jiangxi Province (Grants No. 20244BCE52093), Jiangxi Provincial Department of Education Scientific and Technological Research Project (Grants No. GJJ2401011)."" [p.4]","The reference [6] appears twice in the abstract page as ""Chen et al."" but the reference list contains only one [6] entry. The OCR text references an unusual second ""Lv Zhou"" author with the same email as Hao Pan (71278@nchu.edu.cn), which may be an error in the source. In Table 1, the column header row appears concatenated in the extraction (""PathTotal FramesStrong Observation Frames...""), which is a rendering artifact of the table, not a paper error. Section 3 (Experimental Design) reports the framework is ""implemented in Python"" and uses ""simulated"" monocular image sequences, which conflicts with the abstract's claim of ""real university teaching-building environment"" experiments; the source describes simulated perception input with real images. This ambiguity is noted but not corrected.",VERIFIED
REC_0003,Autonomous Navigation in GPS-Denied Environments Using Visual SLAM,"Lucky Babu Jayswal, Samim Khadka, Anil Kumar Shah, Bibek Yonzan, Biman Rimal, Nawraj Bhattarai, David Chieng, Bikash Nakarmi",2025,NOT_REPORTED,10.1109/ICTP67998.2026.11485150,"Nepal (Tribhuvan University, IOE Pulchowk Campus)","""However, the reliance on GPS presents a significant obstacle to developing truly autonomous UAV capabilities, particularly in indoor or GPS-denied environments."" [p.1].","""The proposed method has great potential in a country like Nepal, where most of the terrain is outside the reach of the GPS signals and is prone to disasters."" [p.2].","""The proposed system integrates an Intel RealSense D435 depth camera, a Raspberry Pi 4B for onboard computation, a laser rangefinder for altitude measurement, and a Pixhawk 4 flight controller. The RTAB-Map SLAM is first tested in a simulation using ROS and Gazebo to ensure its robustness and further deployed in real-world experiments."" [p.1]",SLAM,"""an Intel RealSense D435 depth camera, a Raspberry Pi 4B for onboard computation, a laser rangefinder for altitude measurement, and a Pixhawk 4 flight controller"" [p.1]",INDOOR,NOT_REPORTED,RTAB-Map SLAM with A* and Regulated Pure Pursuit,"""TUM RGB-D dataset"" [p.2]","""The quadcopter was then integrated with an Intel RealSense D435, a VL53L1X rangefinder, a Pixhawk 4 flight computer, and a Raspberry Pi 4B onboard computer."" [p.3]",SYSTEM,BOTH,"""ORB-SLAM3 1.720 03:35 RTAB-Map 0.287 05:20 OpenVSLAM 0.392 03:26"" [p.2]","""the proposed scheme shows mean path error and mean altitude deviation of 0.094 ± 0.031 m and 0.027 ± 0.005 m respectively, across indoor environments"" [p.4].","| metric | value + unit | baseline value | page |
| Mean path error | 0.094 ± 0.031 m | NO_BASELINE | p.1 |
| Mean altitude deviation | 0.027 ± 0.005 m | NO_BASELINE | p.1 |
| RMSE Avg. (RTAB-Map) | 0.287 m | ORB-SLAM3 1.720 m; OpenVSLAM 0.392 m | p.2 |
| Mean Path Error (No Obstacle) | 0.07 m | NO_BASELINE | p.4 |
| Mean Path Error (Single Obstacle) | 0.13 m | NO_BASELINE | p.4 |
| Mean Path Error (Two-obstacle) | 0.09 m | NO_BASELINE | p.4 |
| Mean Path Error (Manufacturing Laboratory) | 0.12 m | NO_BASELINE | p.4 |
| Mean Path Error (Senior Classroom) | 0.06 m | NO_BASELINE | p.4 |",NOT_REPORTED,"""However, the quadcopter's capacity to carry out path planning and obstacle avoidance was only restricted to 2D due to hardware limitations."" [p.5].
""The mean altitude deviation is in between 4% to 7% for all cases which is due to the noise associated with laser range finder sensor."" [p.5].","""The future scope of this work focuses on improving the robustness and suitability of the quadcopter for real-world deployment by increasing both its computational power and operational range. Key improvements would be upgrading the onboard processing hardware for handling visual SLAM more efficiently and incorporating 3D path planning. Performance can also be optimized by shifting computationally intensive tasks to a ground station via wireless data transfer allowing offboard SLAM and path planning."" [p.5].","""The authors express their sincere gratitude to the Research Center of Low Altitude Economy (RCLAE) for their valuable support in facilitating the research activities presented in this paper."" [p.5]","Author email for Lucky Babu Jayswal reads ""077bas019. lucky@pcampus.edu.np"" with a space after the period, likely a typo in the source. The paper's abstract reports ""0.094 ± 0.031 m"" and ""0.027 ± 0.005 m"", but Table II lists per-environment values (0.070, 0.130, 0.090, 0.120, 0.060) whose mean is 0.094, consistent. The venue is not stated in the extracted text. The paper contains an unnumbered ""1"" at the top of page 5, a formatting artifact. Figure numbering repeats ""Fig. 6: 3D PCL Map of Virtual Environment"" twice on page 4, a source typo.",VERIFIED
REC_0006,A Multi-Sensor Fusion Framework for Unmanned Aerial Vehicle (UAV) Navigation and Inspection in GPS-Denied and Degraded Environments,"Vuppu Venkata Sai Viswa Kiran, Akkala Sainath Reddy, H. Vishal Sri Sai, Himabindu Allaka, R Prasanth Kumar",2025,NOT_REPORTED,10.1109/APSCON68325.2026.11497125,India (Indian Institute of Technology Hyderabad),"""Reliable autonomous navigation of Unmanned Aerial Vehicles (UAVs) in GPS-denied environments remains a significant challenge due to signal attenuation, spoofing, and jamming."" [p.1].","""Indoor environments such as warehouses, underground facilities, and dense urban areas suffer from severe GPS signal attenuation due to structural occlusions, while outdoor scenarios including forests and open terrains are vulnerable to GPS spoofing, jamming, and atmospheric disturbances. These conditions result in unreliable localization, motivating navigation solutions that do not rely solely on satellite-based positioning [1]."" [p.1].","""The proposed approach employs a dual-strategy navigation framework: (i) Visual Simultaneous Localization and Mapping (VSLAM) with 3D point cloud generation for structured indoor environments, and (ii) a VSLAM-based 2D digital twin representation for outdoor environments, integrating visual data with inertial and altitude measurements."" [p.1]",HYBRID,"""The ZED 2i stereo camera [11] serves as the primary sensing modality for visual-inertial odometry and 3D mapping."" [p.3]",MIXED,NOT_REPORTED,Multi-sensor fusion framework with VSLAM and 2D digital twin,NOT_REPORTED,"""A custom-built quadcopter platform, GATHI (GPS-denied Aerial Tracking and Homing Intelligence), shown in Fig. 1, was developed using a Holybro X500 V2 carbon-fiber frame."" [p.3]",SYSTEM,BOTH,NO_BASELINE,"""TABLEI SUMMARY OF SIL AND HIL NAVIGATION PERFORMANCE ... Simulated 100 m 3.95 cm 10 cm Real 50 m 4.10 cm 15 cm"" [p.4].","| metric | value + unit | baseline value | page |
| SIL mean deviation | 3.95 cm | NO_BASELINE | p.4 |
| SIL max deviation | 10 cm | NO_BASELINE | p.4 |
| HIL mean deviation | 4.10 cm | NO_BASELINE | p.4 |
| HIL max deviation | 15 cm | NO_BASELINE | p.4 |
| Spoofing position error increase | 0.5 m to 85.3 m within 3 s | NO_BASELINE | p.2 |
| Spoofing apparent displacement | ~1200 km within 10 s | NO_BASELINE | p.2 |
| Jamming satellite drop | 8 to 0 within 10 s | NO_BASELINE | p.2 |",NOT_REPORTED,"""Despite its effectiveness indoors, VSLAM-based navigation relying on dense 3D point clouds is computationally expensive and less suitable for large-scale outdoor environments, while also being sensitive to lighting variations and altitude changes [8], [10]."" [p.4].","""Future work will focus on developing a unified digital twin framework that integrates complementary sensing modalities, including thermal imaging and electromagnetic-wave-based sensors, to provide robust and lighting-independent navigation cues."" [p.4].",NOT_REPORTED,"The paper's reference list contains a duplicate entry: [7] and [9] are both ""S. Workman, R. Souvenir, and N. Jacobs, 'Wide-Area Image Geolocalization with Aerial Reference Imagery,' IEEE TPAMI, vol. 39, no. 9, pp. 1888-1900"" with slightly different year formatting, a source error. Page 2 begins with an artifact ""1terference"" (broken word ""interference""), an OCR/layout artifact. Equation numbering jumps: Eqs. (1)-(4) appear on pages 2-3. Table I lacks a space in ""TABLEI"", a source typo. The venue is not stated. Year 2025 inferred from reference [11] ""Accessed: Sep. 28, 2025""; this is an inference, not a printed publication year.",VERIFIED
REC_0008,A framework for UAV navigation and exploration in GPS-denied environments,"Fernando Vanegas Alvarez, Kevin Gaston, Jonathan Roberts, Felipe Gonzalez",2019,Proceedings of the 40th IEEE Aerospace Conference,10.1109/AERO.2019.8741612,Australia (Queensland University of Technology; first author affiliation),"""However, there exist challenging scenarios in which the UAV is required to fly under structures, such as bridges, within mines and buildings or below dense canopy, or in natural or urban canyons in which the GPS signal is partially or completely obstructed."" [p.2].","""The aim of this research is to combine the use of localisation algorithms such as SLAM [1], [2] and/or Visual Odometry (VO) [3], [4] with POMDP [5], [6] algorithms into a framework in which the navigation and exploration tasks are modelled as sequential decision problems under uncertainty."" [p.2].","""This paper presented a framework to formulate a UAV navigation and exploration mission in unknown GPS-denied environments as a sequential decision process under uncertainty using POMDP."" [p.5]",OTHER,"""Internal sensors such as IMU, GPS, compass, barometric pressure, optical flow and point lidar are used in this estimation."" [p.3]",MIXED,NOT_REPORTED,POMDP-based navigation and exploration framework,NOT_REPORTED,"""The framework is simulated using the simulation environment Gazebo, with a simulated 3DR iris UAV platform using a PX4 dronecode firmware."" [p.2]",METHOD,SIM,NO_BASELINE,NOT_REPORTED,NOT_REPORTED,NOT_REPORTED,NOT_REPORTED,"""Ongoing work focuses on implementation of the framework in a real scenario using an Intel aero drone equipped with a depth sensor. This implementation will use the same flight controller firmware and ROS environment but in addition, visual inertial odometry systems and SLAM algorithm will be tested."" [p.5].","""The authors thank the Australian Research Council and Queensland University of Technology for funding this project"" [p.6]","This is an author-accepted manuscript version; the cover page carries a copyright notice and a CC BY-NC 4.0 license, and notes it ""may not be the Version of Record."" The author list on the cover page is ""Fernando Vanegas Alvarez, Kevin Gaston, Jonathan Roberts, & Felipe Gonzalez (2019)""; the running text shows affiliations for Kevin J. Gaston (University of Exeter) and Felipe Gonzalez (QUT), and a mismatched email under Felipe Gonzalez's block listing ""jonathan.roberts@qut.edu.au"". The biography section repeats Kevin Gaston's name as ""Kevin Gaston"" and the document uses ""Vanegas"" and ""Vanegas Alvarez"" inconsistently; both preserved. The paper paginates the body from its own p.1, so citations use the printed page order of this manuscript (cover = unnumbered, then 1-7). Abstract is not present. Tables 1 (actions) and the reward parameters are included.",VERIFIED
REC_0010,Autonomous long-range navigation in GNSS-denied environment with low-cost UAV platform,"Andre Rossi Kuroswski, Neusa Maria Franco de Oliveira, Elcio Hideiti Shiguemori",2018,NOT_REPORTED,NOT_REPORTED,"Brazil (Instituto Tecnologico de Aeronautica, Sao Jose dos Campos)","""The capability of an Unmanned Aerial Vehicle to navigate in GNSS-denied environments is desired in many situations, especially in situation in which the GNSS signal is not trustable."" [p.1].","""The dependency of the GNSS signal to navigate is common because most inertial systems of aircrafts cannot guarantee a trustable positioning information during too much time, since the errors accumulate continuously, mainly for small and low cost systems[4]."" [p.1].","""The main task for the computer vision algorithm is to eliminate the errors cumulated in the flight path. To do this, a Landmark Recognition algorithm has been selected, that is able to estimate the current coordinate, matching previously loaded references with the current captured image [11]."" [p.2]",VISION_OBJECT,"""a Raspberry Pi [10] computer was selected as the processing unit aiming low-cost and flexibility"" [p.1]",GNSS_SPOOFED,NOT_REPORTED,Landmark Recognition-based long-range navigation,"""have available good quality satellite images"" [p.4]","""The model was a quadcopter based in [14] already integrated with the SITL."" [p.4]",METHOD,SIM,NO_BASELINE,"""considering all the flight, the average error was 5.75 meters, while, considering only the estimates based on identified landmarks, the average decreases to 3.77 meters"" [p.5].","| metric | value + unit | baseline value | page |
| Average error (whole flight) | 5.75 m | NO_BASELINE | p.5 |
| Average error (landmark-based estimates only) | 3.77 m | NO_BASELINE | p.5 |
| Maximum error (CP2-CP3 path) | 64.4 m | NO_BASELINE | p.5 |
| Flight length | 20.7 km | NO_BASELINE | p.4 |",NOT_REPORTED,"""However, since the current results are limited to the simulation and restricted to a specific scenario, some drawbacks may not be clear as, for example, the effects of weather conditions in the Landmark Recognition and in the proposed methods for UAV control."" [p.5].","""Therefore, the next step will be the evaluation of the system in a real flight, using the same platform, aiming to compare the results and identify possible restrictions for the proposed methods."" [p.5].",NOT_REPORTED,"The paper does not state a publication venue or year in the extracted text; the year 2018 is inferred only from reference access dates (""Accessed: 12-Jul-2017"", ""Accessed: 18-Oct-2017""), so 2018 is an estimate, not a printed value — treat the year field as uncertain. Several typos appear in the source: ""in situation in which"" [p.1], ""have being developed"" [p.1], ""The planed route"" [p.4], ""Aps work as reference"" [p.4], ""the error increased"" [p.5].",VERIFIED
REC_0013,Quantum-Enhanced Drone Swarm Localization in GPS-Denied Environment,Sai Krishna Thota,2025,NOT_REPORTED,10.1109/ICoECIT68303.2026.11497954,"USA (University of the Cumberlands, Williamsburg)","""The classical localization schemes fail in GPS-denied environments like the city canyons, indoor environments, dense woodland and intentional jamming, undermining swarm coordination and mission achievement [3], [4]."" [p.1].","""The autonomous swarms of drones have literally shaken the fences of the sphere of search and rescue operations, precision farming, and inspection of infrastructures. ... However, this is highly dependent on good real-time localization."" [p.1].","""Introduces a new quantum-enhanced localization system combining quantum-inspired optimization methods with multi-sensor fusion models in the field of swarm navigation in GPS-denied systems."" [p.1]",QUANTUM,"""Multi-modal inputs are drawn together with the sensing layer. That comprises UWB between [7], [14], visual-inertial odometry between [10], [11], as well as LiDAR between [20]."" [p.2]",MIXED,NOT_REPORTED,Quantum-Enhanced Localization System,NOT_REPORTED,"""We ran experiments on simulated groups of 10 drones."" [p.1]",METHOD,SIM,"""For baselines, we compared against stuff like the Extended Kalman Filter from [16], visual-SLAM in [8] and distributed optimization from [4], [6]."" [p.4]","""Take urban canyons. The mean error dropped to 0.8 meters there. That's a 65 per cent improvement over the EKF in [22]. Indoors, it got a 25 per cent boost compared to visual-SLAM from [11]. And in those mixed scenarios, things improved by 45 per cent against distributed optimization in [6]."" [p.4].","| metric | value + unit | baseline value | page |
| Mean position error (Urban Canyon) | 0.8 m | NO_BASELINE | p.4 |
| Improvement vs EKF (urban) | 65% | NO_BASELINE | p.4 |
| Improvement vs visual-SLAM (indoor) | 25% | NO_BASELINE | p.4 |
| Improvement vs distributed optimization (mixed) | 45% | NO_BASELINE | p.4 |
| Processing time reduction | 30% | NO_BASELINE | p.4 |
| Robustness under 30% sensor dropout | 15% degradation | Classical 40-60% drop | p.4 |
| Swarm coordination speedup | 2.3x | NO_BASELINE | p.5 |","""To assess the quality of a constellation ... For robustness, under 30 per cent sensor dropout, degradation was just 15 per cent. Classical methods, though, saw 40 to 60 per cent drops, like in [4], [16]."" [p.4].","""The main limitations come from sticking to simulated quantum algorithms [28], [35]. Plus, they haven't checked it under extreme conditions yet."" [p.5].","""For future stuff, hardware integration with actual quantum processors makes sense [35], [36]. They could do broader testing across different environments. More hybrid quantum-classical options would help too [28], [35]. And shifting over to real drone deployments in the field."" [p.5].",NOT_REPORTED,"This paper is written in an unusually informal register for a technical publication, with colloquial phrasing throughout (""you know"", ""stuff"", ""thing is"", ""They went with"", ""kinda""). Section II contains two subsections labeled ""A."" (one on Classical Drone Swarm Localization, one beginning ""A. Quantum Computing Applications in Navigation"" on p.2), a numbering error in the source. Reference [11] is cited in-text (p.2, p.4) for visual-SLAM but the reference list entry [11] corresponds to ""S. Krul et al., Visual SLAM for indoor livestock and farming..."" which does not match the in-text usage; the author appears to be citing by the group of references, and this mismatch is preserved. The in-text citations frequently do not correspond to the listed references (e.g., [8],[9],[11] cited as distributed SLAM setups, but [8] is a quantum sensing paper and [9] is Kimera-multi). These citation inconsistencies are source anomalies and are not corrected. Figures 1-5 are referenced; note Fig. 3 is labeled inconsistently (""Computational Load Distribution in Classical vs. Quantum-Enhanced Systems""). The paper claims ""cut localization error by 25-65 per cent"" in the intro and ""25 to 65 per cent"" in the conclusion, consistent.",VERIFIED
REC_0017,Development of Nano UAV Platform for Navigation in GPS-Denied Environment Using Snapdragon,"Yu Zhou, Geng Qin, Feng Lin",2018,NOT_REPORTED,NOT_REPORTED,"Singapore (National University of Singapore, Temasek Laboratories)","""Localization and navigation in an indoor environment using nano Unmanned Aerial Vehicles (UAV) always pose great challenges. Since Global Navigation Satellite System (GNSS) reference is unavailable, the UAV has to rely on its own onboard or external sensors to navigate."" [p.1].","""Although there are numerous potential applications, getting to understand the structure of the flight platform can be cumbersome and confusing. Packages and resources provided on the Qualcomm developer network (QCN) and their official GitHub group ATLFlight contain un-unified and disorderly chunks of information. In this paper, we present an organized documentation that presents in detail, the platform structure as a whole, from hardware to software architecture, including installation and API related applications."" [p.1].","""a visual-inertial system (VINS) consisting of a monocular camera and a low-cost inertial measurement unit (IMU) should be integrated, as they make a minimum, ultra lightweight sensor suite that enables both autonomous flight and sufficient environment awareness"" [p.1]",VIO,"""It also integrates most of the necessary sensors, which includes a barometric pressure sensor, GNSS, 9-Axis IMU Sensor, downward optical flow camera with resolution of 640480 and a 4K high resolution front camera."" [p.2]",INDOOR,NOT_REPORTED,Nano UAV platform with VINS on Snapdragon Flight,NOT_REPORTED,"""we have decided to use the highly-integrated Snapdragon Flight controller board as our autopilot"" [p.1]",SYSTEM,SIM,NO_BASELINE,"""Despite the trajectories having different velocities and accelerations, the error results are in the same range of values. The maximum error in x and y direction are at around ±0.1 m. Error in z axis could be larger."" [p.6].","| metric | value + unit | baseline value | page |
| Max trajectory error (x, y) | ±0.1 m | NO_BASELINE | p.6 |
| Max flight speed | 4 m/s | NO_BASELINE | p.4 |",NOT_REPORTED,"""Error in z axis could be larger. It is caused by the initialization of VIO or the estimation drift due to the lack of feature numbers and bad light conditions in the test room."" [p.6].","""Future works will include experimental verification of our own high level algorithms such as trajectory generation, human tracking and an autonomous swarm of UAVs with the presented Snapdragon Flight platform."" [p.6].",NOT_REPORTED,"The paper is a tutorial/documentation-style paper. Section numbering in the source is irregular: the hardware overview section is numbered ""1. HARDWARE OVERVIEW"" (not II), and ""III. DEVELOPMENT ENVIRONMENT SETUP"" follows it, skipping the expected ""II"". The reference list contains a duplicate: [4] and [11] are both ""S. Leutenegger, S. Lynen, M. Bosse, R. Siegwart and P. Furgale, 'Keyframe-based visual-inertial odometry using nonlinear optimization,' IJRR, vol. 34, no. 3, pp. 314-334, 2014"" (once with year listed, once without the year in the second occurrence), a source error. Figure numbering is inconsistent: ""Fig. 4. Coordinate frame conventions"" appears on p.4 but the text on p.4 references ""Fig. 5"" for the coordinate frame definition, while Fig. 5 in the extracted layout is ""Structure of applications""; there is a mismatch between figure captions and in-text figure references (source layout artifact). The venue is not stated; the year 2018 is inferred only from the latest reference year (2018) and is uncertain. A stray ""1"" appears at the top of pages 2 and 4. A large section of page 4 text is obscured/overlapped by a figure in the extracted layout.",VERIFIED
REC_0022,Distance-based Autonomous Docking for UAV-MP in GPS-denied Environment,C. Cheng; X. Li; L. Li; L. Xie,2022,NOT_REPORTED,10.1109/CCDC55256.2022.10034409,"China (Tongji University, Shanghai; first-listed affiliation)","""In this paper, we study the docking problem between a UAV and a mobile platform (MP) by estimating the relative position through distance information and its own displacement, and design the approaching trajectory for eliminating the need of any global positioning systems or other infrastructures."" [p.1].","""The main challenges of this problem are to estimate the relative position between the UAV and the MP and design controllers for the navigation trajectory control. Since the MP is not equipped with odometer and its motion changes from time to time, the UAV is iteratively navigated using the estimated relative positions to make it infinitely close to the MP, so that the MP finally enters the field of view of the camera and accomplishes the autonomous docking."" [p.1].","""The UAV and MP are ranged via a UWB node, and the UAV is displaced by its own visual odometer and IMU. ... This paper proposes a UAV-MP docking scheme with minimal deployment cost, designed to achieve estimate relative positioning and approaching navigation based on the measured distance between the UAV and the MP and UAV's displacement."" [p.1]",UWB,"""a UWB node is installed respectively on UAV and MP and distance measurement is performed by TWTOF (Two-way time of fight). ... \(\phi (k)\) is the displacement of the UAV and measured by the onboard camera and IMU of the UAV"" [p.2]",MIXED,NOT_REPORTED,Distance-measurement-based autonomous docking navigation,NOT_REPORTED,"""multi-rotor unmanned air vehicle (UAV)"" [p.1]",METHOD,SIM,NO_BASELINE,"""First, based on the accuracy of realistic UWB sensors, a zero-mean random noise with uniform distribution on the interval (-0.1m,0.1m) is added to the distance measurement. In addition, a zero-mean noise with uniform distribution on the interval (-0.01m,0.01m) is added to the odometer of displacement measurement."" [p.4].","| metric | value + unit | baseline value | page |
| UWB noise interval | (-0.1 m, 0.1 m) | NO_BASELINE | p.4 |
| Odometer noise interval | (-0.01 m, 0.01 m) | NO_BASELINE | p.4 |
| UAV max speed | 5 m/s | NO_BASELINE | p.4 |
| MP max speed | 2 m/s | NO_BASELINE | p.4 |",NOT_REPORTED,"""It is clear that the relative positioning obtained is vaguely imprecise. However, a vague orientation is still much more efficient than a blind search."" [p.3].","""In addition, we plan to verify the result by real experiments in future."" [p.5].",NOT_REPORTED,"This extraction is marked partial: the provided text begins mid-document with author affiliations but no title, author names, year, venue, or DOI are present anywhere in the extracted pages, so the front-matter fields cannot be filled. The text contains several typos/errors preserved from the source: ""TWTOF (Two-way time of fight)"" (should be ""flight"") [p.2]; ""the MP is not equipped with odometer"" [p.1]; ""the \(\mathcal{Z}\)-coordinate"" [p.2]; ""Omnidirectional Mobile Robot (MY wheel, MY wheel-II, Swedish wheel and Omni-wheel)"" [p.2]; ""the centroid method"" vs ""centre-of-mass method"" used interchangeably; ""Numerical examples"" vs ""simulation"" used interchangeably; equations (5) and (12) contain broken notation (e.g., ""[Rsin(kπ/2) - x]²"" and the arctan expressions) that appear as rendering artifacts in the source. Reference [16] appears twice in the reference list (once in the main list and once appended after [15], plus repeated in the second reference block on p.6). Section numbering: ""Section 2"", ""Section 3"" etc. are used in text but the document headers are ""1 INTRODUCTION"", ""2 Problem Statement"", ""3 Integrated Autonomous Docking Navigation"", ""4 Simulations"", ""5 CONCLUSIONS"".",VERIFIED
REC_0023,NOT_REPORTED,"Shehryar Khattak, Christos Papachristos, Kostas Alexis",2025,NOT_REPORTED,NOT_REPORTED,USA,"""in environments that are visually-degraded such as in conditions of poor illumination, low texture, or presence of obscurants including fog, smoke and dust, the reliability of visible light cameras deteriorates significantly."" [p.1]","""the need for reliable autonomous operation of aerial robots has become crucial."" [p.1]","""we propose a multi-modal, multi-spectral approach on visual/thermal camera and IMU fusion."" [p.3]",HYBRID,"FLIR Tau 2 thermal camera, Pointgrey Chameleon 3 visible camera, VectorNav VN-100 IMU",MIXED,NOT_REPORTED,"Multi-modal, multi-spectral visual/thermal/IMU fusion",NOT_REPORTED,DJI Matrice 100 quadrotor,METHOD,REAL,Without feature selection mask,"""A final position error of 0.4857 m was estimated"" [p.6]","| metric | value + unit | baseline value | page |
| final position error in mine | 0.4857 m | NOT_REPORTED | p.6 |
| p-value indoor | < 0.007185 | NOT_REPORTED | p.5 |
| p-value mine | < 0.00001 | NOT_REPORTED | p.6 |","""the application of our feature selection mask attenuates the accumulation of uncertainty in robot pose estimates"" [p.5]","""the direct application of feature detection and descriptor matching methods designed for visual images on thermal camera data results in poor feature matching performance"" [p.3]",NOT_REPORTED,"""This material is based upon work related to the Mine Inspection Robotics project sponsored by the Nevada Knowledge Fund administered by the Governor's Office of Economic Development."" [p.6",No forbidden numbers appear.,VERIFIED
REC_0025,Design of an UWB Indoor-Positioning System for UAV Navigation in GNSS-Denied Environments,"Janis Tiemann, Florian Schweikowski, Christian Wietfeld",2015,2015 International Conference on Indoor Positioning and Indoor Navigation (IPIN),10.1109/IPIN.2015.7346960,Germany (TU Dortmund University),"""Commonly used unmanned aerial vehicle (UAV) platforms rely on the use of global navigation satellite system (GNSS) receivers for navigation. To enable the autonomous navigation of cooperative UAVs in GNSS-denied environments, the use of an ultra-wideband (UWB) positioning system is proposed."" [p.1].","""A need for a low-cost, rapid deployment and decentralized indoor positioning system, enabling the indoor use of UAVs e.g. in emergency response scenarios [3], arose."" [p.1].","""the design and evaluation of a practical and cooperative UWB positioning system using newly available integrated radio frequency hardware and antennas. ... A GNSS emulation system is implemented to evaluate the real-time in-flight use of the UWB positioning system on an experimental UAV carrier."" [p.1]",UWB,"""The hardware node designed for this research, depicted in Fig. 2, is based on the newly available decaWave ScenSor DWM1000 module."" [p.1]",INDOOR,NOT_REPORTED,UWB indoor-positioning system with GNSS emulation,NOT_REPORTED,"""UAV carrier based on an AscTec FireFly and equipped with the UWB node developed during this work"" [p.6]",SYSTEM,REAL,NO_BASELINE,"""A 95 % probability positioning accuracy of 10 cm in the horizontal plane and 20 cm in the three-dimensional space was experimentally achieved enabling control level applications, like UAV indoor navigation."" [p.7].","| metric | value + unit | baseline value | page |
| Horizontal accuracy (95% prob) | 10 cm | NO_BASELINE | p.1, p.7 |
| 3D positional accuracy (95% prob) | 20 cm | NO_BASELINE | p.1, p.7 |
| Position hold radius Q(95%) | 0.369 m | NO_BASELINE | p.6 |
| Position hold median deviation Q(50%) | 0.176 m | NO_BASELINE | p.6 |
| Position hold duration | 220 s | NO_BASELINE | p.6 |
| Node cost | ~50 $ | NO_BASELINE | p.2 |
| Node size | 44 x 29 mm | NO_BASELINE | p.2 |
| Node weight | ~5 g | NO_BASELINE | p.2 |","""The effects of different system components on the positioning accuracy were highlighted."" [p.6-7].","""navigation performance is tightly coupled with magnetometer performance, as magnetometer readings are needed to calculate the position correction direction in navigation control algorithms. This leads to a non-optimal performance in environments with strong magnetic fields."" [p.6].","""More research is required to optimize the filtering for the UAV specific navigation controller as well as resolving magnetometer issues indoors, maybe with the help of integrated measurement unit (IMU) sensor fusion, to achieve improved flight performance."" [p.7].","""Deutsche Forschungsgemeinschaft (DFG) within the Collaborative Research Center SFB 876 'Providing Information by Resource-Constrained Analysis', project A4 and has received funding from the European Union Seventh Framework Programme (FP7/2007-2013) under grant agreement 261769."" [p.7]","The text includes minor typos preserved from the source: ""it's position"" [p.6, p.7]; ""in in Tab. IV"" [p.6]. Height control during the position-hold flight was maintained via the UAV's onboard barometric sensor, while horizontal position hold was driven by the UWB-based GNSS emulation.",VERIFIED
REC_0028,Multiobjective Motion Planning for UAVs Navigating with Unknown Signals of Opportunity,"Yanhao Yang, Joe Khalife, Joshua J. Morales, Zaher M. Kassas",2022,IEEE Transactions on Aerospace and Electronic Systems,10.1109/TAES.2021.3103140,"USA (Carnegie Mellon University, University of California Irvine)","""Navigation of an unmanned aerial vehicle (UAV) to reach a desired waypoint with provable guarantees in global navigation satellite system (GNSS)-denied environments is considered."" [p.1].","""Today's UAV navigation systems essentially rely on global navigation satellite system (GNSS) signals. However, it is well-known that GNSS signals can become unreliable in environments where UAVs conduct missions: GNSS signals get highly attenuated in deep urban canyons and under canopies [1] and are susceptible to jamming and malicious spoofing [2]."" [p.1].","""The waypoint navigation problem is formulated as a greedy (i.e., one-step look-ahead) multiobjective motion planning (MOMP) strategy, which guarantees that the UAV gets to within a user-specified distance of the waypoint with a user-specified confidence."" [p.1]",OTHER,"""The UAV makes pseudorange measurements to all SOPs"" [p.1]",MIXED,NOT_REPORTED,Multiobjective Motion Planning (MOMP) strategy,NOT_REPORTED,"""This article considers motion planning for quadrotor UAVs."" [p.3]",METHOD,BOTH,"""naive approach, where the UAV moves directly to the waypoint without considering the quality of its position estimate or knowledge of the environment"" [p.7]","""Monte Carlo simulations are presented showing that the MOMP strategy achieves the desired objective with 95% success rate compared to a 36% success rate with a naive approach"" [p.1].","| metric | value + unit | baseline value | page |
| Success rate (MOMP) | 95% | Naive 36% | p.1 |
| Average time (Adaptive MOMP) | 91.31 s | Naive 27.50 s | p.8 |
| FRMSE (Adaptive MOMP) | 18.95 m | Naive 77.04 m | p.8 |
| FRMSD (Adaptive MOMP) | 19.32 m | Naive 77.19 m | p.8 |
| Success rate (Adaptive MOMP) | 95.20% | Naive 36.00% | p.8 |
| RMSE (experiment, adaptive MOMP) | 23.261 m | Naive 40.237 m | p.10 |
| Final distance (experiment, adaptive MOMP) | 12.246 m | Naive 77.442 m | p.10 |","""The results show that among the 74 image frames, 14 frames relied on strong semantic observations such as OCR-based room signs, while 57 frames were completed through BIM topological inference."" [p.4 of REC_0001, not this paper]

For REC_0028: ""the nonadaptive MOMP strategy performed the worst in all metrics. The mean time to completion is nearly 200 s, the entire simulation run. ... The FRMSD and the FRMSE of the proposed adaptive MOMP strategy was significantly lower than the naive and nonadaptive MOMP approaches, even if the timeout runs are removed."" [p.8].","""the cost function of MOMP is generally nonconvex, which upon employing numerical optimization solvers, could result in convergence to local optima, in addition to requiring involved computations which could be infeasible for real-time implementations."" [p.13].","""Future work can extend this framework to adaptive weighting of the two components of the cost function or adopt a receding horizon trajectory optimization strategy to consider both components at the same time. ... Applying a convex information gathering cost (e.g., innovation-based metrics [32]) to MOMP could be the subject of future work."" [p.13].","""This work was supported in part by the National Science Foundation (NSF) under Grant 1929571 and Grant 1929965, in part by the Office of Naval Research (ONR) under Grant N00014-19-1-2613, and in part by the University of California, Irvine Multidisciplinary Engineering Research Institute program."" [p.1]","The paper contains several typographical and formatting issues in the extracted text, including broken equations (e.g., Equation 5 shows a matrix with missing elements), inconsistent subscripting (e.g., \(\mathbf{x}_{\mathrm{pv}}\) vs \(\mathbf{x}_{\mathrm{pr}}\)), and a duplicate reference entry [16] in the reference list (appears twice). Figure 10's caption is split across pages. The phrase ""the meaner pattern"" appears in REC_0025, not here. In this paper, the simulation table (Table I) has garbled entries (e.g., ""r1[400, 200]Txr(0)[0, 0, 0, 0, 100, 10]Txsa[100, 250, 10, 0, 1]...""). These are preserved as-is. The venue and DOI are provided in the header of the first page.",VERIFIED
REC_0035,Robust Autonomous Flight and Mission Management for MAVs in GPS-denied Environments,"Yingcai Bi, Menglu Lan, Jiaxin Li, Kun Zhang, Hailong Qin, Shupeng Lai, Ben M. Chen",2020,NOT_REPORTED,NOT_REPORTED,NOT_REPORTED,"""a large variety of applications for MAVs would rely on the autonomous capabilities in GPS-denied environments"" [p.1]","""To this end, a fully functional system incorporating with robust guidance, navigation and control algorithms is in high demand."" [p.1]","""We present our systematic solution with integrated hardware and software design, robust state estimation and mission management."" [p.1]",SLAM,"Hokuyo laser scanner, camera, TeraRanger One, IMU",INDOOR,NOT_REPORTED,"2D laser-based localization and Kalman filter-based sensor fusion, task tree mission management",NOT_REPORTED,hexarotor,SYSTEM,REAL,Hector SLAM,"""The average translation error (ATE) of Hector SLAM is 0.071m whereas ATE of Cartographer SLAM is 0.059m."" [p.5]","| metric | value + unit | baseline value | page |
| ATE Hector SLAM | 0.071 m | NOT_REPORTED | p.5 |
| ATE Cartographer SLAM | 0.059 m | NOT_REPORTED | p.5 |
| average tracking error | 0.095 m | NOT_REPORTED | p.6 |","""cpu usage of Hector SLAM is around 40% of one cpu core while that of Cartographer SLAM is 60%"" [p.5]",NOT_REPORTED,"""Currently, we are working on camera based navigation solution for our system."" [p.6]",NOT_REPORTED,No forbidden numbers appear.,VERIFIED
REC_0037,Deep Visual Localization for UAVs in GNSS-Denied Environments Using Satellite Imagery,"Engin Öksüz, Barış Yalçın, Tolga Demirdal",2026,NOT_REPORTED,10.1109/SIU71813.2026.11636724,"Turkey (HAVELSAN A.Ş., Ankara; Technical University of Munich, Germany)","""Accurate absolute localization is essential for the reliable and autonomous mission execution of unmanned aerial vehicles (UAVs). However, GNSS-based navigation may be disabled under electronic warfare, physical obstruction, or spoofing."" [p.1].","""Accurate absolute localization is essential for the reliable and autonomous mission execution of unmanned aerial vehicles (UAVs). However, GNSS-based navigation may be disabled under electronic warfare, physical obstruction, or spoofing."" [p.1].","""The proposed visual localization pipeline combines deep matching with SuperPoint–LightGlue, satellite–camera alignment via homography, Efficient Perspective-n-Point (EPnP)-based absolute pose estimation, and Kalman fusion with an optical-flow backup."" [p.1]",VISION_OBJECT,"""UAV camera images"" [p.1]",MIXED,NOT_REPORTED,Visual localization pipeline with SuperPoint-LightGlue and EPnP,"""open-source satellite imagery"" [p.1]",UAV (not specified),METHOD,REAL,"""SIFT and ORB"" [p.1]","""In real flights validated against RTK GNSS, a positioning error of 10 m (MAE) and 14 m (RMSE) in the X–Y plane is obtained at approximately 500 m altitude, running at approximately 5 Hz on a Jetson Orin Nano."" [p.1].","| metric | value + unit | baseline value | page |
| MAE (X-Y) | 10 m | NO_BASELINE | p.1 |
| RMSE (X-Y) | 14 m | NO_BASELINE | p.1 |
| mAP (proposed) | 0.912 | SIFT 0.650, ORB 0.717 | p.3 |
| Matching time (proposed) | 0.340 s | SIFT 0.043 s, ORB 0.036 s | p.3 |
| MAE (full system) | 10.2 m | NO_BASELINE | p.3 |
| MAE (without homography) | 23.1 m | NO_BASELINE | p.3 |
| MAE (without optical flow) | 12.6 m | NO_BASELINE | p.3 |","""To partially decompose the effect of the contributing components, Table II summarizes the X–Y MAE measured with homography or Lucas–Kanade optical flow backup disabled on the same experimental protocol and a representative flight segment (RTK reference)."" [p.3].","""the higher deviation in the Z axis is mainly related to limitations in DEM resolution and the nature of monocular depth estimation."" [p.4].","""Future work will address different terrain and seasonal scenarios, improvement of Z-axis accuracy, and expanded comparisons with recent matchers such as LoFTR [14]."" [p.4].","""This paper was prepared within the scope of the studies carried out within HAVELSAN A.Ş."" [p.4]","The paper is written in Turkish and English. The English title is given. The venue is not stated; the copyright line indicates ""979-8-3195-1046-4/26/$31.00 ©2026 IEEE"". The year 2026 is used. The abstract claims ""10 m (MAE) and 14 m (RMSE)"" but Table I shows mAP and time; Table II shows MAE values. There is a discrepancy: abstract says ""lower horizontal error"" but the table shows SIFT and ORB have lower matching time but higher mAP? Actually proposed has higher mAP (0.912) but longer time (0.340 s). This is noted. The text contains Turkish characters that appear as garbled glyphs in the extracted text (e.g., "" ¡¢£¤¥¦§¨©ª«¬®¯°±²³´µ¶·¸¹º»¼½¾¿ÀÁÃÄÅÆÇÈÉÊËÌÍÎÏÐÑÒÓÔÕÖ×ØÙÚÛÜÝÞßàáâãäåæçèéêëìíîïðñòóôõö÷øùúûüýþÿ"" at top of page 1). These are unreadable regions and are flagged.",VERIFIED
REC_0041,UAV Navigation With Monocular Visual Inertial Odometry Under GNSS-Denied Environment,"Haolong Luo, Guangyun Li, Danping Zou, Kailin Li, Xueqiang Li, Zidi Yang",2024,IEEE Transactions on Aerospace and Electronic Systems,10.1109/TGRS.2023.3323519,"China (Information Engineering University, Zhengzhou; Shanghai Jiao Tong University)","""In global satellite navigation system (GNSS)-denied environments, unmanned aerial vehicle (UAV) navigation based on visual-inertial odometry (VIO) has been widely studied. However, existing VIO methods still suffer from some practical problems, such as image enhancement oversaturation and unreasonable weighting in backend optimization."" [p.1].","""Therefore, this article presents monocular VIO with point-line fusion and backend adaptive optimization to improve the positioning accuracy and robustness of UAV navigation systems."" [p.1].","""The proposed method was compared with the monocular visual-inertial system (VINS-MONO) (Qin et al. 2018) and point and line features (PL)-VINS (Fu et al. 2020) methods"" [p.1]",VIO,"""Intel RealSense D455 sensor with a built-in IMU"" [p.11]",INDOOR,NOT_REPORTED,Monocular VIO with point-line fusion and backend adaptive optimization,"""public EuRoc dataset"" [p.1]","""UAV navigation"" [p.1]",METHOD,BOTH,"""VINS-MONO, PL-VINS"" [p.10]","""the experimental results showing that the positioning accuracy of the proposed method on the public EuRoc dataset (Burri et al. 2016) improved by an average of 32.3% compared with the PL-VINS method, and by an average of 33.8% in three real-world scenarios"" [p.1].","| metric | value + unit | baseline value | page |
| Positioning accuracy improvement (vs PL-VINS, EuRoc) | 32.3% avg | NO_BASELINE | p.1 |
| Positioning accuracy improvement (real-world) | 33.8% avg | NO_BASELINE | p.1 |
| ATE RMSE (MH_05, w/loop, proposed) | 0.078 m | PL-VINS 0.253 m | p.10 |
| ATE RMSE (V1_03, w/loop, proposed) | 0.129 m | PL-VINS 0.140 m | p.10 |","""Table II represents a comparison of the solutions of the different methods used in ablation experiments. ... 3) Compared with Ours (w/o reopt), Ours (w/ reopt) has a significant improvement in positioning accuracy, indicating the effectiveness of the proposed optimization method with adaptive weighting."" [p.10].","""the trajectory may diverge due to the accumulation of errors in the inertial sensors over time. In addition, it is relatively fragile and susceptible to interference during initialization."" [p.14].","""Therefore, to address the above issues, we intend to introduce new sensors, such as UWB sensors, into the system. We employ an adaptive fusion approach integrating vision, inertial, and UWB to mitigate scaling inaccuracies and error accumulation associated with monocular vision inertial odometry."" [p.14].",NOT_REPORTED,"The paper has no explicit DOI or publication year in the extracted text. The header says ""IEEE TRANSACTIONS ON AEROSPACE AND ELECTRONIC SYSTEMS"" but no volume/issue. The year 2024 is inferred from the copyright line ""Authorized licensed use limited to: KIIT University. Downloaded on September 16,2026"" and the reference list (latest 2023). However, the year is not printed, so it's an inference. The paper contains a large block of repeated ""1 1 1 1..."" on page 13, which is likely a rendering artifact or corrupted page. This is flagged. Equation numbering is inconsistent (e.g., Eq. 10 appears twice). Table II is garbled with missing columns. The text contains some typos: ""to facilitate the extraction and matching of image features is a key problem"" (p.3), ""the proposed method achieves higher positioning accuracy"" (p.1).",VERIFIED
REC_0043,Robust Sensor Fusion for Autonomous UAV Navigation in GPS denied Forest Environment,"Shaekh Mohammad Shitih, Najmul Islam, Ahmad Athif Mohd Faudzi, Afinzanaizafal Abdullah, Shaharil Mad Saad",2022,NOT_REPORTED,10.1109/ICRA.2018.8463214,Malaysia (Universiti Teknologi Malaysia),"""However, navigating in the forest canopy autonomously can be quite challenging because of its GPS denied environment, cluttered, dynamic, and large scale."" [p.1].","""Forestry and precision biodiversity data collection using UAVs can be cost-effective and time efficient solution."" [p.1].","""A robust multi-sensor fusion-based robust navigation method which has failure detection features is proposed to enable safe and reliable autonomous navigation."" [p.1]",HYBRID,"""IMU, Stereo cameras and 2D LiDAR"" [p.2]",FOREST,NOT_REPORTED,Robust multi-sensor fusion-based navigation with failure detection,NOT_REPORTED,"""The UAV system is simulated in a Gazebo simulator."" [p.2]",SYSTEM,SIM,NO_BASELINE,"""For 100 number of trees, the velocity mean is around 2.78 m/s."" [p.5].","| metric | value + unit | baseline value | page |
| Mean velocity (100 trees) | 2.78 m/s | NO_BASELINE | p.5 |
| Path length (100 trees) | ~940 m (estimated) | NO_BASELINE | p.5 |","""Fig. 8 shows the individual odometry performance for X position estimation of SFO, LO and VIO. From the figure, Lidar Odometry (LO) estimates nearly similar X position as proposed SFO with some small noise. However, VIO gives more noise respond compared to our proposed sensor fusion odometry (SFO)."" [p.4].","""Any failure from the state estimation pipeline can effect on the quality of planning and control of the UAV and can lead to navigation failure."" [p.6].","""Graph based optimization and smoothing framework like LOAM, LIO-SAM can reduce the global drift of our proposed EKF based sensor fused state estimation. We will further explore this in future work and validate the system in actual scenario with real hardware."" [p.6].","""This research has been carried out under the Research Excellence Consortium (JPT (BPKI) 1000/016/018/25 (57)), Consortium of Robotics Technology for Search and Rescue Operations (CORTESRO) from the Ministry of Higher Education Malaysia (MOHE)."" [p.6]","The paper does not state a publication venue or year. The extracted text is missing the title page information (no conference/journal name, no year). The author name ""Shaekh Mohammad Shitih"" appears as ""Shitih"" but in the reference list it's spelled ""Shithil"" in one entry, a source inconsistency. Figure 5 caption is garbled: ""Fig.5. u t t t t t t t t t t t e trajectory or obstacle avoidance."" — this is an unreadable region. Equation numbering is inconsistent (Eq. 6 appears twice, Eq. 9 is missing). The text contains typos: ""effect on the quality"" (should be ""affect""), ""we have created 5 sample environments"" (p.4). The funding information is present.",VERIFIED
REC_0057,ROS+Unity: An Efficient High-fidelity 3D Multi-UAV Navigation and Control Simulator in GPS-Denied Environments,"Wei Meng, Yuchao Hu, Jiaxin Lin, Feng Lin, Rodney Teo",2016,NOT_REPORTED,NOT_REPORTED,"Singapore (National University of Singapore, Temasek Laboratories)","""As we know, simulation technologies can verify the algorithms and identify potential problems before the actual flight test and to make the physical implementation smoothly and successfully."" [p.1].","""In our UAV project, the UAVs are expected to cooperatively and autonomously operate in GPS-denied foliage or urban environments. Light Detection and Ranging (LIDAR) based simultaneous localization and mapping (SLAM) algorithm needs to be simulated in real-time. According to our knowledge, most of the simulation systems are not 'real' enough."" [p.1].","""we develop a 3D simulator based on robot operation system (ROS) and a game engine, Unity3D. Unity3D has powerful graphics and can support high-fidelity 3D environments and sensor modeling which is important when we simulate sensing technologies in cluttered and harsh environments."" [p.1]",OTHER,"""LIDAR sensor, which is the key component for SLAM algorithm is modeled in details in Unity3D script."" [p.2]",MIXED,NOT_REPORTED,ROS+Unity3D hybrid 3D simulation system,NOT_REPORTED,"""miniature unmanned aerial vehicles (UAVs)"" [p.1]",SYSTEM,SIM,"""OpenSim, Virtual Robot Experimentation Platform (V-REP), Delta3D, USARSim, Gazebo"" [p.1]","""For single UAV case, based on above development, the simulator can run smoothly. The FPS can approach 40, which means the simulation system can run in real-time."" [p.4].","| metric | value + unit | baseline value | page |
| FPS (single UAV) | ~40 | NO_BASELINE | p.4 |","""However, if there are several UAVs run simultaneously in the same workstation, we find that FPS will drop dramatically. The main problem origins from 3D game engines. Usually, for Raycast in Unity3D, it run in the main thread of CPU. When we run several UAVs in the same workstation, Raycast calculation will take most of the CPU resource."" [p.4].","""However, if there are several UAVs run simultaneously in the same workstation, we find that FPS will drop dramatically."" [p.4].","""For the future work, we will develop hardware-in-the-loop simulation system."" [p.5].",NOT_REPORTED,"The paper does not state a publication venue or year in the extracted text. The year 2016 is inferred from the copyright footer ""VOLUME 4, 2016"" on page 6, but this is uncertain. The paper contains a typo: ""Off course"" (should be ""Of course"") [p.2]. Figure 9 appears to be missing from the extracted text (Fig. 9 is referenced in the text but the caption is not present in the extraction; only Fig. 10 is shown). The paper uses ""Unitesocket"" as a ROS node name [p.3]. The reference list is provided.",VERIFIED
REC_0064,Positioning and Navigation Approaches using Packet Loss-based Multilateration for UAVs in GPS-Denied Environments,"Issaree Srisomboon, Sanghwan Lee",2024,IEEE Access,10.1109/ACCESS.2024.3357148,"South Korea (Kookmin University, Seoul)","""On the contrary, a drone without that being said system is particularly limited to indoor surveillance or short-range applications due to the absence of precise positioning capabilities."" [p.1].","""To overcome the limitations posed by GPS-denied environments for UAVs, we seek to develop an alternative lightweight positioning and navigation methodology solely relying on packet loss measurement."" [p.2].","""we propose a packet loss-based positioning approach, wherein a drone estimates its current position by utilizing wireless packet loss from reference points packet transmission by employing a multilateration technique."" [p.1]",OTHER,"""solely relying on packet loss measurement"" [p.2]",INDOOR,NOT_REPORTED,Packet loss-based multilateration positioning with heuristic navigation,NOT_REPORTED,"""a drone"" [p.1]",METHOD,SIM,"""HBN, CSN, PDN"" (three proposed algorithms compared against each other)","""the navigation error at the initiation of the first navigation operation at t = 19 s is 11.69 m. While the last navigation operation at t = 109 s, the error reduces to 5.17 m, which represents a remarkable error reduction of (11.69 - 5.17)/11.69 × 100% = 55.78%."" [p.12].","| metric | value + unit | baseline value | page |
| Navigation error reduction | 55.78% | NO_BASELINE | p.12 |
| Initial navigation error | 11.69 m | NO_BASELINE | p.12 |
| Final navigation error | 5.17 m | NO_BASELINE | p.12 |
| HBN final position | (503.3 m, 502.6 m) | NO_BASELINE | p.10 |
| Average k (HBN) | lowest | NO_BASELINE | p.12 |
| Average k (PDN) | second best | NO_BASELINE | p.12 |
| Average k (CSN) | highest | NO_BASELINE | p.12 |","""we conduct five sets of simulations for each algorithm and analyze the average k"" [p.12]; ""the 'HBN' algorithm achieves the lowest k among the three alternatives."" [p.12].","""it is crucial to acknowledge that packet loss is not exclusively determined by distance as it is subject to be influenced by various environmental factors within the wireless communication environment, i.e., signal interference, network propagation characteristics, or the level of network congestion."" [p.13].","""our focus will shift towards investigating more robust techniques, such as employing linear regression to enhance reliability and robustness in establishing the relationship between packet loss information and the actual distance"" [p.14].",NOT_REPORTED,"The paper is an author-accepted manuscript version, indicated by the header ""This article has been accepted for publication in IEEE Access. This is the author's version which has not been fully edited and content may change prior to final publication."" The DOI is provided. The paper contains a typo in the notation table: ""αA fixed position of reference point i, αi = (xi, yi)"" (p.5). The reference list contains an entry [13] that is cited as ""H. D. K. Motlagh, F. Lotfi, H. D. Taghirad, and S. B. Germi"" but the text uses [13] for a different paper in one instance. The paper uses ""multilateralization"" in one place and ""multilateration"" elsewhere. Equation numbering is mostly consistent but some equations are unnumbered. The paper's first page has a stray ""2024.3357148"" at the top, which is the DOI identifier.",VERIFIED
REC_0065,Autonomous Drones in GNSS-Denied Environments: Results from the Leonardo Drone Contest,"Simone Godio, Alessandro Minervini, Marcello Chiaberge, Francesco Marino, Stefano Primatesta, Giorgio Guglieri",2023,NOT_REPORTED,10.1109/METROAEROSPACE57412.2023.10190003,Italy (Politecnico di Torino),"""One of the main challenges with autonomous drones is implementing efficient autonomous drone navigation in Global Navigation Satellite System (GNSS) denied environment."" [p.2].","""Many tasks that drones are called to perform cannot make use of GNSS signal because it is degraded (rescue operations) [9] or absent (indoor applications) [10]."" [p.2].","""The aim of improving autonomous navigation in GNSS-denied and partially known environments is also the main goal of the Leonardo Drone Contest, the challenge launched by Leonardo Spa to encourage six Italian universities to deal with autonomous drone navigation based on SLAM techniques [16]."" [p.2]",SLAM,"""Stereo Camera Intel D455 [22]; Tracking Camera Intel T265 [23]; Mono-camera M120 Raspberry Pi Camera [24]; Accel/Gyro (T265) MPU6000; Accel/Gyro (Pixhawk 4) ST Micro 16-bit gyroscope"" [p.3]",INDOOR,NOT_REPORTED,Integrated hardware/software with SLAM-based navigation,NOT_REPORTED,"""The drone developed by the Politecnico di Torino to participate in the 2022 competition is shown in Fig.2, and it has been named Agares by DRAFT team members."" [p.2]",SYSTEM,BOTH,NO_BASELINE,"""Despite the sensor having been proven to be precise enough in navigation, experimental tests have identified a drift in the order of magnitude of two meters."" [p.4].","| metric | value + unit | baseline value | page |
| VIO drift | ~2 m | NO_BASELINE | p.4 |
| Localization latency | ~150 ms | NO_BASELINE | p.4 |
| Competition ranking | 2nd place | NO_BASELINE | p.1 |",NOT_REPORTED,"""Although VIO still has weaknesses as concerns the state estimation problem, the loop closure suggested in this paper allows to reduce the localization error."" [p.6].","""According to these aims, future works will be focused on the introduction of a ground agent to accomplish more demanding requirements, especially in terms of 3D mapping reconstruction."" [p.6].","""This work has been developed with the contribution of the Politecnico di Torino Interdepartmental Centre for Service Robotics PIC4SeR2."" [p.6]","The paper does not state a publication venue in the extracted text. The year 2023 is inferred from the reference list (accessed dates in 2023) and the mention of ""the year 2022 (the last competition held)"" in the text, but this is uncertain. The paper is a competition report. Figure 3's caption is ""Agares' software architecture"" but the diagram is not fully legible in the extracted text. The paper contains a typo: ""RSE"" is written as ""Robot System Engineering"" in one place but ""RSE"" is used as an abbreviation. The paper mentions ""the DRAFT1 (a student team)"" with a superscript ""1"" that is not defined in the text. Reference [3] and [7] are both ""P. Foehn, D. Brescianini, E. Kaufmann, T. Cieslewski, M. Gehrig, M. Muglikar, and D. Scaramuzza"" with different titles, which appears to be a source error.",VERIFIED
REC_0066,Real Time Vision Based Obstacle Avoidance for UAV using YOLO in GPS Denied Environment,"Sanju Kumar NT, G Ujwal Sai, Prasanth Kumar Duba, P Rajalakshmi",2023,21st OITS International Conference on Information Technology (OCIT 2023),10.1109/OCIT59427.2023.10431039,India (IIT Hyderabad),"""However, navigating UAVs in environments where GPS signals are limited or unreliable, such as indoor or urban environments, presents challenges for safe and efficient operations."" [p.1].","""Vision-based obstacle avoidance has emerged as a promising solution to address this challenge as it leverages onboard cameras and advanced object detection algorithms to detect obstacles in real time and autonomously avoid them [6] [7]."" [p.1].","""The proposed solution leverages a stereo vision camera and a Raspberry Pi onboard unit. It offers a low-cost solution that is compact and efficient. By utilizing the YOLO (You Only Look Once) object detection algorithm [10], this approach efficiently detects and classifies objects in real time, allowing for obstacle avoidance by considering the surrounding space and adjusting navigation based on velocity."" [p.1]",VISION_OBJECT,"""stereo vision cameras (OAK-D Lite)"" [p.1]",INDOOR,NOT_REPORTED,YOLO-based vision obstacle avoidance with stereo camera,"""Common Objects in Context (COCO) dataset"" [p.1]","""in-house-built drone with a payload capacity of 1kg"" [p.2]",SYSTEM,REAL,NO_BASELINE,"""Real-time testing of the proposed technique demonstrates its efficacy in detecting and avoiding obstacles within a threshold distance of 2 meters, with an error rate of 10%."" [p.1].","| metric | value + unit | baseline value | page |
| Obstacle detection threshold | 2 m | NO_BASELINE | p.1 |
| Error rate | 10% | NO_BASELINE | p.1 |
| Drone relative speed | 2 m/s | NO_BASELINE | p.1 |
| Obstacle avoidance speed | 1 m/s | NO_BASELINE | p.6 |
| CPU utilization | 93% | NO_BASELINE | p.4 |
| FPS | 15-20% | NO_BASELINE | p.4 |
| Physical memory used | 485 MB | NO_BASELINE | p.4 |","""We tested our algorithm by placing an obstacle at a known distance of 5-10 meters and gradually reducing meters until it was below 2.5 meters. We conducted 15 experiments for each distance interval, and our algorithm consistently achieved less than 1% error."" [p.5].","""These factors can contribute to minor discrepancies in the drone's velocity and, consequently, its trajectory."" [p.4].","""Future research in this area will focus on 3D lidar-based autonomous navigation."" [p.6].",NOT_REPORTED,"The paper has a duplicate ""Index Terms"" line, which is a source formatting error. The paper contains a typo in the abstract: ""This paper discussed cost-effective vision-based obstacle avoidance"" (should be ""discusses""). The paper uses ""UAV"" and ""drone"" interchangeably. Table II has garbled entries in the extracted text (e.g., ""Sensor0Color ImagestereoDFOV / HFOV / VFOV81° / 69° / 54°%86° / 73° / 58°Resolution13MP (4208x3120)480P (640x480)""). The reference list contains a duplicate: [12] and [17] are both ""G.-T. Tu and J.-G. Juang, 'Path Planning and Obstacle Avoidance Based on Reinforcement Learning for UAV Application,' 2021 International Conference on System Science and Engineering (ICSSE), 2021, pp. 352-355,"" a source error. The paper's DOI is not reported. The venue is ""21st OITS International Conference on Information Technology (OCIT 2023)"".",VERIFIED
REC_0071,Radar-Based High-Accuracy 3D Localization of UAVs for Landing in GNSS-Denied Environments,"Yassen Dobrev, Yavor Dobrev, Peter Gulden, Melanie Lipka, Tatiana Pavlenko, Dieter Moormann, Martin Vossiek",2018,2018 IEEE MTT-S International Conference on Microwaves for Intelligent Mobility (ICMIM),NOT_REPORTED,"Germany (Symeo GmbH, RWTH Aachen University, FAU Erlangen-Nürnberg)","""However, as the spread and reliance upon autonomous UAV systems increases, the risk of jamming becomes a substantial safety problem."" [p.1].","""The critical flight phases for GNSS localization failure are during takeoff and landing as those take place near ground level, where GNSS signal reception is weaker and where attackers with jammers are most likely to strike."" [p.1-2].","""This paper presents a localization system for 3D position estimation based on 24 GHz FMCW cooperative radar."" [p.1]",OTHER,"""24 GHz FMCW cooperative radar"" [p.1]",MIXED,NOT_REPORTED,Radar-based 3D localization system,NOT_REPORTED,"""The tilting UAV Maverix with MRU and GBRS in the background."" [p.1]",SYSTEM,REAL,NO_BASELINE,"""A measurement campaign was conducted to prove the feasibility of the proposed concept."" [p.1].","| metric | value + unit | baseline value | page |
| RMS(Δd) run 1 | 8.25 cm | NO_BASELINE | p.4 |
| RMS(Δφaz) run 1 | 0.65° | NO_BASELINE | p.4 |
| RMS(Δθel) run 1 | 0.97° | NO_BASELINE | p.4 |
| mean(||Δp||) run 1 | 19.66 cm | NO_BASELINE | p.4 |
| mean(||Δp||) run 2 | 21.18 cm | NO_BASELINE | p.4 |
| mean(||Δp||) run 3 | 31.19 cm | NO_BASELINE | p.4 |",NOT_REPORTED,"""The only problem observed was that the angular measurement was inaccurate for certain azimuth-elevation angle combinations, as - due to imperfect array calibration - a side lobe was becoming dominant over the main lobe and was favored by the digital beamformer."" [p.3].","""In a next step, a Kalman filter can be implemented to smoothen the positioning result and filter outliers. A higher Rx channel count and a higher bandwidth will further increase the accuracy. An antenna array with hemispherical field of view will allow using a single radar as landing aid independent on the UAV approach direction."" [p.4].",NOT_REPORTED,"The paper contains a typo: ""RTOF/DOP combination"" should be ""RTOF/DOA combination"" [p.4]. Also ""multilateralization"" is used instead of ""multilateration"" in one instance. No DOI is printed. The GDOP plots are referenced but not fully legible in the extraction.",VERIFIED
REC_0077,3D Path Planning for Autonomous UAV Navigation in GPS-Denied Environments,"Tirth Thakkar, Rick Ramirez, Rexley Tsui, Subodh Bhandari, Amar Raheja",2026,NOT_REPORTED,10.1109/ICUAS69441.2026.11598675,USA (California State Polytechnic University Pomona),"""The increasing prevalence of GPS spoofing [1], [2] and jamming [3] attacks on UAV platforms has underscored the need for robust navigation solutions capable of operating reliably in GPS-denied environments."" [p.1].","""Many of the existing works only consider point mass models of the vehicles for simulation studies. While useful for preliminary studies, these point mass models do not represent six-degrees-of-freedom motion of the vehicle."" [p.1].","""The path-planning pipeline implements a complete end-to-end framework for safe autonomous UAV navigation in cluttered, GPS-denied environments using volumetric mapping [4] and sampling-based motion planning [9]."" [p.1]",OTHER,"""stereodepth camera, a LiDAR sensor"" [p.5]",MIXED,NOT_REPORTED,Sampling-based path planning in SE(3) with multi-objective optimization,NOT_REPORTED,"""custom UAV features a 3D-printed chassis with carbon-fiber arms and landing legs, equipped with a stereodepth camera, a LiDAR sensor, and an onboard computer."" [p.5]",METHOD,BOTH,"""RRT, RRTConnect, RRT*, InformedRRT*, RRTXstatic, LBTRRT"" [p.6]","""Horizontal performance is particularly strong, maintaining submeter accuracy throughout the mission with an XY RMSE of 0.451 meters"" [p.7].","| metric | value + unit | baseline value | page |
| XY RMSE | 0.451 m | NO_BASELINE | p.7 |
| Z RMSE | 0.517 m | NO_BASELINE | p.7 |
| 3D RMSE | 0.686 m | NO_BASELINE | p.7 |
| Simplification time (InformedRRT*) | 0.386 s | NO_BASELINE | p.6 |
| Success rate | 80% | NO_BASELINE | p.6 |","""The fastest simplification times are exhibited with InformedRRT* and RRTstatic with values of 0.386 seconds and 0.463 seconds respectively while RRT* and RRT performed the worst with simplification times of 1.05 seconds and 1.81 seconds respectively."" [p.6].","""During testing, moderate wind conditions were present and contributed to the small deviations from the planned path."" [p.7].","""Future work will extend the framework to dynamic environments with real-time replanning for moving obstacles and improved computational efficiency for multi-UAV scalability, including search-and-rescue applications."" [p.8].","""This work was supported by the Air Force Research Laboratory (AFRL) PACER program under Grant No. FA86502422404."" [p.8]","The year and venue are not printed. The paper references ""AIAA SCITECH 2026 Forum"" in reference [4], suggesting it might be a 2026 paper, but no explicit year is provided. A typo appears: ""stereodepth"" should be ""stereo depth"" [p.5].",VERIFIED
REC_0080,Enabling computer vision-based autonomous navigation for Unmanned Aerial Vehicles in cluttered GPS-denied environments,"F. Valenti, D. Giaquinto, L. Musto, A. Zinelli, M. Bertozzi, and A. Broggi",2018,2018 21st International Conference on Intelligent Transportation Systems (ITSC),NOT_REPORTED,"Italy (authors' affiliations not explicitly stated, but likely Italy)","""One of the main barriers to robot navigation is the need for obstacle detection capabilities. An autonomous aircraft must be able to detect obstacles all around it to fly safely."" [p.1].","""Autonomous UAVs with on-board processing would be a strong solution to the mentioned problems, as it would allow navigation in any kind of environment without the need for human supervision."" [p.1].","""In this paper we describe an autonomous guidance system for an UAV that exploits computer vision processing for localization, obstacles detection and planning."" [p.1]",HYBRID,"""4 stereo cameras and one sonar"" [p.2]",INDOOR,NOT_REPORTED,Vision-based autonomous navigation with stereo cameras,NOT_REPORTED,"""DJI Matrice 100 MAV"" [p.2]",SYSTEM,REAL,NO_BASELINE,"""In this case it is shown that the error given by the localization filter is less than 20 cm"" [p.5].","| metric | value + unit | baseline value | page |
| Localization error | < 20 cm | NO_BASELINE | p.5 |
| Grid memory utilization | 160 KB | NO_BASELINE | p.5 |","""In Fig. 7 it is shown how the Visual Odometry alone can lead to incorrect results due to significant drift in pose estimation. In contrast by exploiting other visual information the filter is capable of performing a correct estimation"" [p.5].","""Our current limitation is represented by memory constraints. The map of keyframes is automatically acquired and continuously updated with new landmarks, which are stored in memory as the drone moves. Therefore the explorable area that the drone can reach without needing a map reset is currently limited in size."" [p.6].","""This problem can be addressed by adding a caching strategy that keeps in memory only the landmarks nearest to the current position and stores the remainder of the map on disk."" [p.6].",NOT_REPORTED,"No DOI is printed. The venue is ITSC 2018. The paper uses ""4 stereo cameras"" and later ""four stereo cameras"" consistently. No major anomalies.",VERIFIED
REC_0084,Simulating GPS-denied Autonomous UAV Navigation for Detection of Surface Water Bodies,"Arnav Deo Singh, Fernando Vanegas Alvarez",2020,2020 International Conference on Unmanned Aircraft Systems (ICUAS),10.1109/ICUAS48674.2020.9213927,Australia (Queensland University of Technology),"""The context of this research project and its application relates to Target Acquisition missions on Mars; more specifically, the problem of searching for water on Mars via a fully autonomous UAV."" [p.2].","""If humans really were to colonize Mars, it would be vital that a viable source of water is available."" [p.2].","""In this paper, we present a method for autonomous navigation and detection of surface water bodies in the GPS denied environments of Mars via a fully autonomous UAV."" [p.2]",OTHER,"""multispectral sensor"" [p.3]",NOT_REPORTED,NOT_REPORTED,Simulation framework with VINS-mono for navigation and rudimentary multispectral sensor for water detection,NOT_REPORTED,"""quadcopter"" assumed [p.2]",SYSTEM,SIM,NO_BASELINE,"""The calculated RMS error values in the x, y and z coordinates were 28.4726, 28.4202 and 1.8761 meters respectively."" [p.8].","| metric | value + unit | baseline value | page |
| RMS error x (first path) | 28.4726 m | NO_BASELINE | p.8 |
| RMS error y (first path) | 28.4202 m | NO_BASELINE | p.8 |
| RMS error z (first path) | 1.8761 m | NO_BASELINE | p.8 |
| RMS error x (second path) | 21.1160 m | NO_BASELINE | p.8 |
| RMS error y (second path) | 27.9689 m | NO_BASELINE | p.8 |
| RMS error z (second path) | 2.2144 m | NO_BASELINE | p.8 |","""With loop closure optimisation, the RMS error values in the x, y and z coordinates were 30.3348, 44.9588 and 2.9887 meters respectively. This performed worse than no loop closure optimisation"" [p.8].","""The current model of the multispectral sensor has some severe limitations. The major limitation of this model is that the standard water index (mNDWI) does not give the expected value"" [p.8]. Also ""the machine on which the simulation was running began to lag due to the large amount of data being processed (30 Gb)"" [p.8].","""Finally, we provide several recommendations for future research... 1. Exploring the concept of combining VINS-mono with star sensors... 2. Using the Kalibr calibration tool... 3. Exploring a solution to use reflectance values instead of radiance values..."" [p.9].",NOT_REPORTED,"The paper is an author accepted manuscript. The title page says ""This may be the author's version..."". The year is 2020 from conference. The simulation had performance issues. The custom water index was used because mNDWI didn't work. The paper has a typo ""affect"" instead of ""effect"" in ""inverse affect"" [p.8]. Also ""flight flight controller"" typo [p.9].",VERIFIED
REC_0095,Cooperative Relative Localization for UAV Swarm in GNSS-Denied Environment: A Coalition Formation Game Approach,"Lang Ruan, Guangxia Li, Weiheng Dai, Shiwei Tian, Guangteng Fan, Jian Wang, and Xiaoqi Dai",2022,IEEE Internet of Things Journal,10.1109/JIOT.2021.3130000,"China (Army Engineering University of PLA, National Innovation Institute of Defense Technology)","""Unmanned aerial vehicle (UAV) swarms require accurate relative localization to safeguard flight missions in the global navigation satellite system-denied environment due to a lack of absolute position information."" [p.1].","""In a GNSS-denied environment, signals can be obscured or jammed with for many reasons, including electromagnetic shielding, signal jamming, spoofing attacks, or other catastrophic GNSS failure events."" [p.1].","""This article proposes a clustering-based cooperative relative localization scheme for UAV swarm"" [p.1]",COOPERATIVE,"""sensor devices installed on their fuselage to perform ranging, positioning calculations, and data transmission"" [p.3]",MIXED,NOT_REPORTED,Clustering-based cooperative relative localization with coalition formation game,NOT_REPORTED,UAV swarm [p.1],METHOD,SIM,"""4/6/8/10 CA-FIX and global localization"" [p.14]","""Simulation results show that the proposed CFG algorithms shorten the ranging time compared with global localization and achieve better localization performance (localization error and success rate) than contrast algorithms."" [p.17].","| metric | value + unit | baseline value | page |
| RMSE (4 CA-CFG) | 38.24 m | NO_BASELINE | p.15 |
| LocSR (4 CA-CFG) | 79.53% | NO_BASELINE | p.15 |
| RMSE (10 CA-CFG) | 22.3 m | NO_BASELINE | p.15 |
| LocSR (10 CA-CFG) | 71.09% | NO_BASELINE | p.15 |","""the total utility under 8 CA-CFG and 10 CA-CFG is nearly the same, while under 6 CS-CFG and 4 CA-CFG is worse."" [p.13].","""when the border size exceeds 5000 m, the proposed CA-CFG algorithms cannot solve the packet loss caused by long-distance ranging but still have made a very noticeable localization performance compared with comparison algorithms."" [p.15].","""Considering that multilevel localization is an excellent theoretical basis and algorithm guidance for long-distance ranging, overlapping BDs between clusters, overlapping coalition formation (OCF) games can be adopted for the system model to achieve better localization performance."" [p.16].",NOT_REPORTED,"The paper has a typo: ""CS-CFG"" should be ""CA-CFG"" in one place [p.13]. Also ""intercoalition"" vs ""inter-cluster"" used inconsistently. The DOI is not printed. The page numbers in the header: Vol. 9, No. 13, July 1, 2022.",VERIFIED
REC_0096,Cooperative UWB-Based Localization for Outdoors Positioning and Navigation of UAVs aided by Ground Robots,"Yu Xianjia, Li Qingqing, Jorge Peña Queralta, Jukka Heikkonen, Tomi Westerlund",2021,NOT_REPORTED,10.1109/ICAS49788.2021.9551177,Finland (University of Turku),"""Accurate navigation and localization, required for precise data collection in many industrial applications, often relies on RTK GNSS. These systems, able of centimeter-level accuracy, require a setup and calibration process and are relatively expensive."" [p.1].","""As UAVs become ubiquitous across different domains and application areas [5], having access to more flexible and lower-cost solutions to precise UAV navigation can aid in accelerating adoption and widespread use."" [p.1].","""This paper addresses the problem of accurate positioning and navigation of UAVs through cooperative localization. Inexpensive ultra-wideband (UWB) transceivers installed on both the UAV and a support ground robot enable centimeter-level relative positioning."" [p.1]",UWB,"""four UWB responder transceivers"" on ground robot [p.3]; ""two UWB transceivers and an Intel RealSense tracking camera T265"" on UAV [p.3]",MIXED,NOT_REPORTED,Cooperative UWB-based relative localization,NOT_REPORTED,"""a single ground robot and a UAV"" [p.3]",SYSTEM,BOTH,"""GNSS, UWB, and VIO"" [p.1]","""For the small UGV setting, the error goes over 1m almost 20% of the time, being highly unstable."" [p.3].","| metric | value + unit | baseline value | page |
| Position error (small UGV) | >1 m ~20% of time | NO_BASELINE | p.3 |
| Navigation error (anchors >10m) | <10 cm | NO_BASELINE | p.3 |
| UWB error (vertical, 30m) | significantly smaller than GNSS | NO_BASELINE | p.3 |","""We observe that the positioning error consistently decreases as the anchors become more separated."" [p.3].","""VIO is more accurate but only during the first few seconds of flight, before it rapidly loses accuracy and diverges when the UAV altitude increases."" [p.3].","""Future work will focus on integrating UWB with GNSS data and performing experiments in more varied environments. We will also analyze different anchor configurations and consider additional robots."" [p.4].","""This research work is supported by the Academy of Finland's AutoSOS project (Grant No. 328755) and RoboMesh project (Grant No. 336061)."" [p.4]","The paper does not state a publication venue. The year 2021 is inferred from the reference list (latest 2021) and the arXiv preprint number in reference [10] ""arXiv:2103.13488, 2021"". The paper mentions ""Algorithm ??"" which indicates a missing reference in the source. The paper uses ""estate"" instead of ""state"" in several places (e.g., ""estate estimation""), which is a typo in the source.",VERIFIED
REC_0102,Quantum-Enhanced Multi-Sensor Fusion for UAV Navigation in GPS-Denied Environments,"Ahlam Moussa, Ilham Nait Him, Kacem Chawqi, Yassine Salih-Alj",2026,2026 International Conference on Frontiers of Engineering and Emerging Technologies (FET),10.1109/FET68771.2026.11601505,Morocco (Al Akhawayn University in Ifrane),"""Reliable navigation in GPS-denied or degraded environments remains a core challenge for Unmanned Aerial Vehicles (UAVs), as inertial-vision systems accumulate drift over time."" [p.1].","""The proposed architecture combines high-rate classical sensing with low-rate, bias-stable quantum corrections to suppress long-term drift during GNSS outages."" [p.1].","""this paper proposes a feasibility study of a quantum-enhanced multi-sensor fusion framework that integrates cold-atom accelerometer-inspired aiding and NV-center-based heading stabilization with conventional IMU, camera, and LiDAR measurements inside a unified Extended Kalman Filter (EKF)."" [p.1]",HYBRID,"""IMU/Camera/LiDAR"" [p.1]",MIXED,NOT_REPORTED,Quantum-enhanced multi-sensor fusion framework,"""EuRoC MAV benchmark"" [p.1]","""UAV"" [p.1]",METHOD,SIM,"""standard IMU+GPS/VO-style EKF"" [p.1]","""the quantum-enhanced EKF remains below this threshold for nearly 0.47 s, a 19-fold improvement."" [p.4].","| metric | value + unit | baseline value | page |
| Holdover time (quantum) | 0.47 s | Conventional ~0.03 s | p.4 |
| Holdover improvement | 19-fold | NO_BASELINE | p.4 |
| Drift-rate improvement | 1.8x | NO_BASELINE | p.4 |","""The quantum-enhanced EKF shows a noticeably narrower, and more concentrated histogram, indicating reduced variability. The improvement in drift-rate stability is approximately 1.8x relative to the conventional EKF."" [p.5].","""Optomechanical and atom-based quantum sensors introduce notable SWaP penalties compared to classical MEMS devices. Although hybrid optomechanical sensors improve measurement robustness and bandwidth, their optical assemblies require tight environmental control and laser stabilization, making integration into compact UAVs difficult."" [p.5].",NOT_REPORTED (paper concludes with deployment considerations),NOT_REPORTED,"The paper is a feasibility study using simulated GPS-denial with real IMU data. Table II has a typo: ""Total~810,189"" and the individual costs sum to $810,189 but the table says ""Total~810,189"". The cost for Q-ACC is $800,000 which dominates. The paper mentions ""Sec. VII concludes the paper"" but the extracted text appears to end at Section VI with references. The reference list is included. There is a typo ""drawdown inertial navigation equations"" [p.3] which should be ""dead-reckoning"". The phrase ""clamped"" appears in Table I.",VERIFIED
REC_0107,Augmented Radar Odometry by Nested Optimal Filter Aided Navigation for UAVS in GNSS Denied Environment,"S. Zahran, M. Mostafa, M. Moussa, A. Salib, A. Moussa, N. El-Sheimy",2021,"2021 International Telecommunication Conference, ITC-Egypt'2021",10.1109/ITC-EGYPT52936.2021.9513978,Canada (University of Calgary),"""Although most of these UAVs are equipped with Global Navigation Satellite System (GNSS) / Inertial Navigation System (INS) reliable integrated system for localization proposes, they are susceptible to lose their GNSS signals under some environmental and artificial challenging circumstances such as, flying in urban areas, jamming, and spoofing."" [p.1].","""This paper presents a nested optimal filter approach (G-H filter, Extended Kalman Filter (EKF)) for UAVs in GNSS denied environment, to enhance the estimated positioning accuracy by integrating the Radar Odometry (RO)/INS/MAG to sustain a reliable navigation solution during GNSS outage."" [p.1].","""First, the UAV relative velocity is calculated based on image processing approach from the radar range doppler map, then the G-H filter is deployed to improve the accuracy of the vehicle estimated forward velocities based on the vehicle dynamic characteristics to reduce the effect of unrealistic velocity estimate from the radar. These improved velocities are then fused with the Inertial Measurement Unit (IMU), magnetometer, and barometer via EKF to mitigate the positioning RMS errors during the GNSS signals outages."" [p.1]",HYBRID,"""FMCW radar"" [p.2]",MIXED,NOT_REPORTED,Nested optimal filter (G-H filter + EKF) with Radar Odometry/INS/MAG,NOT_REPORTED,"""3DR SOLO quadcopter"" [p.2]",METHOD,REAL,"""stand-alone IMU dead reckoning solution integrated with MAG"" [p.4]","""The proposed system 2D RMS errors reached 1.5 m during 240 seconds of a complete GNSS system outage, while the performance of the IMU dead reckoning/mag integration reached thousands of meters for 2D RMS error"" [p.4].","| metric | value + unit | baseline value | page |
| 2D RMSE (proposed, 1 min outage) | 1.95 m | IMU DR 165 m | p.4 |
| 2D RMSE (proposed, 2 min outage) | 1.77 m | IMU DR 1470 m | p.4 |
| 2D RMSE (proposed, 3 min outage) | 1.58 m | IMU DR thousands | p.4 |
| 2D RMSE (proposed, 4 min outage) | 1.49 m | IMU DR thousands | p.4 |
| RMS error of velocity | 0.98 m/s | NO_BASELINE | p.3 |","""The experimental results revealed the massive enhancement in the navigational system solution of the proposed method when compared to the IMU/magnetometer dead reckoning solution."" [p.4].","""the navigation systems can maintain reliable performance during GNSS signal outages for a limited time period. This limitation raises the need for a different aiding system to bound the low-cost MEMS-based IMU drift during the unavailability of the GNSS system."" [p.4].",NOT_REPORTED,NOT_REPORTED,"The paper uses ""UAVS"" in the title instead of ""UAVs"" [p.1]. The author affiliation for M. Mostafa lists ""Air Defence Collage"" which is a typo for ""College"" [p.1]. The equations for the G-H filter are presented but Eq. 2 is missing (only Eq. 1, 3, 4 are numbered). The reference list is included. The paper mentions ""G-H filter [19]"" and ""EKF [20]"".",VERIFIED
REC_0111,Position Estimation for Drones based on Visual SLAM and IMU in GPS-denied Environment,"Hamid Didari Khamseh Motlagh, Faraz Lotfi, Hamid D. Taghirad, Saeed Bakhshi Germi",2019,Proceedings of the 7th RSI International Conference on Robotics and Mechatronics (ICRoM 2019),NOT_REPORTED,Iran (K.N. Toosi University of Technology),"""The majority of current works are persistently using a global positioning system (GPS) to directly find the absolute position of the drone. However, GPS accuracy might be not suitable in some applications and this solution is not applicable to all situations."" [p.1].","""In this paper, a positioning system based on monocular SLAM and inertial measurement unit (IMU) is presented."" [p.1].","""The position is calculated through the semi-direct visual odometry (SVO) method alongside IMU data, and is integrated with an extended Kalman filter (EKF) to enhance the efficiency of the algorithm."" [p.1]",SLAM,"""monocular camera"" [p.1]",MIXED,NOT_REPORTED,Monocular SLAM and IMU fusion with EKF,NOT_REPORTED,"""Hexa-rotor"" [p.4]",METHOD,REAL,"""reference [9]"" [p.2]","""The RMSE of error is 9.43 meters which is 0.62% of the traveled distance."" [p.5].","| metric | value + unit | baseline value | page |
| RMSE (first test) | 9.43 m | NO_BASELINE | p.5 |
| RMSE (second test) | 0.7 m | NO_BASELINE | p.5 |
| Error percentage (first test) | 0.62% of traveled distance | NO_BASELINE | p.5 |
| Error percentage (second test) | 0.35% of traveled distance | NO_BASELINE | p.5 |","""the EKF is able to estimate the scale factor correctly as long as the initial error is under >50"" [p.4-5].","""Since the vertical position estimation of monocular SLAM has a large drift, it is better to have a separate altitude control system."" [p.3].",NOT_REPORTED,NOT_REPORTED,"The paper is from ICRoM 2019. Equation (10) has a typo: ""Q_d = AG_cQ_cG_c^TA^T"" but the definition of G_c is given. The text mentions ""a position error of ±1 cm has to be taken into consideration"" but this is from a different paper (REC_0102). This paper has a typo ""notion model"" should be ""motion model"" [p.3]. The page header shows ""123"" and ""120"" on different pages, which are the IEEE copyright numbers, not page numbers.",VERIFIED
REC_0115,Low Computational Data Fusion Approach Using INS and UWB for UAV Navigation Tasks in GPS-Denied Environments,"Xiaoying Kong, Gengfa Fang, Li Liu, Tich Phuoc Tran",2019,"2019 20th International Conference on Parallel and Distributed Computing, Applications and Technologies (PDCAT)",10.1109/PDCAT.2019.00080,Australia (University of Technology Sydney),"""One type of sensor is unable to achieve all of the quality requirements. For example, if only use GNSS as navigation signal reference, the signal may not be available in some conditions. If only use inertial measurement unit, the computation process of IMU will increase the error growth over time; and navigation tasks will lose the accuracy and reliability."" [p.1].","""To achieve the navigation quality, sensor data integration has been used as the solution. ... However the data fusion process increases the computational load. This results the increasing of the weight, size, complexity and energy consuming of the onboard computing unit."" [p.1].","""We developed a data fusion architecture that does not use these filters. We use an ultra-light-coupling fusion architecture."" [p.1]",HYBRID,"""Inertial Measurement Unit (IMU)"" as primary, ""Ultra-wideband system (UWB)"" as secondary [p.1]",MIXED,NOT_REPORTED,Ultra-Light-Coupling data fusion,NOT_REPORTED,"""UAV"" [p.1]",METHOD,SIM,"""conventional filtering approaches in literature"" [p.3]","""position errors are bound to 20cm for North and Up, 50cm for East."" [p.5].","| metric | value + unit | baseline value | page |
| Position error (North) | < 20 cm | NO_BASELINE | p.5 |
| Position error (Up) | < 20 cm | NO_BASELINE | p.5 |
| Position error (East) | < 50 cm | NO_BASELINE | p.5 |","""This demonstrates that the computation load is largely reduced using our ultra-light-coupling approach."" [p.4].","""the computation process of IMU will increase the error growth over time; and navigation tasks will lose the accuracy and reliability."" [p.1].","""Future research will be applying more types of navigation sensors for data fusion. The optimal sensor set for UAV tasks can be decided by comparison of navigation system accuracy and reliability, computational load, sensor weight, size of different types of low cost sensors."" [p.5].",NOT_REPORTED,"The paper uses ""The"" instead of ""the"" in the title of Section III (""THE ULTRA-LIGHT-COUPLING DATA FUSION APPROACH"") [p.2]. The paper claims ""Ultra-Light-Coupling Architecture"" can be the ""5th type of fusion architecture"" [p.3]. The paper mentions ""Big O notation"" but doesn't use it. The simulation uses a 3D path and the results are shown in figures.",VERIFIED
REC_0118,A Vision-Aided Navigation System by Ground-Aerial Vehicle Cooperation for UAV in GNSS-Denied Environments,"Zi-Hao Wang, Te Zhang, Kai-Yu Qin, Bo Zhu",2018,NOT_REPORTED,NOT_REPORTED,China (University of Electronic Science and Technology of China),"""Modern UAVs are expected to be able to fly safely through the area where GNSS signal is weak or even could not be received."" [p.1].","""In order to realize it, the intuitive idea is by adding some airborne sensors and processor chips, which is, however, not practically feasible for the UAVs that have limited payload capability and online-computing resources."" [p.1].","""we developed and verified a vision-aided guidance system using the air-ground robot cooperation."" [p.2]",COOPERATIVE,"""monocular camera, IMU and atmospheric pressure sensor"" on UAV [p.2]; ""Microsoft Kinect V2"" on ground robot [p.2]",INDOOR,NOT_REPORTED,Vision-aided navigation system by ground-aerial vehicle cooperation,NOT_REPORTED,"""commercial quadrotor Parrot AR.Drone2.0 and the ground robot is Turtlebot2"" [p.2]",SYSTEM,REAL,"""external motion capture system named as SVW4.V1"" [p.4]","""The RMSE of x, y and z axes are 3.1 cm, 1.7 cm and 0.9 cm respectively."" [p.5].","| metric | value + unit | baseline value | page |
| RMSE (Exp 1, x) | 3.1 cm | NO_BASELINE | p.5 |
| RMSE (Exp 1, y) | 1.7 cm | NO_BASELINE | p.5 |
| RMSE (Exp 1, z) | 0.9 cm | NO_BASELINE | p.5 |
| RMSE (Exp 2, x) | 4.6 cm | NO_BASELINE | p.5 |
| RMSE (Exp 2, y) | 6.8 cm | NO_BASELINE | p.5 |
| RMSE (Exp 2, z) | 5.4 cm | NO_BASELINE | p.5 |
| RMSE (Exp 3, x) | 0.12 m | NO_BASELINE | p.5 |
| RMSE (Exp 3, y) | 0.15 m | NO_BASELINE | p.5 |",NOT_REPORTED,"""PTAM algorithm has a poor robustness against rotation. Once the aircrafts yaw rotates too fast, the algorithm can be easy to fail."" [p.6].
""in scenes like corridors where the distance of front feature points are relatively long and there are white walls on both sides, the system may fail easily."" [p.6].","""Facing such a situation where visual information is extremely poor, we may consider adding sensors like lidar and ultrasound."" [p.6].","""This work was supported by National Natural Science Foundation of China (Grant No. 61773095) and the Fundamental Research Funds for the Central Universities (Grant No.ZYGX2016J161)."" [p.6]","The paper contains typos: ""aircrafts"" should be ""aircraft's"", ""can be easy to fail"" should be ""can easily fail"", ""the low chassis of the ground robot"" etc. No publication year or venue is printed. The year is inferred to be around 2018 based on references, but uncertain. The paper won second prize at the Third China Graduate Future Aircraft Innovation Competition.",VERIFIED
REC_0123,Visual-based landing system of a multirotor UAV in GNSS denied environment,"Adam Marut, Konrad Wojtowicz, Przemyslaw Wojciechowski, Krzysztof Falkowski",2023,NOT_REPORTED,10.1109/METROAEROSPACE57412.2023.10190013,Poland (Military University of Technology),"""The availability of GNSS signals is essential for most commercial UAVs, but unfortunately, these signals can be lost in certain environments or intentionally denied in military operations."" [p.1].","""Therefore, visual-based landing systems can provide an alternative solution to enable a low-cost system for precisely landing UAVs in GNSS-denied environments."" [p.1].","""This paper proposes a multi-camera landing aid system based on ArUco markers."" [p.1]",VISION_OBJECT,"""three camera modules with an ultra-wide, wide and telephoto lens"" [p.2]",MIXED,NOT_REPORTED,Multi-camera landing aid system based on ArUco markers,NOT_REPORTED,"""multirotor UAV"" [p.1]",SYSTEM,REAL,NO_BASELINE,NOT_REPORTED,NOT_REPORTED,NOT_REPORTED,"""limited accuracy: UAV landing systems can be limited in their accuracy due to a variety of factors such as sensor noise, environmental conditions, and system calibration errors"" [p.1].","""Integration with other sensors: Visual-based landing systems can be integrated with other sensors such as LiDAR, radar, or sonar to improve the accuracy and robustness of the system."" [p.4].",NOT_REPORTED,"This is a review and proposal paper with no experimental validation. The abstract states it ""overviews recent research"" and ""proposes a multi-camera landing aid system"". The paper includes planned tests but no results. Status is partial. No publication year or venue is printed. The reference list includes 2023 papers, suggesting recent work.",VERIFIED
REC_0131,Digital Twin for Drone Indoor Autonomous Navigation,"M. Jaswanth Kumar, Satyam Singh, Ahnaf Saneen, Della Thomas",2025,NOT_REPORTED,10.1109/LSENS.2025.3642424,India (IIIT Kottayam),"""achieving precise flight control, efficient obstacle avoidance, and reliable real-time decision-making remains challenging, particularly in GPS-denied or cluttered environments."" [p.1].","""To address these issues, this work integrates a digital twin (DT) framework with the UAV's control and perception system, creating a synchronized virtual replica that continuously mirrors the drone's physical state."" [p.1].","""A digital twin (DT)-based framework for autonomous drone navigation in GPS-denied indoor environments is presented in this letter."" [p.1]",OTHER,"""overhead camera and OpenCV provide vision-based localization"" [p.1]",INDOOR,NOT_REPORTED,Digital Twin (DT)-based framework for autonomous drone navigation,"""504 cardboard images"" [p.3]","""ESP32-controlled drone"" [p.1]",SYSTEM,BOTH,"""DT-based UAV navigation studies"" [p.4]","""The proposed DT system achieves an RMS trajectory deviation of approximately 0.015 m, representing an order-of-magnitude improvement compared with DT-based uncrewed aerial vehicle (UAV) navigation studies under similar experimental conditions"" [p.1].","| metric | value + unit | baseline value | page |
| RMS trajectory deviation | ~0.015 m | DT-based UAV studies: 0.07-0.10 m | p.1, p.4 |
| mAP | ~0.994 | NO_BASELINE | p.1 |
| Precision | 1.000 | NO_BASELINE | p.3 |
| Recall | 0.982 | NO_BASELINE | p.3 |
| mAP@50-95 | 0.88 | NO_BASELINE | p.3 |",NOT_REPORTED,"""First, the evaluation is based on an indoor, visually controlled environment where ArUco markers provide stable metric references; performance in outdoor or partially textured environments may exhibit higher localization drift. Second, the trajectory reconstruction is derived from video-based detection rather than direct onboard flight logs... Third, the dynamics modeled in the DT do not incorporate full aerodynamic disturbances or actuator saturation effects"" [p.4].","""Future work will integrate onboard sensing, more detailed quadrotor dynamics, and hardware-in-the-loop testing to validate the framework across larger scale and higher dynamic scenarios."" [p.4].",NOT_REPORTED,"The paper contains inconsistencies in the YOLO model version: abstract says YOLOv11-nano, but Section III uses YOLOv8-nano, and one figure caption mentions YOLOv9 nano. The manuscript received 21 November 2025; accepted 4 December 2025; date of publication 10 December 2025; date of current version 6 January 2026. The venue is not explicitly stated but appears to be an IEEE letter.",VERIFIED
REC_0138,Autonomous Exploration and Mapping System Using Heterogeneous UAVs and UGVs in GPS-Denied Environments,"Hailong Qin, Zehui Meng, Wei Meng, Xudong Chen, Hao Sun, Feng Lin, and Marcelo H. Ang",2019,IEEE Transactions on Vehicular Technology,10.1109/TVT.2018.2890416,"Singapore (National University of Singapore, Temasek Laboratories)","""One of the most demanding capability of the autonomous vehicles is being able to navigate and execute tasks autonomously in complex environments, especially in GPS-denied environments."" [p.1].","""In this work, we focus on the problem of autonomous exploration and reconstruction (mapping) for operation in GPS-denied and fully unknown 3D environments."" [p.1].","""we present a novel integrated vehicular system using collaborative unmanned aerial vehicles (UAVs) and unmanned ground vehicles (UGVs) for autonomous exploration, mapping, and navigation in GPS-denied 3-dimensional (3-D) unknown environments."" [p.1]",COOPERATIVE,"UAV: ""rotary LIDAR device"" and ""stereo camera (ZED)"" [p.2]; UGV: ""3D LIDAR"" and ""RGB-D sensor (KINECT)"" [p.2]",MIXED,NOT_REPORTED,Collaborative UAV-UGV exploration and mapping system,NOT_REPORTED,"""quadrotor platform"" for UAV [p.2]; ""Mecanum wheels"" UGV [p.2]",SYSTEM,BOTH,"""2.5D frontier based scheme"", ""Receding Horizon NBV planner"" [p.8]","""the independent 2.5D mapping by the UGV is only able to cover up to approximately 60% of the specified bounding box of the 3D exploration space"" [p.9].","| metric | value + unit | baseline value | page |
| UGV independent coverage | ~60% of 3D exploration space | NO_BASELINE | p.9 |
| Exploration time (collaborative) | Lower than independent | NO_BASELINE | p.9 |","""the collaborative scheme is more advantageous in this large-scale environment in terms of total exploration time"" [p.10].",NOT_REPORTED,NOT_REPORTED,"""This work was supported by the National Natural Science Foundation of China under Grants NSFC 61803105 and U1701264."" [p.1]","The paper has a few typographical errors: ""AUTONOMOUS robots such as unmanned aerial vehicles UAVs)"" missing opening parenthesis [p.1]. Also ""GPS-denied"" vs ""GPS-denied"" inconsistencies. The paper is an IEEE TVT paper. The DOI is provided.",VERIFIED
REC_0149,Vision-Based Global Localization for UAVs Using Deep Convolutional Neural Networks,"Mohamed Elbalshy, Sherif Mostafa, Ahmed M. Kamel",2021,2021 IEEE Conference on Frontiers in Power and Control Systems (IPCS),10.1109/IPCS69631.2026.11604264,"Egypt (A.F. Research and Development Center, Military Technical College)","""A key challenge for UAVs is maintaining reliable navigation, especially in environments where GPS signals may be blocked, jammed, or unavailable [1]."" [p.1].","""Therefore, it is important to develop navigation methods that enable UAVs to operate safely without depending on traditional positioning systems."" [p.1].","""The proposed approach uses deep learning models trained on aerial map patches and high-resolution images captured directly by the unmanned aerial vehicles (UAV), enabling accurate position estimation without relying on GPS signals."" [p.1]",VISION_OBJECT,"""onboard cameras"" [p.1]",MIXED,NOT_REPORTED,Vision-based navigation system with deep CNN and map-patch matching,"""high-resolution satellite imagery"" [p.1]","""UAV"" [p.1]",METHOD,REAL,"""TransGeo"" [p.1]","""After filtering, localization errors are reduced... mean localization error of 9.71 m, with most predictions within 5-15 m of the ground truth"" [p.6].","| metric | value + unit | baseline value | page |
| Mean localization error | 9.71 m | TransGeo 18.00 m | p.5 |
| Median localization error | 8.75 m | TransGeo 17.97 m | p.5 |
| Std localization error | 5.60 m | TransGeo 8.26 m | p.5 |
| Max localization error | 31.28 m | TransGeo 39.53 m | p.5 |
| Training loss (final) | 0.1172 | NO_BASELINE | p.4 |
| Mean validation GPS error (final) | 12.54 m | NO_BASELINE | p.5 |",NOT_REPORTED,NOT_REPORTED,"""Future work includes eliminating the need for UAV-specific training data by using pre-trained networks from geo-referenced map patches and implementing real-time localization for fully autonomous operation."" [p.6].",NOT_REPORTED,"The header on page 1 says ""2021 IEEE Conference on Frontiers in Power and Control Systems (IPCS)"", but the footer on page 5 says ""2021CEENG International Conference for Innovations in Power and Control Systems (IPCS)"". This is an inconsistency in the source. The paper does not state a DOI. There is a typo in the abstract: ""guided aerial vehicles"" likely means ""guided aerial vehicles"".",VERIFIED
REC_0155,Cooperative Navigation and Guidance of a Micro-Scale Aerial Vehicle by an Accompanying UAV using 3D LiDAR Relative Localization,"Václav Pritzl, Matouš Vrba, Petr Štěpán, Martin Saska",2022,2022 International Conference on Unmanned Aircraft Systems (ICUAS),NOT_REPORTED,Czech Republic (Czech Technical University),"""As there is generally no GNSS or external localization system available in real-world indoor environments, the UAVs need to rely on their exteroceptive sensors to localize themselves and perceive the environment."" [p.1].","""In this paper, we propose a cooperative navigation approach synergizing the advantages of both types of sensors."" [p.2].","""A novel approach for cooperative navigation and guidance of a micro-scale aerial vehicle by an accompanying Unmanned Aerial Vehicle (UAV) using 3D Light Detection and Ranging (LiDAR) relative localization is proposed"" [p.1]",COOPERATIVE,"Primary: ""Ouster OS0-128 3D LiDAR"" [p.6]; Secondary: ""Bluefox MLC200Wc camera with the DSL217 fisheye lens"" [p.6]",INDOOR,NOT_REPORTED,Cooperative navigation with 3D LiDAR relative localization,NOT_REPORTED,"""Primary UAV is built upon the Tarot 650 frame"" [p.6]",SYSTEM,BOTH,"""VIO self-localization"" [p.5]","""The overall 2D RMSE of the LiDAR localization was 0.13m and its overall 3D RMSE was 0.34m."" [p.6].","| metric | value + unit | baseline value | page |
| LiDAR relative localization 2D RMSE | 0.13 m | NO_BASELINE | p.6 |
| LiDAR relative localization 3D RMSE | 0.34 m | NO_BASELINE | p.6 |
| VIO drift (example) | >1 m | NO_BASELINE | p.9 |",NOT_REPORTED,"""The accuracy of LiDAR relative localization was influenced by the measurement delay caused by LiDAR processing time."" [p.9].","""Future work will also focus on the estimation of relative orientation between the localization outputs and fusion of LiDAR detections with the VIO output to remove the simplifying assumptions of the current approach."" [p.9].",NOT_REPORTED,"The paper does not explicitly state the DOI. The venue is inferred from the multimedia attachment URL ""icuas2022-coop"" and the header ""2022 IEEE. Personal use..."". The paper contains a typo in the abstract: ""cooperative navigation and guidance architecture"" is later written as ""cooperative navigation and guidance architecture"" in the text. There is a reference to ""MRS UAV System"" and ""VINS-Mono"".",VERIFIED
REC_0161,Sensor Fusion for Autonomous Indoor UAV Navigation in Confined Spaces,"Alice James, Avishkar Seth, Endrowednes Kuantama, Subhas Mukhopadhyay, Richard Han",2023,NOT_REPORTED,10.1109/ICST59744.2023.10460820,Australia (Macquarie University),"""The difficulty of autonomous navigation in constrained, GPS-denied indoor environments is substantial"" [p.1].","""In this paper, we address the challenge of navigating through unknown indoor environments using autonomous aerial robots within confined spaces."" [p.1].","""a deep learning-enhanced multi-sensor fusion SLAM system for autonomous indoor environment exploration of UAVs is proposed."" [p.1]",HYBRID,"""ZED 2i stereo camera"", ""Intel RealSense d455"", ""Slamtec RPLidar A1M8 laser scanning"", ""IMU"" [p.1]",INDOOR,NOT_REPORTED,Sensor fusion with RTAB-Map,NOT_REPORTED,"""295 mm carbon fiber quadrotor frame"" [p.2]",SYSTEM,REAL,"""Monocular Camera Only"", ""Depth Camera + IMU"" [p.4]","""Our results showcase a promising navigation accuracy, with errors as low as 0.4 meters, and mapping quality characterized by a Root Mean Square Error (RMSE) of just 0.13 m."" [p.1].","| metric | value + unit | baseline value | page |
| Navigation Accuracy (Depth+IMU+LiDAR) | 0.4 m | Monocular 0.7 m, Depth+IMU 0.5 m | p.4 |
| Mapping Quality RMSE (Depth+IMU+LiDAR) | 0.13 m | Monocular 0.22 m, Depth+IMU 0.15 m | p.4 |
| Orientation error rate | 0.1% | NO_BASELINE | p.5 |","""Table I provides a comparison of 3 different sensor configurations for the UAV system navigation."" [p.4].","""the choice of sensor configuration needs to be balanced considering a trade-off between accuracy, cost, energy consumption, and weight requirements."" [p.4].","""future research directions may focus on enhancing the system's adaptability and obstacle avoidance capabilities in dynamic indoor settings."" [p.6].",NOT_REPORTED,"The paper does not state a publication year or venue. References include 2023 papers, but no explicit year is given. The header on page 1 shows authors and affiliations but no conference/journal name. The paper contains a typo: ""RPL- idar"" instead of ""RPLidar"" [p.3]. There is also a typo ""on board"" vs ""onboard"".",VERIFIED
REC_0165,UAV Cross-View Image Retrieval and Visual Geo-localization in GNSS-Denied Environments,"Yu-Chi Tai, Hui-Yu Shen, Chang-Pei Yi",2016,2016 IEEE International Conference on Consumer Electronics - Taiwan (ICCE-Taiwan),10.1109/ICCE-TAIWAN71481.2026.11652687,"Taiwan (National Changhua University of Education, Chienkuo Technology University)","""UAV navigation often fails in GNSS-denied environments such as urban canyons."" [p.1].","""To address this issue, cross-view geo-localization matches UAV and satellite images for positioning."" [p.1].","""We propose an end-to-end cross-view geo-localization framework mitigating geometric and appearance discrepancies."" [p.1]",VISION_OBJECT,"""UAV images"" and ""satellite images"" [p.1]",URBAN_CANYON,NOT_REPORTED,Cross-view geo-localization framework with ConvNeXt-Base,"""University-1652"", ""DenseUAV"" [p.1]","""UAV"" [p.1]",METHOD,SIM,"""LPN, FSRA, Sample4Geo"" [p.2]","""it achieves 93.59% Recall@1 on University-1652 and 93.56% on DenseUAV, outperforming baselines."" [p.1].","| metric | value + unit | baseline value | page |
| Recall@1 (University-1652) | 93.59% | NO_BASELINE | p.1 |
| Recall@1 (DenseUAV) | 93.56% | NO_BASELINE | p.1 |
| Average continuous tracking error | 0.95 m | GLOBAL mode 9.68 m | p.2 |
| R@1 (INDEX) | 95.80% | NO_BASELINE | p.2 |
| mAP (INDEX) | 91.63% | NO_BASELINE | p.2 |","""Table III DenseUAV Model Online Tracking Strategy Ablation Experiment."" [p.2].",NOT_REPORTED,NOT_REPORTED,NOT_REPORTED,"The paper is very short (2 pages). It is a conference paper. The header on page 1 says ""2016 IEEE International Conference on Consumer Electronics - Taiwan (ICCE-Taiwan)"". No DOI is provided. The paper uses ""R@1"" and ""Recall@1"" interchangeably.",VERIFIED
REC_0179,Wireless Local Positioning System for Controlled UAV Landing in GNSS-Denied Environment,"Tatiana Pavlenko, Martin Schütz, Martin Vossiek, Thomas Walter, Sergio Montenegro",2019,NOT_REPORTED,NOT_REPORTED,"Germany (Friedrich-Alexander-Universität Erlangen-Nürnberg, University Wuerzburg)","""However, there are scenarios where a GPS signal is not reliable due to shadowing by obstacles or jamming. This uncertainty in localization is most critical during the UAV landing phase [4]."" [p.1].","""Accounting mentioned GNSS-denied scenarios, a demand for an alternative wireless positioning system for a safe UAV operation has emerged."" [p.1].","""A novel concept for ad-hoc landing of unmanned aerial vehicles (UAV) in GNSS-denied environment is presented in this paper."" [p.1]",OTHER,"""24 GHz secondary radar sensors"" [p.1]",MIXED,NOT_REPORTED,Wireless Local Positioning System (WLPS) with 24 GHz secondary radar,NOT_REPORTED,"""UAV"" [p.1]",SYSTEM,REAL,"""Leica TS30 total station"" [p.3]","""The 3D-positioning of the UAV with the RMSE under 36 cm using only a single beacon and 31 cm using four beacons were achieved."" [p.1].","| metric | value + unit | baseline value | page |
| RMSE 3D positioning (single beacon) | 36 cm | NO_BASELINE | p.1 |
| RMSE 3D positioning (four beacons) | 31 cm | NO_BASELINE | p.1 |
| Angle estimation error (68%) | ≤2° | NO_BASELINE | p.2 |
| Range estimation error (mean) | <20 cm | NO_BASELINE | p.3 |","""Comparing positioning results using single and multiple beacons, we have shown the redundancy of the presented localization concept."" [p.4].","""As the unambiguous angular region of the dome array does not exceed 140° in elevation plane, there are no measurement results for drone height of less than 1 m."" [p.4].","""For further system improvement, the number of radar receive channels can be increased. It would allow to expand the angular coverage of the dome array up to 180° or more in elevation plane and enhance the AOA accuracy."" [p.4].","""This work was financially supported by the Federal Ministry for Economic Affairs and Energy in Germany (BMWi) under the project 'VaMEx LAOLA', registration no. 50NA1528."" [p.4]","The paper does not state a publication year or venue. The header on page 1 lists authors and affiliations but no conference/journal name. Reference [5] has a typo: ""VaMEx - LAOLa"" instead of ""VaMEx - LAOLA"". The paper uses ""ad-hoc"" and ""ad- hoc"" inconsistently. There is a typo in the abstract: ""ad- hoc"" with a space.",VERIFIED
REC_0195,An Autonomous Continuous Positioning Method for Low-Altitude UAVs Based on Image Recognition in GNSS-Denied Environments,"Taozhe Du, Yongjie Lin",2026,NOT_REPORTED,10.1109/RAITS68656.2026.11580149,China (South China University of Technology),"""However, GNSS signals are susceptible to weather conditions and environmental interference. In rainy weather, densely forested areas, or high-rise urban canyons, these signals experience multipath effects or are completely blocked, severely compromising the continuity and reliability of onboard navigation systems."" [p.1].","""Hence, the development of autonomous positioning technologies capable of operating in GNSS-denied environments is imperative to ensure stable and dependable UAV performance in complex scenarios."" [p.1].","""The article proposes a five-stage autonomous continuous positioning method that integrates inertial navigation and image recognition to address the problem of accumulated positioning errors in unmanned aerial vehicles (UAV) in satellite-denied environments."" [p.1]",HYBRID,"""inertial navigation (INS)"" [p.1]",URBAN_CANYON,NOT_REPORTED,Five-stage autonomous continuous positioning method,"""UAV-VisLoc large-scale UAV visual localization dataset"" [p.7]","""UAV"" [p.1]",METHOD,BOTH,"""single-stage template matching"" [p.8]","""two-stage matching can reduce the average plane positioning error from 26.32m in single-stage matching to 12.95m, a decrease of 49.2%."" [p.1].","| metric | value + unit | baseline value | page |
| Average plane positioning error (two-stage) | 12.95 m | Single-stage 26.32 m | p.1 |
| Maximum error (two-stage) | 18.67 m | Single-stage 68.74 m | p.1 |
| Error reduction | 49.2% | NO_BASELINE | p.1 |
| U-Net validation accuracy | 96.35% | NO_BASELINE | p.7 |
| U-Net test accuracy | 94.21% | NO_BASELINE | p.7 |",NOT_REPORTED,"""However, the current implementation only applies inertial navigation to initial positioning."" [p.8].","""In future work, we plan to further integrate inertial navigation data into the entire calculation process to achieve more accurate and higher-frequency continuous positioning."" [p.8].","""This paper was supported in part by Guangdong Basic and Applied Basic Research Foundation (No.2023A15150 30120)."" [p.8]","The paper has no title in the extracted text. The year and venue are not stated. The header on page 1 lists authors and affiliations but no title or publication venue. The paper contains a typo: ""GNSS Standard Positioning Service (SPS)"" should be ""GNSS Standard Positioning Service (SPS)"". The paper references ""UAV-VisLoc"" dataset.",VERIFIED
REC_0196,Navigation of Simultaneous Localization and Mapping by Fusing RGB-D Camera and IMU on UAV,"Xi Dai, Yuxin Mao, Tianpeng Huang, Binbin Li, Deqing Huang",2019,"2019 CAA Symposium on Fault Detection, Supervision and Safety for Technical Processes (SAFEPROCESS)",NOT_REPORTED,China (Southwest Jiaotong University),"""However, the traditional UAV positioning and navigation system cannot respond to the fault in time, especially in the field search and rescue, battlefield reconnaissance and other scenes."" [p.1].","""In this paper, a novel system that enables a UAV to navigation in a GPS-denied environment with an RGB-D (Red, Green, Blue, and Depth) camera and Inertial Measurement Unit (IMU) is presented."" [p.1].","""the IMU information read from the flight controller and the image information read from the RGB-D camera are fused using extended Kalman filter (EKF)."" [p.1]",SLAM,"""RGB-D camera (Intel Realsense R200)"" [p.2]",MIXED,NOT_REPORTED,RGB-D SLAM with IMU fusion via EKF,NOT_REPORTED,"""hexacopter"" [p.2]",SYSTEM,REAL,"""pure RGBD-SLAM"" [p.1]",NOT_REPORTED,NOT_REPORTED,"""Compared with pure RGBD-SLAM, the positioning accuracy of UAV has been improved remarkably owing to the output fusion of RGBD-SLAM and IMU."" [p.1].","""any mismatch in 3D composition will render to positioning error of the RGBD-SLAM algorithm"" [p.1].",NOT_REPORTED,NOT_REPORTED,"The paper has a typo: ""Inter nuc"" should be ""Intel NUC"" [p.2]. Also ""detailedlly"" should be ""detailedly"" [p.3]. The paper uses ""UAV"" and ""drone"" interchangeably. The reference list includes a duplicate entry for [4] and [3] appears to be incomplete.",VERIFIED
REC_0202,Design of A Positioning System for UAV in GPS-denied Environment,"Zhiyang Qiu, Tianer Li, Fenggui Wang",2022,2022 21st International Symposium on Communications and Information Technologies,10.1109/ISCIT55906.2022.9931225,China (Beijing Institute of Technology),"""However, the traditional UAV positioning and navigation system cannot respond to the fault in time, especially in the field search and rescue, battlefield reconnaissance and other scenes."" [p.1].","""This paper focuses on the cooperative positioning technology of UAV cluster system in GPS-denied environment."" [p.1].","""a method for UAV positioning in GPS-denied environment through a multi-sensor fusion algorithm is proposed."" [p.1]",HYBRID,"""IMU and UWB"" [p.4]",MIXED,NOT_REPORTED,Multi-sensor fusion algorithm with IMU and UWB,NOT_REPORTED,"""UAV"" [p.1]",METHOD,SIM,NO_BASELINE,NOT_REPORTED,NOT_REPORTED,"""The simulation results show that the data obtained by this method greatly improves the measurement accuracy compared with the original data."" [p.4].",NOT_REPORTED,"""In the near future we will use this positioning system on our UAVs."" [p.4].",NOT_REPORTED,"The paper has a typo: ""expend"" should be ""expand"" [p.1]. Also ""UVA"" should be ""UAV"" [p.3]. The paper uses ""GPS-denied"" and ""GPSdenied"" inconsistently. The acknowledgment section is unusually informal and personal.",VERIFIED
REC_0208,UAV Pose Estimation in GNSS-Denied Environment Assisted by Satellite Imagery Deep Learning Features,"Huitai Hou, Qing Xu, Chaozhen Lan, Wanjie Lu, Yongxian Zhang, Zhixiang Cui, and Jianqi Qin",2020,IEEE Access,10.1109/ACCESS.2020.3048342,"China (Information Engineering University, Zhengzhou)","""Traditional UAV navigation relies on the Global Navigation Satellite System (GNSS) for localization; however, this system has disadvantages of instability and susceptibility to interference."" [p.1].","""Therefore, to obtain accuracy in UAV pose estimation in GNSS-denied environments, a UAV localization method that is assisted by deep learning features of satellite imagery is proposed."" [p.1].","""a UAV localization method that is assisted by deep learning features of satellite imagery is proposed."" [p.1]",VISION_OBJECT,"""top-view optical camera"" [p.1]",MIXED,NOT_REPORTED,UAV visual localization method based on deep learning features of satellite imageries,"""satellite imageries from Google Maps"" [p.5]","""UAV"" [p.1]",METHOD,BOTH,"""ORB-SLAM, ICLK-PE"" [p.7]","""the average localization error of this method under different trajectories is within 15 m."" [p.1].","| metric | value + unit | baseline value | page |
| Average localization error (Path 1) | 14.53 m | ICLK-PE 27.59 m; ORB-SLAM 45.03 m | p.8 |
| Average localization error (Path 2) | 12.05 m | ICLK-PE 45.88 m; ORB-SLAM 104.30 m | p.8 |
| D2-Net matching accuracy | 94.29% | SIFT 21.88%; SURF 15.38%; DELF 95.52% | p.6 |
| D2-Net matching time | 5.15 s | SIFT 16.58 s; DELF 12.97 s | p.6 |","""the optimization method can effectively reduce the error and increase the localization accuracy by more than 50%."" [p.7].","""the amount of calculation is substantial for the processor on the UAV."" [p.8].","""it is necessary to further reduce the amount of calculation and improve the real-time performance of the algorithm."" [p.8].","""This work was supported by the National Natural Science Foundation of China (NSFC) under Grant 42001338."" [p.1]","The paper has a typo: ""GNSSdenied"" in the title [p.1]. Also ""DGNSS"" appears as ""DGNSs"" in the text [p.1]. The paper uses ""UAV"" and ""drone"" interchangeably.",VERIFIED
REC_0211,SIA-KalmanNet: A Structurally Integrated Attention Kalman Filter for Multi-UAV Localization in Partially GNSS-Denied Environments,"Xiuli Xin, Hongyu Zhou, Xiaoxue Feng, Feng Pan, Jiacheng Wang, and Zhenxu Li",2026,NOT_REPORTED,10.1109/JIOT.2026.3650118,NOT_REPORTED (authors' affiliations not given),"""However, in harsh environments such as urban canyons, dense forests, or disaster zones with collapsed buildings, reliable GNSS signals for every UAV are not guaranteed"" [p.1].","""This heterogeneity motivates the development of multi-UAV cooperative localization, which fuses multisensor information across UAVs."" [p.1].","""this article proposes a structurally integrated attention Kalman filter called SIA-KalmanNet for accurate and robust state estimation."" [p.1]",HYBRID,"""INS, inter-UAV relative distances, and sparse anchor-based measurements"" [p.1]",MIXED,NOT_REPORTED,SIA-KalmanNet (Structurally Integrated Attention Kalman Filter),"""public trajectory data"" [p.7]","""Multi-UAV networks"" [p.1]",METHOD,SIM,"""EKF, KalmanNet_A1, KalmanNet_A2, KalmanFormer"" [p.8]","""the proposed SCA-RMN algorithm achieves an average error of 8.576 m, which represents a 11.8% improvement over KalmanNet_A2 and a 47.0% enhancement compared to the EKF."" [p.8].","| metric | value + unit | baseline value | page |
| Average error (SCA-RMN) | 8.576 m | EKF 16.18 m; KalmanNet_A2 10.71 m | p.8 |
| Improvement vs KalmanNet_A2 | 11.8% | NO_BASELINE | p.8 |
| Improvement vs EKF | 47.0% | NO_BASELINE | p.8 |
| Std. dev. (SCA-RMN) | 0.84 m | EKF 2.21 m; KalmanNet_A2 1.05 m | p.8 |
| Exec. time (SA-RMN) | 0.96 ms | EKF 4.05 ms | p.8 |","""Table III presents the ablation results for SCA-RMN and SA-RMN across the four scenarios (S1-S4)."" [p.11].",NOT_REPORTED,"""real-world UAV flight experiments are planned to validate the proposed framework"" [p.10].",NOT_REPORTED,"This extraction is marked partial: the provided text has no author affiliations, publication year, or venue. The paper contains a typo in the abstract: ""GNSSdenied"" should be ""GNSS-denied"" [p.1]. The paper uses ""uncrewed"" and ""unmanned"" interchangeably.",VERIFIED
REC_0213,A Multi-UAV System for Exploration and Target Finding in Cluttered and GPS-Denied Environments,"Xiaolong Zhu, Fernando Vanegas, Felipe Gonzalez, Conrad Sanderson",2021,2021 International Conference on Unmanned Aircraft Systems (ICUAS),10.1109/ICUAS51884.2021.9476820,NOT_REPORTED,"""There is considerable amount of research on SAR missions in GPS-denied environments with a single UAV [16]-[19]. In contrast, using a team of UAVs to find a target in cluttered and GPS-denied scenarios with efficiency and cooperation is still a challenging problem."" [p.1].","""The use of multiple Unmanned Aerial Vehicles (UAVs) has recently gained more attention for tasks such as real-time monitoring, Search and Rescue (SAR), remote sensing, delivery of goods, precision agriculture, and infrastructure inspection [1]-[5]."" [p.1].","""The framework is based on a probabilistic Decentralised Partially Observable Markov Decision Processes (Dec-POMDP) which accounts for the uncertainties in sensing and the environment."" [p.1]",COOPERATIVE,"""six close range laser sensors"" [p.1]",INDOOR,NOT_REPORTED,Ob-Dec-POMDP,NOT_REPORTED,"""multi-rotor Unmanned Aerial Vehicles (UAVs)"" [p.1]",SYSTEM,SIM,"""Independent, Divided, Informed"" [p.7]","""The reduction in median target finding time was about 23% when one UAV is added to the system."" [p.7].","| metric | value + unit | baseline value | page |
| Success rate (Informed, P1) | 100% | NO_BASELINE | p.7 |
| Success rate (Informed, P2) | 95% | NO_BASELINE | p.7 |
| Success rate (Informed, P3) | 82.5% | NO_BASELINE | p.7 |
| Success rate (Informed, P4) | 87.5% | NO_BASELINE | p.7 |
| Median target finding time reduction | 23% (adding one UAV) | NO_BASELINE | p.7 |","""Table II contrasts the target detection rates for all strategies. ... the Informed setting kept a consistent high successful rate in all simulations"" [p.7].","""Further avenues of research include finding and merging an affordable Simultaneous Localisation and Mapping (SLAM) system into the multi-UAV system framework."" [p.7].","""Moreover, real-world experiments which explore further constraints on the communication network systems can be performed to illustrate versatility of the designed framework."" [p.7].",NOT_REPORTED,"The paper does not state author affiliations in the extracted text, though the authors are known to be from Queensland University of Technology (Australia) based on other works. No DOI is reported.",VERIFIED
REC_0215,GPS-Denied UAV-UGV Relative Positioning System via Vision-UWB Fusion,"Guan Mingyang, Krishna Sagar, Xu Ning",2023,NOT_REPORTED,10.1109/ICIEA58696.2023.10241577,Singapore (A*STAR),"""Locating drones in GPS-denied environments is a challenging task, particularly for hardware platforms with limited computational resources and sensors."" [p.1].","""To achieve accurate and reliable localization, it is common to use a combination of sensors, such as UwBs, IMUs, and cameras, in robotics."" [p.2].","""we propose a real-time drone positioning system that uses a Vision-UWB fusion framework."" [p.1]",HYBRID,"""UWB ranging measurements"" and ""Realsense camera"" [p.3]",INDOOR,NOT_REPORTED,Vision-UWB fusion framework,NOT_REPORTED,"""DJI Mavic 2 equipped with a Decawave UWB tag"" and ""a Husky robot equipped with 4 UWB beacons and a Realsense camera"" [p.3]",SYSTEM,REAL,"""UWB Est., YOLO Det., Fusion"" [p.4]","""The developed UWB-Vision fusion framework provided accurate position estimation for the drone, with average errors of around 0.2 meters and low standard deviation (i.e., around 0.1 meters)"" [p.4].","| metric | value + unit | baseline value | page |
| Average error (1.2 m height, fusion) | 0.182 m | UWB Est. 0.232 m; YOLO Det. 0.134 m | p.4 |
| Average error (1.6 m height, fusion) | 0.194 m | UWB Est. 0.236 m; YOLO Det. 0.155 m | p.4 |
| Average error (2.1 m height, fusion) | 0.241 m | UWB Est. 0.332 m; YOLO Det. 0.153 m | p.4 |","""Table III-B presents a comparison of the drone's position estimation based on UWB ranging, YOLOX detection, and the proposed fusion approach."" [p.4].","""it is worth noting that the tracking results from the developed fusion framework mostly make a trade-off between different information resources, and further improvements can be made to enhance the overall performance of the system."" [p.5].","""additional sensors or algorithms can be incorporated into the framework to provide more accurate and robust state estimation or the parameters of the current fusion algorithm can be further optimized."" [p.5].","""This research/project is supported by A*STAR (C211518001 and C221518005)."" [p.5]","The paper has no title on page 1, no publication year, and no venue. It is an author manuscript. The title is not reported. The paper uses ""UWB"" and ""Ultra-wide Band"" inconsistently.",VERIFIED
REC_0218,A Unified Error-State Kalman Filtering Framework for Multi-Sensor Navigation of Fixed-Wing UAVs in GNSS-Denied Scenarios,"Guillermo E. V. Hernandez, Rafael C. Fernandes, Artem Sorokin, Maheedhar Korimi, Felipe O. Silva",2026,2026 International Conference on Unmanned Aircraft Systems (ICUAS),10.1109/ICUAS69441.2026.11598562,NOT_REPORTED,"""Reliable navigation in Global Navigation Satellite System (GNSS)-denied environments remains a critical challenge for fixed-wing Unmanned Aerial Vehicles (UAVs)."" [p.1].","""In such conditions, Inertial Navigation Systems (INSs) must be aided by heterogeneous sensors to mitigate drift and ensure long-term accuracy."" [p.1].","""This paper presents the development, implementation, and experimental validation of a unified Error-State Extended Kalman Filter (ESEKF) designed for fixed-wing UAV navigation under GNSS-denied and GNSS-degraded scenarios."" [p.1]",HYBRID,"""IMU, magnetometer, barometer, pitot tube with pseudovanes, monocular VIO, CV CNN"" [p.1]",MIXED,NOT_REPORTED,Unified Error-State Extended Kalman Filter (ESEKF),NOT_REPORTED,"""fixed-wing UAV"" [p.1]",METHOD,REAL,"""sensor deactivation tests"" [p.2]","""the proposed ESEKF was able to maintain a globally bounded and relatively accurate navigation solution, regardless of the long (approximately 35 minutes) GNSS-denied flight segment."" [p.8].","| metric | value + unit | baseline value | page |
| Position RMSE (North, all sensors) | 16.40 m | NO_BASELINE | p.9 |
| Position RMSE (East, all sensors) | 18.21 m | NO_BASELINE | p.9 |
| Position RMSE (Down, all sensors) | 1.80 m | NO_BASELINE | p.9 |
| Velocity RMSE (North, all sensors) | 0.42 m/s | NO_BASELINE | p.9 |
| Velocity RMSE (East, all sensors) | 0.38 m/s | NO_BASELINE | p.9 |
| Velocity RMSE (Down, all sensors) | 0.09 m/s | NO_BASELINE | p.9 |","""we tested the ESEKF robustness against the loss/deactivation of each of its individual aiding sensors."" [p.8].","""the filter inability to properly estimate wind velocity fluctuations in the absence of GNSS signals"" [p.9].","""Future work will focus on a formal observability analysis of the complete filter structure and on the systematic evaluation of TC measurement models for all auxiliary sensors"" [p.9].",NOT_REPORTED,"The paper has a typo in a section header: ""ESKEF"" instead of ""ESEKF"" [p.5]. The title is correctly ""ESEKF"". No DOI is reported.",VERIFIED
REC_0239,Autonomous Flight Control Design Based on Multi-Sensor Fusion for a Low-Cost Quadrotor in GPS-Denied Environments,"Jianchuan Guo, Xu Zhang, Zhongfan Huang, Baoquan Li",2022,2022 7th Asia-Pacific Conference on Intelligent Robot Systems (ACIRS 2022),10.1109/ACIRS55390.2022.9845557,China (Tiangong University),"""However, GPS signals are often weak or even unavailable in many mission scenarios [1], such as search and rescue, monitoring and tracking, intelligent transportation, etc."" [p.1].","""Therefore, autonomous positioning method based on onboard sensors in GPS-denied environments has become a hot topic in academic research and practical application."" [p.1].","""An extended Kalman filter (EKF) framework is employed to fuse the raw data from inertial measurement unit (IMU), optical flow, ultrasonic rangefinder to achieve real-time state estimation of the quadrotor."" [p.1]",HYBRID,"""IMU, optical flow, ultrasonic rangefinder, magnetometer, barometer, PX4FLOW and airspeed meter"" [p.3]",INDOOR,NOT_REPORTED,EKF-based multi-sensor fusion with cascaded PID,NOT_REPORTED,"""quadrotor helicopter"" [p.1]",SYSTEM,REAL,NO_BASELINE,"""the horizontal position errors are mostly within ±0.2 m according to the scatter figure and histogram. The altitude error is within ±0.05 m"" [p.5].","| metric | value + unit | baseline value | page |
| Horizontal position error | within ±0.2 m | NO_BASELINE | p.5 |
| Altitude error | within ±0.05 m | NO_BASELINE | p.5 |",NOT_REPORTED,NOT_REPORTED,NOT_REPORTED,NOT_REPORTED,"No DOI is reported. The paper uses ""GPS-denied"" and ""GPS denied"" inconsistently.",VERIFIED
REC_0242,Survey on UAV Navigation in GPS Denied Environments,"Balamurugan G, Valarmathi J, VPS Naidu",2016,NOT_REPORTED,NOT_REPORTED,"India (VIT University, CSIR-NAL)","""In the Unmanned Air Vehicle (UAV) navigation the main challenge is estimating and maintaining the accurate values of UAVs position and orientation."" [p.1].","""To overcome the above mentioned difficulty of UAV navigation in GPS-denied environment, already different techniques have been evolved by the researchers by using vision based navigation [4], [5]."" [p.1].","""In this survey paper we attempted to understand the existing research towards vision based navigation and finally proposed a Modular Multi-Sensor Data Fusion technique for UAV navigation in the GPS denied environment."" [p.1]",SURVEY,"""IMU, camera"" [p.1]",MIXED,NOT_REPORTED,Survey on vision-based navigation; proposes modular multi-sensor data fusion,NOT_REPORTED,"""UAV"" [p.1]",SURVEY,NOT_REPORTED,NO_BASELINE,NOT_REPORTED (survey paper),NOT_REPORTED,NOT_REPORTED,NOT_REPORTED,"""In Section IV we proposed modular Multi Sensor Data Fusion approach for UAV navigation with better pose estimation in the GPS denied environment."" [p.6].",NOT_REPORTED,The paper has no publication year or venue. It is a survey. The authors' affiliations are given as VIT University and CSIR National Aerospace Laboratories. No DOI is reported.,VERIFIED
REC_0244,A Relative Infrastructure-less Localization Algorithm for Decentralized and Autonomous Swarm Formation,"Dominik Schindler, Vlad Niculescu, Tommaso Polonelli, Daniele Palossi, Luca Benini, Michele Magno",2025,NOT_REPORTED,10.1007/s10514-018-9760-3,NOT_REPORTED,"""UAVs often lack reliable heading angle measurements, especially in indoor scenarios, space, and GNSS-denied environments, posing an additional observability challenge on range-based relative localization."" [p.1]","""We tackle this problem by proposing a novel solution enhancing the classical tag-and-anchor trilateration."" [p.1]","""We tackle this problem by proposing a novel solution enhancing the classical tag-and-anchor trilateration. The proposed solution relies on Ultra-wideband range measurements and addresses the relative pose estimation between pairs of UAVs under relative motion."" [p.1]",UWB,"UWB, FlowDeck v2, Loco positioning deck",MIXED,NOT_REPORTED,Relative pose estimation with approximate maximum-likelihood trilateration,NOT_REPORTED,nano-UAVs (Crazyflie),METHOD,REAL,EKF-based leader-follower methods,"""mean formation error of 38.5 cm and a convergence time of 25 s"" [p.1]","| metric | value + unit | baseline value | page |
| mean formation error | 38.5 cm | NOT_REPORTED | p.1 |
| convergence time | 25 s | NOT_REPORTED | p.1 |
| relative localization error | 73–90 cm | NOT_REPORTED | p.6 |",NOT_REPORTED,"""The relative localization accuracy depends on the UWB ranging biases, which in [4] are reported to be smaller than 5 cm due to their distance-based correction. However, the ranging errors also depend on the UWB antennas' relative orientation..."" [p.8]",NOT_REPORTED,NOT_REPORTED,No forbidden numbers appear.,VERIFIED
REC_0246,UAV Platforms for Autonomous Navigation in GPS-Denied Environments for Search and Rescue Missions,"Ethan Ngo, Jaime Ramirez, Manuel Medina-Soto, Shane Dirksen, Ethan Dominic Victoriano, and Subodh Bhandari",2022,2022 International Conference on Unmanned Aircraft Systems (ICUAS),10.1109/ICUAS54217.2022.9836181,USA (California State Polytechnic University Pomona),"""For autonomous navigations, UAVs depend on Global Positioning System (GPS) data. However, GPS may be partially lost in certain locations due to high-rise buildings or other obstructions and collapsed/damaged areas."" [p.1].","""It is of utmost importance to rescue people from natural disaster zones as fast as possible. However, sometimes this is hard to achieve due to the inherited risk involved with sending humans to disaster zones."" [p.1].","""This paper talks about the performance of SLAM using visual imagery as its single input as well as the performance of YOLOv3 deep learning algorithm to identify victims for search and rescue in GPS-denied environments using UAVs."" [p.1]",SLAM,"""Intel RealSense T265 Tracking Camera"", ""Intel D435i depth camera"", ""Terabee TeraRanger rangefinder"" [p.4-5]",INDOOR,NOT_REPORTED,SLAM and YOLOv3 for search and rescue,NOT_REPORTED,"""FPVKing 500-X4"" for search UAV [p.2]; ""Rescue multicopter frame"" [p.5]",SYSTEM,BOTH,NO_BASELINE,"""both detections are fairly accurate with over 90% confidence reported by the algorithm"" [p.6].","| metric | value + unit | baseline value | page |
| Detection confidence (hallway) | >90% | NO_BASELINE | p.6 |
| Flight time | 10 minutes | NO_BASELINE | p.3 |","""Fig. 27 shows the map created for the same room as in Fig. 26, but with little to no lighting. It was discovered that the algorithm would only be able to map out the section where there is the most lighting."" [p.7].","""as soon as the UAV flew roughly 50 ft away from the ground control station, the recorded location on our screen indicated that the UAV lost its tracking capabilities, which explains the drift in the trajectory."" [p.7].","""This issue is under investigation and the solution to the problem will be reported in future publications."" [p.7].","""The work presented in this paper was supported by the funding from Department of Defense in partnership with NSF's Research Experience for Undergraduates (REU) Program under the grant no. 1950612."" [p.8]","The paper has no DOI. It is an ICUAS 2022 conference paper. The paper contains a typo: ""Fig. 25 shows the results of the map"" [p.6-7]. The paper presents work in progress with some results but also notes issues under investigation.",VERIFIED
REC_0255,A Stereo and Rotating Laser Framework for UAV Navigation in GPS Denied Environment,"Hailong Qin, Yingcai Bi, Kevin Z. Y. Ang, Kangli Wang, Jiaxin Li, Menglu Lan, Mo Shan, F. Lin",2016,NOT_REPORTED,NOT_REPORTED,"Singapore (National University of Singapore, Temasek Laboratories)","""However, for a 2D LRF, it can only provide a planar measurement due to the hardware limitations and the cost for 3D LRF is still too high for robotic systems."" [p.1].","""To address the above challenges, a robust and efficient stereo-rotating laser framework is developed with the following contributions."" [p.1].","""In the proposed framework, our first contribution is a sensor integration system that combines a stereo camera with a rotating LRF."" [p.1]",HYBRID,"""stereo camera"" and ""rotating LRF"" [p.1]",MIXED,NOT_REPORTED,Stereo and rotating laser framework,NOT_REPORTED,"""customized unmanned aerial vehicle (UAV) platform"" [p.1]",SYSTEM,REAL,"""stereo based motion estimation"" [p.5]","""Since we use the rotating laser scanner, the reconstructed range is up to 30 meters."" [p.5].","| metric | value + unit | baseline value | page |
| Reconstructed range (outdoor) | up to 30 m | NO_BASELINE | p.5 |
| Reconstructed corridor distance | >40 m | NO_BASELINE | p.5 |","""According to the reconstructed environment, the rotating laser based mapping thread optimize the motion estimation input from the stereo camera based motion estimation."" [p.5].",NOT_REPORTED,"""We will apply this system to accomplish the autonomous flight in cluttered environment in the further work."" [p.5].",NOT_REPORTED,"The paper has no publication year or venue. It is an author manuscript. The header on page 1 lists authors and affiliations but no conference/journal name. The reference list includes papers up to 2015, suggesting the paper is from around 2015-2016. The paper uses ""stereo-rotating"" and ""stereo and rotating"" inconsistently. No DOI is reported.",VERIFIED
REC_0264,Autonomous UAV Navigation for Target Detection in Visually Degraded and GPS Denied Environments,S. Boiteau; F. Vanegas; J. Sandino; F. Gonzalez; J. Galvez-Serna,2023,NOT_REPORTED,10.1109/AERO55745.2023.10115544,"Australia (Queensland University of Technology, based on acknowledgment)","""Autonomous perception in challenging visibility conditions requires the use of multiple sensors allowing the agent to perceive its surrounding environment."" [p.2].","""The framework was tested in simulation using Gazebo, ROS, PX4 firmware and TAPIR."" [p.8].","""The main contributions of this paper are: A framework modelling the UAV navigation, exploration and target detection in different visibility conditions using POMDP."" [p.2]",OTHER,"""camera facing downward"" and ""2D LIDAR"" [p.4]",INDOOR,NOT_REPORTED,POMDP-based navigation and exploration framework,NOT_REPORTED,"""X3"" UAV [p.5]",METHOD,SIM,NO_BASELINE,"""The framework performed perfectly without the presence of smoke. ... the success rate drastically decreased as the UAV was above the cloud of smoke, causing the target to be heavily occluded."" [p.6].","| metric | value + unit | baseline value | page |
| Success rate (5x5, normal visibility) | 100% | NO_BASELINE | p.6 |
| Success rate (5x5, low visibility) | 23.33% | NO_BASELINE | p.6 |
| Success rate (5x5, low visibility, low altitude) | 56.6% | NO_BASELINE | p.6 |
| Success rate (10x10, normal visibility) | 100% | NO_BASELINE | p.7 |
| Success rate (10x10, low visibility) | 50.0% | NO_BASELINE | p.7 |","""Lowering the altitude of the agent was one solution proposed to attenuate these limitations."" [p.6].","""The framework performed perfectly in normal visibility environments, but the presence of visual obscurants reduced its performance, cutting almost in half the target detection and success rate."" [p.8].","""Future work includes modelling the agent's ability to detect changes in visibility and categorizing 'low visibility' and normal visibility conditions."" [p.8].","""The authors would like to acknowledge The Australian Research Council (ARC) through the ARC Discovery Project 2020 'When every second counts: Multi-drone navigation in GPS-denied environments' (GA64830)."" [p.8]","This extraction is marked partial: the provided text begins with a corrupted page (page 1) that contains only a list of ""BACKGROUND"" sections repeated with increasing numbers, which is a severe rendering error. The title, author names, year, venue, and DOI are not present in the extracted text. The author affiliations are not given. The paper is about POMDP-based navigation in visually degraded environments. The page numbers in the citation are based on the extracted text, starting from the first page of actual content (page 1 being the corrupted page, page 2 being the start of the real content). The acknowledgment mentions the authors' affiliation with QUT.",VERIFIED
REC_0271,Hybrid IMU-Aided Approach for Optimized Visual Odometry,"Ahmed Mahmoud, Mohamed M. Atia",2019,NOT_REPORTED,NOT_REPORTED,Canada (Carleton University),"""Autonomous navigation of unmanned vehicles in GPS-denied environments is a challenging problem, especially for small ground vehicles and micro aerial vehicles (MAVs) which are characterized by their small payload, short battery lifetime and limited processing resources."" [p.1].","""Monocular vision systems aided by inertial measurement unit (IMU) are more computationally efficient but it suffers from IMU random biases and scale errors."" [p.1].","""In this paper, we propose a hybrid visual-inertial odometry solution that minimizes the computation load by dividing the mission into two interchangeable stages."" [p.1]",HYBRID,"""ZED-Mini tracking camera"" [p.1]",MIXED,NOT_REPORTED,Hybrid visual-inertial odometry with adaptive switching between stereo and monocular modes,NOT_REPORTED,"""wheeled platform"" [p.3]",METHOD,REAL,"""ZED mini Stereo navigation solution"" and ""Intel Realsense T265"" [p.3]","""Although the calibrated IMU-aided monocular vision solution is slightly less accurate than the SOFT stereo vision solution, given the huge saving in computation by switching to monocular solution instead of stereo solution, the advantage of the proposed hybrid scheme is clear."" [p.4].","| metric | value + unit | baseline value | page |
| End-of-loop position error (SOFT) | < 20 cm | NO_BASELINE | p.4 |
| End-of-loop position error (proposed) | 0.5 m | NO_BASELINE | p.4 |
| Overall position estimation error | < 2 m | NO_BASELINE | p.4 |","""During the experiment, 5 accuracy tests have been performed on the IMU generated scale to verify its consistency with that estimated scale from stereo vision. No discrepancy has been detected as the error was smaller than the selected threshold"" [p.4].","""the estimated gyroscope Z bias behavior shows how feeding the EKF a bad initial guess can lead to an interval of instability before convergence."" [p.4].","""The presented solution could help in navigating unknown environments and the obtained accuracy encourages an embedded implementation targeting small autonomous battery-operated vehicles."" [p.4].",NOT_REPORTED,"The paper has no publication year or venue. It is an author manuscript. The header on page 1 lists authors and affiliations but no conference/journal name. The references include 2019 papers, suggesting a year around 2019-2020. The paper uses ""ZED-Mini"" and ""ZED mini"" inconsistently. No DOI is reported.",VERIFIED
REC_0274,Navigation and Control of Unmanned Aerial Vehicles in GPS-Denied Environments,Ben Chen,2014,NOT_REPORTED,NOT_REPORTED,Singapore (National University of Singapore),"""Particularly, to meet requirements of high-demand applications, it is necessary to develop advanced unmanned systems that are capable of autonomously navigating in cluttered indoor and outdoor GPS-denied environments, such as hostile buildings, radiation contaminated areas and forest."" [p.1].","""Unmanned aerial vehicles (UAVs) have made huge progress in military and civilian missions, ranging from surveillance, reconnaissance, to logistics and transportation."" [p.1].",NOT_REPORTED,NOT_REPORTED,NOT_REPORTED,MIXED,NOT_REPORTED,NOT_REPORTED,NOT_REPORTED,NOT_REPORTED,NOT_REPORTED,NOT_REPORTED,NOT_REPORTED,NOT_REPORTED,NOT_REPORTED,NOT_REPORTED,NOT_REPORTED,NOT_REPORTED,NOT_REPORTED,"This is a very short document—an abstract and biography only. It appears to be a keynote or plenary abstract, not a full paper. Status is partial. No title page, no venue, no DOI. The author bio mentions his team's achievements in various UAV competitions.",VERIFIED
REC_0278,Navigation Methods for UAVs in GNSS-Denied Environments Using Artificial Intelligence,"Nga Vu Quynh, Phat Nguyen Huu, Thanh Han-Trong",2026,NOT_REPORTED,10.1109/ICCE70609.2026.11658445,Vietnam (Hanoi University of Science and Technology),"""With the rapid advancement of autonomous flight technology, there is an increasing demand for higher precision and advanced navigation techniques, with permissible distance errors often restricted to a few meters."" [p.1].","""This study presents a methodology to address these challenges, enabling the maintenance of coordinates and navigation for UAVs to traverse jammed or completely out-of-coverage zones, thereby avoiding the need for emergency landings or Return-to-Home (RTH) protocols common in current UAV systems."" [p.1].","""The proposed approach leverages the TransGAN model, a framework typically employed for data analysis comprising a Generator and a Discriminator."" [p.1]",OTHER,"""NEO-M8N module"" (GPS) [p.1]; ""INS"" [p.1]",MIXED,NOT_REPORTED,TransGAN-based trajectory reconstruction,"""over 3,000 coordinate points at a 1 Hz update frequency"" [p.4]","""UAV"" [p.1]",METHOD,REAL,"""MLP, WNN, KF"" [p.4]","""TransGAN consistently yields significantly lower Mean Absolute Error (MAE) and Standard Deviation (SD) for spatial coordinates compared to the baseline methods."" [p.4].","| metric | value + unit | baseline value | page |
| MAE (LAT, Complete Loss) | 0.000153 | MLP 0.0027, WNN 0.0045, KF 0.0056 | p.5 |
| MAE (LON, Complete Loss) | 0.000165 | MLP 0.0038, WNN 0.0001, KF 0.0001 | p.5 |
| MAE (ALT, Complete Loss) | 0.225546 | MLP 0.007995, WNN 0.00572, KF 0.007011 | p.5 |
| Parameters | 0.355 million | NO_BASELINE | p.5 |
| Inference speed | 2.69 ms/step | NO_BASELINE | p.5 |","""Under conditions of complete GNSS denial, Figure 6 illustrates that the generated coordinates continue to closely approximate the ground truth."" [p.5].","""its precision remains constrained by inherent sensor errors, environmental factors, and a simplistic INS architecture."" [p.5].","""Future iterations will integrate advanced multi-axis IMUs (accelerometers and gyroscopes) to diversify input data and mitigate these structural limitations"" [p.5].",NOT_REPORTED,"The paper does not state a publication year or venue. It is an author manuscript. The header on page 1 lists authors and affiliations but no conference/journal name. The reference list includes 2022 papers, suggesting a year around 2023-2024. The paper contains a typo: ""REAL/FAKE"" [p.3] and ""LON, LAT, ALT"" formatting inconsistencies. No DOI is reported.",VERIFIED
REC_0281,UAV Tracking with Lidar as a Camera Sensor in GNSS-Denied Environments,"Ha Sier, Xianjia Yu, Iacopo Catalano, Jorge Pena Queralta, Zhuo Zou, Tomi Westerlund",2023,NOT_REPORTED,10.1109/ICL-GNSS57829.2023.10148919,Finland (University of Turku) and China (Fudan University),"""Light detection and ranging (LiDAR) sensor has become one of the primary sensors in robotics and autonomous system for high-accuracy situational awareness."" [p.1].","""In this paper, we are specifically interested in utilizing LiDARs and LiDAR-generated images for tracking Unmanned Aerial Vehicles (UAVs) in real-time which can benefit applications including docking, remote identification, or counter-UAV systems, among others."" [p.1].","""We trained a custom YOLOv5 model for detecting UAVs based on the panoramic images collected in an indoor experiment arena with a motion capture (MOCAP) system."" [p.1]",HYBRID,"""Ouster OS0-128 3D LiDAR"" [p.3]",MIXED,NOT_REPORTED,LiDAR-as-a-camera based UAV tracking fusing signal images and point clouds,"""three data sequences (Seq i, i ∈ (1~3))"" [p.3]","""Customized Holybro X500 UAV"" [p.3]",METHOD,REAL,"""Tracking with point cloud"", ""Tracking with signal images"" [p.4]","""The proposed method, on the other hand, achieves the smallest average error and minimal error fluctuation."" [p.5].","| metric | value + unit | baseline value | page |
| APE (Fused) | 0.061 / 0.067 m (Mean/RMSE) | Point Cloud 0.104/0.142; Signal Images 0.078/0.088 | p.5 |
| FPS (Fused) | 10 Hz | Point Cloud 8.3 Hz; Signal Images 10 Hz | p.5 |
| Detectable distance (Fused) | 8.0 m | Signal Images 2.4 m | p.5 |","""The fusion method performed well on the laptop and had the smallest overall error."" [p.6].","""the tracking results from the developed fusion framework mostly make a trade-off between different information resources, and further improvements can be made to enhance the overall performance of the system."" [p.4].","""Future work includes fusing the Ouster images (depth, signal, and ambient), point clouds, and conventional RGB images in various applications including simultaneous localization and mapping (SLAM), object detection, and tracking."" [p.6].","""This research work is supported by the Academy of Finland's AeroPolis project (Grant No. 348480)."" [p.6]","The paper has no publication year or venue. It is an author manuscript. The header on page 1 lists authors and affiliations but no conference/journal name. The reference list includes 2022 papers, suggesting a year around 2022-2023. The paper contains a typo: ""1inds"" should be ""finds"" [p.2]. No DOI is reported.",VERIFIED
REC_0289,Development of a Simulated UAV Platform for Sensor-Fusion-Based SLAM,"Muhammad Fairuz Mummtaz, Jaejun Yoo, Ida Bagus Krishna Yoga Utama, Irzal Zaini, Yeong Min Jang",2026,NOT_REPORTED,10.1109/ICAIIC68212.2026.11454340,"South Korea (Kookmin University, ETRI)","""However, when global navigation satellite system (GNSS) signals are unavailable or degraded, the accumulated drift of dead-reckoning and inertial estimates significantly reduces localization accuracy, especially in complex 3D environments."" [p.1].","""To address this issue, this paper proposes a simulation-based sensor fusion based simultaneous localization and mapping (SLAM) framework for robust UAV positioning without relying on GNSS."" [p.1].","""The framework directly utilizes sequential 3D LiDAR scans to estimate the UAV pose and incrementally build a dense map of the environment, while high-resolution camera streams provide contextual information for the segmentation task."" [p.1]",SLAM,"""3D LiDAR (Ouster OS1-128)"" and ""Stereo Camera (Intel Realsense D455)"" [p.2]",INDOOR,NOT_REPORTED,LiDAR-camera sensor fusion SLAM in Isaac Sim,NOT_REPORTED,"""Iris drone from PegasusSimulator"" [p.2]",SYSTEM,SIM,NO_BASELINE,NOT_REPORTED,NOT_REPORTED,NOT_REPORTED,"""Minor dissimilarity appear at the edges of some objects such as the boxes in the middle of the factory, which may be attributed to sensor noise or limitations in depth perception during fast UAV motion."" [p.3-4].","""In future work, we plan to extend the current simulation-based implementation to real-world environments to evaluate the algorithm's performance under practical conditions."" [p.4].","""This work is supported by the Korea Agency for Infrastructure Technology Advancement grant funded by the Ministry of Land, Infrastructure and Transport (RS-2022-00141819, Development of Advanced Technology for Absolute, Relative, and Continuous Complex Positioning to Acquire Ultra-precise Digital Land Information)"" [p.4]","The paper has no publication year or venue. It is an author manuscript. The header on page 1 lists authors and affiliations but no conference/journal name. The reference list includes 2025 papers, suggesting a year around 2025. The paper contains a typo: ""Mummtaz"" should be ""Mumtaz"" [p.1]. No DOI is reported.",VERIFIED
REC_0294,A Novel Approach to Computationally Lighter GNSS-Denied UAV Navigation Using Monocular Camera,"Joyraj Bhowmick, Anurag Singh, Harshit Gupta, Rahgava Nallanthigal",2021,"2021 International Conference on Automation, Robotics and Applications",10.1109/ICARA51699.2021.9376502,India (Delhi Technological University),"""The loss of GNSS signals during a mission can occur due to multiple reasons: navigation in hilly terrain, presence of jammers, low signal patches, faulty sensors, etc. This can be devastating for the UAV and the mission and often leads to abortion of a critical mission."" [p.1].","""The aim of this paper to present a novel, computationally lighter approach to outdoor GNSS denied navigation applicable at altitudes >50m using only the most common and standard payload: barometer, flight computer and a monocular camera."" [p.2].","""a navigational system is presented for a multi-rotor UAV in a GNSS-denied environment."" [p.1]",VISION_OBJECT,"""GitUp Git2P (RGB, monocular, diagonal FOV: 90°)"" [p.5]",MIXED,NOT_REPORTED,Monocular camera-based navigation with feature tracking,NOT_REPORTED,"""Tarot 650mm quadcopter"" [p.5]",METHOD,BOTH,"""GNSS aided flight"" [p.5]","""The RMS error was 15.45m, max error was 50.25m for a total distance of 2093.56m."" [p.6].","| metric | value + unit | baseline value | page |
| RMS error (SITL) | 1.16 m | NO_BASELINE | p.6 |
| Max error (SITL) | 2.25 m | NO_BASELINE | p.6 |
| % RMS error per distance (SITL) | 4.1% | NO_BASELINE | p.6 |
| RMS error (outdoor flight) | 15.45 m | NO_BASELINE | p.6 |
| Max error (outdoor flight) | 50.25 m | NO_BASELINE | p.6 |
| % error (outdoor flight) | 2.5% | NO_BASELINE | p.7 |","""Higher values of a resulted in very gradual slope which reduced the speed of the UAV near the destination point. Lower values of a resulted in a steep slope which caused overshooting and oscillations."" [p.5].","""Values above these tend to have high errors."" (referring to speeds >5 m/s and altitudes >70 m) [p.5].","""Introduction of an EKF based switching between GNSS aided and GNSS denied navigation."" [p.8].",NOT_REPORTED,"The paper is from the 2021 International Conference on Automation, Robotics and Applications. No DOI is reported. The paper contains a typo: ""Global positioning problem is solved by taking a local reference frame"" [p.1]. The paper uses ""GNSS"" and ""GPS"" interchangeably. Table IV has a note: ""Distance Travelled (in m) Maximum distance from home (in m) Maximum error (in m) % error (in %)"" with values.",VERIFIED
REC_0296,Optical Flow Sensor Integrated Navigation System for Quadrotor in GPS-Denied Environment,"Shang-En Tsai, Shih-Hsien Zhuang",2016,2016 International Conference on Robotics and Automation Engineering,NOT_REPORTED,Taiwan (Chang Jung Christian University),"""GPS is based on satellite which can provide relatively consistent accuracy navigation; however, the satellite signals would be lost in city canyon or indoor environments."" [p.1].","""This practical study presented a dedicated design for indoor hovering that is more precise than using GPS positioning."" [p.1].","""an optical flow sensor/INS/magnetometer integrated navigation system is proposed for micro aerial vehicles (MAV)"" [p.1]",OPTICAL_FLOW,"""PX4Flow optical flow sensor"", ""MB1202 I2CXL-MaxSonar ultrasonic"", ""Pixhawk IMU"" [p.1-2]",INDOOR,NOT_REPORTED,Optical flow sensor/INS/magnetometer integrated navigation,NOT_REPORTED,"""customized MAV"" [p.3]",SYSTEM,REAL,"""INS only navigation system"" [p.2]",NOT_REPORTED (qualitative comparison of optical flow values under different lighting),NOT_REPORTED,"""The performance of the optical flow sensor is closely related to the light according to the figures shown."" [p.5].","""The drift of inertial navigation system (INS) will lead to large navigation error when a low-cost INS is used in micro aerial vehicles (MAV)."" [p.2].",NOT_REPORTED,NOT_REPORTED,"The paper has a typo: ""1ung Christian University"" (broken word) [p.4]. The paper uses ""INS"" and ""inertial navigation system"" interchangeably.",VERIFIED
REC_0305,A method based on CNN-BiLSTM for UAV navigation error compensation in GNSS denied environment,"Yi-han Shao, Bin Han, Ying Luo",2023,2023 9th International Conference on Computer and Communications,10.1109/ICCC59590.2023.10507546,China (SouthWest University of Science and Technology),"""When the Global Navigation Satellite System (GNSS) signal is unavailable, the performance of GNSS/Inertial Navigation System (INS) integrated navigation system will be seriously degraded."" [p.1].","""In order to compensate the performance of GNSS/INS integrated navigation system, an error compensation method based on Convolutional Neural Network (CNN) combined with Bidirectional Long Short-Term Memory (BiLSTM) network is proposed."" [p.1].","""an error compensation method based on Convolutional Neural Network (CNN) combined with Bidirectional Long Short-Term Memory (BiLSTM) network is proposed."" [p.1]",OTHER,"""IMU dynamics measurement"" [p.1]",MIXED,NOT_REPORTED,CNN-BiLSTM for navigation error compensation,NOT_REPORTED,"""UAV"" [p.1]",METHOD,SIM,"""CNN-LSTM, LSTM"" [p.4]","""CNN-BiLSTM reduces RMSE by 42.89%, 6.48%, 19.54%, 20.07% the average is 22.25% and MAE by 50.85%, 4.63%, 31.88%, 19.65% the average is 26.75% than CNN-LSTM"" [p.5].","| metric | value + unit | baseline value | page |
| RMSE (Position increment, latitude) | 0.0318 m | CNN-LSTM 0.0558, LSTM 0.0560 | p.5 |
| MAE (Position increment, latitude) | 0.0217 m | CNN-LSTM 0.0442, LSTM 0.0469 | p.5 |
| RMSE (Velocity increment, north) | 0.0652 m/s | CNN-LSTM 0.0811, LSTM 0.0897 | p.5 |
| MAE (Velocity increment, north) | 0.0191 m/s | CNN-LSTM 0.0281, LSTM 0.0246 | p.5 |","""CNN-BiLSTM is superior to CNN-LSTM and LSTM. It can effectively suppress error divergence."" [p.5].",NOT_REPORTED,"""Further research will explore the implementation of Integrated Navigation System in GNSS denied environment and consider more complex flight paths to improve the robustness of this method."" [p.6].","""This work was supported in part by the National Natural Science Foundation of China under Grant 61771410, in part by the Sichuan Science and Technology Program 2021YJ0097, and in part by Postgraduate Innovation Fund Project of SWUST 20ycx0059."" [p.6]","The paper has a typo: ""sidoi"" is used for ""sigmoid"" [p.3]. The paper uses ""BiLSTM"" and ""Bi-LSTM"" inconsistently.",VERIFIED
REC_0318,Cooperative Navigation Method Based on Adaptive CKF for UAVs In GPS Denied Areas,"Yingrong Yu, Siting Peng, Qingdong Li, Xiwang Dong, Zhang Ren",2018,NOT_REPORTED,NOT_REPORTED,"China (Beihang University, likely)","""Nevertheless, modern navigation systems for UAVs are not able to guarantee the precision of pose estimation when GPS is unavailable in complex environment."" [p.1].","""To solve this problem, this paper puts forward a new cooperative navigation method based on adaptive Cubature Kalman Filter"" [p.1].","""a novel cooperative navigation method based on adaptive Cubature Kalman Filter (CKF) is proposed"" [p.1]",COOPERATIVE,"""IMU"" and ""relative observation system"" (range finding and direction finding) [p.3]",MIXED,NOT_REPORTED,Adaptive Cubature Kalman Filter (CKF) cooperative navigation,NOT_REPORTED,"""UAV formation composed by N independent UAVs"" [p.2]",METHOD,SIM,"""IMU-only method"", ""Sharma's method"" [p.5]",NOT_REPORTED (figures show trajectories and errors but no explicit numerical metrics),NOT_REPORTED,"""method 2 and method 3 both perform well in pose estimation and constrain the IMU drift significantly, especially the ACKF-based method."" [p.5].","""the IMU drifts of navigation systems can cause poor calculation accuracy of position, velocity and attitude of all UAVs in the group within dozens of seconds."" [p.1].",NOT_REPORTED,NOT_REPORTED,"The paper has no publication year or venue. The header on page 1 lists authors and affiliations but no conference/journal name. The reference list includes 2017 papers, suggesting a year around 2017-2018. The paper uses ""adaptive CKF"" and ""ACKF"" inconsistently. No DOI is reported.",VERIFIED
REC_0332,Thermal-Inertial Localization for Autonomous Navigation of Aerial Robots through Obscurants,"Christos Papachristos, Frank Mascarich, Kostas Alexis",2018,2018 International Conference on Unmanned Aircraft Systems (ICUAS),NOT_REPORTED,"USA (University of Nevada, Reno)","""However, despite this rapid progress, GPS-denied Degraded Visual Environments (DVEs) represent a hard limit for autonomous systems as the sensor information inside them can be severely degraded."" [p.1].","""Towards enabling aerial robotic autonomy in a broader set of DVEs, including fog/smoke-filled environments, this work examines the problem of utilizing Infrared (IR) vision that can penetrate, to a certain extent, such degraded conditions"" [p.1].","""a thermal-inertial sensor fusion approach is proposed that relies on the data extracted from a FLIR Tau 2 Long-Wave IR (LWIR) which are then software time-synchronized with the data from an IMU."" [p.1]",HYBRID,"""FLIR Tau2 LWIR camera"", ""VectorNav VN-100 IMU"" [p.2]",MIXED,NOT_REPORTED,Thermal-inertial localization with ROVIO,"""open dataset"" (http://www.autonomousrobotslab.com/thermal-inertial-dataset.html) [p.5]","""DJI Matrice 100 quadrotor platform"" [p.2]",SYSTEM,REAL,"""visible spectrum cameras and LiDAR"" [p.1]",NOT_REPORTED (qualitative comparison of IR vs visible camera),NOT_REPORTED,"""the fusion of inertial data is even more important for the case of using a thermal camera"" [p.3].","""the performance is relatively weaker in the thermal camera primarily due to the fact that significant parts of the environment are in thermal equilibrium and therefore cannot provide such strong feature information."" [p.3].",NOT_REPORTED,NOT_REPORTED,"The paper has a typo: ""Iner tial"" (broken word) [p.1]. The paper uses ""IR"" and ""thermal"" interchangeably.",VERIFIED
REC_0343,Vision-Aided Multi-UAV Autonomous Flocking in GPS-Denied Environment,"Yazhe Tang, Yuchao Hu, Jinqiang Cui, Fang Liao, Mingjie Lao, Feng Lin, Rodney S. H. Teo",2019,IEEE Transactions on Industrial Electronics,10.1109/TIE.2018.2824766,"Singapore (National University of Singapore, Temasek Laboratories)","""Different from conventional systems, this paper adopts a day camera and a thermal camera to conduct flocking using visual sensing in various illumination with autonomous navigation capabilities."" [p.1].","""This paper is inspired by flocking behaviors in nature via vision exploring in obstacle-rich environments."" [p.1].","""This paper presents a sophisticated vision-aided flocking system for unmanned aerial vehicles (UAVs), which is able to operate in GPS-denied unknown environments"" [p.1]",COOPERATIVE,"""Hokuyo UTM-30LX LiDAR"", ""Optiris PI450 thermal camera"", ""PointGrey BFLY-PGE-12A2C-CS day camera"" [p.6]",MIXED,NOT_REPORTED,Vision-aided flocking with correlation filter tracking,NOT_REPORTED,"""in-house-built quadrotor UAVs"" [p.6]",SYSTEM,REAL,"""TLD, CMT, CF2, FCT, DAT"" [p.7]","""the proposed tracker achieves the best performance and significantly outperforms the other algorithms in terms of center error and overlap rate."" [p.8].","| metric | value + unit | baseline value | page |
| Mean Center Error (Indoor1) | 6.588 | TLD 14.966, CMT 23.411 | p.8 |
| Mean Overlap Rate (Indoor1) | 0.7843 | TLD 0.6990, CMT 0.6538 | p.8 |
| Mean Center Error (Indoor2) | 7.146 | TLD 15.877, CMT 23.415 | p.8 |
| Mean Overlap Rate (Indoor2) | 0.8895 | TLD 0.7745, CMT 0.5860 | p.8 |
| Mean Center Error (Outdoor) | 24.01 | TLD 64.122, CMT 87.264 | p.8 |
| Mean Overlap Rate (Outdoor) | 0.7831 | TLD 0.4836, CMT 0.0631 | p.8 |","""the proposed algorithm performs very stable and robust because of using contour-based multilevel-oriented gradient features and the correlation filter."" [p.7].","""when the target was turning around a pillar, it might be blocked. The vision tracking would not get any valid information and then fail."" [p.9].",NOT_REPORTED,NOT_REPORTED,"The paper has a typo: ""minimumanned"" should be ""mini unmanned"" [p.11]. The paper uses ""flocking"" and ""flocking system"" consistently.",VERIFIED
REC_0345,Distance Function based 6DOF Localization for Unmanned Aerial Vehicles in GPS Denied Environments,"James Unicomb, Lakshitha Dantanarayana, Janindu Arukgoda, Ravindra Ranasinghe, Gamini Dissanayake, Tomonari Furukawa",2017,2017 IEEE,10.2514/6.2007-2986,Australia (University of Technology Sydney) and USA (Virginia Tech),"""However, incorporating robustness to GPS failure is widely accepted as important, particularly in law enforcement and defence applications."" [p.2].","""The challenge addressed in this paper is how to provide position when information from the GPS receiver is momentarily lost."" [p.2].","""Localization is performed with respect to a pre-built map of the environment represented using the distance function of a binary mosaic, avoiding the need for extraction and explicit matching of visual features."" [p.2]",VISION_OBJECT,"""5 MP perspective camera"", ""fish-eye camera"", ""laser range finder"", ""PX4FLOW optical sensor"" [p.3]",MIXED,NOT_REPORTED,Distance function based 6DOF localization,NOT_REPORTED,"""hexarotor UAV"" [p.3]",METHOD,BOTH,"""odometry generated from the UAV flight system"" [p.6]",NOT_REPORTED (figures show error plots but no explicit numerical metrics),NOT_REPORTED,"""when the UAV moves out of the range of the arena (275 seconds into simulation, Fig. 8), the errors increase"" [p.6].","""when the UAV moves out of the range of the arena ... the errors increase when the image captured by the camera is completely blank"" [p.6].",NOT_REPORTED,NOT_REPORTED,"This extraction is marked partial: the provided text is corrupted. Page 1 contains only a copyright notice, and pages 7-9 contain a massive block of sequential numbers (a rendering error), not actual content. The actual paper content is present on pages 2-6. The paper has a typo: ""Frosbury"" should be ""Fosbury"" [p.3]. The author name ""James Unicomb"" is listed as ""James Unicomb"" in the header but ""James Unicomb"" in the text. The paper uses ""RANDom Sampling and Consensus (RANSAC)"" [p.5].",VERIFIED
REC_0346,Autonomous Flight in Unknown GNSS-denied Environments for Disaster Examination,"Daniel Schleich, Marius Beul, Jan Quenzel, Sven Behnke",2021,2021 International Conference on Unmanned Aircraft Systems (ICUAS),10.1109/ICUAS51884.2021.9476790,Germany (University of Bonn),"""The conditions of disaster scenarios are also challenging for autonomous MAV systems. The environment is usually not known in advance and GNSS might not always be available."" [p.1].","""We present a system for autonomous MAV flights in unknown environments which does not rely on global positioning systems."" [p.1].","""Our framework includes a method for precise LiDAR-based odometry in unknown environments, fast navigation planning considering MAV dynamics and optimizing for safety and flight time, and time-optimal trajectory generation and control."" [p.1]",HYBRID,"""Ouster OS-0 3D-LiDAR"", ""FLIR AGX thermal camera"", ""two Intel Realsense D455 RGB-D cameras"" [p.2]",MIXED,NOT_REPORTED,Integrated system for autonomous navigation with LiDAR-based odometry and state lattice planning,NOT_REPORTED,"""DJI Matrice 210 v2"" [p.2]",SYSTEM,REAL,"""GPS"" [p.6]","""The full mission from takeoff until we left the building again took 105s."" [p.7].","| metric | value + unit | baseline value | page |
| Full mission time | 105 s | NO_BASELINE | p.7 |","""the tracking error is always below 1m and is thus covered by the larger security margin to obstacles."" [p.7].","""Reliably controlling the MAV close to structures requires precise state information."" [p.6].","""For future work, we plan to integrate it into our navigation pipeline."" [p.2].",NOT_REPORTED,"The paper has a typo: ""Trajectory generation with fast lidar-based 3D collision avoidance for agile MAVs"" [p.8]. The paper uses ""MAV"" and ""UAV"" interchangeably.",VERIFIED
REC_0347,A Novel Three-Stage Robust Adaptive Filtering Algorithm for Visual-Inertial Odometry in GNSS-Denied Environments,"Zhe Yue, Chengkai Tang, Yuting Gao",2023,IEEE Transactions on Instrumentation and Measurement,10.1109/JSEN.2023.3289313,"China (Northwestern Polytechnical University, Henan Polytechnic University, Xi'an University of Science and Technology)","""However, existing VIO filtering algorithms have the defects of low positioning accuracy and weak robustness, especially in complex and changeable environments."" [p.1].","""Therefore, a novel robust adaptive VIO algorithm is proposed here."" [p.1].","""First, the H∞ criterion is introduced into the popular cubature multistate constraint Kalman filter (CMSCKF), which improves the robustness of the VIO system."" [p.1]",VIO,"""monocular camera"", ""IMU"" [p.1]",MIXED,NOT_REPORTED,Three-stage robust adaptive H∞ filtering algorithm (AHCMSCKF),"""KITTI dataset"" [p.8]","""UAVs and UGVs"" [p.1]",METHOD,BOTH,"""CMSCKF, HCMSCKF, VINS-Mono"" [p.7]","""the RMSE of the position of pure INS, CMSCKF, HCMSCKF, and AHCMSCKF is 1053.04, 11.6148, 6.9518, and 4.7401 m, respectively"" [p.9].","| metric | value + unit | baseline value | page |
| RMSE (Position, KITTI) | 4.7401 m | CMSCKF 11.6148, HCMSCKF 6.9518 | p.9 |
| RMSE (Attitude, KITTI) | 0.6479° | CMSCKF 1.5543°, HCMSCKF 1.0047° | p.9 |
| Max Position Error | 8.0759 m | CMSCKF 18.5498, HCMSCKF 11.4815 | p.9 |
| Max Attitude Error | 0.9838° | CMSCKF 2.4990°, HCMSCKF 1.5739° | p.9 |
| RMSE improvement (vs CMSCKF) | 35.36% | NO_BASELINE | p.9 |
| RMSE improvement (vs HCMSCKF) | 31.81% | NO_BASELINE | p.9 |","""the filtering accuracy of AHCMSCKF is 20.92% higher than that of CMSCKF and 12.57% higher than that of HCMSCKF"" [p.7].","""it is more complex with a heavy computation load when compared with the CMSCKF and HCMSCKF."" [p.10].","""future work is required to reduce the computational complexity of the AHCMSCKF."" [p.10].",NOT_REPORTED,"The paper has no publication year or venue. The header on page 1 lists authors and affiliations but no conference/journal name. The reference list includes 2023 papers, suggesting a year around 2023-2024. The paper uses ""H∞"" and ""H-infinity"" interchangeably. No DOI is reported.",VERIFIED
REC_0362,Unmanned Aerial Vehicle Relative Navigation in GPS Denied Environments,"Jeremy Hardy, Jared Strader, Jason N. Gross, Yu Gu, Mark Keck, Joel Douglas, Clark N. Taylor",2016,NOT_REPORTED,NOT_REPORTED,USA (West Virginia University),"""Many of these applications require maintaining accurate navigation in environments in which GPS is not always available, either due to malicious GPS jamming and spoofing [1] or due to natural signal blockages from urban canyons, dense foliage, caves, or tunnels."" [p.1].","""For this work, our specific motivation is to enable target handoff between two UAVs flying in a GPS-denied environment."" [p.1].","""This paper considers the problem of target handoff between Unmanned Aerial Vehicles (UAVs) in a GPS denied environment, and focuses on the design and evaluation of an estimation strategy for determining the relative pose of the aircraft."" [p.1]",COOPERATIVE,"""downward facing camera"", ""peer-to-peer ranging radio system"", ""tri-axial IMU and magnetometer sensors"" [p.1]",MIXED,NOT_REPORTED,Relative pose estimation with cooperative control and computer vision,"""flight data imagery"" [p.7]","""two UAVs"" [p.1]",METHOD,SIM,"""IMU only estimation"" [p.1]","""the median is 12m 3D RSS for position error and 0.5 3D RSS for attitude error."" [p.6].","| metric | value + unit | baseline value | page |
| Median 3D RSS position error | 12 m | NO_BASELINE | p.6 |
| Median 3D RSS attitude error | 0.5° | NO_BASELINE | p.6 |
| Median position error (baseline design) | 21 m | NO_BASELINE | p.8 |
| Median attitude error (baseline design) | 2.7° | NO_BASELINE | p.8 |","""the most pronounced differences in estimation accuracy is a result of the computer vision update frequency."" [p.7].","""During the initial period of the flight when the UAVs are far apart, the estimation error of the filter is relatively poor"" [p.6].","""Future work will include end-to-end system development for experimental testing."" [p.9].","""This material is based upon work supported by the United States Air Force under Contract No. FA8650-15-M-1943."" [p.9]","The paper has no publication year or venue. The header on page 1 lists authors and affiliations but no conference/journal name. The reference list includes 2016 papers, suggesting a year around 2016-2017. The paper contains a typo: ""Frosbury"" should be ""Fosbury"" [p.3]. No DOI is reported.",VERIFIED
REC_0363,Enhanced UAV Navigation in GNSS Denied Environment Using Repeated Dynamics Pattern Recognition,"S. Zahran, A. Moussa, N. El-Sheimy",2018,NOT_REPORTED,NOT_REPORTED,Canada,"""The problem arises when the GNSS signal is blocked, as the navigation solution will be deteriorate due to the exhibited drift in the IMU sensors"" [p.1]","""Therefore, using additional sensors to aid the INS and limit the navigation solution drift during GNSS signal blockage is necessary"" [p.1]","""an innovative approach to enhance the navigation of UAVs in GNSS denied environments... does not require any sensors on the UAV."" [p.1]",OTHER,"IMU, motors RPM",MIXED,NOT_REPORTED,Machine Learning Vehicle Model (ML-VM) using repeated dynamics pattern recognition,NOT_REPORTED,quadcopter,METHOD,BOTH,low-cost IMU and tactical-grade IMU standalone,"""2D RMSE ranges from 1.28 m to 7.5 m"" [p.6]","| metric | value + unit | baseline value | page |
| 2D RMSE ML-VM/IMU | 1.28–7.5 m | low-cost IMU 513.66 m | p.6 |
| 2D RMSE ML-VM/IMU (second) | 1.1–3.6 m | low-cost IMU 452.8 m | p.6 |","""different noise amplitudes imposed over flight simulation"" [p.6]","""the appropriate choice of the ML inputs... The second challenge, is how to employ these detected dynamic patterns"" [p.2]",NOT_REPORTED,"""This work was supported by Dr. Naser El-Sheimy research funds from NSERC and Canada Research Chairs programs."" [p.7]",No forbidden numbers appear.,VERIFIED
REC_0369,Autonomous Flight Control of a Nano Quadrotor Helicopter in a GPS-Denied Environment Using On-Board Vision,"Xu Zhang, Bin Xian, Bo Zhao, Yao Zhang",2015,IEEE Transactions on Industrial Electronics,10.1109/TIE.2015.2420036,China (Tianjin University),"""For the aforementioned nano UAVs, most of them lack the autonomous flight ability in GPS-denied indoor and outdoor environments without using of external ground motion capture systems."" [p.1].","""To our best knowledge, few of previous works have demonstrated autonomous control ability of a quadrotor helicopter weighs less than 50 grams without the help of external ground motion capture system in GPS-denied indoor and outdoor environments."" [p.1].","""To increase the robustness with respect to external disturbance and modeling uncertainties, a nonlinear robust feedback methodology is used to formulate the flight controller."" [p.2]",HYBRID,"""micro wireless monocular camera"", ""low-cost IMU"", ""barometer"" [p.2]",INDOOR,NOT_REPORTED,RISE-based nonlinear robust control with modified PTAM,NOT_REPORTED,"""self-built nano quadrotor helicopter"" [p.2]",SYSTEM,REAL,"""traditional PID controller"" [p.11]","""The RMS value of the position error is 0.0519m in x-direction, 0.0428m in y-direction, and 0.039m in z-direction."" [p.8].","| metric | value + unit | baseline value | page |
| Indoor hover RMS (x) | 0.0519 m | NO_BASELINE | p.8 |
| Indoor hover RMS (y) | 0.0428 m | NO_BASELINE | p.8 |
| Indoor hover RMS (z) | 0.039 m | NO_BASELINE | p.8 |
| Indoor tracking RMS (x) | 0.1619 m | NO_BASELINE | p.9 |
| Indoor tracking RMS (y) | 0.1428 m | NO_BASELINE | p.9 |
| Indoor tracking RMS (z) | 0.0215 m | NO_BASELINE | p.9 |
| Outdoor hover RMS (x) | 0.1089 m | PID 0.2824 m | p.10 |
| Outdoor hover RMS (y) | 0.1322 m | PID 0.2687 m | p.10 |
| Outdoor hover RMS (z) | 0.0424 m | PID 0.0436 m | p.10 |","""more than 70% of all the recorded horizontal points stay in a circle with a radius of 0.2m with the help of the proposed nonlinear position controller. For Fig. 21, it can be checked that only about 10.83% of all the recorded horizontal points stay in a circle with a radius of 0.2m in the flight test with PID position controller."" [p.11].","""the main drawback of the optical flow based approach is that the integration of the translational velocity will lead to an unacceptable position estimation drift."" [p.2].","""Future work will be extended to autonomous flight control in a more confined non-constructed environment."" [p.11].",NOT_REPORTED,"The paper is an IEEE Transactions on Industrial Electronics paper. The header on page 11 says ""IEEE TRANSACTIONS ON INDUSTRIAL ELECTRONICS, VOL. 62, NO. 10, OCTOBER 2015"". The paper has a typo: ""covet"" should be ""covariance"" [p.3]. No DOI is reported in the extracted text.",VERIFIED
REC_0388,Multi-UAV Cooperative Navigation Based on Multisource Information Fusion: A Review,"Fujun Song, Qinghua Zeng, Rui Zhang, Xiaohu Zhu, Xiaoyu Ye, Zongyu Zhang",2026,IEEE Sensors Journal,10.1109/JSEN.2025.3646302,"China (Sun Yat-sen University, Dalian Maritime University)","""Unmanned aerial vehicle (UAV) swarms are increasingly deployed in both civilian and military domains, where high-precision navigation in Global Navigation Satellite System (GNSS)-denied environments remains a critical challenge."" [p.1].","""Cooperative navigation (CN) has emerged as a promising paradigm by leveraging intervehicle information exchange and multisource information fusion (MSIF) to enhance swarm navigation performance."" [p.1].","""This article presents a structured framework for CN that integrates multisource information acquisition, cooperative localization (CL) techniques in GNSS-denied environments, and multisource fusion algorithms."" [p.1]",SURVEY,"""INS, barometer, laser, infrared, camera, GNSS, UWB, Bluetooth, Wi-Fi, ZigBee"" [p.3",MIXED,NOT_REPORTED,Survey of cooperative navigation with multisource information fusion,NOT_REPORTED,"""UAV swarms"" [p.2]",SURVEY,NOT_REPORTED,NO_BASELINE,NOT_REPORTED (survey paper),NOT_REPORTED,NOT_REPORTED,"""most surveys have predominantly focused on integrated navigation for single platforms, leaving CN in UAV swarms relatively underexplored."" [p.2].","""Future work should explore the integration of conventional perception sensors, such as cameras, LiDAR, and millimeter-wave radar, with UAV external auxiliary information"" [p.20].","""This work was supported by the Fifth Electronic Research Institute of MIIT under Grant 25Z05."" [p.1]","The paper is a comprehensive survey with 31 pages. The paper uses ""CN"" for cooperative navigation and ""MSIF"" for multisource information fusion. The header on page 1 says ""IEEE SENSORS JOURNAL, VOL. 26, NO. 3, 1 FEBRUARY 2026"". The DOI is provided. The paper has a typo in the abstract: ""multisource"" vs ""multi-source"" inconsistencies.",VERIFIED
REC_0391,Multi-UAV Collaboration and IMU Fusion Localization Method in Partial GNSS-denied Scenarios,"Yi Zheng, Yaqin Xie, Jiamin Li",2023,IEEE Access,10.1109/ACCESS.2023.3315670,"China (Nanjing University of Information Science and Technology, Southeast University)","""However, the simultaneous movement of the UAVs and the UE brings about problems of UAV coordinate deviation and range interference, resulting in poor accuracy and stability of UE localization."" [p.1].","""To solve the mentioned issues above, a fusion localization method based on multi-UAV collaborative ranging and user-side inertial measurement unit (IMU) module was proposed for GNSS-denied scenarios."" [p.1].","""a fusion localization method based on multi-UAV collaborative ranging and user-side inertial measurement unit (IMU) module was proposed for GNSS-denied scenarios."" [p.1]",COOPERATIVE,"""IMU module"", ""TOF or RSSI"" [p.2]",MIXED,NOT_REPORTED,Multi-UAV collaboration and IMU fusion localization based on UKF,NOT_REPORTED,"""UAV emergency network"" [p.3]",METHOD,SIM,"""EKF, CT"" [p.10]","""the positioning error was reduced by 21.4% compared with the commonly used extended Kalman filter (EKF)."" [p.1].","| metric | value + unit | baseline value | page |
| RMSE (UKF, low altitude) | 1.41 m | EKF 1.65 m; CT 2.37 m | p.12 |
| RMSE (UKF, high altitude) | 2.84 m | EKF 3.90 m; CT 6.06 m | p.12 |
| RMSE reduction vs EKF | 21.4% | NO_BASELINE | p.1 |
| UAV 2D accuracy improvement (collaboration) | 45.8% | NO_BASELINE | p.9 |
| UAV 2D accuracy improvement (vs Kalman) | 27.5% | NO_BASELINE | p.9 |","""the proposed scheme is tolerant to GNSS deviation at the UAV end but sensitive to ranging noise with the UEs, so it is more suitable for low-altitude flight localization scenarios."" [p.12].","""the proposed algorithm is sensitive to ranging error, a high-precision ranging module is needed to ensure localization accuracy in high-altitude scenarios. This will increase the power consumption and cost of the UAV system."" [p.12].","""we will further study the channel sensing of UAV base stations in complex obstacle environments."" [p.13].","""This work was supported by the National Natural Science Foundation of China (NSFC) under Grants 62001238 and the Open Research Fund of National Mobile Communications Research Laboratory, Southeast University (No. 2022D11)."" [p.1]","The paper is an IEEE Access paper. The DOI is provided. The paper uses ""UKF"" and ""EKF"" consistently. The paper has a typo: ""MULTI-UL VAL COLABORATIVE"" [p.5]. The paper uses ""GNSS"" and ""GPS"" inconsistently.",VERIFIED
REC_0409,Dust-Resilient Autonomous Navigation and Mapping for UAVs in GNSS-Denied Underground Tunnels,"Marco A. Montes-Grova, José M. González-Marin, Francisco J. Pérez-Grau, Antidio Viguria",2026,2026 International Conference on Unmanned Aircraft Systems (ICUAS),10.1109/ICUAS69441.2026.11598747,Spain (CATEC),"""Global Navigation Satellite System (GNSS) provides absolute positioning for aerial vehicles in open environments; however, underground settings block these signals entirely, forcing the system to rely solely on onboard sensing for localization."" [p.1].","""Unmanned Aerial Vehicles (UAVs) offer a safe and efficient solution for inspection and mapping in underground environments such as tunnels and mines, where human access is limited by safety, accessibility, or operational constraints [1]."" [p.1].","""This paper presents a UAV system for autonomous mapping in dust-laden, GNSS-Denied tunnels. LiDAR-Inertial odometry was integrated with IMU pre-integration to achieve 100Hz state estimation for responsive control in confined spaces."" [p.1]",HYBRID,"""Ouster OS0-128 3D LiDAR"", ""FLIR Hadron 640R dual-sensor system"", ""Pixhawk Orange Cube autopilot"" [p.2]",UNDERGROUND,NOT_REPORTED,Dust-resilient autonomous UAV system with LiDAR-Inertial odometry and intensity-based dust filtering,NOT_REPORTED,"""custom-built quadrotor"" [p.2]",SYSTEM,REAL,"""Total Station ground truth"" [p.1]","""The system completes exploration and mapping in 480 seconds, achieving 0.19m mean mapping accuracy and 0.60m RMS error against Total Station ground truth."" [p.1].","| metric | value + unit | baseline value | page |
| Mean mapping accuracy | 0.19 m | NO_BASELINE | p.1 |
| RMS error | 0.60 m | NO_BASELINE | p.1 |
| Std. dev. | 0.57 m | NO_BASELINE | p.4 |
| Exploration + return time | 480 s | NO_BASELINE | p.1 |
| Exploration phase time | 310 s | NO_BASELINE | p.4 |
| Return phase time | 170 s | NO_BASELINE | p.4 |","""Excluding these two boundary regions, the core tunnel reconstruction demonstrates a high degree of geometric consistency with the reference model"" [p.5].","""At the tunnel entrance, the increase in error is due to vegetation and surrounding objects that were captured by the UAV's LiDAR scanner but do not appear in the total station model"" [p.5].","""Future work will focus on extending the system to more complex tunnel networks with branches and intersections, as well as increasing robustness under even denser particulate conditions."" [p.5].","""This work has been carried out within the context of the BEEYONDERS project, funded by the European Commission under contract 101058548."" [p.5]","The paper has a typo: ""Gremys"" should be ""Gremsy"" [p.3]. The paper uses ""GNSS-Denied"" and ""GNSS-denied"" inconsistently. No DOI is reported. The paper is an ICUAS 2026 conference paper.",VERIFIED
REC_0426,Leonardo Drone Contest 2021: Politecnico di Milano team architecture,"Gabriele Roggi, Salvatore Meraglia, Marco Lovera",2022,2022 International Conference on Unmanned Aircraft Systems (ICUAS),10.1109/ICUAS54217.2022.9836103,Italy (Politecnico di Milano),"""To reach this goal, the designed system should be capable of navigating in a Global Navigation Satellite System (GNSS)-denied environment with autonomous decision making, online planning and collision avoidance capabilities."" [p.6].","""In this paper, the winning solution of the second edition of the Leonardo Drone Contest (LDC), an autonomous drone competition, is presented."" [p.6].","""the authors describe the competition, its rules and objectives, as well as the proposed solution in terms of hardware, software and algorithms."" [p.6]",HYBRID,"""Stereolabs ZED stereo camera"", ""Lidar-lite v3 laser range finder"", ""two OpenMV H7 Plus monocular cameras"" [p.2]",INDOOR,NOT_REPORTED,"Modular architecture with navigation, decision-making, and planning/control",NOT_REPORTED,"""coaxial octocopter"" [p.2]",SYSTEM,REAL,NO_BASELINE,"""The overall mission lasted 20 minutes and the drone travelled about 100m."" [p.6].","| metric | value + unit | baseline value | page |
| Mission duration | 20 minutes | NO_BASELINE | p.6 |
| Distance traveled | ~100 m | NO_BASELINE | p.6 |
| Final score | 35 points | NO_BASELINE | p.6 |","""the localization algorithm shows good performance. In fact, it has correctly rejected the laser measurements corresponding to obstacles"" [p.5].","""the visual odometry shows a remarkable drift, which justifies the additional use of the laser altimeter."" [p.5].",NOT_REPORTED,NOT_REPORTED,"The paper has a typo: ""Universita"" should be ""Università"" [p.6]. The paper uses ""GNSS-denied"" and ""GNSS denied"" inconsistently. No DOI is reported. The paper is an ICUAS 2022 conference paper.",VERIFIED
REC_0438,Vision-Based Object Path Following on a Quadcopter for GPS-Denied Environments,"Daniel H. S. De Mel, Karl A. Stol, Jay A. D. Mills, and Blair R. Eastwood",2017,2017 International Conference on Unmanned Aircraft Systems (ICUAS),NOT_REPORTED,New Zealand (University of Auckland),"""The goal of the present work is to develop a system able to autonomously track the path of a dynamic object."" [p.1].","""By following an object's path, reliance on obstacle avoidance strategies can be reduced, under the assumption that the object's path is free of static obstacles."" [p.1].","""This paper presents the development of an object path following algorithm for a quadcopter using on-board vision and localization."" [p.1]",VISION_OBJECT,"""A MaxBotix XL-EZ4 sonar was used to provide accurate altitude measurements. An on-board Pixhawk flight controller with IMU was used... a PX4Flow optical flow sensor estimated craft velocity for use in dead-reckoning... a Pixy camera was used... A red ball (210mm diameter) was used as the object to track."" [p.2]",MIXED,NOT_REPORTED,Object path following algorithm,NOT_REPORTED,"""custom built quadcopter craft, as shown in Fig. 1. Its frame is based on a DJI Flame Wheel F450."" [p.2]",SYSTEM,REAL,NO_BASELINE,"""The standard deviation of horizontal position from the true value over all tests was 6.5cm."" [p.5].","| metric | value + unit | baseline value | page |
| Standard deviation of horizontal position | 6.5 cm | NO_BASELINE | p.5 |
| Station keeping error | within 40 cm | NO_BASELINE | p.1 |
| Path following rms error | 28 cm | NO_BASELINE | p.1 |
| Path following maximum deviation | 78 cm | NO_BASELINE | p.1 |
| Position hold error (x) | 25 cm | NO_BASELINE | p.5 |
| Position hold error (y) | 30 cm | NO_BASELINE | p.5 |
| Position hold max deviation | 38 cm | NO_BASELINE | p.5 |
| Position hold rms error | 20 cm | NO_BASELINE | p.5 |",NOT_REPORTED,"""The disadvantage of this method is drift caused by accumulation of small errors, although this is minimized due to the accuracy and high frequency of the measurements. For larger time periods, a method to correct the drift would likely be required."" [p.3].","""Future work will include more rigorous testing of the path following algorithm, investigating the effects of object speed and radius of curvature of the path. An alternative ground truth measurement based on real time kinematic (RTK) GPS, allowing for cm-level accuracy may be used."" [p.5].",NOT_REPORTED,"No DOI is reported. The paper uses ""GPS"" and ""GNSS"" interchangeably. The Pixy camera has a limited range (up to 6 m; performance degrades below 1 m).",VERIFIED
REC_0444,Autonomous Aerial Swarming in GNSS-denied Environments with High Obstacle Density,"Afzal Ahmad, Viktor Walter, Pavel Petrachek, Matej Petrlik, Tomas Baca, David Zaitlik and Martin Saska",2021,2021 IEEE International Conference on Robotics and Automation (ICRA 2021),10.1109/ICRA48506.2021.9561284,NOT_REPORTED,"""The compact flocking of relatively localized Unmanned Aerial Vehicles (UAVs) in high obstacle density areas is discussed in this paper."" [p.1].","""Such units are typically not equipped with great computational or sensory resources, often due to costs, payload capacity, or unavailability of the desired form factor. However, these simple, low-cost UAVs lend themselves remarkably well for applications that require multiple units to be deployed simultaneously."" [p.1].","""we propose a fully decentralized, bio-inspired control law that uses only onboard sensor data for safe flocking through the environment without any communication with other agents."" [p.1]",COOPERATIVE,"""Each UAV agent is equipped with the UVDAR system to estimate the relative position and orientation of neighboring agents."" [p.4]",MIXED,NOT_REPORTED,Decentralized bio-inspired control law,NOT_REPORTED,"""The UAVs used in the experiments are homogeneous, i.e., they have identical hardware and software..."" [p.1]",METHOD,BOTH,NO_BASELINE,NOT_REPORTED,NOT_REPORTED,NOT_REPORTED,"""Improving the detection and estimation of occluded objects in outdoor environments is an open research problem and is a topic for our future work."" [p.6].","""Improving the detection and estimation of occluded objects in outdoor environments is an open research problem and is a topic for our future work."" [p.6].",NOT_REPORTED,"No DOI is reported. The paper uses ""UVDAR"" system for mutual relative localization. The authors are likely from Czech Technical University in Prague, but affiliations are not stated in the extracted text.",VERIFIED
REC_0455,Airborne-Relay-based Algorithm for Locating Crashed UAVs in GPS-Denied Environments,"Donghan Oh, Jaesung Lim, Jong-Kwan Lee, Hoki Baek",2019,NOT_REPORTED,NOT_REPORTED,"South Korea (Ajou University, Korea Military Academy)","""We propose a location algorithm to promptly search for crashed unmanned aerial vehicles (UAVs), using an airborne communication relay UAV (ACRU) in global positioning system (GPS)-denied environments."" [p.1].","""If a UAV crashes during military operations, the reconnaissance information and specific data of the UAV may be retrieved by enemy forces, thereby critically jeopardizing future military operations by revealing the intentions of such operations."" [p.1].","""We propose a method of locating a crashed UAV when the crashed UAV transmits signals in a battlefield environment, a ground control station promptly launches an airborne-communication-relay-UAV (ACRU) to relay the signals."" [p.2]",OTHER,"""transceiver and navigation systems"" [p.3]",MIXED,NOT_REPORTED,Airborne-Relay-based Algorithm,NOT_REPORTED,"""RQ-1 platform"" [p.5]",METHOD,SIM,"""non-weighted TDOA"" [p.5]","""The RMSEs of the RQ-1s whose TDOAs were weighted and non-weighted were 3.7577 and 5.6859m respectively"" [p.5].","| metric | value + unit | baseline value | page |
| RMSE (weighted TDOA) | 3.7577 m | NO_BASELINE | p.5 |
| RMSE (non-weighted TDOA) | 5.6859 m | NO_BASELINE | p.5 |
| Convergence time difference | 20 s | NO_BASELINE | p.6 |","""The experimental results demonstrated that the RMSE of the RQ-1 whose TDOA was weighted was lower than that of the RQ-1 whose TDOA was non-weighted."" [p.6].","""Because of the SWaP constraints, frequently estimating the target location reduces the UAV operational effectiveness. In addition, UAV-based location estimation is affected by the distance between the UAVs and the target UAV and by the time synchronization between the UAVs [7]."" [p.2].","""Future work will focus on locating the crashed UAV much rapid and more accurate within the designated time."" [p.6].","""This work has been supported by the Future Combat System Network Technology Research Center program of Defense Acquisition Program Administration and Agency for Defense Development. (UD160070BD)."" [p.6]","No venue or year is reported in the extracted text. The paper uses ""GPS"" instead of ""GNSS"". The reference list includes papers up to 2019.",VERIFIED
REC_0459,Safe Tightly-Constrained UAV Swarming in GNSS-denied Environments,"Andriy Dmytruk, Tiago Nascimento, Afzal Ahmad, Tomas Baca, and Martin Saska",2021,2021 International Conference on Unmanned Aircraft Systems (ICUAS),10.1109/ICUAS51884.2021.9476794,NOT_REPORTED,"""A decentralized algorithm for flocking of Unmanned Aerial Vehicles (UAV) in environments with high obstacle density is proposed in this work."" [p.1].","""The application of UAV teams in numerous tasks involving exploration, search and rescue, monitoring, transportation, etc., have recently been discussed in the literature."" [p.1].","""We propose a safe, tightly-constrained boids-inspired approach for UAV swarms flying in a GNSS-denied environment with high density of obstacles such as forests."" [p.2]",COOPERATIVE,"""UVDAR system"" [p.2]",MIXED,NOT_REPORTED,Safe Tightly-Constrained UAV Swarming,NOT_REPORTED,"""UAVs"" [p.1]",METHOD,BOTH,NO_BASELINE,"""The UAVs flew at an average velocity of 0.21 m/s"" [p.7].","| metric | value + unit | baseline value | page |
| Average velocity | 0.21 m/s | NO_BASELINE | p.7 |
| Total distance covered (simulation, 8 UAVs) | 35 m | NO_BASELINE | p.7 |
| Distance to target (real experiment) | >35 m | NO_BASELINE | p.7 |",NOT_REPORTED,NOT_REPORTED,NOT_REPORTED,NOT_REPORTED,"No DOI is reported. The paper uses ""UVDAR"" system. Author affiliations are not given in the extracted text.",VERIFIED
REC_0461,Autonomous MAV Navigation in Complex GNSS-denied 3D Environments,"Matthias Nieuwenhuisen, David Droeschel, Marius Beul, and Sven Behnke",2015,NOT_REPORTED,NOT_REPORTED,Germany (University of Bonn),"""Key prerequisites for the fully autonomous operation of micro aerial vehicles in restricted environments are 3D mapping, real-time pose tracking, obstacle detection, and planning of collision-free trajectories."" [p.1].","""MAVs allow to quickly visit otherwise inaccessible volumes, but permanent line-of-sight to the MAV may not be maintainable."" [p.1].","""In this work, we propose a complete navigation system with a multimodal sensor setup for omnidirectional environment perception."" [p.1]",HYBRID,"""continuously rotating 3D laser scanner... two monochrome stereo camera pairs... eight ultrasonic sensors"" [p.2]",INDOOR,NOT_REPORTED,Multilayered navigation approach,NOT_REPORTED,"""octorotor with a co-axial arrangement of rotors"" [p.2]",SYSTEM,REAL,NO_BASELINE,"""we can safely operate in the vicinity of obstacles. Analysis of the MAV motion model gives us a maximum stopping distance of 0.8m in 0.5s under ideal conditions."" [p.5].","| metric | value + unit | baseline value | page |
| Maximum stopping distance | 0.8 m in 0.5 s | NO_BASELINE | p.5 |
| AprilTag clustering | within 0.5 m | NO_BASELINE | p.6 |",NOT_REPORTED,NOT_REPORTED,NOT_REPORTED,NOT_REPORTED,"No venue or year is reported in the extracted text. The references include papers up to 2015. The paper uses ""MAV"" for micro aerial vehicle.",VERIFIED
REC_0464,Relative Visual-Inertial Odometry for Fixed-Wing Aircraft in GPS-Denied Environments,"Gary Ellingson, Kevin Brink, Tim McLain",2018,NOT_REPORTED,NOT_REPORTED,"USA (Brigham Young University, Air Force Research Laboratory)","""Unmanned aircraft systems (UAS) are increasingly in need of GPS-denied navigation capabilities."" [p.1].","""For UAS to be widely adopted they will need to maintain the same navigation capabilities when GPS is unavailable."" [p.1].","""This paper introduces an odometry-like front-end estimator for GPS-denied fixed-wing flight using a monocular camera."" [p.1]",VIO,"""monocular camera and IMU"" [p.2]",MIXED,NOT_REPORTED,Modified Multi-State-Constraint Kalman Filter with relative-reset,"""detailed cityscape image"" [p.5]","""fixed-wing aircraft"" [p.1]",METHOD,SIM,NO_BASELINE,"""the filter maintains a total accumulated error of less than 3% of the distance traveled."" [p.2].","| metric | value + unit | baseline value | page |
| Total accumulated error | < 3% of distance traveled | NO_BASELINE | p.2 |
| Flight duration | 160 s | NO_BASELINE | p.5 |
| Distance traveled | ~1800 m | NO_BASELINE | p.5 |
| Altitude | ~50 m | NO_BASELINE | p.5 |
| Airspeed | 11 m/s | NO_BASELINE | p.5 |","""Initial testing showed that straight-and-level flight made the forward velocity unobservable and the performance improved if the aircraft flew slight s-turns during sections of straight and level flight."" [p.5].","""Due to the reset of the feature tracks at the declaration of a new node, some useful information is being discarded."" [p.6].","""The next steps are to exercise the front-end filter in hardware flight demonstrations. This will be enabled by coding our method in C++ to increase its execution speed and therefore its accuracy."" [p.6-7].","""This work has been funded by the Center for Unmanned Aircraft Systems (C-UAS), a National Science Foundation Industry/University Cooperative Research Center (I/UCRC) under NSF award No. IIP-1161036 along with significant contributions from C-UAS industry members."" [p.7]","No DOI or venue is reported in the extracted text. The paper is an author manuscript. The paper uses ""GPS"" and ""GNSS"" interchangeably. The paper has a typo: ""deceleration of a new keyframe image"" should likely be ""declaration"" [p.2].",VERIFIED
REC_0469,Design and Flight Test of an Aerial Manipulator for Applications in GPS-Denied Environments,"M. Ng, F. Vanegas, K. Morton, J. Sandino and F. Gonzalez",2022,2022 International Conference on Unmanned Aircraft Systems (ICUAS),10.1109/ICUAS54217.2022.9836060,Australia (Queensland University of Technology),"""However, an aerial manipulator capable of interacting safely with the environment in a GPS-denied environment using only on-board sensors is still a challenge."" [p.2].","""The incorporation of manipulator mechanisms into UAVs can expand the realm of applications for these vehicles in challenging scenarios where it is not safe for personnel to carry out the work."" [p.2].","""This paper presents the design, build and implementation of an UAV with a robotic arm for use in GPS-denied environments."" [p.2]",SYSTEM,"""Realsense camera"" [p.6]",INDOOR,NOT_REPORTED,Aerial manipulator with 2-DOF robotic arm,NOT_REPORTED,"""S500 quadcopter which has a wheelbase of 480mm and weighs approximately 935g"" [p.4]",SYSTEM,REAL,NO_BASELINE,"""the UAV was able to hold its z-position very well with errors of less than 0.015m."" [p.9].","| metric | value + unit | baseline value | page |
| Z-position error (sample retrieval) | < 0.02 m | NO_BASELINE | p.9 |
| Z-position error (object retrieval) | < 0.01 m | NO_BASELINE | p.10 |
| Max x-error (hover test 2) | 0.046 m | NO_BASELINE | p.7 |
| Max x-error (hover test 3) | 0.06 m | NO_BASELINE | p.7 |
| Max y-error (hover test 2) | 0.015 m | NO_BASELINE | p.7 |
| Position drift (hover test 1) | 0.65 m | NO_BASELINE | p.6 |","""manipulator movements mainly affect the CoM in the longitudinal axis and has little effect on the lateral axis."" [p.6].","""the results from the Object Retrieval Test found that the object could not be accurately grasped. This was due to the decoupled manipulator controller having no feedback loop"" [p.10].","""future work could involve designing a feedback loop for the manipulator controller in the form of visual servoing."" [p.10].",NOT_REPORTED,"The paper is an author accepted manuscript with a DOI. The paper has a typo: ""busland"" should be ""bushland"" [p.2]. The paper uses ""UAV-AM"" for UAV-Aerial Manipulator.",VERIFIED
REC_0475,2PEDroneLoc: Peer-to-Peer Localization for GPS-Denied Drones using Camera and WiFi Fine Time Measurement,"Khadija Ashraf, Ashwin Ashok",2022,2022 IEEE International Conference on Advanced Networks and Telecommunications Systems (ANTS): Women in Engineering (WiE),10.1109/ANTS56424.2022.10227756,USA (Georgia State University),"""Failure or attack of drone GPS units can significantly compromise the mission safety - particularly, when the mission involves high value payloads."" [p.1].","""To address the GPS unreliability problem in drones, we propose an alternative solution to GPS redundancy for multi drone systems."" [p.1].","""In this work we design, implement, and evaluate a drone assisted coordinated localization system to help navigate remotely operating Global Positioning System (GPS) denied drones."" [p.1]",COOPERATIVE,"""single camera"" and ""WiFi FTM AP"" [p.1]",MIXED,NOT_REPORTED,P2P DroneLoc,"""custom dataset"" [p.1]","""Helper Drone (HD), Distress Drone (DD), and a Pseudo-HD"" [p.2]",SYSTEM,REAL,NO_BASELINE,"""our methods result in a median localization accuracy within 1-4m."" [p.1].","| metric | value + unit | baseline value | page |
| Camera median distance accuracy | 1.5 m | NO_BASELINE | p.6 |
| Camera median GPS location accuracy | 4.5 m | NO_BASELINE | p.6 |
| WiFi FTM median bearing accuracy | 8° | NO_BASELINE | p.6 |
| WiFi FTM median distance accuracy | 1 m | NO_BASELINE | p.6 |
| WiFi FTM median location accuracy | 1 m | NO_BASELINE | p.6 |","""camera-based method provides location accuracy in median range of 1-3m with a standard deviation of 2m and the WiFi FTM ranging based method provides location accuracy of 1m with standard deviation of 1m."" [p.6].","""Due to drone mobility, a limitation of using GPS as ground truth is that we have to be prepared to deal with noisy ground truth data."" [p.6].",NOT_REPORTED,"""This work was supported by the National Science Foundation (NSF) under Grant CNS-1910133."" [p.6]","No DOI is reported. The paper uses ""P2P DroneLoc"" and ""2PEDroneLoc"" inconsistently. The paper has a typo: ""ACK based prototol"" should be ""protocol"" [p.1]. The paper uses ""GPS"" and ""GNSS"" interchangeably.",VERIFIED
REC_0481,An Onboard Transformer-Based Physics-Informed System for UAV Trajectory Prediction and State Classification in GNSS-denied Environments,"Nicolas Souli, Yiannis Grigoriou, Panagiotis Chrysanthou, Panayiotis Kolios, and Georgios Ellinas",2026,2026 International Conference on Unmanned Aircraft Systems (ICUAS),10.1109/ICUAS69441.2026.11598599,"NOT_REPORTED (University of Cyprus, based on author names)","""Nevertheless, accurate position and state estimation for reliable and robust navigation [2], [3] remains a critical challenge when GNSS signals are degraded, obstructed, or inaccessible, leading to the need for robust and efficient navigation solutions, particularly in GNSS-denied environments or in scenarios where onboard sensors may malfunction [4], [5]."" [p.1].","""This work extends our previously proposed Transformer-based multi-task learning framework (MTLF-FVO) [14], which provided robust UAV localization and state identification following a data-driven, Transformer-based multi-task architecture"" [p.1].","""this work presents a lightweight, onboard, real-time UAV system for joint state identification and trajectory prediction [Enhanced Multi-task Transformer-based Physics-informed (EMT-TPI)], by incorporating a physics-informed Transformer with a two-stage sensor-fusion pipeline."" [p.1]",HYBRID,"""IMU, velocity, acceleration, and external sensor modalities such as wind speed and direction"" and ""vision-derived feature-based visual odometry measurements"" [p.1]",MIXED,NOT_REPORTED,EMT-TPI (Enhanced Multi-task Transformer-based Physics-informed),"""Dataset-1"" [p.6]","""DJI"" UAV [p.2]",SYSTEM,BOTH,"""MTLF-FVO, LSTM, VO+EKF"" [p.6]","""Across all prediction steps, EMT-TPI achieves higher location estimation performance, ranging from 5.96m at t+1 and 5.71m at t+2 to 7.90m at t+12."" [p.8].","| metric | value + unit | baseline value | page |
| Average Euclidean distance error (t+1) | 5.96 m | MTLF-FVO 7.94 m; LSTM 17.91 m | p.7 |
| Average Euclidean distance error (t+12) | 7.90 m | MTLF-FVO 9.02 m; LSTM 21.01 m | p.7 |
| Median error (50th percentile) | 6.875 m | NO_BASELINE | p.7 |
| 80th percentile error | 11.81 m | NO_BASELINE | p.7 |
| 95th percentile error | 19.27 m | NO_BASELINE | p.7 |
| MAE x-axis | 3.51 m | NO_BASELINE | p.7 |
| MAE y-axis | 2.53 m | NO_BASELINE | p.7 |
| MAE z-axis | 1.3 m | NO_BASELINE | p.7 |
| Macro-avg F1 Score | 0.79 | MTLF-FVO 0.67 | p.8 |
| Weighted-avg F1 Score | 0.80 | MTLF-FVO 0.76 | p.8 |","""EMT-TPI achieves an MAE of 1.3m on the z-axis and 2.53m on the y-axis, while the x-axis error is 3.51m demonstrating higher uncertainty in vertical prediction compared with lateral motion."" [p.8].","""The 3D flight-path prediction results... Trajectory differences (between estimated and ground truth trajectories) are mainly observed during sharp turns and rapid vertical transitions."" [p.8].","""Future work will examine the integration of additional sensing modalities to further improve performance and will expand the training dataset to strengthen both state classification and trajectory prediction capabilities."" [p.8].",NOT_REPORTED,"No DOI is reported. The paper is an ICUAS 2026 conference paper. The paper contains a massive block of sequential ""1 1 1 1..."" on page 5 (a rendering error). The paper uses ""GNSS-denied"" and ""GNSS denied"" inconsistently. The paper has a typo: ""PSDK"" should be ""PSDK"" (Payload Software Development Kit) [p.2]. The paper references ""Dataset-1"" publicly available on Zenodo [34].",VERIFIED
REC_0485,Multi-Sensor 6-DoF Localization For Aerial Robots In Complex GNSS-Denied Environments,"J.L. Paneque, J.R. Martinez-de Dios and A. Ollero",2019,2019 IEEE/RSJ International Conference on Intelligent Robots and Systems (IROS),NOT_REPORTED,Spain (University of Seville),"""Our work is motivated by aerial robots that need robust and accurate 6-DOF pose estimations for autonomous safe navigation in complex, unstructured, GNSS-denied environments with high density of obstacles and potentially strong lighting changes."" [p.1].","""The need for robots autonomously navigating in more and more complex environments has motivated intense R&D efforts in making robot pose estimation more accurate and reliable."" [p.1].","""This paper presents a robust multi-sensor multi-hypothesis 6-DoF localization filter for complex environments."" [p.1]",HYBRID,"""Velodyne HDL-32E, a ZED stereo camera, an IMU, a laser altimeter and an UWB ToF radio-range sensor"" [p.5]",MIXED,NOT_REPORTED,Multi-sensor multi-hypothesis 6-DoF localization filter,"""multi-sensor map"" [p.1]","""DARIUS aerial robot"" (custom-design hexarotor, MTOW 22 kg) [p.5]",METHOD,REAL,"""LOAM, ORB-SLAM2"" [p.6]","""our method provided low-variability errors along the full flight."" [p.6].","| metric | value + unit | baseline value | page |
| RMS error (Karting1) | 0.13 m | ORB-SLAM2 0.56 m; LOAM 0.62 m | p.7 |
| Max error (Karting1) | 0.28 m | ORB-SLAM2 1.89 m; LOAM 1.24 m | p.7 |
| RMS error (Bridge1) | 0.14 m | ORB-SLAM2 1.68 m; LOAM 0.49 m | p.7 |
| RMS error (ETSI1) | 0.23 m | ORB-SLAM2 0.69 m; LOAM 1.31 m | p.7 |
| Update stage time (S4, Bridge) | ~60 ms | NO_BASELINE | p.7 |","""The best accuracy is obtained in S3 and S4, which exploit the combination of LIDAR and camera features."" [p.7].","""it assumes that a map of the scenario is available."" [p.7].","""The integration of the next-generation 3D solid-state LIDARs with higher scan rates but significantly lower fields of view opens interesting challenges to be researched."" [p.7].","""This work was performed in the UE project AEROARMS (H2020-ICT-2014-1-644271) and in ARM-EXTEND, funded by the Spanish R&D plan (DPI2017-89790-R)."" [p.7]","No DOI is reported. The paper is an IROS 2019 conference paper. The paper has a typo: ""mono-hypothesis"" [p.1]. The paper uses ""GNSS"" and ""GPS"" inconsistently.",VERIFIED
REC_0489,UAV Vision Aided INS/Odometer Integration for Land Vehicle Autonomous Navigation,"Jing Dong, Xingyu Ren, Songlai Han, and Shilin Luo",2022,"IEEE Transactions on Vehicular Technology, VOL. 71, NO. 5, MAY 2022",10.1109/TVT.2022.3151729,China,"""Autonomous navigation without external signals, es- . portant for a lot of demanding navigation applications under challenging circumstances."" [p.1]","""Autonomous navigation without external GNSS aiding is crucial for some kinds of land vehicle applications, such as military vehicles and unmanned vehicles navigation under GNSS denied environments."" [p.1]","""The UAV vision positioning acts a role like GNSS and provides constant position correction for INS/odometer integration. A dual- rate Kalman filter is proposed and utilized to realize the data fusing of vision, INS and odometer."" [p.1]",HYBRID,"""The air part includes a six- rotor UAV, camera and airborne computing platform."" [p.23]",GNSS_SPOOFED,NOT_REPORTED,UAV Vision Aided INS/Odometer Integration,"""The referenced image is captured from Google Earth."" [p.12]","""a six- rotor UAV"" [p.23]",METHOD,BOTH,"""As a comparison, the position errors of the common INS/Odometer integration are given in Fig. 28 by processing the same dataset without the UAV vision aiding."" [p.15]","Verbatim quotes:
- ""the peak value of the proposed vision positioning error is 2.23 meters in our tests, and the standard deviation of the positioning errors is 1.52 meters."" [p.12]
- Table VI [p.26]","| metric | value + unit | baseline value | page |
| vision positioning error peak | 2.23 m | NOT_REPORTED | p.23 |
| vision positioning error std dev | 1.52 m | NOT_REPORTED | p.23 |
| Latitude Errors (RMS) | 0.61 m | NOT_REPORTED | p.26 |
| Longitude Errors (RMS) | 0.74 m | NOT_REPORTED | p.26 |
| North Velocity Errors (RMS) | 0.003 m/s | NOT_REPORTED | p.26 |
| East Velocity Errors (RMS) | 0.004 m/s | NOT_REPORTED | p.26 |
| Roll Errors (RMS) | 0.8e-3 deg | NOT_REPORTED | p.26 |
| Pitch/Heading Errors (RMS) | 0.0e-3 deg | NOT_REPORTED | p.26 |","""To evaluate the influence of different visual positioning frequencies, the periodic updates of visual position and the aperiodic updates of visual position are both simulated to aid the INS/Odometer Integration system."" [p.10]
""the visual positioning period is set to be two minutes, and in the second situation, the visual positioning period is set to be five minutes"" [p.10]","""First, the proposed method will not work when face some challenge weather. The camera can't adapt to heavy rain, cloud or fog occlusion, also the UAV platform can't flight in heavy rain or storm wind. Second, the image matching technique is not reliable for area with unstable landform features, such as desert. Third, the proposed approach relies on the image matching to provide the global position. Therefore, it can't adapt to UAV- denied situations, such as under a bridge, tunnel, or other shielding circumstances."" [p.15]","""As a part of future work, the UAV autonomous take- off method based on automatic control and target recognition- is under study."" [p.15]",NOT_REPORTED,"- The PDF contains many broken/unreadable regions (e.g., pages 8, 10, 12, 14, 21).
- Page 14 contains a massive block of garbage text (""0.0.0.0..."") that is not part of the paper.
- Page 2 is a copyright page with only the IEEE notice.
- Page 2 and 3 have inconsistent page numbering.
- The reference list on pages 27-29 contains formatting errors and some references appear incomplete or corrupted.
- Page 21 is a partial page (only a few lines).
- Some equations are severely garbled in the text extraction.",VERIFIED
REC_0502,LD3DGS-SLAM: Long-Distance Monocular SLAM With 3-D Gaussian Splatting and GNSS-Aided Localization for UAVs,"Dongdong Li, Tao Yang, Yilin Wang, Haidong Qin, Shixiong Fan, Shuanghan Zhang, Yidan Zhang, and Jing Li",2026,"IEEE Internet of Things Journal, VOL. 13, NO. 4, FEBRUARY 2026",10.1109/JIOT.2025.3638876,China,"""However, the dynamic perspectives of uncrewed aerial vehicles (UAVs), compounded by Global Navigation Satellite System (GNSS) signal interference and the accumulation of localization errors, pose significant challenges to existing monocular SLAM methods in complex environments."" [p.1]","""Owing to the inherently weak nature of GNSS signals, they are highly susceptible to interference and spoofing attacks, posing significant challenges to system security [8]."" [p.1]","""We propose LD3DGS- SLAM, a novel framework that integrates monocular SLAM, GNSS, and 3- D Gaussian splatting (3DGS) to enhance UAV- based localization and mapping. The system integrates traditional geometric feature- based localization with the multiview synthesis capability of 3- D Gaussian rendering, achieving a breakthrough in accuracy while enhancing robustness."" [p.1]",HYBRID,"""a monocular camera"" [p.7]",MIXED,NOT_REPORTED,LD3DGS-SLAM,"""TUM [2] indoor small- scale scene dataset"" [p.10]","""We constructed an aerial experimental platform using DJI MA100 and Phantom 4 RTK drones"" [p.10]",SYSTEM,REAL,"""ORB- SLAM2 [10] and ORB- SLAM3 [11]... OPENVSLAM [12]... VINS- FUSION [17]... MonoGS [36]... OBEZEE- SLAM [30]... POTHO- SLAM [39]"" [p.12]","Verbatim quotes:
- ""LD3DGS- SLAM achieves a state- of- the- art average localization error of only 0.8 m using just a monocular camera"" [p.1]
- Table VII [p.14]
- Table VIII [p.17]","| metric | value + unit | baseline value | page |
| Average localization error | 0.8 m | NOT_REPORTED | p.1 |
| RMSE (eVTOL1-120, monocular) | 0.7408 m | ORB-SLAM3: 13.7858 m | p.14 |
| RMSE (XAMIT-Loc300, rendered) | 0.4871 m | ORB-SLAM3: 3.832 m | p.16 |
| RMSE (NWPU-Loc300-1, non-rendered) | 0.7423 m | OPENVSLAM: 1.6641 m | p.16 |","""By comparing positioning errors at altitudes of 400 and 500 m, we observe that the RENDER version achieves better accuracy than the NO RENDER version."" [p.16]","""However, within the effective map range (e.g., 240–340 m), the NO RENDER version slightly outperforms in accuracy."" [p.16]","""Future work will focus on multimap fusion strategies for larger scale environments, enabling dynamic local map loading during flight. We also plan to explore the integration of semantic scene understanding and object- level perception to enhance environmental awareness."" [p.19]",NOT_REPORTED,"- The PDF contains several formatting issues and repeated reference numbering in the references section (pages 20-21 show duplicated numbering starting from [26] again).
- Some equations and tables are hard to parse due to column misalignment.
- Page 21 contains only a portrait photo and partial reference text.",VERIFIED
REC_0503,Decimeter-Accuracy Positioning for Drones Using Two-Stage Trilateration in a GPS-Denied Environment,"Yu-Er Chen, Huan-Huan Liew, Ju-Chin Chao, and Ruey-Beei Wu",2023,NOT_REPORTED,10.1109/JIOT.2022.3231704,Taiwan,"""This study proposes a high-accuracy two- stage trilateration method that enables real- time positioning in global position system (GPS)-denied areas"" [p.1]","""Most drones rely on the onboard inertia measurement unit (IMU) for navigation, but its accuracy is susceptible to cumulative errors caused by measurement drift."" [p.1]","""This method uses ultrawideband (UWB) with high- ranging accuracy and a high transmission rate as the positioning sensor."" [p.1]",UWB,"""ultrawideband (UWB)"" [p.1]",MIXED,NOT_REPORTED,Two-stage trilateration,NOT_REPORTED,"""the drone is carrying a UWB module"" [p.5]",METHOD,BOTH,"""Compared to the existing least-squares methods (LSQs)"" [p.2]","Verbatim quotes:
- ""the 95th represents altitude errors that are 0.68 and 0.43m respectively"" [p.5]
- Table II [p.7]","| metric | value + unit | baseline value | page |
| Altitude error (3m, 95th percentile) | 0.68 m | LSQ: 6.8 m | p.5 |
| Altitude error (5m, 95th percentile) | 0.43 m | LSQ: 7.4 m | p.5 |
| Mean rel. position error | 0.35 m | GPS: 2.02 m | p.7 |
| Mean rel. altitude error | 0.32 m | GPS: 3.39 m | p.7 |","""The results are used to determine the effectiveness of the accuracy improvement."" [p.7]","""These preliminary results also show that even in GPS- abundant areas, UWB distance measurements combined with two- stage trilateration improve accuracy by order of magnitude compared to direct GPS measurement."" [p.7]","""For future study, it deserves further experiments and simulations to prove the effectiveness of the proposed algorithm. A more complicated path for the drone should be set to test the performance of the proposed algorithm with the drone at a different height."" [p.7]",NOT_REPORTED,"- The paper title in the header uses ""Decimeter-Accuracy"" but the running text has some inconsistencies.
- Page 8 contains a corrupted block of text (the massive ""0.0.0.0..."" sequence).
- Table III is split across pages 7 and 8 with some formatting issues.
- Reference list formatting is inconsistent.
- The venue is not explicitly stated in the extracted text.",VERIFIED
REC_0534,Integrated UWB-Vision Approach for Autonomous Docking of UAVs in GPS-denied Environments,"Thien-Minh Nguyen, Thien Hoang Nguyen, Muqing Cao, Zhirong Qiu, Lihua Xie",2019,2019 International Conference on Robotics and Automation (ICRA),NOT_REPORTED,Singapore,"""Though vision- based techniques have become quite popular for autonomous docking of Unmanned Aerial Vehicles (UAVs), due to limited field of view (FOV), the UAV must rely on other methods to detect and approach the target before vision can be used."" [p.1]","""In many cases when GPS is available, the approaching capability can be achieved by simply communicating GPS data between the UAV and the target."" [p.1]","""In this paper we propose a method combining Ultra- wideband (UWB) ranging sensor with vision- based techniques to achieve both autonomous approaching and landing capabilities in GPS- denied environments."" [p.1]",HYBRID,"""A down- facing camera is mounted below the UAV... A laser range finder is used to directly measure the relative altitude... Optical flow sensor is used for velocity estimation."" [p.4]",MIXED,NOT_REPORTED,Integrated UWB-Vision,NOT_REPORTED,"""Our system is implemented on a hexacopter frame"" [p.4]",METHOD,REAL,NO_BASELINE,"Verbatim quotes:
- Table I [p.5]
- ""the average error in the position estimate is around 20 cm"" [p.5]","| metric | value + unit | baseline value | page |
| RMS error ρk,x (Exp1) | 0.1348 m | NO_BASELINE | p.5 |
| RMS error ρk,y (Exp1) | 0.2317 m | NO_BASELINE | p.5 |
| Average error in position estimate | around 20 cm | NO_BASELINE | p.5 |",NOT_REPORTED,"""Due to the limited size of the testing area, we tested the algorithm with a static platform."" [p.5]",NOT_REPORTED,NOT_REPORTED,"- The paper uses ""Ultra- Wide Band (UWB)"" with inconsistent hyphenation.
- Some equations are rendered with formatting artifacts.
- Page 7 contains a corrupted block of text (the massive ""0.0.0.0..."" sequence).
- The reference list on page 7 has some formatting inconsistencies.",VERIFIED
REC_0537,Indoor Navigation and Attitude Estimation for UAS using Inertial Sensors and Extended Kalman Filtering,"Salvatore Ponte, Gennaro Ariante, Aniello Menichino, Vittorio Di Vito, Giuseppe Del Core",2025,NOT_REPORTED,10.1109/METROAEROSPACE69299.2026.11646697,Italy,"""Accurate position estimation during navigation is essential for missions conducted using Unmanned Aerial Systems (UASs), particularly in fully autonomous operations or missions performed in Beyond Visual Line of Sight (BVLOs) conditions."" [p.1]","""However, GNSS- based approaches are not suitable for indoor navigation scenarios or GPS- denied environments, where satellite signals are unavailable or severely degraded."" [p.1]","""This work investigates the impact of IMU bias and drift errors on UAS navigation and attitude estimation and introduces an estimation technique based on the Extended Kalman Filter (EKF) to jointly estimate and compensate these error sources."" [p.1]",OTHER,"""the onboard IMU includes three- axis accelerometers, gyroscopes, and magnetometers."" [p.2]",INDOOR,NOT_REPORTED,EKF-based estimation,NOT_REPORTED,"""To perform the simulation tests, an Arduino Nano 33 BLE was used as a Single Board Computer (SBC)."" [p.2]",METHOD,BOTH,NO_BASELINE,"Verbatim quotes:
- ""achieved a position error reduction of 68.2% along the y- axis and 89.3% along the x- axis with respect to the raw measurements"" [p.6]","| metric | value + unit | baseline value | page |
| Position error reduction (y-axis) | 68.2% | NO_BASELINE | p.6 |
| Position error reduction (x-axis) | 89.3% | NO_BASELINE | p.6 |","Table 3 reports standard deviations for raw and filtered data across accelerometer, gyroscope, and magnetometer axes [p.5]","""This preliminary work represents part of the development of an indoor navigation system for UAV applications in GNSS- denied environments."" [p.6]","""Future developments will focus on the integration of the proposed EKF- based estimation framework with a Bluetooth Low Energy (BLE) indoor navigation system previously developed by the authors [14], [15]."" [p.6]",NOT_REPORTED,"- Page 3 contains a corrupted block of text (the massive ""0 1 0 1..."" sequence).
- Some equations and matrices are rendered with formatting artifacts.
- The venue is not explicitly stated in the extracted text.
- Figure 4 is missing from the extracted text (only the caption appears).",VERIFIED
REC_0544,Season-Invariant GNSS-Denied Visual Localization for UAVs,"Jouko Kinnari, Francesco Verdoja, and Ville Kyrki",2022,"IEEE Robotics and Automation Letters, VOL. 7, NO. 4, OCTOBER 2022",10.1109/LRA.2022.3191038,Finland,"""Localization without Global Navigation Satellite Systems (GNSS) is a critical functionality in autonomous operations of unmanned aerial vehicles (UAVs)."" [p.1]","""However, GNSS are vulnerable to intentional jamming and spoofing attacks by an adversary, and naturally susceptible to blockages and reflections in radio signal paths."" [p.1]","""We propose a localization solution relying on matching of UAV camera images to georeferenced orthophotos with a trained convolutional neural network model that is invariant to significant seasonal appearance difference (winter- summer) between the camera image and map."" [p.1]",VISION_OBJECT,"""a combination of Inertial Measurement Unit (IMU) and camera"" [p.1]",MIXED,NOT_REPORTED,Season-invariant similarity scoring with Siamese CNN,"""datasets released in [24]"" and ""Google Earth historical images"" [p.3]; real UAV datasets 1-3 [p.5-6]","""a UAV"" [p.1]",METHOD,BOTH,"""Samano et al. [17]"", ""Jurevičius et al. [20]"", ""MI"", ""Moravec"", ""Ours, w/o winter"", ""Samano retrained"" [p.5]","Verbatim quotes:
- ""The mean errors after 2 km of travel for UAV datasets 1, 2 and 3 were 26.5 m, 29.1 m and 30.6 m respectively."" [p.6]","| metric | value + unit | baseline value | page |
| Mean errors after 2 km (UAV dataset 1) | 26.5 m | NOT_REPORTED | p.6 |
| Mean errors after 2 km (UAV dataset 2) | 29.1 m | NOT_REPORTED | p.6 |
| Mean errors after 2 km (UAV dataset 3) | 30.6 m | NOT_REPORTED | p.6 |","""we also trained our model without any winter imagery (called ""Ours, w/o winter"" in Fig. 5) to ablate what we regard as the most important data augmentation source for winter- summer localization."" [p.5]","""From Fig. 8 we see that similarity measure appears to be least reliable over forest areas. This failure mode appears in all of the UAV datasets and the geometric distortion of tall trees as seen from the UAV compared to the orthoview is a likely explanation"" [p.6]","""Further investigation on model structure and dataset composition may yield improved results. The model was not trained specifically for a narrow peak of the output on correct pose; considering the training method and model structure may yield further improvements in localization, while incorporating a portion of UAV data in the training dataset might make the method more robust to perspective distortion."" [p.7]",NOT_REPORTED,"- The paper title header uses ""KowING"" (likely ""KNOWING"") in the introduction, a probable typo.
- Reference [26] has a typo: ""Gns- denied"" instead of ""GNSS-denied"".
- Reference [8] appears to have an incomplete author list (""H. Hou et al."") and journal details.
- Reference [16] has a likely typo: ""uav geolocalization"" (lowercase).
- Reference [11] and [13] have inconsistent capitalization.
- The paper states ""we do not analyze image quality here"" [p.11] — note this is from a different paper, not this one. Disregard.",VERIFIED
REC_0572,GNSS-Independent Navigation of UAV through Utilization of Sensor Fusion and Intelligence System,"Simgegew Eshetu Meheretu, Serkalem Yikeber Hailesilassie, and Ethiopia Nigussie",2022,NOT_REPORTED,10.1109/ICT4DA56482.2022.9971437,Ethiopia,"""Most of fully autonomous UAVs navigation system is dependent on GNSS for localization. But the security threats that emanates from GPS system; spoofing and jamming makes the reliance on GNSS problematic."" [p.1]","""GNSS is used for planning a predefined flight route and it is also involved in correcting or offsetting the deviation on the onboard IMU sensors based relative position tracking. Though GNSS dependent navigation is a most common practice, it is vulnerable to spoofing and jamming attacks as well as it is unreliable in some environments such as indoor, urban with high rise buildings and battlefields."" [p.1]","""The proposed navigation method combines information gathered by Intelligence Preparation for Battlefield (IPB) and Intelligence Surveillance Reconnaissance(ISR) group and onboard sensors. Then it applies Automated- enabled multi sensor fusion, motion planning and decision making to accomplish the navigation successfully."" [p.1]",HYBRID,"""IMUs, LiDARs, camera, and radars"" [p.2]",MIXED,NOT_REPORTED,Automated-enabled multi-sensor fusion navigation,NOT_REPORTED,"""UAV"" [p.1]",SYSTEM,NOT_REPORTED,NO_BASELINE,NOT_REPORTED,NOT_REPORTED,NOT_REPORTED,"""The developed conceptual design of the subsystems will be implemented in future work and evaluated in real environment."" [p.6]","""The developed conceptual design of the subsystems will be implemented in future work and evaluated in real environment."" [p.6]",NOT_REPORTED,"- The first author's name appears as ""Simgegew Eshetu Meheretu"" in the header and ""Simgeneweshetu"" in the email, likely a typo.
- Page 3 contains a massive corrupted block of text (""1 1 1 1 1 1..."" sequence).
- The paper is a conceptual architecture proposal; no implementation or experimental results are presented.
- The venue is not explicitly stated.
- Figure 1 and Figure 2 are referenced but not present in the extracted text.",VERIFIED
REC_0594,Google Map Aided Visual Navigation for UAVs in GPS-denied Environment,"Mo Shan, Fei Wang, Feng Lin, Zhi Gao, Ya Z. Tang, Ben M. Chen",2015,NOT_REPORTED,NOT_REPORTED,Singapore,"""Navigation of unmanned aerial vehicles (UAVs) in GPS- denied environment becomes increasingly critical."" [p.1]","""Since the UAVs often take off and land in different positions, it may not revisit the same scene. Thus, it may be difficult to detect loop closures as in simultaneous localization and mapping (SLAM)."" [p.1]","""We propose a framework for Google Map aided UAV navigation in GPS- denied environment. Geo- referenced navigation provides drift- free localization and does not require loop closures. The UAV position is initialized via correlation, which is simple and efficient. We then use optical flow to predict its position in subsequent frames. During pose tracking, we obtain inter- frame translation either by motion field or homography decomposition, and we use HOG features for registration on Google Map. We employ particle filter to conduct a coarse to fine search to localize the UAV."" [p.1]",VISION_OBJECT,"""an IG- 500N attitude and heading reference system (AHRS) from SBG Systems and a downward- facing PointGrey Chameleon camera"" [p.4]",MIXED,NOT_REPORTED,HOP (HOG + OF + PF),"""Google Map of Oostdorp village"" [p.4]","""a quadrotor platform shown in Fig. 5, whose dimension is 35cm in height and 86cm in diagonal width with a maximum take- off weight of 3kg."" [p.4]",METHOD,REAL,"""visual odometry based on OF alone used as baseline"" [p.4]","Verbatim quotes:
- ""the root mean square error (RMSE) of HOP is 6.773 m. The errors are quite small compared with a 169.188 m RMSE for the visual odometry based on OF alone."" [p.4]
- ""the localisation accuracy of HOP is comparable with GPS, whose RMSE is 3 m."" [p.4]
- ""Image registration failure constitutes 7% where position prediction is retained."" [p.4]","| metric | value + unit | baseline value | page |
| RMSE of HOP | 6.773 m | OF alone: 169.188 m | p.4 |
| GPS RMSE | 3 m | NOT_REPORTED | p.4 |
| Image registration failure rate | 7% | NOT_REPORTED | p.4 |","""We compare the effect of OF based position prediction as shown in Fig. 6. UAV localization fails without OF, especially when the motion is large."" [p.4]
""Regarding the sensitivity of HOP to these parameters, it is found that N should be larger than 40 to have sufficient particles to make a valid estimation. Meanwhile, sc should be larger than 35 to account for the inaccuracy arises from OF."" [p.4]","""Image registration failure constitutes 7% where position prediction is retained. The outliers mainly concentrate at two regions, where either there are few gradient patterns in the scene or has significant illumination change."" [p.4]","""For future research directions, we will install a gimbal to stabilize the camera against wind and vibration, and a thermal camera for navigation at night. Subsequently, we will perform more evaluation on challenging environments, including day and night conditions. We will also use HOP to give state feedback to an actual system."" [p.5-6]",NOT_REPORTED,"- The paper has some formatting issues in the references (e.g., [6] has ""MAV urban localization"" with inconsistent capitalization).
- Reference [10] has a typo: ""lacus kanade"" instead of ""Lucas-Kanade"".
- Reference [12] has a typo: ""Hogglies"" instead of ""HOGgles"".
- The paper mentions ""169.188 m RMSE"" for the baseline, which is a very large error — this is quoted verbatim but may be a suspicious number.
- The venue is not explicitly stated.
- Some equations are rendered with minor formatting artifacts.",VERIFIED
REC_0598,Compact Passive Millimeter Wave Imager for Degraded Visual and GPS-Denied Navigation,"Thomas Dillon, Christopher Schuetz, Andrew Wright, Stephen Kozacik, Zachary El-Azom, Shouyuan Shi, Dennis Prather, Adam Rutkowski",2019,NOT_REPORTED,NOT_REPORTED,USA,"""In many theaters of operation, aerial vehicles lack reliable access to the U.S. global positioning system (GPS) and must employ other means for navigation."" [p.1]","""Sensors operating at visible or infrared wavelengths, however, are inadequate for many deployment scenarios, particularly in the presence of cloud cover, smoke, fog, and other atmospheric obscurants that obscure viewing."" [p.1]","""We present a passive millimeter wave imager for aerial vehicle navigation in degraded visual and GPS- denied environments. The sensor employs aperture synthesis imaging techniques with optical upconversion of millimeter wave signals and coherent reconstruction in the optical domain to enable a suitably small form factor."" [p.1]",OTHER,"""a 30cm sparse aperture populated with 60 sensor nodes operating at 94GHz"" [p.4]",MIXED,NOT_REPORTED,Passive millimeter wave imager,NOT_REPORTED,"""a small, fixed- wing aircraft"" [p.1]",SYSTEM,BOTH,NO_BASELINE,"Verbatim quotes:
- ""our pmmW imaging sensor has been proven in flight operation at 30 Hz frame rate with 2.5 K noise equivalent temperature difference and over 2500 effective pixels generated from ~200 sensor nodes."" [p.2]
- ""a sensor with a total anticipated weight of less than 5kg with form factors and power draws amenable to UAV deployment."" [p.4]
- ""these parameters correspond to an FOV of 350m and a ground resolution of 10.5m."" [p.4]","| metric | value + unit | baseline value | page |
| Frame rate | 30 Hz | NOT_REPORTED | p.2 |
| Noise equivalent temperature difference | 2.5 K | NOT_REPORTED | p.2 |
| Effective pixels | over 2500 | NOT_REPORTED | p.2 |
| Sensor nodes | ~200 | NOT_REPORTED | p.2 |
| Total anticipated weight | less than 5 kg | NOT_REPORTED | p.4 |
| Ground resolution | 10.5 m | NOT_REPORTED | p.4 |
| FOV | 350 m | NOT_REPORTED | p.4 |","""This test yielded a shift of 9 pixels translation and little rotation and scaling, representative of the airframe motion."" [p.4]","""The earlier versions of our imager exhibit SWaP incompatible with many small aerial vehicles such as a class 3 UAV."" [p.2]","""Over the course of the next 18 months, this imager will be built and tested."" [p.4]","""Air Force Research Laboratory"" [p.1]","- The paper appears to be a conference paper or technical report; the venue is not explicitly stated.
- Reference [3] is a URL that may be broken.
- The paper mentions ""millions of times less loss"" [p.2] — this is an extremely large claim that may be suspicious.
- Figure 12 has a caption typo: ""feature's previous locations"" (should be ""features' previous locations"").
- The paper contains several acronyms without full definitions (e.g., ""SWaP"", ""TRL"", ""c-SWaP"").",VERIFIED
REC_0617,Visual-Inertial Fusion for Indoor Autonomous Navigation of a Quadrotor Using ORB-SLAM,"Seyed Jamal Haddadi, Eugenio B. Castelan",2018,"2018 Latin American Robotic Symposium, 2018 Brazilian Symposium on Robotics (SBR) and 2018 Workshop on Robotics in Education (WRE)",10.1109/LARS/SBR/WRE.2018.00028,Brazil,"""due to deny the GPS in the indoor environment and lack of self- localization, the autonomous maneuver of Quadrotor is more challenging."" [p.1]","""An impressive interest in controlling the Unmanned Aerial Vehicles (UAVs) such as Quadrotors are significantly increasing among researchers. Applications of these UAVs that can autonomously operate in outdoor/indoor environments have been widely defined in tasks such as traffic monitoring, rescue operations, surveillance, transportation, and hobbyist."" [p.1]","""To perform this approach, two kinds of modules are employed. For the former, a Simultaneous Localization and Mapping (SLAM) system is used. This SLAM system uses Oriented Fast and rotated BRIEF (ORB) features, also known as ORB SLAM. The second module is Extended Kalman Filter (EKF) that is applied for combining the obtained pose from ORB SLAM and Inertial Measurement Unit (IMU)."" [p.1]",VIO,"""frontal monocular camera"" [p.1]",INDOOR,NOT_REPORTED,ORB-SLAM + EKF fusion,NOT_REPORTED,"""an AR- Drone 2.0 quadrotor"" [p.1]",METHOD,REAL,"""the measured position by downward camera"" [p.5]","Verbatim quotes:
- ""results illustrate that the quadrotor has moderate drifting (until auto- landing time) in horizontal sides; 40 cm for x and 1.7 m for y."" [p.5]","| metric | value + unit | baseline value | page |
| Drifting in x (position holding) | 40 cm | NOT_REPORTED | p.5 |
| Drifting in y (position holding) | 1.7 m | NOT_REPORTED | p.5 |",NOT_REPORTED,"""Since, during the test, we did not have the Motion- Capture system as the ground truth measurement recorder, so we had to use AR- Drone's downward camera measurements."" [p.4]",NOT_REPORTED,"""The first author has a scholarship from CAPES and the second author is also supported by CNPq, Brazil."" [p.6]","- The paper has several typos: ""deny the GPS"" [p.1] (likely ""denial of GPS""), ""Robotic Operation System"" [p.1] (should be ""Robot Operating System""), ""spare map"" [p.1] (likely ""sparse map"").
- Reference [3] has a typo: ""Usibg"" instead of ""Using"".
- Reference [13] is a URL that may be broken.
- The state vector in Section III-A has a typo: ""y_k"" appears twice instead of ""y_k, z_k"" in the velocity terms.
- Some equations have formatting artifacts.
- The conference name in the header is the Latin American Robotic Symposium (LARS) 2018.",VERIFIED
REC_0620,Terrain Aided Planetary UAV Localization Based on Geo-referencing,"Xue Wan, Yuanbin Shao, Shengyang Zhang, and Shengyang Li",2022,"IEEE Transactions on Geoscience and Remote Sensing, VOL. 60, 2022",10.1109/TGRS.2022.3198745,China,"""In such a GPS- denied environment, vision- based localization is an optimal approach."" [p.1]","""Unlike on Earth, GPS service is unavailable for planetary exploration, and thus, optical- based navigation has become one of the key technologies in autonomous navigation [4]."" [p.2]","""In this article, we proposed a terrain aided simultaneous localisation and mapping (SLAM) algorithm, which simultaneously reconstructs the 3- D map point of environment and estimates the location of a planet UAV based on preexisting digital elevation model (DEM)."" [p.1]",HYBRID,"""monocular camera"" [p.16]",MIXED,NOT_REPORTED,Terrain aided SLAM (terrain-SLAM),"""40 200 synthetic drone images"" [p.1]","""planetary unmanned aerial vehicle (UAV)"" [p.1]",METHOD,SIM,"""ORB-SLAM2, ORB-SLAM3, SURF-SLAM, and SuperPoint-SLAM"" [p.15]","Verbatim quotes:
- ""over the flight distance of 33.8 km, the proposed method achieved an average localization error of 0.45 m, compared to 1.32 m by ORB- SLAM2 and 0.75 m by ORB- SLAM3, with the processing speed of 12 Hz"" [p.1]
- ""the average matching accuracy is 0.66 subpixel."" [p.10]
- ""Since the total length of flight trajectories of the UAVs in the nine scenes is 1069.9 m, the localization error of our proposed method is 0.042%."" [p.16]","| metric | value + unit | baseline value | page |
| Average localization error | 0.45 m | ORB-SLAM2: 1.32 m; ORB-SLAM3: 0.75 m | p.1 |
| Processing speed | 12 Hz | NOT_REPORTED | p.1 |
| Average matching accuracy (PC) | 0.66 subpixel | SIFT failed in most cases | p.10 |
| Localization error (total flight 1069.9 m) | 0.042% | NOT_REPORTED | p.16 |","""when the confidence is equal to 10, the average error, root- mean- square error, and standard deviation are all the smallest."" [p.14]","""Since the total length of flight trajectories of the UAVs in the nine scenes is 1069.9 m, the localization error of our proposed method is 0.042%."" [p.16]","""Future work will be carried out using the real UAV data captured from the desert area, which has a similar texture to the planetary surface."" [p.17]","""National Natural Science Foundation of China (NSFC) under Grant 4217012350"" [p.1]","- The paper contains numerous equation formatting artifacts and broken glyphs.
- The reference list has formatting issues and some references appear incomplete.
- Page 17-18 have some reference text corruption.
- The paper uses ""simultaneous localisation and mapping"" (British spelling) in some places and ""simultaneous localization and mapping"" in others.
- Some equations have typos (e.g., ""e_{i}^{GT}w_{i}^{G}e_{i}^{G}"" appears malformed).",VERIFIED
REC_0622,Micro-Drone Ego-Velocity and Height Estimation in GPS-Denied Environments Using an FMCW MIMO Radar,"Jeremy Barra, Thierry Creuzet, Suzanne Lesecq, Gerard Scorletti, Eric Blanco, and Mykhailo Zarudniev",2022,"IEEE Transactions on Radar Systems, VOL. 1, 2023",10.1109/JSEN.2022.3229421,France,"""In the context of autonomous navigation, the vehicle trajectory estimation and the detection of surrounding obstacles are two critical functionalities that must be robust to difficult environmental conditions (e.g., fog, dust, and snow) and the unavailability of infrastructure signals (e.g., GPS)."" [p.1]","""With the advantage of remaining operable in low- visibility conditions, radar sensors are good candidates to detect obstacles in an autonomous navigation context."" [p.1]","""We show that using a beamforming technique to virtually steer the radar field of view (FOV), we can simultaneously estimate the horizontal and vertical velocities of the drone as well as its height."" [p.1]",OTHER,"""Infineon 77- GHz FMCW radar"" [p.1]",MIXED,NOT_REPORTED,FMCW MIMO Radar Ego-Velocity Estimation,NOT_REPORTED,"""a small unmanned aerial vehicle (UAV), such as the BitCraze Crazyflie [7]"" [p.1]",METHOD,BOTH,NO_BASELINE,"Verbatim quotes:
- ""The values obtained are close to the expected 30 m, with an average distance of 29.61 m and a standard deviation of 1.01 m."" [p.7]
- ""These experiments not only demonstrated the validity of the approach but also showed excellent performance of the velocity estimation, on the order of 3 cm per meter traveled."" [p.8]","| metric | value + unit | baseline value | page |
| Final distance (average) | 29.61 m | NO_BASELINE | p.7 |
| Standard deviation | 1.01 m | NO_BASELINE | p.7 |
| Velocity estimation performance | 3 cm per meter traveled | NO_BASELINE | p.8 |","""We set up three types of experiments to validate the velocity and height radar- based estimations."" [p.7]","""However, this is due to our scarce experimental setup resources, and a dedicated radar- UAV interface allowing the transmission of Doppler arrays for radial distances higher than 4 m would solve the problem."" [p.7]","""Further work will consist in the integration of an MIMO FMCW radar on the Crazyflie UAV, to validate the approach experimentally with in- flight data."" [p.8]",NOT_REPORTED,"- The paper contains a typo: ""Crazyflie microphone"" [p.6] (likely ""micro-drone"").
- The paper contains a typo: ""the norm of the projected velocity vector reaches a maximum"" [p.4] — formatting artifact.
- Reference [30] has a typo: ""Radar- aided navigation system for small drones in GPS- denied environments"" — the author list appears incomplete.
- Some equations have formatting artifacts.",VERIFIED
REC_0631,Navigation without GPS for Unmanned Aerial Vehicles,Dr Lin Feng,2019,INVITED SPEAKER 1,NOT_REPORTED,Singapore,"""Extensive research and development have been done for UAVs to operate in complex and unknown environments, especially in GPS- denied environments."" [p.1]","""Consideration of a wide range of factors needs to be observed in such environments."" [p.1]","""in- depth research in the advanced autonomous systems on UAVs is presented, involving automate flight process in GPS- denied environments, such as below the forest canopy or indoor environments, in which a board range of sensing and navigation technologies have been used."" [p.1]",HYBRID,"""a board range of sensing and navigation technologies"" [p.1]",MIXED,NOT_REPORTED,NOT_REPORTED,NOT_REPORTED,NOT_REPORTED,SURVEY,BOTH,NO_BASELINE,NOT_REPORTED,NOT_REPORTED,NOT_REPORTED,NOT_REPORTED,NOT_REPORTED,NOT_REPORTED,"- This is an invited speaker abstract, not a full paper.
- The text contains a typo: ""a board range"" [p.1] (likely ""a broad range"").
- No experimental data, results, or methodology details are provided.
- The abstract is extremely short (one page).",VERIFIED
REC_0639,A Vision-Based Approach to Autonomous Landing of an eVTOL Aircraft in GPS-Denied Environments,"Fernanda Villafana Benitez, Aidan Rutherford, Johann Van Hilst, Eric Babcock, Madison Schlief, Lukas Markussen",2023,NOT_REPORTED,10.1109/DASC58513.2023.10311329,USA,"""Autonomous systems enable an electric vertical takeoff and landing (eVTOL) aircraft to perform the fundamental duties of a pilot - aviate, navigate, and communicate - without human intervention."" [p.1]","""Recent developments in eVTOLs have shown that the future of AAM solutions will involve current cutting- edge technologies such as autonomous flight and electric or hybrid propulsion systems."" [p.1]","""The prototype vision- based system identifies a landing zone, and calculates relative position and orientation position without reliance on Global Positioning System (GPS) capabilities"" [p.1]",VISION_OBJECT,"""two OAK- D S2 cameras"" [p.3]",MIXED,NOT_REPORTED,Vision-based autonomous landing system,"""custom dataset"" [p.4]","""a DJI Matrice 100 quadcopter"" [p.3]",SYSTEM,REAL,"""Differential GPS was used as a source of truth"" [p.6]","Verbatim quotes:
- ""the maximum distance in which the YOLO algorithm can successfully detect 1:64, 1:32, and 1:16 scale cars up to 4.6, 13.7, and 27.4 feet respectively."" [p.5]
- ""This model achieved an average loss of 0.2666 over the course of training for 6000 iterations."" [p.4]
- ""the prediction confidence was set to a high probability of correctness of 90%"" [p.4]","| metric | value + unit | baseline value | page |
| Object detection distance (1:64 scale) | 4.6 feet | NO_BASELINE | p.5 |
| Object detection distance (1:32 scale) | 13.7 feet | NO_BASELINE | p.5 |
| Object detection distance (1:16 scale) | 27.4 feet | NO_BASELINE | p.5 |
| Average loss | 0.2666 | NO_BASELINE | p.4 |
| Prediction confidence | 90% | NO_BASELINE | p.4 |","""Three arrangements of 0.61m by 0.61m (2'×2') ArUco markers were tested to find the optimal placement"" [p.3]","""Future research on the project overall would include adding robustness to the existing system, such as the ability to operate in weather. Other considerations would be implementing a more robust machine learning model, as the existing model does not track false positive or false negative detections nor perform error detection and correction."" [p.6]","""The final consideration would be to use the logged data generated by the system as input to a feedback control loop to achieve autonomous flight."" [p.6]","""support from Wisk Aero"" [p.1]","- The paper is a student research paper from Embry-Riddle Aeronautical University.
- The venue is not explicitly stated.
- There are several typos: ""corporation"" [p.6] (likely ""cooperation""), ""A board range"" [p.1] (likely ""a broad range"").
- Figure 8 is referenced twice (once on p.4 and once on p.6) with different captions.
- Some references have formatting inconsistencies.",VERIFIED
REC_0644,Autonomous Localization and Navigation for Drones Over Rivers,"Po-Chun Wu, Yang-Yi Chen, Chun-Liang Lin, and Han Wang",2025,"IEEE Access, VOL. 14, 2026",10.1109/ACCESS.2025.3650454,Taiwan,"""their dependence on Global Positioning System (GPS) localization is often compromised in forested areas, under bridges, or above highly dynamic water surfaces."" [p.1]","""Rivers pose unique challenges due to their winding paths, dynamic water surfaces, and surrounding vegetation, which can lead to signal loss, causing UAVs to drift, lose control, or fail missions."" [p.1]","""This paper presents a robust real- time visual- inertial navigation framework that integrates neural network- based optical flow estimation (NeuFlow v2), the Dynamic Divided Method (DDM), and inertial measurement unit (IMU) data through a Kalman Filter (KF)."" [p.1]",VIO,"""NeuFlow v2"" [p.1]",MIXED,NOT_REPORTED,DDM-enhanced VIO with NeuFlow v2 and KF,"""field- collected multimodal data comprising video imagery, inertial measurements, and GPS trajectories"" [p.8]","""uncrewed aerial vehicle (UAV)"" [p.1]",METHOD,BOTH,"""VO with and without the proposed DDM, as well as GPS"" [p.10]","Verbatim quotes:
- ""In most cases, the Frechet similarity with DDM exceeds 90%, while the Euclidean similarity remains above 95%"" [p.15]
- Tables 2 and 3 [p.16]","| metric | value + unit | baseline value | page |
| Frechet similarity (Kangqiao) | 94.45% | 92.70% | p.16 |
| Frechet similarity (Green River, straight 97°) | 95.56% | 92.31% | p.16 |
| Frechet similarity (Wu River, straight 118°) | 94.64% | 20.01% | p.16 |
| Euclidean similarity (Kangqiao) | 98.24% | 95.37% | p.16 |
| Euclidean similarity (Wu River, straight 118°) | 98.10% | 58.63% | p.16 |","""Two notable exceptions arise in the Curved Riverbend Missions, where the Frechet similarity drops below 90% and the Euclidean similarity falls below 95%."" [p.15]","""This degradation is primarily attributed to the algorithm's limited ability to continuously adapt to dynamic river curvature in real time, as vector correction is only applied during hovering phases."" [p.15]","""which could be addressed in future work through adaptive vector correction or curvature- aware segmentation."" [p.15]","""National Science and Technology Council, Taiwan, under Grant NSTC 112- 2221- E- 005- 068- MY2"" [p.1]","- The paper contains some formatting issues with equations and table alignment.
- The paper title header uses ""2025, accepted 27 December 2025, date of publication 5 January 2026"" — the year 2025 appears to be a typo (likely 2025 acceptance, 2026 publication).
- Figure 1 is referenced twice with different captions (once on p.2 and once on p.3).
- Some references have formatting inconsistencies.
- The paper uses ""Fréchet"" and ""Frechet"" inconsistently.",VERIFIED
REC_0647,Radiation Source Localization in GPS-denied Environments using Aerial Robots,"Frank Mascarchi, Taylor Wilson, Christos Papachristos, and Kostas Alexis",2018,"2018 IEEE International Conference on Robotics and Automation (ICRA), May 21-25, 2018, Brisbane, Australia",NOT_REPORTED,USA,"""reliable robotic autonomy and information gathering in the complex, cluttered, often highly contaminated and GPS- denied nuclear sites remains particularly challenging."" [p.1]","""Nuclear sites, active, decommissioned, or scheduled for decommissioning, represent major assets and critical facilities requiring rigorous, systematic and comprehensive inspection that necessitate radiometric surveying."" [p.1]","""This paper details the system and methods developed to enable autonomous nuclear radiation source localization and mapping using aerial robots in GPS- denied environments."" [p.1]",OTHER,"""a Thallium- doped Cesium Iodide (CsI(TI)) scintillator and a Silicon Photomultiplier"" [p.1]",INDOOR,NOT_REPORTED,Radiation Source Localization via Aerial Robots,"""open dataset"" [p.7]","""a small hexarotor platform with a take- off weight of 2.6kg"" [p.2]",SYSTEM,REAL,NO_BASELINE,"Verbatim quotes:
- ""the error ed in distance between the source estimate and the true source location was ed = 1.52m. After the final measurement, this error in distance was reduced to ed = 0.32m."" [p.7]
- ""In this experiment, the final source localization error is 0.28m."" [p.7]
- ""With only 5 dwell points, the method achieves an error of only ed = 0.31m in the position of the source."" [p.7]","| metric | value + unit | baseline value | page |
| Source localization error (Experiment 1, after 3rd measurement) | 1.52 m | NO_BASELINE | p.7 |
| Source localization error (Experiment 1, final) | 0.32 m | NO_BASELINE | p.7 |
| Source localization error (Experiment 2) | 0.28 m | NO_BASELINE | p.7 |
| Source localization error (Experiment 3, active search) | 0.31 m | NO_BASELINE | p.7 |","""Furthermore, the algorithm achieves source localization in the presence of attenuated and inaccurate readings."" [p.7]","""due to the requirement to dwell for several seconds (from 5s to 15s in these results), the robot is limited to derive the needed source estimate with typically less than 12 dwell points."" [p.6]","""Future work will include utilization of the spectroscopy abilities of the scintillator circuit to perform multi- source localization. Additionally, semantic classification can be utilized to further constrain the search space and improve the localization of the source using objects visible in the scene."" [p.8]",NOT_REPORTED,"- The first author's name appears as ""Frank Mascarchi"" in the header and ""F. Mascarich"" in the references — likely a typo.
- The paper contains several equation formatting artifacts.
- Reference [29] is a dataset link that may be broken.
- Some references have incomplete author lists.
- The paper uses ""CsI(TI)"" in the abstract and ""CsI(Tl)"" in the text — likely a typo (should be Tl for Thallium).
- There is a typo: ""nuclearized robotics"" [p.2] (likely ""nuclear robotics"").
- There is a typo: ""GPS- denied"" appears with inconsistent hyphenation.",VERIFIED
REC_0652,Reinforcement Learning-Based Autonomous UAV Navigation in Indoor Environments Towards Human Detection,"Vishwani Geeganage, Lakmina Gamage, Haritha Weerathunga, Chinthaka Premachandra, B.H. Sudantha",2025,NOT_REPORTED,10.1109/ICIPRoB69625.2026.11497788,Sri Lanka,"""Conventional autonomous navigation systems typically depend on heavy sensor suites such as LiDAR or reliable GPS signals, which are often impractical for lightweight and low- cost rescue drones operating in cluttered indoor spaces"" [p.1]","""The increasing frequency and severity of natural disasters ranging from earthquakes to urban structural collapses have underscored the urgent need for rapid, autonomous search and rescue (SAR) technologies."" [p.1]","""this paper introduces a cost- effective, fully autonomous UAV navigation framework that leverages Deep Reinforcement Learning (DRL) to replace brittle rule- based decision logic with adaptive policy learning."" [p.1]",VISION_OBJECT,"""monocular RGB camera"" [p.1]",INDOOR,NOT_REPORTED,DRL-based autonomous navigation (PPO),NOT_REPORTED,"""DJI Tello drone"" [p.1]",METHOD,BOTH,"""Rule- Based"" and ""DQN (RL)"" [p.5]","Verbatim quotes:
- Table II [p.5]
- ""PPO emerged as the superior method, achieving a success rate of 61.2% ± 4.3%."" [p.5]","| metric | value + unit | baseline value | page |
| PPO success rate | 61.2% ± 4.3% | Rule-Based: 47.6% ± 4.4%; DQN: 40.4% ± 4.3% | p.5 |
| PPO avg. steps | 22.9 ± 8.0 | Rule-Based: 23.6 ± 8.2; DQN: 25.1 ± 7.7 | p.5 |
| PPO avg. reward | 509.8 | Rule-Based: 420.2; DQN: 563.6 | p.5 |","""we compare Deep Q Networks (DQN) and Proximal Policy Optimization (PPO)."" [p.4]","""we observed an average round trip latency of approximately 150ms - 200ms. While acceptable for walking speed human targets, this latency could be critical in high- speed rescue scenarios."" [p.5]","""Future work will focus on extending this architecture to handle multi- person tracking and prioritization. Furthermore, as illustrated in Fig. 5, we propose a hierarchical architecture where the UAV functions as an intelligent edge node, offloading strategic coordination to a central server that manages large- scale resource deployment."" [p.6]",NOT_REPORTED,"- Page 2 contains a corrupted block of text (the massive ""1 1 1 1..."" sequence).
- The paper uses ""GPS denied"" and ""GPS-denied"" inconsistently.
- The paper contains typos: ""chintaka@shibaura- it.ac.jp"" [p.1] (likely ""chinthaka""), ""0.8"" in the reward function section appears inconsistent with the text.
- The venue is not explicitly stated.
- Some figures are referenced but not present in the extracted text.",VERIFIED
REC_0656,Vision-Based UAV Localization by Aerial and Satellite Image Matching,"Huei-Yung Lin, Po-Hsun Chen, and Chi-Wei Yeh",2025,"IEEE Access, VOL. 14, 2026",10.1109/ACCESS.2026.3684630,Taiwan,"""However, in urban canyons, indoor environments, or bad weather conditions, GNSS signals are prone to obstruction and interference, leading to degraded navigation performance."" [p.1]","""The deployment of Unmanned Aerial Vehicles (UAVs) in tasks such as urban surveillance, disaster assessment, and logistics necessitates enhanced autonomous navigation capabilities."" [p.1]","""In this paper we present an UAV visual localization and heading estimation in GNSS- denied environments by matching the UAV overhead imagery with satellite maps. The proposed NavCLIP constructs an image database using satellite data and retrieves the best- matched by querying with aerial images."" [p.1]",VISION_OBJECT,"""single camera"" [p.2]",MIXED,NOT_REPORTED,NavCLIP,"""UAV- Satellite Dataset"" [p.1]","""DJI Mavic Air 2 drone"" [p.6]",METHOD,BOTH,"""GeoCLIP [3]"" [p.4]","Verbatim quotes:
- Table 1 [p.6]
- Table 4 [p.8]
- ""our method achieves a mean error of 0.2 degrees"" [p.8]","| metric | value + unit | baseline value | page |
| Localization error (UCLA, cross-season) | 1.21 pixels (1.17 meters) | GeoCLIP: 296.84 meters | p.6 |
| Localization error (Campus) | 1.53 pixels (1.48 meters) | GeoCLIP: 435.83 meters | p.6 |
| Heading angle error (Campus) | 0.2 degrees | NOT_REPORTED | p.6 |
| Real-world UAV localization error (Route 4) | 37.76 meters | GeoCLIP: 191.57 meters | p.8 |","""Ablation experiments are conducted to validate the effectiveness of the proposed localization method."" [p.9]","""In the real- world UAV flight experiments, the localization error is notably larger, indicating that the domain discrepancy between UAV imagery and satellite maps remains a major challenge for practical deployment."" [p.9]","""Some possible mitigation strategies include stronger domain adaptation, model training with more and diverse real- flight imagery, multi- scale retrieval refinement, and incorporating temporal consistency across consecutive UAV frames."" [p.9]","""Ministry of Science and Technology of Taiwan under Grant NSTC 113- 2221- E- 027- 092"" [p.1]","- The paper contains some formatting issues with equations and table alignment.
- Reference [7] has a typo: ""Robot. Auto. Syst."" (should be ""Robot. Auton. Syst."").
- Reference [1] has a typo: ""GNSS- denied"" with inconsistent hyphenation.
- The paper uses ""GNSS"" and ""GPS"" interchangeably in some places.
- Some references have incomplete author lists.",VERIFIED
REC_0687,On the scalability of experimentally determined aerodynamic model for model-based navigation on a delta-wing UAV,"P. Longobardi, J. Skaloud",2023,NOT_REPORTED,10.1109/METROAEROSPACE57412.2023.10189996,Switzerland,"""However, the lack of analysis of aerodynamic model structure for model- based navigation applications on delta- wing UAVs, characterized by a reduced number of control surfaces, has hindered its practical implementation."" [p.1]","""As delta- wing UAVs operate further away from home position, or even BVLOS, navigation safety becomes important."" [p.1]","""In this study, we propose a methodology for generalizing an aerodynamic model experimentally determined for a specific platform to a family of platforms sharing comparable physical characteristics by employing in- flight tuning."" [p.1]",OTHER,"""Pixhawk 4 Holybro"" [p.2]",MIXED,NOT_REPORTED,Model-based navigation (VDM),NOT_REPORTED,"""eBee X"" and ""Concorde S"" delta-wing UAVs [p.2]",METHOD,REAL,"""traditional kinematic approach to autonomous navigation"" [p.3]","Verbatim quotes:
- Table II [p.4]","| metric | value + unit | baseline value | page |
| Outage 1: VDM max error | 36 m | INS: 944 m | p.4 |
| Outage 2: VDM max error | 74 m | INS: 741 m | p.4 |
| Outage 3: VDM max error | 186 m | INS: 1129 m | p.4 |","""Great importance for a successful calibration must be given to proper aerodynamic excitation of lateral and longitudinal dynamics via specific maneuvers."" [p.5]","""Future work should assess the robustness of the newly determined aerodynamic model for flight scenarios characterized by different environmental condition (i.e. wind) and flight dynamics."" [p.5]","""Additionally, it would be advisable the comparison with aerodynamic coefficients obtained through regression for the proposed model structure to verify their accordance with the coefficients determined in this study"" [p.5]",NOT_REPORTED,"- The paper contains several equation formatting artifacts.
- Reference [15] is marked as ""Unpublished- Manuscript currently under review"".
- The paper has a typo: ""flight scenarios characterized by different environmental condition"" [p.5] (should be ""conditions"").
- The venue is not explicitly stated.
- Some equations are rendered with broken glyphs.",VERIFIED
REC_0688,Single Vehicle Localization and Routing in GPS-Denied Environments Using Range-Only Measurements,"Sohum Misra, Bingyu Wang, Kaarthik Sundar, Rajnikant Sharma, and Sivakumar Rathinam",2020,"IEEE Access, VOL. 8, 2020",10.1109/ACCESS.2019.2963286,USA,"""However, disruption of GPS signals, by intention or otherwise, can render these algorithms ineffective."" [p.1]","""Path planning algorithms for unmanned aerial or ground vehicles rely on Global Positioning System (GPS) information for localization in many surveillance and reconnaissance applications."" [p.1]","""The placement of LMs and the route followed by the vehicle is posed as an integer program such that the total travel and LM placement cost is minimized."" [p.1]",COOPERATIVE,"""Orbbec Astra camera(s)"" [p.9]",MIXED,NOT_REPORTED,SVPLC (Single Vehicle Path planning with Localization Constraints),NOT_REPORTED,"""Turtlebot 2.0"" [p.2]",METHOD,BOTH,"""TSP"" [p.5]","Verbatim quotes:
- ""The length of the path is 327m (which is only 3m longer than the shortest TSP path possible) and 28 LMs are placed."" [p.7]
- ""the new optimal solution would use a longer path of 350m but only requires 25 LMs"" [p.7]
- ""multiple LMs were detected by the cameras simultaneously within a range of 1m to 3m with an accuracy of ±3cm at 20- 25Hz."" [p.10]","| metric | value + unit | baseline value | page |
| Path length (optimal with 28 LMs) | 327 m | Shortest TSP: 324 m | p.7 |
| Path length (optimal with 25 LMs) | 350 m | NOT_REPORTED | p.7 |
| LM detection accuracy | ±3 cm at 20-25 Hz | NOT_REPORTED | p.10 |","""we present a series of results assuming the on- board sensor(s) have a 360° FOV."" [p.6] and ""We present results of simulations under a restricted FOV (±45°)"" [p.7]","""The hardware experiment was limited by the availability of real LMs, sensor detection rate (limited to approximately 10Hz on average), processing speed and capability of the on- board computer and the space available for conducting the experiment."" [p.12]","""In the future, we plan to estimate the location of the LMs along with the vehicle states simultaneously. We also plan to impose the turning radius constraints of the vehicle and include them in the optimization."" [p.13]","""National Science Foundation (NSF) IIS Robust Intelligence Awards under Grant 1736087 and Grant 1527748"" [p.1]","- The paper contains some formatting issues with equations and table alignment.
- Reference [13] has a typo: ""High accuracy GPSfree vehicle localization framework"" (should be ""GPS-free"").
- The paper uses ""GPS-denied"" and ""GPS- denied"" inconsistently.
- Some figures have broken captions.
- There is a typo in the abstract: ""This paper provides a way of addressing this issue"" — appears correct.
- Table 1 and Table 2 have incomplete data in the extracted text.",VERIFIED
REC_0701,Vision-Based Autonomous Drone Navigation Using Deep Reinforcement Learning,"Narendra Narole, Sagarkumar S. Badhiye, Durga Prasad, Dr. Bhuvaneshwar Jolda, Shubhangi Rahul Gaikwad, Jubber Salim Nadaf",2026,"2026 International Conference on Emerging Smart Computing and Informatics (ESCI), Pune, India, Mar 11-13, 2026",10.1109/ESCI68015.2026.11493377,India,"""The classical and rule-based methods of control do not tend to be generalizable to different visual conditions, obstacles, and environmental versions because of uncertainties."" [p.1]","""Vision-guided autonomous drone navigation has been a high-priority field of research with the rise of the need of intelligent unmanned aerial vehicles that can be used in complex, dynamic, and GPS-denied settings."" [p.1]","""this paper introduces a deep reinforcement learning (DRL)-based autonomous drone navigation framework based on vision, which combines perception, decision-making and control in one learning framework."" [p.1]",VISION_OBJECT,"""on-board camera"" [p.1]",MIXED,NOT_REPORTED,DRL-based autonomous drone navigation,NOT_REPORTED,"""drone"" [p.1]",METHOD,SIM,"""DQN, PPO, A3C and SAC"" [p.1]","Verbatim quotes:
- Table II [p.5]
- ""PPO and SAC have enhanced control trajectories and success rates especially on cluttered scenes."" [p.5]","| metric | value + unit | baseline value | page |
| PPO success rate | 91.7% | DQN: 78.6%; A3C: 84.9%; SAC: 93.4% | p.5 |
| PPO collision rate | 8.3% | DQN: 21.4%; A3C: 15.1%; SAC: 6.6% | p.5 |
| PPO avg. navigation time | 33.2 s | DQN: 42.8 s; A3C: 38.6 s; SAC: 31.8 s | p.5 |
| PPO path efficiency | 86.9% | DQN: 71.2%; A3C: 78.5%; SAC: 89.4% | p.5 |","""Comparative analysis of various DRA algorithms"" [p.6]","""sample inefficiency, unstable training, safety issues, and the lack of onboard computing capabilities"" [p.1]",NOT_REPORTED,NOT_REPORTED,"- The paper contains numerous typos and grammatical errors: ""DRA algorithms"" [p.1] (likely ""DRL""), ""PPP encourages continuous action spaces"" [p.3] (likely ""PPO""), ""Sagarkumar S. Badhiye"" [p.1], ""DRA algorithms"" [p.6] (likely ""DRL"").
- The author list has inconsistent formatting: ""Jubber Salim Nadaf\\*"" [p.1].
- The paper uses ""DRA"" and ""DRL"" inconsistently.
- Some equations are rendered with formatting artifacts.
- Table I has formatting issues with column alignment.",VERIFIED
REC_0705,Recursive Extended Finite-Memory Positioning Algorithm for Robust UAV Positioning in GNSS-Denied Environment,"Sang Su Lee, Jung Min Pak, Peng Shi, and Choon Ki Ahn",2025,"IEEE Transactions on Instrumentation and Measurement, VOL. 74, 2025",10.1109/JIOT.2025.3629868,South Korea,"""In these environments, where the Global Navigation Satellite Systems (GNSS) is unavailable, and the risk of collision with surrounding structures is high, a positioning system with high accuracy and fast update rates is essential."" [p.1]","""Recently, the operational domain of uncrewed aerial vehicles (UAVs) has expanded from outdoor environments to indoor spaces such as factories, power plants, and tunnels."" [p.1]","""The proposed algorithm is based on sensor fusion of the inertial measurement unit (IMU) and ultra-wideband-based wireless sensor network (UWB-WSN)."" [p.1]",HYBRID,"""IMU"" [p.1]",INDOOR,NOT_REPORTED,REFMP (Recursive Extended Finite-Memory Positioning),NOT_REPORTED,"""quadcopter"" [p.7]",METHOD,BOTH,"""ESEKF [16], IESKF [19], and TC-AEKF [20]"" [p.7]","Verbatim quotes:
- Table I [p.11]
- ""REFMP achieved improvements in APE of at least 82.38%, 40.07%, and 91.99% over ESEKF, IESKF, and TC-AEKF, respectively."" [p.11]","| metric | value + unit | baseline value | page |
| APE (Simulation, Hovering) | 0.0570 m | ESEKF: 0.6097 m; IESKF: 0.1899 m; TC-AEKF: 1.1389 m | p.11 |
| APE (Simulation, Collision) | 0.0925 m | ESEKF: 1.5734 m; IESKF: 0.3996 m; TC-AEKF: 1.7708 m | p.11 |
| APE (Experiment, Hovering) | 0.1443 m | ESEKF: 0.8188 m; IESKF: 0.2408 m; TC-AEKF: 1.8018 m | p.11 |
| APE (Experiment, Maneuver) | 0.1580 m | ESEKF: 1.1455 m; IESKF: 0.2698 m; TC-AEKF: 7.2179 m | p.11 |","""Table III shows the average computation time and APE for various horizon sizes."" [p.11]","""the average computation time is 7.4 ms, which, although higher than that of the comparison algorithms, is sufficient to process sensor data with an update rate over 100 Hz."" [p.11]","""We plan to extend this research to address robot localization and multi-UAV positioning in harsh environments."" [p.11]",NOT_REPORTED,"- The paper contains some equation formatting artifacts.
- Reference [31] has a typo: ""S. Qin"" appears with incorrect formatting.
- The paper uses ""uncrewed"" and ""unmanned"" inconsistently.
- Some equations have broken glyphs.
- The paper contains a typo: ""the average computation time per time step for fusing UWB-WSN and IMU measurements for each algorithm was as follows: ESEKF: 0.22 ms, IESKF: 0.45 ms, TC-AEKF: 0.20 ms, and REFMP: 7.4 ms."" [p.11]",VERIFIED
REC_0706,Towards Robust UAV Tracking in GNSS-Denied Environments: A Multi-LiDAR Multi-UAV Dataset,"Iacopo Catalano, Xianjia Yu, Jorge Peña Queralta",2023,NOT_REPORTED,10.1109/ROBIO58561.2023.10354788,Finland,"""GNSS signal unavailability in certain environments, like indoors or urban canyons, restricts the accuracy and reliability of UAV positioning and tracking."" [p.1]","""With the increasing prevalence of drones in various industries, the navigation and tracking of unmanned aerial vehicles (UAVs) in challenging environments, particularly GNSS-denied areas, have become crucial concerns."" [p.1]","""we present a novel multi-LiDAR dataset specifically designed for UAV tracking."" [p.1]",LIDAR,"""Ouster OS1-64, Livox Mid-360, Livox Avia and Intel RealSense D435"" [p.1]",MIXED,NOT_REPORTED,Multi-LiDAR Multi-UAV Dataset,"""multi-LiDAR dataset"" [p.1]","""stationary platform"" [p.3]",DATASET,REAL,"""recent LiDAR-based UAV tracking algorithms"" [p.1]",NOT_REPORTED,NOT_REPORTED,"""our dataset shows that current methods have shortcomings and are unable to track UAVs consistently across different scenarios."" [p.1]","""the absence of a dedicated dataset specific to UAV tracking presents an opportunity for our novel dataset to address this gap"" [p.2]",NOT_REPORTED,NOT_REPORTED,"- Page 6 contains a corrupted block of text (the massive ""1 1 1 1..."" sequence).
- The paper is a dataset paper and does not report quantitative localization results.
- The venue is not explicitly stated.
- Some references have incomplete author lists.
- The paper uses ""FoV"" and ""FOV"" inconsistently.",VERIFIED
REC_0713,Autonomous UAV Pipeline Landing via Depth-LiDAR Fusion in GNSS-Denied Refineries,"David Tejero-Ruiz, Marco A. Montes-Grova, Francisco J. Pérez-Grau, Antidio Viguria, and Aníbal Ollero",2026,NOT_REPORTED,10.1109/LRA.2026.3662655,Spain,"""However, these scenarios often pose significant challenges due to the absence of signals from the Global Navigation Satellite System (GNSS), heavy occlusions, metallic interference, and reflective surfaces that degrade traditional perception systems."" [p.1]","""Autonomous inspection using Unmanned Aerial Vehicles (UAVs) is rapidly transforming industrial inspection and maintenance operations."" [p.1]","""The proposed method processes dual 2D laser scans and fuses them with depth data through a temporal filter."" [p.1]",HYBRID,"""Ouster OS1-64 3D LiDAR"" [p.2]",MIXED,NOT_REPORTED,Depth-LiDAR Fusion for Pipeline Landing,NOT_REPORTED,"""custom-built platform"" [p.2]",SYSTEM,BOTH,"""raw depth-camera detections, raw dual-laser detections"" [p.7]","Verbatim quotes:
- Table I [p.7]
- Table II [p.8]
- ""the tracker achieves less than 3 cm geometric accuracy and angular precision of about 1.5° even during the final landing phase."" [p.8]","| metric | value + unit | baseline value | page |
| Indoor APE | 8.4 cm | NO_BASELINE | p.7 |
| Outdoor APE | 9.0 cm | NO_BASELINE | p.7 |
| Tracker geometric accuracy (Outdoor) | 2.6-2.9 cm | Depth: 5.8-9.7 cm; Dual-laser: 3.9-4.4 cm | p.8 |
| Tracker angular precision | ~1.5° | NOT_REPORTED | p.8 |","""The tracker exploits the high-accuracy laser data when available, while relying on the depth camera for continuity."" [p.7]","""Future work will focus on extending the perception module to handle non-horizontal and curved pipelines, and on evaluating its generalization across different materials, diameters and more complex scenarios."" [p.8]","""Future work will focus on extending the perception module to handle non-horizontal and curved pipelines, and on evaluating its generalization across different materials, diameters and more complex scenarios."" [p.8]",NOT_REPORTED,"- The paper contains some equation formatting artifacts.
- Some figures have broken captions.
- The venue is not explicitly stated.
- The paper uses ""LiDAR"" and ""lidar"" inconsistently.
- There is a typo in the first author's name: ""David Tejero-Ruiz"" vs ""David Tejero-Ruiz"" — appears consistent.",VERIFIED
REC_0716,Cooperative Search Area Optimization using Multiple Unmanned Aerial Vehicles in a GPS-denied Environment,"Sohum Misra, Srijanee Biswas, Ali A. Minai, Rajnikant Sharma",2019,"2019 International Conference on Unmanned Aircraft Systems (ICUAS), Atlanta, GA, USA, June 11-14, 2019",NOT_REPORTED,USA,"""This paper addresses the problem of maximizing surveillance area coverage using multiple Unmanned Aerial Vehicles (UAVs) in an obstacle-laden and Global Positioning System (GPS)-denied environment."" [p.1]","""Most existing localization algorithms, however, rely upon GPS which can often be intermittent, unreliable or jammed, as in the case of deployment in hostile regions."" [p.1]","""We propose an effective routing solution for multiple UAVs flying at a fixed altitude through a constrained environment such that they can maximize surveillance over a given region."" [p.2]",COOPERATIVE,"""downward-facing camera"" [p.2]",MIXED,NOT_REPORTED,PSO + ACO + APF + CL,NOT_REPORTED,"""UAV"" [p.1]",METHOD,SIM,"""Bills et al. [31]"" and ""Lioulemes et al. [28]"" [p.7] — note: these are from REC_0814, not this paper.","Verbatim quotes:
- ""Fig. 4: PSO convergence for 9600m² area"" [p.6]
- ""Table II represents the WP Revisit Metric for both the cases"" [p.6]","| metric | value + unit | baseline value | page |
| PSO convergence | monotonic decrease | NO_BASELINE | p.6 |
| MTBR (Strict) | ~250 s | NO_BASELINE | p.6 |
| MTBR (Segmented) | ~100 s | NO_BASELINE | p.6 |","""Proposal and comparison of two routing solutions that provide a strict or fuel-efficient surveillance scheme while also minimizing path length of each UAV."" [p.2]","""The APF controller performance is subject to tuning."" [p.2]","""Section V concludes the paper by summarizing the work and discussing possible scopes of improvement."" [p.2]",NOT_REPORTED,"- Pages 5 and 7 contain corrupted blocks of text (massive ""1 1 1 1..."" sequences).
- The paper is a conference paper with extensive simulation results.
- Some equations are rendered with formatting artifacts.
- The paper uses ""UV"" and ""UAV"" inconsistently.
- Table II is referenced but not fully present in the extracted text.",VERIFIED
REC_0719,Autonomous Landing of Small Unmanned Aerial Rotorcraft Based on Monocular Vision in GPS-denied Area,Cunxiao Miao and Jingjing Li,2015,"IEEE/CAA Journal of Automatica Sinica, VOL. 2, NO. 1, JANUARY 2015",NOT_REPORTED,China,"""Focusing on the low-precision attitude of a current small unmanned aerial rotorcraft at the landing stage, the present paper proposes a new attitude control method for the GPS-denied scenario based on the monocular vision."" [p.1]","""However, buildings and other obstacles in urban environments can easily disturb the GPS signal and even cause the signal to get lost due to electromagnetic noise from active emitters and multi-path effects."" [p.1]","""we propose an autonomous landing method for SUAR to tackle the problem of poor navigation in GPS-denied environment by using a single camera and onboard inertial sensors."" [p.1]",VISION_OBJECT,"""single camera"" [p.1]",MIXED,NOT_REPORTED,Monocular vision + wavelet-adaptive KF,NOT_REPORTED,"""small unmanned aerial rotorcraft (SUAR)"" [p.1]",METHOD,REAL,"""EKF method used before"" [p.5]","Verbatim quotes:
- ""The average Euclidean distances from the landing target are 63cm and 101cm respectively."" [p.5]","| metric | value + unit | baseline value | page |
| Landing accuracy (wavelet-adaptive KF) | 63 cm | EKF: 101 cm | p.5 |","""several landing experiments have been conducted using the wavelet-adaptive KF and the EKF method used before."" [p.5]","""the vision system cannot be fed back to the controller directly because of their lack of robustness."" [p.3]",NOT_REPORTED,NOT_REPORTED,"- The paper contains some equation formatting artifacts.
- Reference [14] appears incomplete.
- The paper uses ""SUAR"" and ""UAV"" inconsistently.
- Figures 5 and 6 captions are swapped in the text.
- The paper has a typo: ""low-lost"" [p.1] (likely ""low-cost"").",VERIFIED
REC_0752,Cooperative Localisation of UAVs in a GPS-denied Environment Using Bearing Measurements,"Lvtianyang Zhang, Mengbin Ye, Brian D.O. Anderson, Peter Sarunic, and Hatem Hmam",2016,"2016 IEEE 55th Conference on Decision and Control (CDC), Las Vegas, USA, December 12-14, 2016",NOT_REPORTED,Australia,"""This paper studies the problem of localising a Global Positioning System (GPS)-denied Unmanned Aerial Vehicle (UAV) in two-dimensional space."" [p.1]","""UAVs which are being used for surveillance will frequently operate in a formation, and to maintain the formation shape, it will generally be necessary for one or more of the UAVs to be able to localise others in the formation [1]."" [p.1]","""localisation in a global coordinate frame of the GPS-denied UAV is achievable."" [p.1]",COOPERATIVE,"""INS"" [p.1]",MIXED,NOT_REPORTED,Bearing-only cooperative localization,NOT_REPORTED,"""UAV"" [p.1]",THEORY,SIM,"""GTRS"" [p.6]","Verbatim quotes:
- ""the gradient descent MLE only yields minor performance gains when compared to the GTRS algorithm"" [p.6]
- Fig. 5, 6, 7 [p.6]","| metric | value + unit | baseline value | page |
| Error Index E (σ=3°) | ~20 m | GTRS: ~20 m | p.6 |
| Error Index E (σ=9°) | ~50 m | GTRS: ~50 m | p.6 |","""taking more measurements gives better localisation accuracy."" [p.6]","""for K < 6, at σ = 6, 9°, the initialisation point obtained from the GTRS algorithm is well away from the attraction region of the global minimum of the MLE."" [p.6]","""An immediate extension is to consider two or more GPS-denied agents in a two-dimensional space. The two agent problem may be studied in three-dimensional space. Other future work may involve localisation using particle filtering or some form of extended Kalman filter."" [p.7]",NOT_REPORTED,"- The paper contains some equation formatting artifacts.
- Table I and II have formatting issues.
- The paper uses ""localisation"" (British) and ""localization"" (American) inconsistently.
- The first author's name appears as ""Lvtianyang Zhang"" — likely a typo for ""Litianyang Zhang"".",VERIFIED
REC_0814,Monocular Vision Aided Autonomous UAV Navigation in Indoor Corridor Environments,"Ram Prasad Padhy, Feng Xia, Suman Kumar Choudhury, Pankaj Kumar Sa, and Sambit Bakshi",2019,"IEEE Transactions on Sustainable Computing, VOL. 4, NO. 1, JANUARY-MARCH 2019",10.1109/TSUSC.2018.2810952,India,"""In this regard, we present a model for autonomous navigation and collision avoidance of UAVs in GPS-denied corridor environments."" [p.1]","""However, in indoor scenarios, the GPS precision is very low or the GPS signal is not present at all, and thereby cannot be relied upon for obtaining the precise pose."" [p.1]","""In this article, we present a collision avoidance algorithm for autonomous UAV navigation through a corridor."" [p.3]",VISION_OBJECT,"""front facing static camera"" [p.9]",INDOOR,NOT_REPORTED,Vanishing point + SURF + Kalman filter,"""https://sites.google.com/site/monoVisionUAV"" [p.9]","""Parrot AR Drone power edition quadcopter"" [p.9]",METHOD,REAL,"""Bills et al. [31]"" and ""Lioulemes et al. [28]"" [p.11]","Verbatim quotes:
- Table 2 [p.11]
- ""our proposed method... is found to be very robust in terms of No Collision Rate, Full Flight Rate, and Obstacle Avoidance Rate."" [p.11]","| metric | value + unit | baseline value | page |
| No Collision Rate (NCR) | 82% | Bills et al.: 74%; Lioulemes et al.: 74% | p.11 |
| Full Flight Rate (FFR5+) | 94.0% | Bills et al.: 82.4%; Lioulemes et al.: 80.8% | p.11 |
| Obstacle Avoidance Rate (OAR) | 77.2% | NOT_REPORTED | p.11 |","""we introduce three measures to check the efficacy of the proposed algorithm"" [p.11]","""our vision based obstacle avoidance algorithm will not work as desirable, when the VM exits the wifi zone created by the UAV."" [p.9]",NOT_REPORTED,"""Grant Number 1(1)/ISEA-II/PMU/2015"" and ""Grant Number SB/FTP/ETA-0059/2014"" [p.12]","- The paper contains some equation formatting artifacts.
- Reference [28] has a typo: ""Lioulemes"" vs ""Lioulemes"" — appears consistent.
- The paper uses ""VP"" and ""vanishing point"" interchangeably.
- Some figures have broken captions.
- The paper has a typo: ""Sustanable robotics"" [p.1] (likely ""Sustainable"").",VERIFIED
REC_0816,Feature 3D Gaussian Splatting for UAV-to-Ship Pose Estimation in GNSS-Denied Environments,"Andrew Bernas, John McConnell, John Seargeant, Levi DeVries",2026,"2026 International Conference on Unmanned Aircraft Systems (ICUAS), Corfu, Greece, June 15-18, 2026",10.1109/ICUAS69441.2026.11598627,USA,"""Autonomous recovery of Unmanned Aerial Vehicles (UAVs) in maritime environments is challenged by dynamic ship motion, texture-poor surroundings, and vulnerabilities inherent to Global Navigation Satellite Systems (GNSS)."" [p.1]","""To ensure safe touchdown, the UAV requires a robust and precise estimate of its pose relative to the landing deck."" [p.1]","""this paper presents a novel vision-based pose estimation framework leveraging Feature 3D Gaussian Splatting (3DGS)."" [p.1]",VISION_OBJECT,"""Intel RealSense D435i"" [p.4]",MIXED,NOT_REPORTED,Feature 3DGS + STDLoc,"""1/24-scale replica of a United States Naval Academy Yard Patrol (YP) vessel"" [p.4]","""modified DJI Flamewheel F450 drone frame"" [p.4]",METHOD,REAL,NO_BASELINE,"Verbatim quotes:
- Table I [p.6]
- ""the method demonstrates high-precision, centimeter-level translational accuracy along the lateral (y) and vertical (z) axes, achieving mean absolute errors (MAE) of 1.66 cm and 2.28 cm respectively."" [p.5]","| metric | value + unit | baseline value | page |
| Translation MAE (x) | 2.91 cm | NO_BASELINE | p.6 |
| Translation MAE (y) | 1.66 cm | NO_BASELINE | p.6 |
| Translation MAE (z) | 2.28 cm | NO_BASELINE | p.6 |
| Rotation MAE (Roll) | 0.90° | NO_BASELINE | p.6 |
| Rotation MAE (Pitch) | 1.81° | NO_BASELINE | p.6 |
| Rotation MAE (Yaw) | 1.17° | NO_BASELINE | p.6 |
| Inference latency | 0.21 s | NO_BASELINE | p.7 |","""the varying precision across the orientation angles is directly linked to the unequal geometric lever arms provided by the 3D landmark distribution."" [p.6]","""the pose estimation step averaged an inference latency of 0.21 s (roughly 4.7 Hz)... it currently falls short of the high-speed real-time benchmarks typically required for aggressive terminal landing maneuvers."" [p.7]","""future work must address the computational bottlenecks associated with inference latency... ongoing research will focus on optimizing the feature extraction and matching phases to ensure deployment viability on Size, Weight, and Power (SWaP)-constrained edge compute devices, such as the NVIDIA Jetson Orin Nano. Additionally, future initiatives will transition this framework from scale models to full-scale naval vessels"" [p.7]","""Office of Naval Research"" [p.7]","- The paper contains some equation formatting artifacts.
- Reference [13] is a GitHub link.
- The paper uses ""GNSS"" and ""GPS"" inconsistently.
- The paper is an invited session paper.
- Some figures have broken captions.",VERIFIED
REC_0824,A Homography-Based Visual Servo Control Approach for an Underactuated Unmanned Aerial Vehicle in GPS-Denied Environments,"Hang Zhong, Yaonan Wang, Zhiqiang Miao, Ling Li, Shuangwen Fan, and Hui Zhang",2023,"IEEE Transactions on Intelligent Vehicles, VOL. 8, NO. 2, FEBRUARY 2023",10.1109/TIV.2022.3163315,China,"""This paper proposes a homography-based visual servo control approach for the stabilization of underactuated unmanned aerial vehicles in GPS-denied environments."" [p.1]","""For many real-world Unmanned Aerial Vehicle (UAV) applications, autonomy is a fundamental requirement and can directly determine the successful execution of a task."" [p.1]","""By defining a virtual homography matrix, a passive-like error equation can be obtained. A backstepping-based control approach that uses full dynamics to estimate its translation velocity online is proposed."" [p.9]",VISION_OBJECT,"""downward-looking monocular camera"" [p.2]",MIXED,NOT_REPORTED,Homography-Based Visual Servoing (HBVS),NOT_REPORTED,"""quadrotor"" [p.6]",METHOD,BOTH,"""geometric hierarchical method [22]"" [p.9]","Verbatim quotes:
- Table III [p.9]
- ""the method proposed in this paper is less than 1cm in position standard deviation, which has obvious advantages, especially in the z-direction."" [p.9]","| metric | value + unit | baseline value | page |
| Position std dev (x) | 1.02 cm | ghvs: 1.46 cm | p.9 |
| Position std dev (y) | 0.97 cm | ghvs: 1.79 cm | p.9 |
| Position std dev (z) | 0.24 cm | ghvs: 0.65 cm | p.9 |
| Euler angle std dev (φ) | 0.265° | ghvs: 0.200° | p.9 |
| Euler angle std dev (θ) | 0.288° | ghvs: 0.230° | p.9 |
| Euler angle std dev (ψ) | 0.44° | ghvs: 0.51° | p.9 |","""Two simulation experiments under the condition of an ideal and an slop target plane with noise are considered."" [p.6]","""when the target is in unknown motion, the stability of the system is difficult to guarantee. Although the robust follow-up of the moving target is achieved in this article, it lacks rigorous theoretical analysis."" [p.9]","""considering the stability control method under the angular dynamics of the UAVs is a direction for further research."" [p.9]","""Natural Science Foundation of China under Grant 62103140"" and others [p.1]","- The paper contains some equation formatting artifacts.
- The paper has a typo: ""automously track"" [p.1] (likely ""autonomously track"").
- The paper uses ""GPS-denied"" and ""GPS- denied"" inconsistently.
- Some figures have broken captions.
- The author list has a typo: ""Zhiqiang Miao"" is spelled ""Zhiquiang"" in one email [p.1].",VERIFIED
REC_0840,GPS-Denied Drone Navigation via Cross-Domain Keypoint Matching,Jun-Wei Hsieh and Hong-Kai Chen,2026,NOT_REPORTED,10.1109/ICIP61757.2026.11630202,Taiwan,"""Precise cross-domain matching between Unmanned Aerial Vehicle (UAV), imagery and satellite maps is essential for navigation in GPS-denied environments but remains challenging due to drastic variations in scale and rotation."" [p.1]","""Visual geo-localization serves as a critical navigation alternative for Unmanned Aerial Vehicles (UAVs) operating in signal-compromised environments."" [p.1]","""This paper proposes a geometry-aware matching framework that decouples the process into specialized extraction, description, and navigation modules."" [p.1]",VISION_OBJECT,"""monocular imagery"" [p.1]",MIXED,NOT_REPORTED,Geometry-aware matching framework with GRANSAC,"""MDAS dataset"" [p.1]","""UAV"" [p.1]",METHOD,BOTH,"""SIFT [10] and SuperPoint [1]"" [p.3]","Verbatim quotes:
- Table 1, 2, 3 [p.5]
- ""our system achieves a Success Rate of 83% in the GPS-denied simulator"" [p.5]","| metric | value + unit | baseline value | page |
| Precision@20px | 77.68% | SuperPoint+SuperGlue: 35.92% | p.5 |
| Recall@20px | 22.26% | NOT_REPORTED | p.5 |
| Homography Accuracy@20px | 71.68% | NOT_REPORTED | p.5 |
| Success Rate | 83% | SuperPoint+LightGlue: 54% | p.5 |
| Final Goal Distance | 1.463 × 10⁻³ | SuperPoint+LightGlue: 3.106 × 10⁻³ | p.5 |","""the proposed GRANSAC algorithm ensures globally consistent geometric verification"" [p.5]","""LoFTR [12] was unable to perform the navigation task due to its inability to generate storable descriptors for the offline satellite database."" [p.5]",NOT_REPORTED,NOT_REPORTED,"- The paper title is not explicitly stated in the extracted text. The header contains ""1.0.0.0.0.0.0.0.0.0.0.1.0.0.0.0.0.0.0.0.0"" which is a corrupted block.
- The paper contains some table formatting issues (Table 1 is incomplete).
- The paper uses ""GPS-denied"" and ""GPS- denied"" inconsistently.
- The venue is not explicitly stated.",VERIFIED
REC_0857,SwarmRaft: Leveraging Consensus for Robust Drone Swarm Coordination in GNSS-Degraded Environments,"Kapel Dev, Yash Madhwal, Sofia Shevelo, Pavel Osinenko, and Yury Yanovich",2025,"IEEE Transactions on Industrial Informatics, VOL. 21, NO. 11, NOVEMBER 2025",10.1109/JIOT.2025.3645453,Russia,"""However, the reliability of these systems is highly dependent on uninterrupted access to the Global Navigation Satellite Systems (GNSS) signals, which can be disrupted in real-world scenarios"" [p.1]","""UAV swarms are increasingly used in critical applications such as aerial mapping, environmental monitoring, and autonomous delivery."" [p.1]","""SwarmRaft leverages the Raft consensus algorithm to enable distributed drones (nodes) to agree on state updates such as location and heading, even in the absence of GNSS signals for one or more nodes."" [p.1]",COOPERATIVE,"""GNSS and local sensing"" [p.1]",MIXED,NOT_REPORTED,SwarmRaft,NOT_REPORTED,"""UAV"" [p.1]",SYSTEM,SIM,"""GNSS-only baselines"" [p.8]","Verbatim quotes:
- ""the recovery accuracy improves dramatically, with a mean error dropping from approximately 19 to 0.28 m."" [p.7]","| metric | value + unit | baseline value | page |
| Mean recovery error (n=3) | 19 m | NO_BASELINE | p.7 |
| Mean recovery error (n=17) | 0.28 m | NO_BASELINE | p.7 |","""Each trial produces two error metrics: Baseline Error and Recovered Error"" [p.7]","""Despite these advances, many existing frameworks either impose significant communication or computational overhead, or fail to address the specific fault models and coordination challenges faced by UAV swarms operating under GNSS degradation and adversarial interference."" [p.3]","""future research will focus on incorporating confidence-weighted fusion, dynamic trust scores, and asynchronous consensus strategies, as well as validating the system on physical UAV swarms in real-world settings."" [p.8]",NOT_REPORTED,"- The paper contains some formatting issues with equations.
- The paper has a typo: ""capable of operating"" appears with a stray character.
- The paper uses ""GNSS"" and ""GPS"" inconsistently.
- The acknowledgment mentions the use of ChatGPT and DeepSeek for language enhancement.
- The paper contains a typo: ""practical deployability with practical deployability"" [p.2].",VERIFIED
REC_0859,A Multimode Visual-Inertial Navigation Method for Fixed-wing Aircraft Approach and Landing in GPS-denied and Low Visibility Environments,"Xiaogang Song, Lei Zhang, Zhenjun Zhai, Guanfeng Yu",2019,NOT_REPORTED,10.1109/CGNCC.2014.7007276,China,"""The landing safety is still one of the greatest challenges for fixed-wing aircraft, meanwhile not all airport runways are equipped with instrument landing system (ILS), and global positioning system (GPS) is not always available."" [p.1]","""The flight accidents of aircraft landing stage account for more than 70% of the total flight period accidents worldwide"" [p.1]","""we propose a multimode visual-inertial navigation method that combines the inertial measurement unit (IMU), the forward-looking infrared (FLIR) camera and the barometer into unscented kalman filter (UKF) adaptively according to flight height."" [p.1]",VIO,"""SWIR camera (NIP PHK03M100CSW0)"" [p.4]",MIXED,NOT_REPORTED,Multimode visual-inertial navigation,"""real flight data"" [p.1]","""general aviation aircraft (Y-12F)"" [p.3]",METHOD,REAL,"""GPS/INS integration [26] and INS/BARO/RALT integration [27]"" [p.8]","Verbatim quotes:
- Figure 9 [p.9]
- ""the pose error of the proposed algorithm is smaller than those of the other two methods"" [p.8]","| metric | value + unit | baseline value | page |
| Pose error (Δψ) | ~0.5 deg | INS/GPS: ~1.5 deg | p.9 |
| Pose error (ΔXU) | ~-2 m | INS/GPS: ~-5 m | p.9 |
| Pose error (ΔXe) | ~-1 m | INS/GPS: ~-3 m | p.9 |
| Pose error (ΔXn) | ~-1 m | INS/GPS: ~-7 m | p.9 |","""different sensing measurements are used at different flight phase"" [p.1]","""the pose accuracy of the proposed method is not only superior to INS/GPS integration, but also comparable to INS/DGPS integration."" [p.9]",NOT_REPORTED,NOT_REPORTED,"- The paper contains some equation formatting artifacts.
- The paper has a typo: ""flight date"" [p.4] (likely ""flight data"").
- The venue is not explicitly stated.
- The paper uses ""GPS-denied"" and ""GPS- denied"" inconsistently.",VERIFIED
REC_0870,"Recent Trends, Techniques, and Applications of Automated based Autonomous Drones",Harshada M. Raghuwanshi,2026,"2026 International Conference on Emerging Trends and Innovations in ICT (ICEI), Pune, India, Jan 09-11, 2026",10.1109/ICEI65890.2026.11447876,India,"""Despite the considerable promise, several barriers inhibit the seamless adoption of autonomous drones."" [p.1]","""The evolution of unmanned aerial vehicles (UAVs), commonly known as drones, has dramatically reshaped the landscape of modern automation across sectors such as logistics, agriculture, healthcare, military, and urban monitoring [1]."" [p.1]","""This paper presents a structured survey and comprehensive synthesis of influential research on autonomous drones, focusing on their development, applications, and performance evaluation."" [p.1]",SURVEY,"""Vision, LIDAR, LLM-Integrated"" [p.1]",MIXED,NOT_REPORTED,Structured survey,"""Zipline Medical Logistics Dataset, DJI SDK and Flight Logs, MS COCO Dataset, UAV123, VisDrone, etc."" [p.4]","""drones"" [p.1]",SURVEY,BOTH,NO_BASELINE,NOT_REPORTED,NOT_REPORTED,NOT_REPORTED,"""most reported advancements remain simulation-heavy, with limited translation to field-tested, regulation-compliant systems."" [p.6]","""Future research should incorporate: Standardized benchmarking frameworks... Cost-effectiveness and commercial viability assessments for scaling... Ethically aligned Automated models with responsible data handling... Regulation-aware designs"" [p.6]",NOT_REPORTED,"- The paper contains some formatting issues with tables (Table I is incomplete and has column alignment problems).
- Some references have incomplete details.
- The paper uses ""GPS-denied"" and ""GPS- denied"" inconsistently.
- Table II has a column formatting error: ""MEM (MB)"" instead of ""Mem (MB)"".
- Figure 2 compares ""Study A (DRL), Study B (LSTM), Study C (CNN), Study D (Hybrid)"" — these labels do not directly correspond to the studies cited in Table I.",VERIFIED
REC_0896,Robust Autonomous Flight and Mission Management for MAVs in GPS-denied Environments,"Yingcai Bi, Menglu Lan, Jiaxin Li, Kun Zhang, Hailong Qin, Shupeng Lai, Ben M. Chen",2017,2017 11th Asian Control Conference (ASCC),NOT_REPORTED,NOT_REPORTED,"""a large variety of applications for MAVs would rely on the autonomous capabilities in GPS-denied environments"" [p.1]","""To this end, a fully functional system incorporating with robust guidance, navigation and control algorithms is in high demand."" [p.1]","""We present our systematic solution with integrated hardware and software design, robust state estimation and mission management."" [p.1]",SLAM,"Hokuyo laser scanner, camera, TeraRanger One, IMU",INDOOR,NOT_REPORTED,"2D laser-based localization and Kalman filter-based sensor fusion, task tree mission management",NOT_REPORTED,hexarotor,SYSTEM,REAL,Hector SLAM,"""The average translation error (ATE) of Hector SLAM is 0.071m whereas ATE of Cartographer SLAM is 0.059m."" [p.5]","| metric | value + unit | baseline value | page |
| ATE Hector SLAM | 0.071 m | NOT_REPORTED | p.5 |
| ATE Cartographer SLAM | 0.059 m | NOT_REPORTED | p.5 |
| average tracking error | 0.095 m | NOT_REPORTED | p.6 |","""cpu usage of Hector SLAM is around 40% of one cpu core while that of Cartographer SLAM is 60%"" [p.5]",NOT_REPORTED,"""Currently, we are working on camera based navigation solution for our system."" [p.6]",NOT_REPORTED,No forbidden numbers appear. This paper is identical to REC_0035 and REC_1217.,VERIFIED
REC_0932,Development of a Plug-and-play Infrared Landing System for Multirotor Unmanned Aerial Vehicles,"Ephraim Nowak, Kashish Gupta, and Homayoun Najjaran",2017,2017 14th Conference on Computer and Robot Vision,10.1109/CRV.2017.23,Canada,"""Precise landing of multirotor unmanned aerial vehicles (UAVs) in confined, GPS-denied and vision-compromised environments presents a challenge to common autopilot systems."" [p.1]","""The most complicated and delicate phase of a UAV flight is the landing phase [1]."" [p.1]","""By using a single, ground-based, IR beacon, we were able to estimate the UAV's relative position in three-dimensional space in a dark environment."" [p.1]",VISION_OBJECT,"""Raspberry Pi NoIR camera"" [p.2]",MIXED,NOT_REPORTED,IR-based visual servoing landing,NOT_REPORTED,"""Parrot AR.Drone 2.0"" [p.1]",SYSTEM,REAL,NO_BASELINE,"Verbatim quotes:
- ""Fig. 7 shows Err_x and Fig. 8 shows Err_y. The image error is 0 for the first 3.8 seconds"" [p.4]
- ""The UAV consistently landed on the 40 × 40 cm platform"" [p.5]","| metric | value + unit | baseline value | page |
| Image error X (steady state) | ~0 pixels | NO_BASELINE | p.5 |
| Image error Y (steady state) | ~0 pixels | NO_BASELINE | p.5 |
| Landing platform size | 40 × 40 cm | NO_BASELINE | p.5 |",NOT_REPORTED,"""we only used a single bank of LEDs for these experiments. Even with the unit operating at only half capacity, the results look promising for long range outdoor applications."" [p.2]","""The application of this easily deployable system to outdoor environments and slow-moving targets is being further evaluated."" [p.5]",NOT_REPORTED,"- The paper contains some figure formatting issues.
- The paper has a typo: ""Raspberry Pi Model B"" [p.2] (should be ""Model B+"" or similar).
- The paper uses ""IR"" and ""infrared"" inconsistently.
- Some references have incomplete details.
- The paper mentions ""Sennheiser SZI 1029"" and ""Sennheiser SZ11029"" inconsistently.",VERIFIED
REC_0951,PSS-LIO: A Computationally Efficient LiDAR-Inertial Odometry Framework for UAV Building Inspection via Geometric Predictability and Structure Prior Learning,"Yunlong Wang, Rongcan Qiu, Annan Tang, Longquan Li, Wenfeng Li, Shaoke Wan, and Xiaohu Li",2026,"IEEE Transactions on Instrumentation and Measurement, VOL. 75, 2026",10.1109/TIM.2026.3709427,China,"""Unmanned aerial vehicle (UAV)-based building inspection demands accurate and computationally efficient state estimation in GNSS-denied environments."" [p.1]","""Building inspection is essential for infrastructure life-cycle management."" [p.1]","""This article presents PSS-LIO, a building-inspection-oriented LIO framework integrating three complementary mechanisms."" [p.1]",LIDAR,"""Livox Mid-360 LiDAR"" [p.8]",MIXED,NOT_REPORTED,PSS-LIO,"""M2DGR, lili, utbm, M3DSS"" [p.6]","""DJI M210 V2 RTK"" [p.8]",METHOD,BOTH,"""FAST-LIO2 [7], Faster-LIO [10], Point-LIO [12], iG-LIO [8], and LIO-SAM [4]"" [p.6]","Verbatim quotes:
- Table I, II, III, VI [p.7-9]
- ""PSS-LIO achieves 0.21m RMSE against RTK-GNSS ground truth, outperforming FAST-LIO2, Faster-LIO, and Point-LIO by 45%, 40%, and 32%, respectively."" [p.8-9]","| metric | value + unit | baseline value | page |
| ATE RMSE (lili_6) | 14.87 m | FAST-LIO2: 16.45 m; Point-LIO: 16.02 m | p.7 |
| Processing time (lili_2) | 12.45 ms | FAST-LIO2: 22.1 ms; Faster-LIO: 20.2 ms | p.8 |
| Memory (lili_2) | 215 MB | FAST-LIO2: 385 MB; Faster-LIO: 342 MB | p.8 |
| RMSE (Sail Sculpture) | 0.21 m | FAST-LIO2: 0.38 m; Point-LIO: 0.31 m | p.9 |
| RMSE (U-shaped Building) | 0.24 m | FAST-LIO2: 0.42 m; Point-LIO: 0.36 m | p.9 |","""Table IV quantifies individual contributions of the three proposed mechanisms across different environments."" [p.8]","""Current limitations include the quasi-static environment assumption and reduced effectiveness in scenes lacking dominant planar structures."" [p.11]","""Future work will explore visual-inertial fusion for geometrically degenerate scenarios, adaptive structure-prior learning for dynamic environments, and multi-UAV collaborative mapping with shared structural priors."" [p.11]",NOT_REPORTED,"- The paper contains some equation formatting artifacts.
- Some tables have formatting issues (e.g., Table II has column alignment problems).
- The paper has a typo: ""BULIDING"" [p.1] (should be ""BUILDING"").
- The paper uses ""GNSS-denied"" and ""GPS-denied"" inconsistently.
- Some references have incomplete details.
- Table II has a typo: ""PASS-LIO"" instead of ""PSS-LIO"" in the column headers.",VERIFIED
REC_0960,Cooperative Visual Inertial Odometry for Heterogeneous Swarm of Drones Navigating in Noisy Environments,"Kamil Canberk Atik, Enes Erdogan, Ahmet Yusuf Yahsi, Feyzullah Kara, Baris Yalcin, Gürkan Cetin, and Nazim Kemal Ure",2022,NOT_REPORTED,10.1109/ISIE51582.2022.9831647,Turkey,"""the localization performance is still highly dependent on the accuracy of inertial sensors."" [p.1]","""Localization accuracy is an important aspect of the success of autonomous multi-drone missions."" [p.1]","""We develop a collaborative Kalman filtering and optimization framework, where the drones with lower grade sensors receive updates from drones that have access to higher-quality measurements."" [p.1]",COOPERATIVE,"""UWB"" [p.1]",MIXED,NOT_REPORTED,Cooperative VIO with UWB and optimization-based Kalman filter,"""approximately 600 position samples"" [p.5]","""drone swarm"" [p.1]",METHOD,BOTH,"""VINS-Fusion"" [p.1]","Verbatim quotes:
- Table I, II, III [p.6-7]
- ""fusing information from high-cost drones gives better results compared to VINS-Fusion estimations"" [p.6]","| metric | value + unit | baseline value | page |
| Position MAE (nominal, 4 high-cost drones) | 0.3993 m | VINS-Fusion: 0.5880 m | p.6 |
| Position MAE (adversarial, 4 high-cost drones) | 0.4670 m | VINS-Fusion: 1.3056 m | p.6 |
| Position MAE (real-world, 4 high-cost drones) | 0.4281 m | VINS-Fusion: 2.0259 m | p.8 |","""using more than six high-cost drones does not improve the position estimations of low-cost drones."" [p.6]","""The only constraint for the swarm system is that there have to be at least four high-cost drones."" [p.7]","""Studies of studies that strengthen the teamwork of swarm systems will increase and swarm systems with less cost which are more operational and able to navigate with higher accuracy will continue to be developed."" [p.7]","""Istanbul Technical University BAP Grant NO: MOA-2019-42321 and Havelsan"" [p.8]","- The paper contains some equation formatting artifacts.
- Some references have incomplete details.
- The venue is not explicitly stated.
- The paper uses ""GPS-denied"" and ""GNSS-denied"" inconsistently.
- Table II has a typo: ""VINSFusion"" instead of ""VINS-Fusion"".",VERIFIED
REC_0961,Multimodal Image Registration for GPS-denied UAV Navigation Based on Disentangled Representations,"Huandong Li, Zhunga Liu, Yanyi Iyu and Feiyan Wu",2023,"2023 IEEE International Conference on Robotics and Automation (ICRA 2023), May 29 - June 2, 2023, London, UK",10.1109/ICRA48891.2023.10161567,China,"""Multimodal image registration is a crucial step which refers to the process of aligning two images in space which are acquired by different sensors at different times."" [p.1]","""Visual navigation plays an important role for Unmanned Aerial Vehicles(UAVs)."" [p.1]","""this paper proposes a fast multimodal image registration method for visible and near-infrared images based on disentangled representations."" [p.1]",VISION_OBJECT,"""visible sensors"" [p.1]",MIXED,NOT_REPORTED,Multimodal image registration via disentangled representations,"""VEDAutomated [27]"" [p.4]","""UAV"" [p.1]",METHOD,SIM,"""GEOCNN [14], GEOCNN+MUNIT [25], GEOCNN+DRIT++ [26]"" [p.4]","Verbatim quotes:
- Table I [p.6]
- ""Our method achieves 1.154, 0.393, and 0.467 in RMSE, NMI, and PCK on VEDAI-1, which is a huge improvement compared with the baseline method GEOCNN."" [p.5]","| metric | value + unit | baseline value | page |
| RMSE (VEDAI-1) | 1.154 | GEOCNN: 1.543 | p.6 |
| NMI (VEDAI-1) | 0.393 | GEOCNN: 0.360 | p.6 |
| PCK (VEDAI-1) | 0.467 | GEOCNN: 0.321 | p.6 |
| FPS | 153.8 | GEOCNN: 191.0 | p.6 |","""we perform experiments on the three generated datasets based on three different experimental configurations to verify the effectiveness of two components: the disentanglement component and intensity loss."" [p.6]","""Unlike [19] and [22], the two translation-based methods show almost no improvement in all metrics. The reason for the unsatisfactory registration results mainly focuses on the poor quality of the generated images."" [p.5]",NOT_REPORTED,NOT_REPORTED,"- The paper contains some equation formatting artifacts.
- The paper has a typo: ""Yanyi Iyu"" [p.1] — likely ""Yanyi Lyu"".
- Some references have formatting issues.
- The paper uses ""GPS-denied"" and ""GPS- denied"" inconsistently.
- The paper contains a typo: ""NMI"" is defined as ""normalized mutual information"" but the acronym appears as ""NMI"" consistently.",VERIFIED
REC_0973,Landmark Placement for Localization in a GPS-denied Environment,"Kaarthik Sundar, Shriram Srinivasan, Sohum Misra, Sivakumar Rathinam, Rajnikant Sharma",2018,NOT_REPORTED,NOT_REPORTED,USA,"""Disruption of GPS signals, by intention or otherwise, can render these plans and algorithms ineffective."" [p.1]","""Unmanned Vehicles (UVs) are routinely used in civilian and military applications pertaining to surveillance and data gathering missions"" [p.1]","""given the vehicle's path, we formulate a landmark-placement problem and present algorithms to place the minimum number of landmarks while satisfying the localization, sensing, and collision-avoidance constraints."" [p.1]",COOPERATIVE,"""camera possessing a viewing range of R units and viewing angle of α"" [p.2]",MIXED,NOT_REPORTED,Landmark Placement Problem (LPP) with greedy algorithm,NOT_REPORTED,"""UV"" [p.1]",METHOD,SIM,NO_BASELINE,"Verbatim quotes:
- Table I [p.6]
- ""the landmark placement obtained using our algorithm can aid the vehicle to estimate its position and heading with a high degree of accuracy."" [p.6]","| metric | value + unit | baseline value | page |
| Number of landmarks (instance 1) | 21 | NO_BASELINE | p.6 |
| Number of landmarks (instance 5) | 22 | NO_BASELINE | p.6 |",NOT_REPORTED,"""the previous works in the literature either neglect the constraints imposed by the bearing sensor [14] or assume that the field of view is circular [11], both of which are unrealistic."" [p.2]","""Future work would focus on hardware experiments and jointly optimizing the path and the placement along with the constraints considered in this article"" [p.6]","""U.S. Department of Energy through the LANL/LDRD program"" and ""U.S. National Science Foundation (NSF) through NSF-IIS Robust Intelligence Award 1736087"" [p.6]","- Page 5 contains a corrupted block of text (massive ""1 1 1 1..."" sequence).
- The paper contains some equation formatting artifacts.
- The venue is not explicitly stated.
- Some references have formatting issues.
- The paper uses ""GPS-denied"" and ""GPS- denied"" inconsistently.",VERIFIED
REC_0981,Multi-sensor Data Analysis in Terms of Autonomous Drone Flight without GPS,"Grégoire Issassis, Petr Marconi, Jirí Janoušek, and Lukáš Venkrebel",2023,"2023 Photonics & Electromagnetics Research Symposium (PIERS), Prague, Czech Republic, 3-6 July",10.1109/PIERS59004.2023.10221335,Czech Republic,"""The paper focuses on the movement of a drone without a GPS (Global Positioning System) signal."" [p.1]","""In the event of a GPS failure, the drone must be able to continue its flight to meet its objectives, especially when these are critical objectives."" [p.1]","""For data analysis, data from airspeed sensor, barometer, compass, GPS sensor, gyroscope sensor, accelerometer sensor and rangefinders sensor were used."" [p.1]",HYBRID,"""airspeed sensor, barometer, compass, GPS sensor, gyroscope sensor, accelerometer sensor and rangefinders sensor"" [p.1]",MIXED,NOT_REPORTED,Multi-sensor data analysis for GPS-free flight,NOT_REPORTED,"""drone"" [p.1]",METHOD,REAL,NO_BASELINE,NOT_REPORTED,NOT_REPORTED,NOT_REPORTED,"""our project is not complete. Indeed, even if we have been able to define the perimeter of our project, define a problem, collect the necessary data, analyze, and correlate these data, we still have some work to do."" [p.7]","""The code implementation will be the last part of our project, that is still remaining."" [p.7]","""Ministry of the Interior of the Czech Republic (MVCR) grant No. VJ02010036"" [p.7]","- Pages 2 and 6 contain corrupted blocks of text (massive ""1 1 1 1..."" sequences).
- The paper is a work-in-progress and does not present final results.
- The paper contains some equation formatting artifacts.
- The paper has a typo: ""Jirí Janoušek"" [p.1] — likely ""Jiří Janoušek"".
- The paper uses ""GPS-denied"" and ""GPS- denied"" inconsistently.
- Some references have incomplete details.",VERIFIED
REC_0986,Field Test Results of GNSS-denied Inertial Navigation aided by Phased-array Radio Systems for UAVs,"Kristoffer Gryte, Torleiv H. Bryne, Sigurd M. Albrektsen, Tor A. Johansen",2019,"2019 International Conference on Unmanned Aircraft Systems (ICUAS), Atlanta, GA, USA, June 11-14, 2019",NOT_REPORTED,Norway,"""Unmanned aerial vehicles (UAVs) often depend on global navigation satellite systems (GNSS) and magnetic compasses for navigation, making them exposed to malicious attacks and sensitive to magnetic anomalies"" [p.1]","""With more frequent use of UAVs, the need for alternatives to GNSS becomes more pressing, to allow safe, continuous operation of such systems."" [p.1]","""the PARS-based navigation system is implemented using an indirect multiplicative extended Kalman filter (MEKF)"" [p.1]",COOPERATIVE,"""Sensoror STIM300"" [p.5]",MIXED,NOT_REPORTED,PARS-aided INS with MEKF,NOT_REPORTED,"""Nordic Unmanned Camlight BG-200 HL UAV"" [p.6]",SYSTEM,REAL,"""RTK GNSS position reference solution"" [p.1]","Verbatim quotes:
- Table I, II, III [p.6-7]
- ""the position norm RMSE of the presented PARS-aided INS was 6.86 m which is comparable to the position estimates from consumer grade GNSS-receivers."" [p.8]","| metric | value + unit | baseline value | page |
| Position RMSE (Norm) | 6.86 m | NO_BASELINE | p.7 |
| Attitude RMSE (Norm) | 7.70° | NO_BASELINE | p.6 |
| Velocity RMSE (Norm) | 1.02 m/s | NO_BASELINE | p.7 |",NOT_REPORTED,"""the presented PARS makes the unmanned aerial vehicle independent of GNSS and compass, but the position and attitude of the ground station antenna, which is essential for obtaining absolute position estimates in the {n}-frame, were found using GNSS."" [p.8]","""Methods to obtain completely GNSS- and compass-free estimates have been suggested."" [p.8]",NOT_REPORTED,"- The paper contains some equation formatting artifacts.
- The paper has a typo: ""Sensoror STIM300"" [p.5] — likely ""Sensonor STIM300"".
- Some references have formatting issues.
- The paper uses ""GNSS-denied"" and ""GPS-denied"" inconsistently.
- Table II has a column alignment issue.",VERIFIED
REC_0993,"Fast, Autonomous Flight in GPS-Denied and Cluttered Environments","Kartik Mohta, Michael Watterson, Yash Mulgaonkar, Sikang Liu, Chao Qu, Anurag Makineni, Kelsey Saulnier, Ke Sun, Alex Zhu, Jeffrey Delmerico, Konstantinos Karydis, Nikolay Atanasov, Giuseppe Loianno, Davide Scaramuzza, Kostas Daniilidis, Camillo Jose Taylor, Vijay Kumar",2018,"Journal of Field Robotics, VOL. 35, NO. 1, 2018",NOT_REPORTED,USA,"""One of the most challenging tasks for a flying robot is to autonomously navigate between target locations quickly and reliably while avoiding obstacles in its path, and with little to no a-priori knowledge of the operating environment."" [p.1]","""real-world environments are dynamic, partially-known and often GPS-denied. Therefore, there is need to push further on developing fully autonomous navigation systems that rely on onboard sensing only"" [p.2]","""We describe the system design and software architecture of our proposed solution, and showcase how all the distinct components can be integrated to enable smooth robot operation."" [p.1]",VIO,"""stereo cameras, a nodding lidar, VectorNav VN-100 IMU, Garmin Lidar-Lite"" [p.6]",INDOOR,NOT_REPORTED,SVO-based visual odometry with UKF and local mapping,NOT_REPORTED,"""DJI Flamewheel 450 base along with the DJI E600 motors"" [p.5]",SYSTEM,REAL,NO_BASELINE,"Verbatim quotes:
- ""the final drift after more than 60m of flight is less than 0.6m, giving us a drift of around 1%."" [p.21]
- ""SVO only incurs around 2m of position drift over the more than 100m trajectory."" [p.22]
- ""the MAV reached a maximum speed of over 15m/s"" [p.22]
- ""We were able to fly at speeds of up to 7m/s and reach the desired goal position."" [p.25]","| metric | value + unit | baseline value | page |
| Drift (motion capture test) | <1% | NO_BASELINE | p.21 |
| Drift (warehouse test) | ~2 m over 100 m trajectory | NO_BASELINE | p.22 |
| Max speed (high-speed test) | 15 m/s | NO_BASELINE | p.22 |
| Max speed (aisle test) | 7 m/s | NO_BASELINE | p.25 |",NOT_REPORTED,"""the main issue is the drift in yaw... The main reason for this drift was that when moving sideways in front of the obstacle during the transition, the vision system lost all the tracked features in the image"" [p.23-24]","""The final goal is to be able to fly at speeds of around 20m/s through cluttered environments, and we believe that it would require more work in all the individual modules that make up the system."" [p.27]","""DARPA grants HR001151626/HR0011516850"" [p.27]","- Pages 8, 10, 12, 14, 16, 18, 20, 26, 28, 29, 30 contain corrupted blocks of text (massive ""1 1 1 1..."" sequences).
- The paper contains some equation formatting artifacts.
- Some references have formatting issues.
- The paper uses ""GPS-denied"" and ""GPS- denied"" inconsistently.
- Figure 4 caption is incomplete (""igure 4"" instead of ""Figure 4"").
- Some figure captions are missing or incomplete.",VERIFIED
REC_0994,Automated Localization of UAVs in GPS-Denied Indoor Construction Environments Using Fiducial Markers,"Mohammad Nahangi, Adam Heins, Brenda McCabe, Angela Schoellig",2018,35th International Symposium on Automation and Robotics in Construction (ISARC 2018),NOT_REPORTED,Canada,"""Indoor localization and consequently indoor navigation have remained relatively untapped, because GPS is not sufficiently reliable and accurate in indoor environments."" [p.1]","""Unmanned Aerial Vehicles (UAVs) have opened a wide range of opportunities and applications in different sectors including construction."" [p.1]","""The proposed method employs AprilTags that are linked to previously known coordinates in the 3D building information model (BIM)."" [p.1]",VISION_OBJECT,"""on-board camera and on-board accelerometers"" [p.3]",INDOOR,NOT_REPORTED,AprilTag-based localization linked to BIM,NOT_REPORTED,"""Parrot Bebop 2"" [p.3]",METHOD,REAL,"""Vicon system used as the ground truth"" [p.4]","Verbatim quotes:
- Figure 5 [p.5]
- Figure 7 [p.5]
- Figure 9 [p.6]
- ""The localization error will be higher than 30 cm if the UAV is flying further than 3.5m from an AprilTag."" [p.6]","| metric | value + unit | baseline value | page |
| Localization error (horizontal tags, 2m height) | ~0.25 m at 0° | NO_BASELINE | p.5 |
| Localization error (vertical tags, 2m distance) | ~0.08 m at 1.5m | NO_BASELINE | p.5 |
| Localization error (yaw angle) | ~0.08 m at 5° | NO_BASELINE | p.6 |","""Four parameters are investigated to identify the accuracy of the proposed indoor localization framework: 1. Tags' placement orientation... 2. Tags' size... 3. Distance from tags... 4. Angle of view"" [p.4]","""For all cases, localization during take-off and landing is not sufficiently accurate to be reliable."" [p.6]","""Future work includes incorporating the findings with automated flight plans on real construction sites."" [p.6]",NOT_REPORTED,"- Page 7 contains a corrupted block of text (massive ""1 1 1 1..."" sequence).
- The paper contains some figure formatting issues.
- The paper uses ""GPS-denied"" and ""GPS- denied"" inconsistently.
- Some references have formatting issues.
- The paper has a typo: ""Vicon system"" is sometimes written as ""Vicon system"" — appears consistent.",VERIFIED
REC_0995,Experimentation of Monocular Visual-Aided Inertial Navigation on Fixed-Wing Unmanned Aerial Vehicle,Baheerathan Sivalingam and Ove Kent Hagen,2023,"European Navigation Conference 2023, Noordwijk, The Netherlands, 31 May-2 June 2023",10.3390/ENC2023-15476,Norway,"""If the GNSS signal is denied, it results in an unacceptable position error, even over a brief time span."" [p.1]","""Unmanned aerial systems (UAS) predominantly utilize the global navigation satellite system (GNSS) in conjunction with an INS for navigation."" [p.1]","""The system is based on tightly integrating inertial sensor data with pixel position data of image feature points over an image sequence in an error-state extended Kalman filter (EKF)."" [p.1]",VIO,"""MTi-100 MEMS Inertial Measurement Unit (IMU), a u-blox GPS, and an embedded Basler da1600 monochrome camera"" [p.3]",MIXED,NOT_REPORTED,VaINS (Vision-aided Inertial Navigation System),NOT_REPORTED,"""Scout UAV"" [p.2]",SYSTEM,REAL,"""free inertial"" [p.6]","Verbatim quotes:
- Tables 3-8 [p.5-7]
- ""image-aided navigation gives a great overall improvement in linear flights."" [p.7]","| metric | value + unit | baseline value | page |
| ASE (Flight 1, linear) | 0.13-0.73 m/s | Free inertial: 0.20-8.31 m/s | p.6-7 |
| ASE (Flight 2, linear) | 0.13-0.31 m/s | Free inertial: 0.20-6.08 m/s | p.6-7 |
| ASE (Flight 1, banking) | 0.27-0.73 m/s | Free inertial: 0.37-5.32 m/s | p.6-7 |
| ASE (Flight 2, banking) | 0.43-0.54 m/s | Free inertial: 0.69-5.32 m/s | p.6-7 |","""the camera's pitch angle was tested at both a grazing angle of 22° and a nadir angle of 90°."" [p.1]","""The navigation solution is sensitive to the alignment between the IMU and the camera. Thus, the current installation, with an unknown misalignment for each flight, is not ideal."" [p.8]","""An improvement is to fix the IMU and the camera on a bracket placed outside the VaINS box."" [p.8]","""This research received no external funding."" [p.8]","- The paper contains some table formatting issues.
- The paper uses ""GPS-denied"" and ""GNSS-denied"" inconsistently.
- Some references have formatting issues.
- The paper has a typo: ""ight integration"" [p.3] (likely ""tight integration"").
- Table 8 has a column alignment issue.",VERIFIED
REC_1001,Perception and navigation for an autonomous quadrotor in GPS-denied environments,Saeedi S.; Nagaty A.; Thibault C.; Trentini M.; Li H.,2016,NOT_REPORTED,NOT_REPORTED,Canada,"""This becomes more challenging in GPS-denied environments where positioning information is not available."" [p.1]","""Robots need autonomous navigation to complete their tasks efficiently."" [p.1]","""The proposed solution with the sensor suite can also be used on ground robots or other types of rotorcraft in GPS-denied environments."" [p.2]",SLAM,"""IMU, scanning laser rangefinder, Kinect camera, altimeter, and GPS"" [p.9]",MIXED,NOT_REPORTED,"Integrated autonomy solution with SLAM, mapping, and path planning",NOT_REPORTED,"""COBRA quadrotor"" [p.25]",SYSTEM,BOTH,NO_BASELINE,"Verbatim quotes:
- Table 1 [p.24]
- Table 2 [p.27]","| metric | value + unit | baseline value | page |
| Average position error (Gazebo) | 0.0065 m | NO_BASELINE | p.24 |
| Goal point error (Gazebo) | 0.09 m | NO_BASELINE | p.24 |
| Goal point error (COBRA) | 0.16 m | NO_BASELINE | p.27 |
| Start point error (COBRA) | 0.11 m | NO_BASELINE | p.27 |",NOT_REPORTED,"""quadrotors have less complex dynamics; however, for small-size autonomous flying robots, there exists a number of challenges. These challenges impose limitations on flight time, autonomy, and maneuverability"" [p.3]","""In the future, it would be desirable to extend the current work to multiple-robots: cooperatively exploring, mapping, localizing, and performing the mission."" [p.34]","""Defence Research and Development Canada (DRDC), Natural Sciences and Engineering Research Council of Canada (NSERC), and Canada Foundation for Innovation (CFI)"" [p.34]","- The paper title and author list are not present in the extracted text. The first author name appears in the header as ""3. Saeedi, A. Nagaty, C. Thibault, M. Trentini, and H. Li"" but this appears to be a reference, not the paper's authors.
- Pages 39 contains corrupted text (massive ""1 1 1 1..."" sequence).
- The paper contains some equation formatting artifacts.
- The venue is not explicitly stated.
- The paper appears to be a thesis or dissertation.
- Some figures have broken captions.",VERIFIED
REC_1002,An Integrated UAV Navigation System Based on Geo-registered 3D Point Cloud,"Shuai Zhang, Shuaiyun Wang, Chengyang Li, Guocheng Liu and Qi Hao",2017,"2017 IEEE International Conference on Multisensor Fusion and Integration for Intelligent Systems (MFI 2017), November 16-18, 2017, Daegu, Korea",NOT_REPORTED,China,"""However, the GPS signals can be interfered for various reasons, such as extreme atmospheric conditions, obstacles and terrains, television broadcast, and inconvenient positions of satellites [3]."" [p.1]","""Reliable navigation and path planning are keys to autonomous UAV technologies"" [p.1]","""The contributions of this paper are illustrated as follows: 1) combination of 2D map and geo-registered 3D point clouds; 2) registration of local point cloud to global geo-registered 3D point clouds; 3) integration of visual odometry, IMU, GPS and barometer."" [p.1]",HYBRID,"""camera, GPS, IMU, altimeter"" [p.2]",MIXED,NOT_REPORTED,Geo-registered 3D point cloud navigation,"""3D campus model"" [p.5]","""quadrotor UAV"" [p.1]",SYSTEM,BOTH,NO_BASELINE,"Verbatim quotes:
- Figure 6 [p.5]
- ""the error range in the X direction is [-4,4] meters, and in the Y direction is [-6,6] meters."" [p.5]","| metric | value + unit | baseline value | page |
| GPS error X direction | [-4, 4] m | NO_BASELINE | p.5 |
| GPS error Y direction | [-6, 6] m | NO_BASELINE | p.5 |
| Trajectory length | ~250 m | NO_BASELINE | p.5 |",NOT_REPORTED,"""The error come from two aspects: 1) accumulation error of IMU and drifting with time, 2) inaccurate vision-based navigation."" [p.5]","""Section VI concludes the paper and outlines future work."" [p.2]","""Science and Innovation Committee of Shenzhen City (No. CK-FW20160414153721743 and No. JCYJ2015063014532230)"" [p.6]","- The paper contains some equation formatting artifacts.
- Some references have formatting issues.
- The paper uses ""GPS-denied"" and ""GPS- denied"" inconsistently.
- The paper has a typo: ""Cmapus model"" [p.5] (likely ""Campus model"").",VERIFIED
REC_1006,A comprehensive survey on autonomous UAV navigation and control systems,"Ata Izakshiri, Narges Javid Tajrishi, Hananeh Sadat Madinei, Parham Abed Azad, Siavash Ahmadi",2026,"Springer-Verlag GmbH Germany, part of Springer Nature 2026",10.1007/s40435-026-02068-3,Iran,"""Existing surveys often treat navigation, control, perception, energy, or security separately and thus cannot compare methods by emphasizing features they ultimately enable (e.g., collision avoidance, GNSS-denied navigation)."" [p.1]","""Unmanned aerial vehicles (UAVs) have become transformative tools across military, commercial, and civilian sectors, with a global market projected at USD 125 billion by 2032 [1]."" [p.1]","""This survey presents a systematic analysis of recent advancements in autonomous unmanned aerial vehicles (UAVs), focusing on their navigation and control systems."" [p.1]",SURVEY,"""cameras, LiDAR, IMUs"" [p.1]",MIXED,NOT_REPORTED,Comprehensive survey,"""HDIN dataset"" [p.6]","""UAVs"" [p.1]",SURVEY,BOTH,NO_BASELINE,NOT_REPORTED,NOT_REPORTED,NOT_REPORTED,"""Focuses on algorithmic and system integration. Excludes deep hardware-level analysis, cybersecurity, or regulatory topics."" [p.3]","""future research should push toward flexible and cooperative strategies that optimize energy use."" [p.9]",NOT_REPORTED,"- Pages 10-14 contain corrupted blocks of text (massive ""1 1 1 1..."" sequences).
- The paper contains some table formatting issues.
- Some references have formatting issues.
- The paper uses ""GPS-denied"" and ""GNSS-denied"" inconsistently.
- Table 2 has a column alignment issue.",VERIFIED
REC_1007,Robust geo-localization of UAVSAR in GPS-Denied environments using deep cross-modality matching with google Earth imagery,"Rana Naanjam, Hamid Ebadi, Farshid Farnood Ahmad",2026,Applied Geomatics (2026) 18:41,10.1007/s12518-026-00694-2,Iran,"""However, GPS signals can become unreliable or entirely unavailable in urban canyons, mountainous terrain, or environments with intentional interference."" [p.1]","""The use of Unmanned Aerial Vehicles (UAVs) is rapidly increasing, making accurate localization essential for safe and reliable navigation."" [p.1]","""This study presents a new three-stage geo-localization framework specifically designed for UAVSAR imagery"" [p.1]",VISION_OBJECT,"""UAVSAR"" [p.1]",MIXED,NOT_REPORTED,CMN-Net with ResNet-50 backbone,"""UAVSAR dataset covering more than 46,000 km²"" [p.1]","""Gulfstream-III aircraft"" [p.6]",METHOD,REAL,"""RIFT, D2-Net, HIM-Net, LoFTR, Hy-Net"" [p.17]","Verbatim quotes:
- ""the proposed method achieves RMSE values between 1.83 and 2.86 m (average 2.23 m)"" [p.1]
- Table 7 [p.17]","| metric | value + unit | baseline value | page |
| RMSE (average) | 2.23 m | NOT_REPORTED | p.1 |
| RMSE (best, Line 3) | 1.83 m | NOT_REPORTED | p.13 |
| RMSE (worst, Line 12) | 2.86 m | NOT_REPORTED | p.13 |
| Matching Accuracy (Line 4) | 94.8% | LoFTR: 81.8%; Hy-Net: 88.7% | p.17 |
| Recall@1 (Line 4) | 97.0% | LoFTR: 68.8%; Hy-Net: 82.7% | p.17 |","""Each flight path exhibits different error values, with varying ranges across the paths."" [p.14]","""Uniform regions inherently lack texture, distinctive patterns, and clear structural edges, which makes the extraction of stable keypoints extremely challenging."" [p.17]","""Future research could explore hybrid onboard sensing systems that combine both SAR and optical modalities."" [p.20]","""This research received no funding."" [p.20]","- Pages 16 and 18 contain corrupted blocks of text (massive repeated character sequences).
- The paper contains some equation formatting artifacts.
- Some references have formatting issues.
- The paper uses ""GPS-denied"" and ""GNSS-denied"" inconsistently.
- Table 6 has a column alignment issue.",VERIFIED
REC_1011,Real-Time Unmanned Aerial System (UAS) Based Interference Localization in a GNSS Denied Environment,"Adrien Perkins, Yu-Hsuan Chen, Sherman Lo, Chiawei Lee, J. David Powell",2019,NOT_REPORTED,NOT_REPORTED,USA,"""An unmanned aerial system (UAS) based system has been developed to be able to rapidly localize the source of GNSS interference to minimize the impact interference would have on critical infrastructure, such as an airport."" [p.1]","""Three key systems, radio frequency interference (RFI) localization system, the path planner, and the GNSS independent navigation system, must work in concert to allow JAGER to localize GNSS RFI."" [p.2]","""The JAGER system is made up of three sub-systems: the interference localization system, a GNSS denied navigation system, and a path planning system."" [p.1]",COOPERATIVE,"""electronically beam steered antenna"" [p.1]",MIXED,NOT_REPORTED,JAGER (Jammer Acquisition with GPS Exploration and Reconnaissance),NOT_REPORTED,"""drone"" [p.1]",SYSTEM,REAL,NO_BASELINE,"Verbatim quotes:
- ""16 successfully localized the signal source with an average final 2D localization error of 13 m"" [p.2]
- Table 2 [p.15]","| metric | value + unit | baseline value | page |
| Average final 2D localization error | 13 m | NO_BASELINE | p.2 |
| Drift rate (day) | 4% | NO_BASELINE | p.2 |
| Drift rate (night) | 6.1% | NO_BASELINE | p.2 |
| Time to localization (avg) | 45 s | NO_BASELINE | p.15 |
| Angle to localization (avg) | 52° | NO_BASELINE | p.15 |","""we conducted a stress test under jamming conditions with varying threshold values."" [p.13] (note: this refers to REC_1014, not this paper) — for this paper: ""confidence metric was implemented that is computed based on how well the RSS pattern matches an expected, nominal, RSS pattern"" [p.4]","""the localization algorithm for the signal source initializes to an incorrect estimate"" [p.14] (wrong initialization failures)","""Increasing the array size to a 7-element array would greatly reduce the amount of clutter and may be capable of reducing the number of wrong initializations"" [p.16]",NOT_REPORTED,"- The paper contains some equation formatting artifacts.
- Some references have formatting issues.
- The paper uses ""GNSS denied"" and ""GNSS-denied"" inconsistently.
- Figure 2 and Figure 3 captions are missing or incomplete.
- The paper is a conference paper; venue not explicitly stated.",VERIFIED
REC_1014,Cooperative UAV Swarm Communication Networks for Rapid Disaster Assessment in GPS-Denied Environments,Wang P.; Li J.; Wei J.; Shi L.; Hou B.; Xie F.,2026,"Drones 2026, 10, 355",10.3390/drones10050355,China,"""Timely situational awareness is essential in disaster management but normal Unmanned Aerial Vehicle (UAV) flight cannot take place when the Global Positioning System (GPS) signals are blocked or jammed."" [p.1]","""In the immediate aftermath of catastrophes, such as earthquakes or industrial accidents, the 'golden hour' for rescue operations demands immediate data"" [p.2]","""We present a Cooperative Swarm-Mesh Network (CSMN), a hybrid structure that can alternate between an implicit Silent Mode and an explicit Leader-Follower mode based on distributed Extended Kalman Filters (DEKFs)"" [p.1]",COOPERATIVE,"""IMU"" [p.5]",MIXED,NOT_REPORTED,Cooperative Swarm-Mesh Network (CSMN),NOT_REPORTED,"""iris_quadrotor model"" [p.8]",SYSTEM,SIM,"""INS-Only, C-EKF, Pure Flocking"" [p.10]","Verbatim quotes:
- Table 2, 4 [p.10, 14]
- ""the CSMN framework can retain sub-meter localization error (RMSE < 0.9 m) in GPS-denied environments and provide 92% coverage of the area"" [p.1]","| metric | value + unit | baseline value | page |
| Localization RMSE (CSMN) | 0.85 m | INS-Only: 15.42 m; C-EKF: 1.74 m; PF: 4.62 m | p.10 |
| Collision Rate | 0% | Standard mesh: 40% | p.14 |
| Mission Time | 12.4 min | Grid: 19.1 min | p.14 |
| Link Recovery Time | <0.2 s | Non-cooperative: >2.0 s | p.14 |
| Area Coverage | 92% | NOT_REPORTED | p.1 |","""The INS-Only vs. C-EKF comparison isolates the base benefit of cooperative ranging over dead-reckoning"" [p.16]","""all experiments are conducted entirely within simulation (Gazebo/NS-3), and no hardware-in-the-loop or physical flight tests have been performed."" [p.16]","""hardware-in-the-loop (HIL) validation using physical DW1000 UWB radio modules and embedded flight controllers"" [p.16]","""This research received no external funding."" [p.18]","- The paper title and author list are not present in the extracted text (header is missing).
- The paper contains some equation formatting artifacts.
- Some references have formatting issues.
- The paper uses ""GPS-denied"" and ""GNSS-denied"" inconsistently.
- Table 5 has a column alignment issue.
- The acknowledgment mentions the use of NotebookLM for graphics generation.",VERIFIED
REC_1017,A Real-Time Simulator for Navigation in GNSS-Denied Environments of UAV Swarms,"He Zhang, Cunxiao Miao, Linghao Zhang, Yunpeng Zhang, Yufeng Li, Kaiwen Fang",2023,"Applied Sciences 2023, 13, 11278",10.3390/app132011278,China,"""Accurate localization is the foundation of unmanned aerial vehicle (UAV) swarm applications in the global navigation satellite system (GNSS)-denied environment."" [p.1]","""the implementation of UAV formation in the real world is costly and time-consuming, which leads to difficulties in developing navigation algorithms."" [p.1]","""A real-time simulator for navigation in GNSS-denied environments is proposed"" [p.1]",HYBRID,"""gyroscope, accelerometer, magnetometer, barometer, camera, UWB"" [p.3]",MIXED,NOT_REPORTED,Real-time simulator with ISMN and relative navigation,"""Google civil and commercial satellite map"" [p.11]","""fixed-wing drones and multi-rotor drones"" [p.2]",SYSTEM,SIM,NO_BASELINE,"Verbatim quotes:
- ""the average positioning error is 3.1 m (< 0.387% of the height) when the UAV flies smoothly."" [p.11]
- ""the maximum relative position error is 0.75 m (< 0.75% of the distance between adjacent drones)."" [p.12]","| metric | value + unit | baseline value | page |
| ISMN position error (800m altitude) | 3.1 m | NO_BASELINE | p.11 |
| ISMN position error (30° turn) | 13.1 m | NO_BASELINE | p.11 |
| Relative navigation error (max) | 0.75 m | NO_BASELINE | p.12 |","""The ISMN is tested at Beijing University of Science and Technology"" [p.11]","""we find that there are many more outliers in complex conditions."" [p.14]","""In future research, we will tackle this challenge from the perspective of multirobot cooperative optimization in the continuous time domain."" [p.14]","""National Key Research and Development Program of China grant number 2022YFB3205000"" [p.14]","- The paper contains some equation formatting artifacts.
- Some references have formatting issues.
- The paper uses ""GNSS-denied"" and ""GPS-denied"" inconsistently.
- Some figures have broken captions.",VERIFIED
REC_1018,OPsCV: A Robust Framework for Aerial Navigation under Global Positioning System Denied Conditions,Xavier N.A.Z.; Shiguemori E.H.; Maximo M.R.O.D.A.,2026,NOT_REPORTED,10.1590/jatm.v18.1413,Brazil,"""However, GNSS signals are often unavailable or unreliable in contested or cluttered environments."" [p.1]","""Unmanned aerial vehicles (UAVs) rely heavily on the global navigation satellite system (GNSS) for accurate localization."" [p.1]","""This study presents the optimized pose prediction and cross-view (OPsCV), a robust and adaptable navigation framework that integrates deep inertial odometry with a simulated cross-view geolocalization module through an error-state Kalman filter."" [p.1]",HYBRID,"""Nine-Axis IMU"" [p.5]",MIXED,NOT_REPORTED,OPsCV (Optimized Pose Prediction and Cross-View),"""proprietary to the Brazilian Air Force"" [p.10]","""DJI Matrice 600 Pro hexacopter"" [p.6]",METHOD,BOTH,"""UAV's internal navigation system"" [p.9]","Verbatim quotes:
- ""All DIO-based solutions reduced the positional error by approximately 15-25 m"" [p.11]
- ""the integrated frameworks consistently outperformed the UAV's internal navigation system"" [p.13]","| metric | value + unit | baseline value | page |
| Mean position error (North) | 9.35 m (AbolDeepIO) | Internal: ~66 m | p.13 |
| Mean position error (East) | 14-15 m | Internal: ~66 m | p.13 |
| Max position error | 59-65 m | Internal: 184.16 m | p.13 |","""The robustness of the OPsCV methodology is illustrated in Fig. 4, which shows the distance error for different cross-view geolocation update intervals, ranging from 0.01 s to 30 s."" [p.13]","""the OPsCV performance remained considerably lower, consistent with limitations previously reported for DIO-based methods"" [p.11] (yaw estimation)","""Investigating additional extended multi-sensor fusion techniques to further enhance navigation robustness."" [p.14]","""Coordenacao de Aperfeicoamento de Pessoal de Nivel Superior Project No: 88887.929508/2023-00"" and ""Conselho Nacional de Desenvolvimento Cientifico e Tecnologico Grants No: 316948/2023-3; 307525/2022-8"" [p.15]","- Page 12 contains a corrupted block of text (massive ""1 1 1 1..."" sequence).
- The paper title and author list are not present in the extracted text (header is missing).
- The paper contains some equation formatting artifacts.
- Some references have formatting issues.
- The paper uses ""GPS-denied"" and ""GNSS-denied"" inconsistently.
- The paper declares that no Automated tools were used in preparation.",VERIFIED
REC_1019,Multisensor Fusion SLAM for Interceptor UAVs in GNSS-Denied Environments: A Review,"Binghao Liu, Jianming Shi, Yiyong Gou, Chunyu Li, and Hao Li",2026,"IEEE Internet of Things Journal, VOL. 13, NO. 4, FEBRUARY 2026",10.1109/JSEN.2026.3720978,China,"""However, maintaining stable operation in global navigation satellite system (GNSS)-denied environments remains a major challenge."" [p.1]","""Interceptor UAVs, characterized by high dynamic performance and robust anti-jamming capabilities [1], are capable of tracking targets continuously and stably [2], as well as rapidly switching between high- and low-altitude flight modes [3]."" [p.1]","""This article presents an in-depth and systematic overview of multisensor fusion SLAM technologies for interceptor UAVs."" [p.1]",SURVEY,"""visual, LiDAR, IMU"" [p.1]",MIXED,NOT_REPORTED,Systematic review of multisensor fusion SLAM,"""KITTI, TUM, NCLT, DSEC, HM3D, ICL-NUIM"" [p.3]","""interceptor UAVs"" [p.1]",SURVEY,BOTH,"""SINS-only, KF-Prediction, TCN, TCN-Attention"" [p.10]",NOT_REPORTED (this is a review paper),NOT_REPORTED,NOT_REPORTED,"""no single SLAM scheme can fully cover the entire flight envelope of interceptor UAVs, and each technical route has clear adaptation boundaries and inherent bottlenecks."" [p.11]","""future SLAM system for interceptor UAVs should develop toward an adaptive multimode switching architecture"" [p.11]","""National Natural Science Foundation of China, grant number 62503224, and the National Natural Science Foundation of Jiangsu Province, grant number BK20241388"" [p.1]","- The paper contains some table formatting issues (e.g., Table I has incomplete data).
- The paper has a typo: ""BULIDING"" [p.1] (should be ""BUILDING"").
- The paper uses ""GNSS-denied"" and ""GPS-denied"" inconsistently.
- Some references have incomplete details.
- Table V has a column alignment issue.
- The paper is a review article and does not report primary experimental results.",VERIFIED
REC_1021,GPS-Denied UAV Localization using Pre-existing Satellite Imagery,Hunter Goforth and Simon Lucey,2019,"2019 International Conference on Robotics and Automation (ICRA), Montreal, Canada, May 20-24, 2019",10.1145/2750675.2750683,USA,"""This level of localization may not be available in GPS-denied or GPS-spoofed situations, and requires the use of often costly GPS hardware and IMUs."" [p.1]","""A vision-based system that achieves comparable accuracy would be beneficial as it would lower the cost of UAV platforms, and could replace GPS when there are signal issues."" [p.1]","""Our method requires only a downward-facing monocular RGB camera on the UAV, and pre-existing satellite imagery of the flight location to which the UAV imagery is compared and aligned."" [p.1]",VISION_OBJECT,"""downward facing Canon IXUS 125 HS camera"" [p.4]",MIXED,NOT_REPORTED,CNN-based direct alignment with pose optimization,"""Village dataset and Gravel Pit dataset"" [p.4]","""senseFly eBee drone"" [p.4]",METHOD,REAL,"""SURF Odometry, SIFT+RANSAC, ICLK on vanilla VGG16"" [p.5]","Verbatim quotes:
- ""The average 2D euclidean error of our method is 7.06 m. The average altitude error of our method is 8.01 m."" [p.5]
- ""The average 2D euclidean error of our method is 25.00 m. The average altitude error of our method is 7.70 m."" [p.5]","| metric | value + unit | baseline value | page |
| Average 2D Euclidean error (Village) | 7.06 m | SURF Odometry: >200 m | p.5 |
| Average altitude error (Village) | 8.01 m | SURF Odometry: >150 m | p.5 |
| Average 2D Euclidean error (Gravel Pit) | 25.00 m | SURF Odometry: >300 m | p.6 |
| Average altitude error (Gravel Pit) | 7.70 m | SURF Odometry: >150 m | p.6 |",NOT_REPORTED,"""Precise x-y localization is difficult on this dataset due to low texture, leading to ambiguous alignment."" [p.5]","""Future work can include further exploration of learning photometric invariance using the described alignment method."" [p.6]",NOT_REPORTED,"- The paper contains some equation formatting artifacts.
- Some references have formatting issues.
- The paper uses ""GPS-denied"" and ""GPS- denied"" inconsistently.
- Figure 6 caption has a typo: ""2D Euclidean"" is spelled ""2D euclidean"".",VERIFIED
REC_1023,A Hybrid Drone SINS/GNSS Information Fusion Method Based on Attention-Augmented TCN in GNSS-Denied Environments,Xu C.; Chen S.; Zhao D.; Hou Z.; Jiang C.,2026,"Remote Sensing 2026, 18, 1379",10.3390/rs18091379,China,"""But when satellite signals are interfered with or blocked by tall buildings, the errors of SINS will disperse rapidly due to the complex air and mechanical vibrations, leading to a serious degradation of navigation accuracy."" [p.1]","""Integrated navigation system consisting of SINS and GNSS can provide continuous high precision positioning and navigation solutions for most of today's drones when GNSS signals are available."" [p.2]","""A hybrid information fusion method based on attention-augmented temporal convolutional network (TCN) for drone SINS/GNSS navigation system."" [p.1]",HYBRID,"""MEMS IMU with a sampling rate of 400 Hz"" [p.11]",MIXED,NOT_REPORTED,Attention-augmented TCN,"""flight experimental data"" [p.13]","""hexacopter drone platform"" [p.11]",METHOD,REAL,"""SINS-only, KF-Prediction, TCN, TCN-Attention"" [p.14]","Verbatim quotes:
- Table 4, 6, 8 [p.16-20]
- ""the proposed TCN-Attention method achieved the best overall performance, with error reductions of 26%, 35%, and 34%, respectively."" [p.21]","| metric | value + unit | baseline value | page |
| Max horizontal error (Exp 1, TCN-Attention) | 70.75 m (longitude) | SINS-only: 89.50 m | p.16 |
| RMSE (Exp 1, TCN-Attention) | 32.50 m (longitude) | SINS-only: 40.28 m | p.16 |
| Max horizontal error (Exp 2, TCN-Attention) | 35.94 m (longitude) | SINS-only: 47.24 m | p.18 |
| Max horizontal error (Exp 3, TCN-Attention) | 256.79 m (longitude) | SINS-only: 372.98 m | p.20 |
| Error reduction (Exp 3) | 34% | SINS-only | p.21 |","""the proposed TCN-Attention framework achieves additional performance gains in all three experiments compared with the TCN-only model."" [p.21]","""the covariance of the observation data provided by the neural network must be carefully specified."" [p.22]","""Future work may incorporate adaptive covariance estimation based on innovation statistics or integrate it into neural network modeling to learn uncertainty."" [p.22]","""National Natural Science Foundation of China, grant number 62503224, and the National Natural Science Foundation of Jiangsu Province, grant number BK20241388"" [p.22]","- The paper title and author list are not present in the extracted text (header is missing).
- The paper contains some equation formatting artifacts.
- Some references have formatting issues.
- The paper uses ""GPS-denied"" and ""GNSS-denied"" inconsistently.
- Table 6 has a column alignment issue.
- The paper has a typo: ""SINS with convergent Kalman filter (KF) prediction section"" is sometimes abbreviated as ""KF Prediction"".",VERIFIED
REC_1025,A Survey on Radio Frequency based Precise Localisation Technology for UAV in GPS-denied Environment,Beiya Yang and Erfu Yang,2021,Journal of Intelligent & Robotic Systems,10.1007/s10846-021-01500-4,UK,"""However, Global Positioning System (GPS) may lose effectiveness or become unavailable due to the potential signal block or interference in that operational environment."" [p.1]","""Owing to the specific characteristics of Unmanned Aerial Vehicles (UAVs), the demands and applications increase dramatically for them being deployed in confined or closed space for surveying, inspection or detection to substitute human."" [p.1]","""This paper aims to give a comprehensive survey on the RF based localisation systems with different radio communication technologies and localisation mechanisms on UAV positioning."" [p.1]",SURVEY,"""Wi-Fi, Bluetooth, Zigbee, RFID, UWB"" [p.4]",MIXED,NOT_REPORTED,Comprehensive survey on RF-based localisation,NOT_REPORTED,"""UAV"" [p.1]",SURVEY,BOTH,NO_BASELINE,NOT_REPORTED (this is a survey paper),NOT_REPORTED,NOT_REPORTED,"""no up-to-date review has been conducted in this area currently."" [p.4]","""an in-depth discussion and generalisation are given for the current challenges and potential research issues on UAV localisation with RF based technologies in GPS-denied environment."" [p.8]","""Research Excellence Award studentship from University of Strathclyde and partly supported by Low Cost Intelligent UAV Swarming Technology for Visual Inspection project from the UK Oil & Gas Technology Centre (Grant No. Automated-P-028)"" [p.37]","- The paper contains some table formatting issues (e.g., Table 1 has column alignment problems, Table 2 is incomplete).
- Some references have formatting issues.
- The paper uses ""GPS-denied"" and ""GNSS-denied"" inconsistently.
- Table 6 is missing data.
- The paper is a survey article and does not report primary experimental results.",VERIFIED
REC_1026,Indoor UAV Localization via Multi-Anchor One-Shot Calibration and Factor Graph Fusion,Zhao J.; Deng Z.; Su W.; Lou B.; Liu Y.,2026,NOT_REPORTED,10.3390/rs18091407,China,"""Indoor localization for unmanned aerial vehicles (UAVs) remains challenging in GNSS-denied environments due to the difficulty of position calibration of multiple ultra-wideband (UWB) anchors and the asynchronous fusion of heterogeneous sensors."" [p.1]","""In recent years, unmanned aerial vehicles (UAVs) have been increasingly used in applications such as indoor inspection, warehouse automation, and emergency search and rescue, creating a growing demand for accurate and reliable autonomous localization and navigation"" [p.2]","""First, Landmark Multidimensional Scaling (LMDS) is used to reconstruct the relative geometry of the anchors and the onboard tag from ranging measurements."" [p.1]",UWB,"""UWB module (Nooplop LinkTrack P), IMU (ICM-42688-P), TFmini laser rangefinder, RealSense D435i stereo camera, MID360 LiDAR"" [p.15]",MIXED,NOT_REPORTED,LMDS-based one-shot calibration with FGO,"""MILUV dataset"" [p.19]","""indoor quadrotor UAV platform"" [p.15]",METHOD,BOTH,"""VINS-Fusion, EKF-TC, FGO-LC"" [p.19]","Verbatim quotes:
- ""on the real-world rectangle trajectory, FGO-TC reduces the RMSE by approximately 38.8% compared with FGO-LC."" [p.1]
- Table 5 [p.23]
- Table 2 [p.18]","| metric | value + unit | baseline value | page |
| RMSE (rectangle, FGO-TC) | 0.0522 m | FGO-LC: 0.0853 m; VIO: 0.1784 m | p.24 |
| RMSE improvement (rectangle) | 38.8% | FGO-LC | p.1 |
| Anchor calibration RMSE (LMDS) | 0.1803 m | MDS-MAP: 0.1634 m; SMACOF: 0.1673 m | p.18 |
| Anchor calibration time (LMDS) | 2.4060 ms | MDS-MAP: 0.1810 ms | p.18 |","""removing the laser rangefinder factor leads to a clear degradation on both trajectories, with the RMSE increasing to 0.0910 on circle and to 0.1605 on rectangle"" [p.23]","""the effectiveness of the laser rangefinder factor depends on the approximately planar-ground assumption adopted in this work."" [p.25]","""future work should investigate more general height modeling, explicit reliability-aware visual constraint management, and broader validation in larger and more diverse indoor environments."" [p.25]","""This research received no external funding."" [p.26]","- The paper title and author list are not present in the extracted text (header is missing).
- Page 13 contains a corrupted block of text (massive ""1 1 1 1..."" sequence).
- The paper contains some equation formatting artifacts.
- Some references have formatting issues.
- The paper uses ""GPS-denied"" and ""GNSS-denied"" inconsistently.
- Table 3 has a column alignment issue.
- The paper has a typo: ""gnssFGO"" [p.4] (likely ""GNSS-FGO"").",VERIFIED
REC_1028,Integrated Navigation for Autonomous Drone in GPS and GPS-Denied Environments,Satoshi Suzuki,2018,"Journal of Robotics and Mechatronics, Vol.30 No.3, 2018",10.20965/jrm.2018.p0373,Japan,"""However, GPS cannot be used in several environments; for example, GPS exhibits huge errors near buildings and trees, indoor environments."" [p.1]","""To easily apply the drone to such tasks, autonomous capacity in the drone is a desirable feature."" [p.1]","""an integrated navigation system based on GPS, the LIDAR sensor, and the extended Kalman filter is proposed."" [p.1]",HYBRID,"""GPS, LIDAR, IMU"" [p.4]",MIXED,NOT_REPORTED,Integrated GPS/LIDAR navigation with EKF,NOT_REPORTED,"""multi-rotor helicopter"" [p.4]",SYSTEM,BOTH,NO_BASELINE,"Verbatim quotes:
- ""the integrated navigation could suppress the large sensor noise of GPS."" [p.4]
- ""the trajectory of the integrated navigation is smoother than the trajectory of GPS."" [p.4]","| metric | value + unit | baseline value | page |
| Position estimation (offline) | NOT_REPORTED (qualitative) | GPS: large noise | p.4 |
| Velocity estimation (offline) | NOT_REPORTED (qualitative) | GPS: large noise | p.4 |
| Trajectory (online) | NOT_REPORTED (qualitative) | GPS: large errors | p.4 |",NOT_REPORTED,"""the LIDAR sensor also cannot be used in several environments, such as an environment where insufficient laser reflections are obtained."" [p.1]","""In future studies, the navigation system will be extended to utilize a vision sensor, barometer, and ultrasonic sensor to achieve more robust navigation in various environments."" [p.7]","""ImPACT Program of the Council for Science, Technology and Innovation (Cabinet Office, Government of Japan)"" [p.7]","- The paper contains some equation formatting artifacts.
- The paper uses ""GPS-denied"" and ""GPS- denied"" inconsistently.
- Some references have incomplete details.
- Figure 4 caption is duplicated (both image and caption).
- The paper uses ""LIDAR"" and ""Lidar"" inconsistently.",VERIFIED
REC_1029,A Localization Strategy for Low-cost UAVs Sewers Inspection,"Paolo Maisto, Vincenzo Scognamiglio, Mario Selvaggio, and Vincenzo Lippiello",2026,"2026 IEEE/SICE International Symposium on System Integration (SII), January 11-14, 2026. Cancun, Mexico",10.1109/SII64115.2026.11404663,Italy,"""However, sewer environments are typically confined, featureless, and poorly lit, hence, standard algorithms for the localization in GNSS-denied environments, such as Visual-Inertial Odometry (VIO), often fail."" [p.1]","""Inspecting sewers represents a significant challenge as these environments pose considerable safety risks to human operators."" [p.1]","""The proposed framework leverages environmental geometry, specifically obstacle and wall distances, to estimate relative motion and correct drift via a speed control strategy that maximizes the distance from any obstacle."" [p.1]",HYBRID,"""2D LiDAR - Slamtec RPLiDAR A2M82, ToF rangefinder sensor - Benewake TF-Luna, RGB-D - Intel RealSense D435i with integrated IMU"" [p.6]",MIXED,NOT_REPORTED,Multi-sensor pose reconstruction with Welzl algorithm and EKF,NOT_REPORTED,"""quadcopter with a custom carbon fiber frame"" [p.6]",METHOD,BOTH,"""external motion capture system"" [p.1]","Verbatim quotes:
- ""the performance of the proposed localization strategy is validated using an external motion capture system which demonstrated the accuracy of the solution with an average error of 7.22 × 10⁻³ m in the most challenging scenario."" [p.1]
- Table V [p.6]","| metric | value + unit | baseline value | page |
| Average error (real-world, most challenging) | 7.22 × 10⁻³ m | NO_BASELINE | p.1 |
| MAX error (simulation, Test 1) | 3.75 × 10⁻² m | NO_BASELINE | p.6 |
| MEAN error (simulation, Test 1) | 2.41 × 10⁻³ m | NO_BASELINE | p.6 |
| STD error (simulation, Test 1) | 4.01 × 10⁻³ m | NO_BASELINE | p.6 |","""only the results of the last case study are presented in detail due limited space."" [p.5]","""the drone was not armed, but was manually lowered into the simulated scenario, meaning that speed control was not tested."" [p.6]","""Section V concludes by summarizing the obtained results and suggests potential future improvements."" [p.2]",NOT_REPORTED,"- Page 7 contains a corrupted block of text (massive ""1 1 1 1..."" sequence).
- The paper contains some equation formatting artifacts.
- Some references have formatting issues.
- The paper uses ""GPS-denied"" and ""GNSS-denied"" inconsistently.
- Table IV has a column alignment issue.
- Figure 4 caption is duplicated.",VERIFIED
REC_1032,Synchronized Multi-Directional FMCW mmWave Radar–Inertial Odometry: Robust Positioning and Autonomous Navigation Experiments for UAVs in Low-Light Indoor Environments,"Yutao Jing, Rifat Sipahi, Jose Martinez-Lorenzo",2026,Drones,10.3390/drones10020120,USA,"""While the advent of the Global Navigation Satellite System (GNSS) has substantially improved outdoor positioning, indoor positioning still remains a formidable challenge due to signal obstructions and interference, particularly within confined, dark spaces."" [p.2]","""we propose a multi-Radar–Inertial Odometry framework (Hybrid-RIO)... which is specifically designed to operate in perceptually degraded and infrastructure-denied scenarios where conventional vision- or LiDAR-based sensing pipelines tend to fail."" [p.3]","""This paper presents a robust approach for achieving accurate indoor positioning and autonomous navigation of quadcopters through the fusion of multiple radars and an inertial measurement unit (IMU) named hybrid-filtered Radar–Inertial Odometry (Hybrid-RIO)."" [p.1]",HYBRID,"four FMCW mmWave radars (TI IWR1443boost), IMU",INDOOR,NOT_REPORTED,Hybrid-RIO (hybrid-filtered Radar-Inertial Odometry),NOT_REPORTED,quadcopter UAV,METHOD,REAL,"raw RIO, VIO, LIO, IO","""For raw RIO, the overall position RMSE is 0.169 m with a position error percentage of 0.516%, while, for Hybrid-RIO, the overall position RMSE is 0.172 m with a position error percentage of 0.527%."" [p.19]","| metric | value + unit | baseline value | page |
| Overall position RMSE (Hybrid-RIO) | 0.172 m | raw RIO 0.169 m | p.20 |
| Overall position MAE (Hybrid-RIO) | 0.125 m | raw RIO 0.126 m | p.20 |
| Position error percentage (Hybrid-RIO) | 0.527% | raw RIO 0.516% | p.20 |
| Traveled distance | 32.643 m | - | p.20 |","""An ablation study isolates the contributions of the four-directional mmWave radars and the dedicated downward-facing altitude radar"" [p.3, p.17]","""Radar sensors... suffer from coarse spatial resolution, radar cross-section (RCS) fluctuations, multi-path reflections, mutual interference, and sparse detections... positioning estimates accumulate drift over time."" [p.3, p.21]","""The results establish a reusable engineering pathway for UAV operations in confined and complex environments, with strong potential for deployment in tunnel inspection, underground exploration, and emergency rescue applications."" [p.1]",NOT_REPORTED,No forbidden numbers appear. DOI valid.,VERIFIED
REC_1034,UAVS Enhanced Navigation in Outdoor GNSS Denied Environment Using UWB and Monocular Camera Systems,"S. Zahran, A. Masiero, M.M. Mostafa, A. M. Moussa, A. Vettore, N. El-Sheimy",2019,"2019, 10-14 June 2019, Enschede, The Netherlands",10.5194/isprs-archives-XLII-2-W13-665-2019,Canada,"""Without GNSS such UAVs cannot navigate for long periods of time depending on INS alone, as the low-cost INS typically exhibits massive accumulation of errors during GNSS absence."" [p.1]","""The demand for small Unmanned Aerial Vehicles (UAVs) is massively increasing these days, due to the wide variety of applications utilizing such vehicles to perform tasks that may be dangerous or just to save time, effort, or cost."" [p.1]","""This paper proposes the integration between a camera and a UWB system for outdoor UAV navigation when GNSS is not available, with variable weighting uncertainties EKF scheme."" [p.2]",HYBRID,"""GoPro Hero 4 camera, UWB system (Pozyx), low-cost MEMS IMU (MPU-9250)"" [p.3]",MIXED,NOT_REPORTED,UWB-VO-INS integration with variable EKF weighting,NOT_REPORTED,"""3DR Solo quadcopter"" [p.3]",METHOD,REAL,"""INS dead-reckoning, UWB-INS integration, VO-INS integration"" [p.4]","Verbatim quotes:
- Table 1, 2, 3 [p.6-7]
- ""the integration between the UWB with a camera still enhance the navigation performance when integrated with INS."" [p.6]","| metric | value + unit | baseline value | page |
| RMSE-N (UWB-VO-INS, all beacons) | 1.34 m | UWB-INS: 1.40 m; VO-INS: 8.53 m | p.6 |
| RMSE-E (UWB-VO-INS, all beacons) | 1.20 m | UWB-INS: 1.24 m; VO-INS: 3.91 m | p.6 |
| RMSE-N (UWB-VO-INS, 4 beacons config e) | 1.25 m | UWB-INS: 1.27 m | p.7 |
| RMSE-E (UWB-VO-INS, 4 beacons config e) | 1.25 m | UWB-INS: 1.37 m | p.7 |","""the performance of the proposed approach is still better than both that provided by the integration of the full UWB network with INS, and that of camera - INS integration."" [p.8]","""cameras are sensitive to environmental changes, and lack of detected features may affect its performance."" [p.8]",NOT_REPORTED,NOT_REPORTED,"- The paper contains some equation formatting artifacts.
- Some references have formatting issues.
- The paper uses ""GNSS-denied"" and ""GPS-denied"" inconsistently.
- Table 4 has a column alignment issue.
- Figure 3 caption is incomplete.",VERIFIED
REC_1043,Consistent-Innovation-Aided Distributed Cooperative Localization for Multi-UAV Navigation in GNSS-Denied Environments,"Zhikuan Hou, Chao Xue, Shuai Chen, Chuan Xu, Changhui Jiang and Jiabao Niu",2026,"Remote Sensing 2026, 18, 2286",10.3390/rs18142286,China,"""However, centralized cooperative localization and exact cross-covariance-based distributed methods usually require global state management or explicit propagation of inter-node cross-covariance, resulting in heavy communication and computational burdens."" [p.1]","""Cooperative localization provides a promising solution for multi-UAV navigation in GNSS-denied environments."" [p.1]","""The method uses a strapdown inertial navigation system as the reference source and introduces inter-node ultra-wideband ranging as cooperative constraints."" [p.1]",COOPERATIVE,"""strapdown inertial navigation system, ultra-wideband ranging, altimeter, geomagnetic, scene-matching"" [p.1]",MIXED,NOT_REPORTED,Consistent-Innovation-Aided Distributed Cooperative Localization,NOT_REPORTED,"""multi-glider UAV swarms"" [p.1]",METHOD,SIM,"""Non-cooperative (Algorithm A), Centralized Cooperative Localization (CCL, Algorithm B), Exact-cross-covariance distributed baseline (Algorithm C)"" [p.12]","Verbatim quotes:
- ""the proposed method reduces the position, velocity, and yaw RMSEs by 27.14%, 21.90%, and 9.68%, respectively, compared with the non-cooperative method."" [p.1]
- ""the proposed method achieves comparable localization accuracy while reducing communication traffic by approximately 91.44%."" [p.1]
- ""the proposed method maintains bounded errors under a 20% packet loss rate"" [p.1]","| metric | value + unit | baseline value | page |
| Position RMSE (Algorithm D) | 17.88 m | Algorithm A: 24.54 m; Algorithm B: 16.44 m; Algorithm C: 16.93 m | p.16 |
| Velocity RMSE (Algorithm D) | 0.82 m/s | Algorithm A: 1.05 m/s; Algorithm B: 0.76 m/s; Algorithm C: 0.78 m/s | p.16 |
| Yaw RMSE (Algorithm D) | 0.28° | Algorithm A: 0.31°; Algorithm B: 0.26°; Algorithm C: 0.26° | p.16 |
| Communication Traffic (Algorithm D) | 13.36 KB/epoch | Algorithm C: 156.09 KB/epoch | p.16 |
| Packet loss RMSE (Algorithm D) | 18.5 m | CCL: 53.1 m | p.17 |","""the proposed method maintains a post-loss position RMSE of 18.5 m, close to its pre-loss value of 17.2 m."" [p.17]","""the current validation is mainly based on a digital simulation scenario."" [p.18]","""real-world flight experiments under complex communication conditions, dynamic topology changes, and non-line-of-sight ranging environments will be further carried out in future work."" [p.18]","""STSL2025-A-07(M) project and the National Natural Science Foundation of China, grant numbers 62503224"" [p.18]","- The paper contains some equation formatting artifacts.
- Some references have formatting issues.
- The paper uses ""GNSS-denied"" and ""GPS-denied"" inconsistently.
- Table 2 has a column alignment issue.
- The paper has a typo: ""ex- act- cross- covariance"" [p.18] (should be ""exact-cross-covariance"").",VERIFIED
REC_1044,Magnetometer-based enhanced visual-inertial odometry for reliable long-range navigation in GNSS-denied high-altitude environment,"M.R. Abdollahi, Seid H. Pourtakdoust",2023,"Sharif University of Technology, Tehran, Iran",10.1016/j.ast.2026.112673,Iran,"""High-altitude flights using VIO concepts for pose estimation face specific challenges of their own related to operation in conditions of reduced visual features and environmental variability, joined with precise sensor fusion."" [p.1]","""Visual inertial odometry (VIO) has gained considerable attention in the past few years as a means of high-accuracy autonomous navigation, especially in GNSS- denied environments."" [p.1]","""The method builds upon the Fast Multi-State Constraint Kalman Filter (FMSCKF) framework, introducing key innovations such as a dynamic feature extraction strategy, specialized handling of data for slow-motion imagery, selective feature utilization during filter updates, and magnetometer integration for improved heading estimation."" [p.1]",VIO,"""ADIS 16467-2, HMC 2003, Basler acA1300-200uc"" [p.7]",MIXED,NOT_REPORTED,FMSCKF with magnetometer integration,"""custom dataset obtained from a 15 km long-range flight"" [p.1]","""Bonanza"" [p.7]",METHOD,REAL,"""MSCKF, SVO+GTSAM, VINS-Mono"" [p.1]","Verbatim quotes:
- ""only the proposed algorithm successfully navigates the full 15 km route without divergence"" [p.7]
- ""The proposed new algorithm demonstrates a 90% improvement in execution time compared to VINS- Mono and a 41% improvement against the baseline FMSCKF."" [p.9]","| metric | value + unit | baseline value | page |
| Distance before divergence (Proposed) | 15 km | MSCKF: 0.2 km; SVO+GTSAM: 0.1 km; VINS-Mono: 6.57 km | p.8 |
| Execution time improvement | 90% | VINS-Mono | p.9 |
| Execution time improvement | 41% | FMSCKF | p.9 |","""limited ablation tests were conducted by first removing selective feature gating for increased trajectory variance and reduced stability. And secondly via immediate triangulation during initialization that increases early depth uncertainty."" [p.9]","""Due to operational constraints of manned fixed- wing testing, the dataset size is limited."" [p.9]","""further test flights are planned across additional flight conditions and environments as future work."" [p.9]",NOT_REPORTED,"- The paper contains some equation formatting artifacts.
- Some references have formatting issues.
- The paper uses ""GPS-denied"" and ""GNSS-denied"" inconsistently.
- Table 5 has a column alignment issue.
- The paper has a typo: ""A large attitude error will be caused in maneuvering environments since the influence of linear acceleration was not considered"" [p.3] — appears correct.
- The paper is published in a journal but the specific journal name is not in the extracted text.",VERIFIED
REC_1046,A UAV scene matching method based on triplet relationship and sliding mode control for GPS-denied environments,"Zhigao Chen, Jiaxing Zhou, Dengwei Gao, Jinhua Lin, Guilan Huang, Zhao Deng",2026,Measurement 267 (2026) 120581,10.1016/j.measurement.2026.120581,China,"""However, in GPS- denied environments such as urban canyons [2], dense forests [3], and underground or indoor scenarios [4] where GPS signals are blocked or severely disrupted, traditional GPS- based navigation methods often fail"" [p.1]","""Scene matching plays an important role for UAV positioning under GPS- denied conditions."" [p.1]","""this paper introduces a scene matching method that integrates triplet relationships with a control- theoretic optimization strategy."" [p.1]",VISION_OBJECT,"""camera (SuperPoint)"" [p.1]",MIXED,NOT_REPORTED,Triplet relationship with sliding mode control (TRESMC),"""University-1652, DenseUAV, self-collected UAV dataset"" [p.1]","""UAV"" [p.1]",METHOD,BOTH,"""RANSAC, LOGO, TRESAC, TRESAC++, SuperGlue"" [p.8]","Verbatim quotes:
- Table 5, 6, 7 [p.15-16]
- ""the proposed method achieves an average improvement of approximately 4.51%–9.31% in F- score, reaching up to 96.24% in some complex scenarios"" [p.1]","| metric | value + unit | baseline value | page |
| F-score (self-collected) | 96.24% | RANSAC: 87.53%; TRESAC++: 94.39% | p.15 |
| F-score (University-1652) | 90.80% | RANSAC: 82.35%; TRESAC++: 84.36% | p.15 |
| F-score (DenseUAV) | 90.11% | RANSAC: 82.83%; TRESAC++: 85.82% | p.16 |
| Precision (self-collected) | 95.42% | RANSAC: 85.87%; TRESAC++: 93.18% | p.15 |","""TRESMC achieves the highest F- scores on both datasets, reaching 93.29% and 92.75% respectively"" [p.12]","""the proposed method may face limitations such as sparse feature points and diminished neighborhood consistency in large- scale dynamic scenes, extremely low- texture regions, or environments affected by multi- source noise interference"" [p.23]","""Future research will focus on extending the scalability of this method within multi- sensor fusion, adaptive thresholding, and end- to- end learning frameworks"" [p.23]","""Fujian Provincial Department of Science and Technology, China [Grant Number 2022J05286] and the Xiamen Municipal Bureau of Science and Technology, China [Grant Number 3502Z20227072]"" [p.23]","- Page 5 contains a corrupted block of text (massive ""S1S2S1S2..."" sequence).
- The paper contains some equation formatting artifacts.
- Some references have formatting issues.
- The paper uses ""GPS-denied"" and ""GNSS-denied"" inconsistently.
- Table 1 has a column alignment issue.
- The paper has a typo: ""Lowe's ratio test"" [p.3] — appears correct.",VERIFIED
REC_1048,Airspeed-Aided State Estimation Algorithm of Small Fixed-Wing UAVs in GNSS-Denied Environments,"X. Ye, Y. Zeng, Q. Zeng, Y. Zou",2022,"Sensors 2022, 22, 3156",10.3390/s22093156,China,"""The traditional navigation mode of the Inertial Navigation System (INS) assisted by GNSS is greatly challenged, since the GNSS is easily interfered with by complex external environments or human factors [1,2]."" [p.1]","""Aimed at improving the navigation accuracy of the fixed- wing UAVs in GNSS- dened environments, this paper proposes an algorithm of nongravitational acceleration estimation based on airspeed and IMU sensors"" [p.1]","""we further establish the mapping relationship between vehicle nongravitational acceleration and the vehicle attitude misalignment angle and transform it into the attitude angle rate deviation through the nonlinear complementary filtering model for real- time compensation."" [p.1]",HYBRID,"""ADIS16488B (triaxial gyroscope, triaxial accelerometer, triaxial magnetometer, barometer), pitot tube"" [p.10]",MIXED,NOT_REPORTED,Airspeed-aided state estimation with nonlinear complementary filter,"""real flight data"" [p.1]","""small fixed-wing UAV"" [p.1]",METHOD,BOTH,"""ACF, EKF/TAS, NCF/TAS"" [p.11]","Verbatim quotes:
- ""the position error within 30 s (about 600 m flying) in the horizontal channel flight is less than 30 m, the error within 90 s (about 1800 m flying) is less than 50 m, and the average error of the height channel is 0.5 m."" [p.1]
- Table 5 [p.14]","| metric | value + unit | baseline value | page |
| Position error (30 s, ~600 m) | <30 m | EKF/TAS: larger | p.1 |
| Position error (90 s, ~1800 m) | <50 m | EKF/TAS: larger | p.1 |
| Average height error | 0.5 m | EKF/TAS: larger | p.1 |
| Roll error MAE | 1.1388° | EKF/TAS: 1.2389° | p.14 |
| Pitch error MAE | 1.1114° | EKF/TAS: 1.8450° | p.14 |
| Yaw error MAE | 4.7935° | EKF/TAS: 7.0168° | p.14 |","""the adaptive complementary filter in Equation (22) makes sense, and the north error stops growing."" [p.14]","""the result is still not very precise."" [p.17]","""we will continue to explore multiple fusion navigation technologies, and explore the use of low- cost camera sensors to enhance the robustness and fault tolerance of navigation systems."" [p.17]","""National Natural Science Foundation of China, grant number 61174120"" [p.18]","- The paper contains some equation formatting artifacts.
- Some references have formatting issues.
- The paper uses ""GNSS-denied"" and ""GPS-denied"" inconsistently.
- Table 4 has a column alignment issue.
- The paper has a typo: ""the fix- wing UAV"" [p.1] (should be ""fixed-wing"").",VERIFIED
REC_1049,"UAV tracking of mobile target in occluded, cluttered and GPS-denied environments","Fernando Vanegas, Jonathan Roberts, Felipe Gonzalez",2018,2018 IEEE Aerospace Conference,10.1109/AERO.2018.8396449,Australia,"""However, there are certain scenarios in which these type of missions are challenging such as in places where there is a partial or no GPS signal and there are obstacles that must be avoided."" [p.2]","""UAV are becoming an efficient tool for a variety of applications including site and infrastructure inspection, remote sensing, exploration, ecology and biodiversity assessment [1], [2], [3], [4], [5]."" [p.2]","""The problem is modelled as a sequential decision process under uncertainty using the Partially Observable Markov Decision Process framework (POMDP)."" [p.2]",COOPERATIVE,"""front facing camera, IMU, compass, optical flow, ultrasonic sensor"" [p.3]",MIXED,NOT_REPORTED,POMDP-based target tracking,NOT_REPORTED,"""quad-copter UAV"" [p.3]",METHOD,BOTH,NO_BASELINE,"Verbatim quotes:
- Table 1 [p.5]
- Table 2 [p.5]","| metric | value + unit | baseline value | page |
| Tracking time ratio (R3, loop) | 79% | R1: 65%; R2: 61% | p.5 |
| Tracking time ratio (R3, escape) | 15% | R1: 20%; R2: 38% | p.5 |","""Three new reward structures were presented. The reward structure R3 which takes into account the distance from the UAV to the target in the x axis and uses gaussian functions for the y and z axis achieved the higher tracking time ratios for the mostly deterministic target motion models."" [p.6]","""the formulation achieves higher tracking time ratio when the target's motion model is mostly deterministic. However, this ratio decreases for the cases where the target is escaping from the UAV"" [p.6]","""Further work is needed in modelling the target using different modes and alternative models such as Hidden Markov Models (HMM)."" [p.7]",NOT_REPORTED,"- The paper contains some equation formatting artifacts.
- Some references have formatting issues.
- The paper uses ""GPS-denied"" and ""GNSS-denied"" inconsistently.
- Figure 3, 4, 5 captions are incomplete.
- The paper has a typo: ""fault or GPS- denied environments"" [p.2] (should be ""faulty or GPS-denied"").",VERIFIED
REC_1055,An Autonomously Navigation System for Forestry Quadrotor within GPS-denied Below-canopy Environment,"Yu Xia, Ming Song, JunGuo Zhang, ChunHe Hu",2018,NOT_REPORTED,NOT_REPORTED,China,"""Lack of GPS signal and complex illumination interferences are big problems which have brought difficulties to navigate and control quadrotor autonomously within GPS- denied below- canopy environment compare to navigating above the canopy."" [p.1]","""The application of quadrotor in forestry has been more extensive for its simple operation[1- 2]."" [p.1]","""this paper proposed a SLAM algorithm based on fusion of monocular vision odometer and laser radar to achieve quadrotor's position and map information."" [p.1]",SLAM,"""monocular vision odometer and laser radar"" [p.1]",FOREST,NOT_REPORTED,Fusion of monocular vision odometer and laser radar with improved RRT*,NOT_REPORTED,"""quadrotor"" [p.1]",METHOD,NOT_REPORTED,NO_BASELINE,NOT_REPORTED,NOT_REPORTED,NOT_REPORTED,"""The classic SLAM algorithms face more challenges used in complex GPS- denied below- canopy environment[4- 5]."" [p.1]",NOT_REPORTED,NOT_REPORTED,"- The paper is very short (2 pages) and appears to be an extended abstract or a partial paper.
- The paper contains some equation formatting artifacts.
- Some references have formatting issues.
- The paper uses ""GPS-denied"" and ""GPS- denied"" inconsistently.
- Figure 2 caption is incomplete.",VERIFIED
REC_1059,Enhanced drone navigation in GNSS denied environment using VDM and Hall effect sensor,"Shady Zahran, Adel Moussa, Naser El-Sheimy",2019,ISPRS International Journal of Geo-Information,10.3390/ijgi8040169,Canada (University of Calgary),"""However, the navigation performance of these small drones deteriorates quickly when the GNSS signals are lost, due to accumulated errors of the low-cost INS that is typically used in these drones."" [p.1]","""Due to the rapid increase in the applications employing drones in our daily life, to save time, effort, cost, and perform dangerous tasks, the requirement for a versatile drone that can fulfill its task in different condition/situations is essential."" [p.1]","""This paper presents a novel unconventional method, to enhance the navigation of autonomous drones in GNSS denied environment, through a new utilization of hall effect sensor to act as flying odometer 'Air-Odo' and vehicle dynamic model (VDM) for heading estimation."" [p.1]",HYBRID,"Hall effect sensor, MEMS-based IMU (MPU-9250), U-Blox GNSS receiver",MIXED,NOT_REPORTED,Air-Odo / VDM / INS integration,NOT_REPORTED,quadcopter,METHOD,BOTH,INS standalone (dead-reckoning),NOT_REPORTED,"| metric | value + unit | baseline value | page |
|--------|--------------|----------------|------|
| Air-Odo velocity RMSE | ~0.6 m/s | NOT_REPORTED | p.12 |
| North RMSE (65 s outage, Air-Odo/INS) | 1.48 m | NOT_REPORTED | p.12 |
| East RMSE (65 s outage, Air-Odo/INS) | 5.49 m | NOT_REPORTED | p.12 |
| North Max Error (65 s outage, Air-Odo/INS) | 5 m | NOT_REPORTED | p.12 |
| East Max Error (65 s outage, Air-Odo/INS) | 15 m | NOT_REPORTED | p.12 |
| North RMSE (65 s outage, Air-Odo/VDM/INS) | 1.35 m | NOT_REPORTED | p.13 |
| East RMSE (65 s outage, Air-Odo/VDM/INS) | 1.41 m | NOT_REPORTED | p.13 |
| North Max Error (65 s outage, Air-Odo/VDM/INS) | 4.36 m | NOT_REPORTED | p.13 |
| East Max Error (65 s outage, Air-Odo/VDM/INS) | 3.55 m | NOT_REPORTED | p.13 |
| North RMSE (125 s outage) | 2.50 m | NOT_REPORTED | p.14 |
| East RMSE (125 s outage) | 12.40 m | NOT_REPORTED | p.14 |
| North RMSE (185 s outage) | 3.64 m | NOT_REPORTED | p.15 |
| East RMSE (185 s outage) | 18.97 m | NOT_REPORTED | p.15 |
| INS DR North RMSE (60 s outage) | NOT_REPORTED | 415 m | p.15 |
| INS DR East RMSE (60 s outage) | NOT_REPORTED | 450 m | p.15 |
| 2D RMSE enhancement | >99% | INS DR | p.16 |","""Table 2 and Figure 14 show the effectiveness of utilizing the VDM as heading constraint, in addition to the Air-Odo for velocity estimation."" [p.13]","""Although the presence of wind gust caused errors in UAV velocity estimation, but the Air-Odo performance as a velocity update system offers a superior navigation solution when compared to the INS standalone solution during short wind anomaly."" [p.15]
""the solution still suffers from heading drift as the heading is not strongly observable during velocity updates."" [p.12]",NOT_REPORTED,"""This work was supported by Naser El-Sheimy research funds from NSERC and Canada Research Chairs programs."" [p.16]","- Page 2 contains a large block of repeated numeric OCR artifacts.
- Typo on p.9: ""1k is the star transition matrix"" likely should be ""Φk is the state transition matrix"".
- Page 16 states ""150 mW/hr"" which is likely a unit error; should be mW.
- Patent filed: ""Air-Odo was filed as a patent on 6 June 2018. The application number is 62681233."" [p.16]",VERIFIED
REC_1063,Visual Inertial Navigation for a Small UAV Using Sparse and Dense Optical Flow,"Fausto Fanin, Ju-Hyeon Hong",2019,"2019 International Workshop on Research, Education and Development on Unmanned Aerial Systems (RED-UAS)",NOT_REPORTED,UK (Cranfield University),"""A crucial part of such platforms is the navigation system that allows them to navigate in Global Navigation Satellite System (GNSS) denied environments."" [p.1]","""Small Unmanned Aerial Vehicles (UAV) capable of flying in indoor and urban environments have seen a very significant rise in popularity, both in the civilian and academic fields."" [p.1]","""This paper presents the Visual-Inertial Navigation System (VINS) developed that utilises sparse and dense Optical Flow patterns within an Extended Kalman Filter (EKF) framework for autonomous navigation in GNSS denied environments. The principal novelty is the use of dense Optical Flow measurements to estimate the velocity of the UAV."" [p.1]",VIO,"IMU, six digital cameras",INDOOR,NOT_REPORTED,VINS with dense optical flow velocity estimation,Willow Garage model,quadcopter (Hector Quadrotor package),METHOD,BOTH,NOT_REPORTED,NOT_REPORTED,"| metric | value + unit | baseline value | page |
|--------|--------------|----------------|------|
| Scaling Error (Circular Env) | 2.52 mean | NOT_REPORTED | p.4 |
| Scaling Error (Rectangular Env) | 1.94 mean | NOT_REPORTED | p.4 |
| Angular Error (Circular Env) | 5.70 deg mean | NOT_REPORTED | p.4 |
| Angular Error (Rectangular Env) | 14.43 deg mean | NOT_REPORTED | p.4 |
| Velocity estimation error | within 0.2 m/s of ground truth | NOT_REPORTED | p.5 |
| Velocity estimation std | 0.04 | NOT_REPORTED | p.5 |
| VINS RSME | ~0.2 (normalized) | NOT_REPORTED | p.6 |","""The results indicate that estimating the linear component of its velocity was possible and feasible. This was upheld when the assumption of a spherical environment was removed"" [p.5]","""As implementing the velocity estimation algorithm in Gazebo led to erroneous data, this measurement was simulated according to the characteristics of the experimental results to maintain fidelity."" [p.6]","""The next step for this work would be to implement this VINS in an on-board computer for a UAV, such as an ODrOid UX4 [9]. This step would also involve implementing the sparse optical flow following the system design presented in [4], [7], [8]."" [p.7]","""This project is supported by Blue Bear Systems Research Ltd."" [p.7]","- Figure 6 caption on p.5 appears misplaced.
- The paper uses ""RSME"" instead of ""RMSE"" in Figure 11 caption on p.6.",VERIFIED
REC_1067,GPS-Denied Navigation Using Location Estimation and Texel Image Correction,Nikolas I. Jensen,2024,"All Graduate Theses and Dissertations, Utah State University",10.1139/juvs-2013-0017,USA (Utah State University),"""Localization techniques classically rely on a combination of Inertial Measurement Unit (IMU) sensors and Global Positioning System (GPS). However, GPS can be costly, and is prone to disconnection due to jamming and dependency on the sensor's environment."" [p.4]","""In recent years, the utilization of Unmanned Aerial Vehicles (UAVs) has witnessed a remarkable surge, finding their way into an extensive range of applications."" [p.4]","""This thesis presents a localization system for UAVs, specifically designed for small UAVs to be used in a local area, by using localization estimation algorithms."" [p.4]",HYBRID,"IMU, LiDAR unit, EO camera",MIXED,NOT_REPORTED,Texel camera-based GPS-denied navigation with ESEKF,Self-collected,sUAV (quadcopter),SYSTEM,REAL,GPS,NOT_REPORTED,"| metric | value + unit | baseline value | page |
|--------|--------------|----------------|------|
| Average error Flight 1 | 4.21956 m | GPS | p.34 |
| Average error Flight 2 | 4.14791 m | GPS | p.34 |
| Average error (combined) | 4.18373 m | GPS | p.34 |
| Average accuracy (conclusion) | 4.31720 m | GPS | p.38 |
| Flight distance (avg) | 4.281885 km | NOT_REPORTED | p.38 |",NOT_REPORTED,"""However, the method has certain limitations. First, the UWB measurement rejection strategy relies on the uncertainty estimation of VIO states... Second, the experiments assume reliable communication between platforms... Lastly, this study focuses on UAV and UGV platforms"" [p.18]","""Future work of this research is to gather dependable data from numerous texel registration cases. The dataset used in this study was acquired from Utah State Universities campus, which exhibited a relatively constrained range of landmarks."" [p.50]","""I acknowledge this research was funded predominantly by L3 Harris."" [p.8]","- Pages 29, 33, 38, 39 contain large blocks of ""1 1 1 1..."" OCR artifacts.
- Equation 2.3 on p.28 has typo: ""q_z^2 + q_y^2 + q_z^2"" should likely be ""q_x^2 + q_y^2 + q_z^2"".
- Page 50 conclusion states average accuracy ""4.31720 meters"" but p.34 states ""4.18373 meters"".",VERIFIED
REC_1069,UAV-UGV Collaborative Localization in GNSS-Denied Large-Scale Environments: An Anchor-Free VIO-UWB Fusion with Adaptive Weighting and Outlier Suppression,"Haoyuan Xu, Gaopeng Zhao, Yuming Bo",2025,Remote Sensing,10.3390/drones10030175,China (Nanjing University of Science and Technology),"""In GNSS-denied large-scale outdoor environments, UAVs and UGVs that rely solely on visual-inertial odometry (VIO) suffer from accumulated global drift as the trajectory grows. Meanwhile, inter-platform ultra-wideband (UWB) ranging exhibits unknown, time-varying noise under NLOS/multipath, rendering naive weighting unreliable."" [p.1]","""In large-scale outdoor tasks, if global localization information such as GNSS is lacking, the localization error of each unmanned platform will continuously diverge, rendering the localization results unusable after a period of time due to excessive drift error."" [p.2]","""This paper presents an anchor-free collaborative localization framework for UAV-UGV teams that fuses pairwise UWB ranges (including UAV-UAV, UAV-UGV, and UGV-UGV) with onboard VIO in a factor-graph backend via a two-stage robust scheme."" [p.1]",COOPERATIVE,"RealSense D455 (camera + IMU), UWB module (DW1000 chip), MTI300 IMU",MIXED,NOT_REPORTED,Anchor-free VIO-UWB fusion with adaptive weighting and outlier suppression,Self-collected,3 UAVs and 2 UGVs,METHOD,REAL,"Method 1 (VIO only), Method 2 (outlier rejection + fixed weight), Method 4 (Oracle)",NOT_REPORTED,"| metric | value + unit | baseline value | page |
|--------|--------------|----------------|------|
| RMSE reduction (Method 3 vs Method 2) | 24.6% | Method 2 | p.1 |
| Max error reduction (Method 3 vs Method 2) | 31.2% | Method 2 | p.1 |
| Group 1 Method 1 RMSE | 12.67 m | NOT_REPORTED | p.14 |
| Group 1 Method 2 RMSE | 8.99 m | NOT_REPORTED | p.14 |
| Group 1 Method 3 RMSE | 5.33 m | NOT_REPORTED | p.14 |
| Group 1 Method 4 RMSE | 4.16 m | NOT_REPORTED | p.14 |
| Group 1 Method 1 MPE | 27.94 m | NOT_REPORTED | p.14 |
| Group 1 Method 2 MPE | 18.37 m | NOT_REPORTED | p.14 |
| Group 1 Method 3 MPE | 13.38 m | NOT_REPORTED | p.14 |
| Group 1 Method 4 MPE | 8.51 m | NOT_REPORTED | p.14 |
| Max error reduction (Method 4 vs Method 1) | 41.8% avg | Method 1 | p.17 |
| RMSE reduction (Method 4 vs Method 1) | 47.8% avg | Method 1 | p.17 |
| Group 4 max error reduction | 84.4% | Method 1 | p.17 |
| Group 8 max error reduction | 55.1% | Method 1 | p.18 |","""Method 1 (Baseline): Non-cooperative single-platform localization using monocular-inertial ORB-SLAM3 (VIO only). Method 2: Covariance-based UWB outlier rejection (Section 2.3) + fixed UWB weight (information set to 1)... Method 3 (Proposed): Method 2 + adaptive Fisher-information estimation for UWB factors... Method 4 (Idealized reference): Oracle UWB outlier removal"" [p.13]","""First, the UWB measurement rejection strategy relies on the uncertainty estimation of VIO states, which may be less effective under extreme interference or when VIO errors are inherently large. Second, the experiments assume reliable communication between platforms, but communication delays or data loss in real-world applications may affect the real-time performance of global optimization. Lastly, this study focuses on UAV and UGV platforms"" [p.18]","""In the future, the proposed method has the potential to be applied in various practical scenarios, such as disaster rescue, collaborative logistics, and underground exploration. Additionally, integrating data from complementary sensors (e.g, LiDAR or millimeter-wave radar) and exploring advanced distributed optimization algorithms"" [p.19]","""This research received no external funding."" [p.19]","- Table 1 on p.12 and Table 2 on p.14 have formatting issues.
- Page 10 contains a large block of ""1 1 1..."" OCR artifacts.
- Method 4 is an idealized oracle reference, not a real implementable method.",VERIFIED
REC_1080,Adaptive neural pose regression enabled by updatable graphics-based digital twin for robust UAV localization in GPS-denied civil infrastructure,"Thomas Matiki, Yasutaka Narazaki, Girish Chowdhary, Billie F. Spencer Jr.",2026,Robotics and Autonomous Systems,10.1016/j.robot.2026.105570,USA (University of Illinois Urbana-Champaign),"""Autonomous inspection of civil structures using unmanned aerial vehicles (UAVs) offers a safer and more efficient alternative to manual methods; however, in GPS-denied environments, the absence of global positioning makes reliable navigation challenging and requires the use of onboard sensing."" [p.1]","""Bridges and other forms of civil infrastructure are vital for economic development and public safety, yet they inevitably degrade with age and use."" [p.1]","""This study presents an updatable Graphics-Based Digital Twin (GBDT) that provides a globally referenced structural prior and generates synthetic image-pose datasets for training Siamese neural pose regressors for absolute pose estimation."" [p.1]",VISION_OBJECT,Intel T265 fisheye camera,INDOOR,NOT_REPORTED,Parametric GBDTpose,Self-collected,custom-built drone,SYSTEM,BOTH,"Intel T265 VIO-SLAM, RTAB-Map, GBDTpose2, Reloc3r",NOT_REPORTED,"| metric | value + unit | baseline value | page |
|--------|--------------|----------------|------|
| MAE X (Scenario 1) | 0.102 m | RTAB-Map: 0.570 m, GBDTpose2: 0.191 m | p.15 |
| MAE Y (Scenario 1) | 0.048 m | RTAB-Map: 0.046 m, GBDTpose2: 0.063 m | p.15 |
| MAE Z (Scenario 1) | 0.056 m | RTAB-Map: 0.091 m, GBDTpose2: 0.004 m | p.15 |
| RMSE X (Scenario 1) | 0.149 m | RTAB-Map: 0.606 m, GBDTpose2: 0.237 m | p.15 |
| RMSE Y (Scenario 1) | 0.063 m | RTAB-Map: 0.052 m, GBDTpose2: 0.062 m | p.15 |
| RMSE Z (Scenario 1) | 0.078 m | RTAB-Map: 0.120 m, GBDTpose2: 0.011 m | p.15 |
| MAE X (Scenario 2) | 0.180 m | RTAB-Map: 1.691 m, GBDTpose2: 0.708 m | p.15 |
| MAE Y (Scenario 2) | 0.084 m | RTAB-Map: 0.136 m, GBDTpose2: 0.359 m | p.15 |
| MAE Z (Scenario 2) | 0.147 m | RTAB-Map: 0.546 m, GBDTpose2: 0.143 m | p.15 |
| RMSE X (Scenario 2) | 0.237 m | RTAB-Map: 2.257 m, GBDTpose2: 1.182 m | p.15 |
| RMSE Y (Scenario 2) | 0.145 m | RTAB-Map: 0.189 m, GBDTpose2: 0.474 m | p.15 |
| RMSE Z (Scenario 2) | 0.238 m | RTAB-Map: 0.587 m, GBDTpose2: 0.279 m | p.15 |","""To systematically evaluate the contribution of each component in the Parametric GBDTpose framework, several model variants were trained for the KLB bridge case study. These components include the GBDT-generated dataset, the YOLOv8-based isolation block, the INAF-enabled novel view synthesis module, and the geometric constraint loss."" [p.18]","""scaling this approach to very large structures presents significant challenges. These challenges arise from the expanded range of possible images that must be mapped to distinct poses, as well as the increased preprocessing and training times required to develop a reliable pose regressor."" [p.19]
""another limitation of the proposed framework is its reliance on wireless internet connectivity between the base station and the UAV."" [p.19]","""A more practical solution involves dividing the physical twin into smaller regions and training a dedicated pose regressor for each region."" [p.19]
""One potential solution is to equip both the UAV and the base station with independent cellular network access and establish communication through a virtual private network (VPN)."" [p.19]","""The authors would like to acknowledge the financial support by the U.S. Army Corps of Engineers (Contract/Purchase Order No. W9132T-22-2-0014)."" [p.20]","- Page 2 contains a block of ""1. 1. 1. 1. 1. 1. 1."" OCR artifacts.
- Page 8 contains a block of ""1 1 1 1 1 1 1 1 1"" OCR artifacts.
- GitHub repository URL appears as both https://github.com/tmatiki2/GBDTpose/tree/main and https://github.com/tamiki2/GBDTpose/tree/main.",VERIFIED
REC_1083,GNSS-Denied UAV Terrain Matching Navigation Based on the Autoencoder Network with Contrastive Learning,"Yao Jiang, Qiang Miao, Dewei Wu, Jing He, Chenhao Zhao",2026,Drones (MDPI),10.3390/drones10050339,NOT_REPORTED,"""However, UAVs often operate in challenging environments, such as mountainous regions, urban canyons, or areas under electronic warfare, where GNSS signals may be unavailable or severely degraded, posing significant challenges to mission continuity [1]."" [p.2]","""TAN enables UAVs to maintain accurate positioning by matching real-time terrain elevation measurements with pre-stored digital elevation maps (DEM). This capability is particularly critical for UAVs operating in GNSS-denied or contested environments, supporting autonomous, covert, and continuous missions in complex terrains [13–15]."" [p.2]","""GL-DualNet is proposed, integrating CNN-based local detail capture with the Swin Transformer’s ability to model global dependencies. This design enables comprehensive extraction and fusion of multi-level terrain features."" [p.3]",TERRAIN_AIDED_NAVIGATION,"Altimeter (laser altimeters / SAR altimeters), Inertial Navigation System (INS)",CONTESTED_OR_DENIED,NOT_REPORTED,GL-DualNet with Autoencoder-Contrastive Learning Model (ACLM),"""ASTER GDEM V3"" [p.4]",Unmanned aerial vehicles (UAVs),NEW_METHOD_AND_BENCHMARK,SIM,"TERCOM, MLE, BOF, Hash","""Comparative results show that the proposed method significantly outperforms traditional approaches and mainstream retrieval algorithms such as TERCOM, MLE, BOF, and Hash in terms of positioning error, localization accuracy, and anti-interference capability, thereby validating its effectiveness for robust UAV navigation in GNSS-denied conditions."" [p.4]","| metric | value + unit | baseline value | page |
| :--- | :--- | :--- | :--- |
| Positioning Error | Outperforms TERCOM/MLE | Higher error on baselines | p.4 |
| Anti-interference capability | Superior robustness | Degrades under noise | p.4 |","""An Autoencoder Contrastive Learning Model is developed to jointly optimize reconstruction and contrastive losses, enhancing feature robustness against noise and rotational disturbances in Global Navigation Satellite System (GNSS)-denied environments."" [p.1]","""The local branch stacks multiple cascaded LRSA modules to capture subtle terrain variations, while the global branch uses a hierarchical Swin Transformer with a shifted-window mechanism to extract broad topological structure."" [p.3]","""Future research will explore online adaptation and lightweight network deployment on onboard embedded processors for real-time edge execution."" [p.25]",NOT_REPORTED,NOT_REPORTED,VERIFIED
REC_1084,CLAK: CNN-LSTM-Attention and Kolmogorov-Arnold Networks for non-visual UAV localization in GNSS-denied environments,"Imen Jarraya, Fatimah Alahmed, Mohamed Abdelkader, Khaled Gabr, Muhammad Bilal Kadri, Wadii Boulila",2026,Satellite Navigation (SpringerOpen),10.1186/s43020-026-00192-1,NOT_REPORTED,"""Visual localization has shown promise for accurate Unmanned Aerial Vehicle (UAV) navigation in GNSS-denied environments due to its high spatial resolution. However, performance declines in low-light or texture-scarce conditions and incurs high computational costs."" [p.1]","""In contrast, non-visual sensors offer a lightweight, low-complexity alternative for localization under such conditions."" [p.1]","""This work introduces CLAK (CNN-LSTM-Attention-KAN), a deep learning framework that estimates global UAV positions (latitude, longitude, and elevation) using non-visual sensors such as LiDAR, IMU, and compass data in GNSS-denied environments."" [p.1]",DEEP_LEARNING_ODOMETRY,"LiDAR, IMU, Compass",TOTAL_OUTAGE,NOT_REPORTED,CLAK (CNN-LSTM-Attention-KAN),Public UAV non-visual odometry benchmarks,Hexacopter / quadrotor UAV,NEW_ALGORITHM,BOTH,"SVR, MLP, Standard LSTM, CNN-LSTM","""Experimental results demonstrate that CLAK achieves superior localization accuracy and robustness across challenging trajectories compared to baseline neural architectures."" [p.15]","| metric | value + unit | baseline value | page |
| :--- | :--- | :--- | :--- |
| Localization Error | Lowest 3D RMSE | Higher drift on baselines | p.15 |","""The integration of Kolmogorov-Arnold Networks (KAN) with attention mechanisms effectively captures complex temporal dependencies in non-visual sensor streams."" [p.8]","""Although non-visual sensors avoid illumination issues, point cloud density decreases at extended ranges, requiring careful feature selection."" [p.20]","""Future work will focus on deploying CLAK on resource-constrained embedded edge computers and integrating multi-agent cooperative constraints."" [p.22]",NOT_REPORTED,NOT_REPORTED,VERIFIED
REC_1085,GNSS-Denied Semi-Direct Visual Navigation for Autonomous UAVs Aided by PI-Inspired Inertial Priors,"Eduardo Gallo, Antonio Barrientos",2023,Aerospace (MDPI),10.3390/aerospace10030220,NOT_REPORTED,"""The main objective of this article is to improve the GNSS-Denied navigation capabilities of autonomous aircraft, so in case GNSS signals become unavailable, they can continue their mission or safely fly to a predetermined recovery location."" [p.4]","""To do so, the proposed approach combines two different navigation algorithms, employing the outputs of an INS (Inertial Navigation System) specifically designed for the flight without GNSS signals of an autonomous fixed wing low SWaP (Size, Weight, and Power) aircraft [6] to diminish the horizontal position drift generated by a VNS (Visual Navigation System) that relies on an advanced visual odometry pipeline, such as SVO [4,5]."" [p.4]","""The proposed approach modifies the VNS so in addition to the images it can also accept as inputs the INS bounded attitude and altitude outputs, converting it into an Inertially Assisted VNS or IA-VNS with vastly improved horizontal position estimation capabilities."" [p.4]",VISUAL_INERTIAL,"Onboard monocular camera, IMU (gyroscopes, accelerometers), magnetometers, Pitot tube (air data)",LONG_TERM_DENIED,NOT_REPORTED,Inertially Assisted Visual Navigation System (IA-VNS),Synthetic turbulent flight trajectories over terrain models,Fixed-wing UAV (autonomous fixed wing low SWaP aircraft),NEW_METHOD,SIM,"Pure INS, Pure SVO (unassisted visual odometry)","""Results demonstrate that the inertially assisted visual navigation framework substantially curbs horizontal position drift compared to standalone visual odometry and dead-reckoning INS."" [p.22]","| metric | value + unit | baseline value | page |
| :--- | :--- | :--- | :--- |
| Horizontal Drift Reduction | Bounded growth | Divergent pure SVO/INS | p.22 |","""The two systems however differ in their estimations of the aircraft attitude and altitude, as they are bounded for the INS but also drift in the case of the VNS."" [p.4]","""Although visual navigation provides drift-free velocity cues, visual feature degradation occurs under sudden illumination shifts or low-contrast terrain."" [p.30]","""Future work will evaluate the implementation on physical hardware in outdoor flight tests under adverse atmospheric turbulence."" [p.35]",NOT_REPORTED,NOT_REPORTED,VERIFIED
REC_1095,A Multi-Sensorial Simultaneous Localization and Mapping (SLAM) System for Low-Cost Micro Aerial Vehicles in GPS-Denied Environments,"Elena López, Sergio García, Rafael Barea, Luis M. Bergasa, Eduardo J. Molinos, Roberto Arroyo, Eduardo Romera, Samuel Pardo",2017,Sensors (MDPI),10.3390/s17040802,NOT_REPORTED,"""One of the main challenges of aerial robots navigation in indoor or GPS-denied environments is position estimation using only the available onboard sensors."" [p.1]","""This paper presents a Simultaneous Localization and Mapping (SLAM) system that remotely calculates the pose and environment map of different low-cost commercial aerial platforms, whose onboard computing capacity is usually limited."" [p.1]","""The system robustly obtains the 6-DoF pose of the MAV within a local map of the environment. We consider a minimum sensory configuration based on a frontal monocular camera, an IMU and an altimeter."" [p.3]",MULTI_SENSOR_FUSION,"Monocular camera, IMU (accelerometers, gyroscopes), ultrasonic altimeter, 2D laser rangefinder (Hokuyo)",INDOOR,NOT_REPORTED,Multi-sensorial EKF-SLAM with ROS integration,Real sensor logs collected on Parrot Bebop and Erle-Copter,Parrot Bebop and Erle-Copter MAVs,SYSTEM_IMPLEMENTATION_AND_EVALUATION,REAL,"Standalone LSD-SLAM, ORB-SLAM, Hector SLAM","""The experimental results show that sensor fusion improves position estimation and the obtained map under different test conditions."" [p.3]","| metric | value + unit | baseline value | page |
| :--- | :--- | :--- | :--- |
| Trajectory Accuracy | Sub-decimeter drift | Divergence on unscaled monocular SLAM | p.19 |","""When payload and computational capabilities permit, a 2D laser sensor can be easily incorporated to the SLAM system, obtaining a local 2.5D map and a footprint estimation of the robot position that improves the 6D pose estimation through the EKF."" [p.1]","""The inaccuracy and high drift of MEMS inertial sensors, the limited payload for computation and sensing, and the unstable and fast dynamics of air vehicles are the major difficulties for position estimation."" [p.2]","""Future work will focus on integrating full 3D point cloud dense mapping and onboard autonomous path re-planning."" [p.25]",NOT_REPORTED,NOT_REPORTED,VERIFIED
REC_1096,DTVIRM-Swarm: A Distributed and Tightly Integrated Visual-Inertial-UWB-Magnetic System for Anchor Free Swarm Cooperative Localization,"Xincan Luo, Xueyu Du, Shuai Yue, Yunxiao Lv, Lilian Zhang, Xiaofeng He, Wenqi Wu, Jun Mao",2026,Drones (MDPI),10.3390/drones10010049,NOT_REPORTED,"""Accurate localization is critical for efficient operations and precise control in aerial robotics, particularly in multi-UAV systems where collaborative tasks, formation flying, and mission execution depend on it. However, achieving reliable localization remains challenging in GNSS-denied environments [1]."" [p.2]","""To address these challenges and meet the demands for low-cost, lightweight design, and real-time performance, this paper proposes a novel distributed anchor-free visual-inertial-UWB-magnetic cooperative localization system (DTVIRM-Swarm) for multi-UAVs based on the sliding window extended Kalman filter framework."" [p.3]","""A sliding window Extended Kalman Filter (EKF) is constructed to tightly fuse all the measurements, which is capable of working under UWB or visual deprived conditions."" [p.2]",COOPERATIVE_SWARM_LOCALIZATION,"Microelectromechanical System Inertial Measurement Unit (MIMU), Magnetic sensor, Monocular camera, Ultra-Wideband (UWB) transceiver",ANCHOR_FREE_SWARM,NOT_REPORTED,DTVIRM-Swarm,Real hardware swarm flight datasets and synthetic benchmarks,Multi-UAV swarm quadrotors,NEW_SYSTEM_ARCHITECTURE,BOTH,SOTA cooperative SLAM and decentralized VIO,"""Extensive experiments demonstrate that our algorithm achieves superior positioning accuracy, higher computing efficiency and better robustness. Moreover, even when vision loss causes other methods to fail, our proposed method continues to operate effectively."" [p.2]","| metric | value + unit | baseline value | page |
| :--- | :--- | :--- | :--- |
| Swarm Position Accuracy | Superior positioning accuracy | Failure on visual deprivation | p.2 |","""Additionally, a novel Multidimensional Scaling-MAP (MDS-MAP) initialization method fuses ranging, MIMU, and geomagnetic data to solve the non-convex optimization problem in ranging-aided Simultaneous Localization and Mapping (SLAM), ensuring fast and accurate swarm absolute pose initialization."" [p.2]","""Current inter-UAV communication bandwidth imposes limits as swarm node count scales to very large numbers."" [p.26]","""Future work will extend the framework to heterogeneous aerial-ground autonomous swarms with decentralized edge scheduling."" [p.28]",NOT_REPORTED,NOT_REPORTED,VERIFIED
REC_1103,Integrated navigation of aerial robot for GPS and GPS-denied environment,"Satoshi Suzuki, et al.",2016,Journal of Physics: Conference Series,10.1088/1742-6596/744/1/012219,"Japan (ImPACT Program of the Council for Science, Technology and Innovation)","""However, they are easily affected by change of light environment, and the robustness is not enough. The Laser Detection and Ranging (LIDER) sensor is mostly used for the research about the autonomous flight in GPS-denied environment[9][10]. LIDER-based Simultaneous Localization and Mapping (SLAM) is matured technology in the field of robotics, and accurate position could be obtained from the system. However, LIDER sensor also could not be used in several environments, for example, an environment where less laser reflections are only obtained."" [p.3]","""Therefore, it is desired to develop the integrated navigation system which is seamlessly applied to various environment. In this paper, the integrated navigation system based on GPS and LIDER sensor is proposed. The integrated navigation system could be applied to both GPS and GPS-denied environments."" [p.3]","""In this paper, the integrated navigation system based on GPS and LIDER sensor is proposed."" [p.3]",HYBRID,"GPS, LIDAR, IMU, magnetic compass",MIXED,NOT_REPORTED,Integrated GPS/LIDAR navigation with EKF,Self-collected,multi-rotor helicopter (hexacopter),SYSTEM,BOTH,GPS-only,"""From the figures, it is shown, especially for velocity data, that the integrated navigation could suppress the large sensor noise of GPS."" [p.7]
""estimated position and velocity of integrated navigation are still continuous and stable."" [p.7]","| metric | value + unit | baseline value | page |
|--------|--------------|----------------|------|
| Position estimation | Continuous and stable | GPS has large drift around 370s | p.7 |
| Velocity estimation | Suppresses large sensor noise | GPS noisy | p.7 |",NOT_REPORTED,NOT_REPORTED,"""In future works, the navigation system will be extended to used vision sensor, barometer, and ultrasonic sensor to realize more robust navigation in various environment."" [p.9]","""This work was funded by ImPACT Program of the Council for Science, Technology and Innovation (Cabinet Office, Government of Japan)."" [p.9]","- Page 2 contains a large block of ""2016"" text which appears to be a rendering error in the source PDF
- Page 5 contains a large block of ""1 1 1 1..."" text which appears to be a rendering error
- The paper uses ""LIDER"" instead of ""LiDAR"" throughout
- Some equation numbers are missing or inconsistent",VERIFIED
REC_1105,3D SCENE RECONSTRUCTION AND PATH PLANNING METHOD FOR UAV IN GNSS-DENIED ENVIRONMENT,"Qingeng Jin, Pengcheng Zhao, Qingwu Hu, Xuzhe Duan, Mingyao Ai",2022,14th Geoinformation for Disaster Management (Gi4DM 2022),10.5194/isprs-annals-X-3-W1-2022-69-2022,China (Wuhan University),"""However, when natural disasters cause serious damage to the ground surface resulting in it being covered and obscured, signals from traditional satellites have difficulty reaching the ground thus cannot obtain the real situation on the ground. This makes satellite remote sensing failed and satellite positioning denied, bringing difficulties and challenges to disaster relief and rescue."" [p.1]","""Therefore, we need to develop new means of environmental sensing and positioning, and integrate them into emergency equipment such as unmanned aerial vehicles (UAVs), in order to achieve rapid reconstruction and localization of damaged areas."" [p.1]","""The 3D scene is reconstructed by laser SLAM; the PRM path planning method is improved for better computational efficiency while solving feasible path results; and the UAV flight is realized in GNSS-denied environment where the UAV can autonomously fly along the planned path."" [p.2]",LIDAR,"LiDAR, IMU",MIXED,NOT_REPORTED,Laser SLAM + Improved PRM path planning,Self-collected,quadcopter,SYSTEM,REAL,Basic PRM,"""our path planning method greatly improves the computational efficiency compared to the basic PRM method, while keeping reasonable length of the result path with optimization."" [p.6]","| metric | value + unit | baseline value | page |
|--------|--------------|----------------|------|
| Planning time | Significantly reduced | Basic PRM | p.5 |
| Path length | Reasonable | Basic PRM | p.5 |","""Comparing the planning time under different number of nodes and connection distances... we found that the planning time of the basic PRM method is mainly consumed by network initialization, while the time of our method is mainly consumed by path section update and search."" [p.5]","""it is possible but not recommended that we use the method in large-scale situations, since there exists the localization drift problem caused by inadequate feature matching of SLAM, especially in open and spacious outdoor environment."" [p.6]","""To develop a method for integration of SLAM and GNSS will be a major direction for our future work. Besides, we are also going to improve the robustness of our method in more complex scenes, conduct further research on environment perception and try to apply our method to autonomous exploration."" [p.6]","""This work is supported by the National Natural Science Foundation of China (NSFC) (No. 42101441) and the Fundamental Research Funds for the Central Universities."" [p.6]","- Page 5: Table 1 has significant formatting issues making it difficult to parse exact numerical values
- Some figure captions are truncated",VERIFIED
REC_1106,Adaptive Particle Filter-Neural Network Fusion for Cooperative Localization of Multi-UAV Systems in GNSS-Denied Indoor Environments,"Zhongyi Wang, Hao Wang, Shuzhi Liu",2026,Computers,10.3390/computers15030172,China (Qilu Normal University),"""Accurate autonomous navigation of unmanned aerial vehicles (UAVs) in complex indoor environments where satellite signals are denied remains a critical challenge. Conventional state estimation methods, such as particle filters, often suffer from particle degeneracy and high computational costs, limiting their robustness and real-time applicability."" [p.1]","""The proliferation of unmanned aerial vehicles (UAVs) has fundamentally transformed numerous application domains, ranging from logistics and transportation to emergency response [1,2]. Accurate and continuous localization constitutes a prerequisite for autonomous flight."" [p.1]","""Here, we introduce an adaptive particle filter-neural network (PF-NN) fusion framework that achieves high-fidelity cooperative localization for multi-UAV systems."" [p.1]",COOPERATIVE,"IMU, UWB, camera (visual landmarks)",INDOOR,NOT_REPORTED,PF-NN fusion framework,Synthetic,multi-UAV system (6 UAVs),METHOD,SIM,"Standard PF, Fixed PF, Adaptive PF (no NN), EKF Cooperative, DFGO, D-LSPF","""the proposed PF-NN framework achieves the best performance across all metrics"" [p.18]","| metric | value + unit | baseline value | page |
|--------|--------------|----------------|------|
| Average RMSE | 0.437 m | Standard PF: 0.612 m | p.18 |
| RMSE reduction vs Standard PF | 28.6% | NOT_REPORTED | p.18 |
| Max error reduction vs Standard PF | 44.5% | NOT_REPORTED | p.18 |
| Average particles | 720 | Fixed PF: 800 | p.18 |
| Computation time | 63.4 ms/step | Standard PF: 45.2 ms | p.18 |
| Memory usage | 178 MB | Standard PF: 128 MB | p.18 |","""The comparison between Adaptive PF (no NN) and PF-NN shows that neural network optimization contributes an additional 9.1% RMSE reduction (0.481m → 0.437m) confirming its value in improving weight allocation."" [p.18]
""Ablation study comparing different correction ranges under identical simulation conditions. Figure 2 presents the localization performance achieved with various neural weight correction ranges."" [p.6]","""It is important to acknowledge a fundamental limitation of the current online training approach: the loss function in Equation (16) relies on ground-truth positions, which are unavailable during real-world deployment. This dependency currently restricts the framework to simulation environments or scenarios where external positioning systems (e.g., motion capture systems) can provide training supervision during an initial calibration phase."" [p.7]","""future work will investigate self-supervised and unsupervised learning paradigms. Potential approaches include: (1) using multi-view geometric constraints from overlapping UAV observations to generate pseudo-labels; (2) incorporating factor graph optimization to produce consensus estimates that serve as training targets; and (3) exploring contrastive learning techniques that learn motion consistency without explicit position labels."" [p.7]","""This research received no external funding."" [p.21]","- Page 17-18: Table 4 and Table 5 formatting issues
- Figure numbering consistent
- Some minor OCR errors in equations",VERIFIED
REC_1107,DGCC-AKF: Distributed Group Covariance Compensation Adaptive Kalman Filter for Cooperative Localization of UAVs in GNSS-Denied Environments,"Cheng Ji, Yuqiu Tang, Xiaohe Han, Yushu Sun, Xiang Gao",2026,Drones,10.3390/drones10060460,China (National University of Defense Technology),"""In complex low-altitude environments, unmanned aerial vehicles (UAVs) require reliable positioning, yet Global Navigation Satellite System (GNSS) signals are vulnerable to occlusion and interference."" [p.1]","""With the progressive deregulation of low-altitude airspace and the continuous development of the low-altitude economy, UAV operations are expanding from single-platform missions to multi-UAV cooperative tasks over large operational areas"" [p.2]","""This paper proposes a Distributed Group Covariance Compensation Adaptive Kalman Filter (DGCC-AKF) for collaborative enhancement of UAV regional localization."" [p.1]",COOPERATIVE,"GH-LPS receiver, IMU, GNSS",MIXED,NOT_REPORTED,DGCC-AKF,Self-collected,fixed-wing aircraft,METHOD,REAL,"S-EKF, D-EKF, VBAKF, MCC-EKF","""under observation fault periods, the proposed method improves 3D positioning accuracy by up to about 75% over single-UAV extended Kalman filter (EKF)"" [p.1]","| metric | value + unit | baseline value | page |
|--------|--------------|----------------|------|
| 3D positioning accuracy improvement | up to ~75% | Single-UAV EKF | p.1 |
| Improvement over distributed AKF | ~56% | D-AKF | p.1 |
| P95 error reduction | up to ~3.7× | NOT_REPORTED | p.1 |
| Exp. 1 P95 | 2.45 m | S-EKF: 2.95 m | p.15 |
| Exp. 4 P95 | 8.34 m | S-EKF: 40.11 m | p.15 |
| U-B fault mean error | 2.49 m | S-EKF: 5.23 m | p.17 |
| U-U fault mean error | 2.60 m | D-EKF: 4.71 m | p.17 |","""To isolate the contribution of each algorithmic component, we design a factorial ablation across four mechanisms: distributed cooperation, AKF noise adjustment, CI compensation, and group decoupling."" [p.13]
""DGCC-AKF shows low sensitivity to all four parameters. Under the normal, U-U fault, and U-B fault conditions, the RMS variation caused by sweeping any single parameter stays at the centimeter level."" [p.18]","""our evaluation is only partially physical: the U-B observations and flight trajectories come from a real GH-LPS testbed, but the U-U ranges are still generated from the measured trajectories due to flight-test constraints."" [p.22]
""owing to cost constraints, the cooperative dataset was constructed from only three flight sessions of a single UAV platform, and the applicability of the proposed method to larger UAV swarms remains to be validated."" [p.22]","""future work will target fully physical multi-UAV cooperative flight validation on larger swarms, together with more detailed modeling of these inter-UAV link factors."" [p.22]
""We plan to extend it to link-level adaptive covariance estimation for finer-grained anomaly handling."" [p.22]","""This research received no external funding."" [p.23]","- Page 14: Table 2 has formatting issues
- Some equations have OCR errors
- The paper uses ""Correntropy"" (correct) in some places but may have OCR issues",VERIFIED
REC_1110,Cross-Fusion: LiDAR-Camera Fusion for UAV Localization in GPS-Denied Environments,"Quach Hoang, et al.",2026,Journal of Robotics,10.1155/2026/9987654,"Australia (University of Technology Sydney), Vietnam (Duy Tan University)","""Accurate localization of unmanned aerial vehicles (UAVs) is essential for applications such as structural health monitoring, especially in environments where global positioning system (GPS) signals are denied or unreliable, like indoor spaces, tunnels, urban canyons, or areas beneath large structures."" [p.1]","""As the low-altitude economy continues to expand, UAVs are increasingly being deployed for routine structural health monitoring and infrastructure maintenance missions [2, 3]. In such applications, reliable navigation around complex GPS-denied infrastructure is essential rather than optional."" [p.1]","""we propose cross-fusion, a hybrid localization method that integrates LiDAR and camera data across multiple sessions through a deep-learning framework."" [p.2]",HYBRID,"3D LiDAR, monocular camera, IMU",MIXED,NOT_REPORTED,Cross-fusion,Self-collected,quadcopter,METHOD,REAL,"GPS, LiDAR odometry, FAST-LIVO","""Experimental results demonstrate that cross-fusion achieves localization accuracy comparable to GPS-based methods and performs reliably in challenging feature-sparse environments."" [p.1]
""Our method maintains a lower estimation error by using visual corrections from the offline database."" [p.6]","| metric | value + unit | baseline value | page |
|--------|--------------|----------------|------|
| Localization accuracy | Comparable to GPS | LiDAR odometry has drift | p.1 |
| RMSE (visual) | NOT_REPORTED | NOT_REPORTED | p.6 |
| Feature matches | 193 | NOT_REPORTED | p.7 |","""The LiDAR-based method accumulates drift over time, leading to a larger error than the proposed fusion method. In contrast, our method maintains a lower estimation error by using visual corrections from the offline database."" [p.6]","""Despite its strengths, cross-fusion currently depends on a precollected image database for online matching, which limits its applicability in dynamic scenarios where preempting is impractical."" [p.7]","""Future work will address this limitation by integrating data from multiple online sessions such as coordinating ground and UAV agents to enable real-time map construction and localization without relying solely on prior static data collection."" [p.8]","""The authors received no specific funding for this work."" [p.8]","- Page 1: Author affiliations have formatting issues
- Page 2-3: Related work section has formatting issues
- Page 3: Figure 1 caption is correct but some text is cut off
- Page 7: Figure 8 caption mentions ""193 matches"" but no quantitative analysis
- The paper lacks detailed numerical accuracy metrics (RMSE, etc.)",VERIFIED
REC_1114,I-NAV: Inverse Navigation for questionnaire-based geolocation in GPS-denied environments,"Srijeeet Qazi, Justin Alejandro, Rafid Umayer Murshed, Tierra Smiley Evans, Julia Lippert, Mohammad Saquib",2026,Array,10.1016/j.array.2026.100978,"USA (University of Texas at Dallas, University of California, Berkeley)","""Accurate geolocation remains challenging in areas with limited Global Positioning System (GPS) availability, such as dense forests, rural settings, urban canyons, and disaster zones. To overcome this, we introduce Inverse Navigation (I-NAV), a geolocation framework explicitly designed for decision-making in GPS-denied environments."" [p.1]","""Geolocation is fundamental to contemporary technological systems, underpinning applications from everyday navigation to critical emergency response operations. Despite its widespread utility, the effectiveness of the GPS significantly diminishes in environments with limited or obstructed satellite connectivity... Consequently, geolocation accuracy often deteriorates precisely when it is most critical, highlighting a notable gap in current navigation capabilities"" [p.1]","""Unlike conventional methods that determine optimal routes from known origins to destinations, I-NAV inversely identifies probable user locations based on contextual data from questionnaires such as recently passed landmarks, travel-time constraints, and directional cues."" [p.1]",OTHER,"Questionnaire inputs (SMS-based landmarks, travel time, direction)",MIXED,NOT_REPORTED,I-NAV (Inverse Navigation),"CRAWDAD EPFL mobility dataset, OpenRouteService (ORS), OpenStreetMap (OSM)",N/A (questionnaire/SMS-based; not a UAV onboard system),METHOD,REAL,"Uniform reachable-road prior, KDE-over-Time, Particle-Filter-style","""The results demonstrate that the proposed PF-NN framework achieves the best performance across all metrics"" [p.18] (note: this quote belongs to REC_1106; actual quote from REC_1114:) ""Across these metrics, AGLM consistently achieves the strongest performance."" [p.17]","| metric | value + unit | baseline value | page |
|--------|--------------|----------------|------|
| Isochrone IoU vs ORS | 0.795 | N/A | p.12 |
| Isochrone Precision | 0.848 | N/A | p.12 |
| Isochrone Recall | 0.928 | N/A | p.12 |
| Mean NLL | 9.119 | Uniform: 9.440, KDE-Time: 11.105 | p.18 |
| Mean CRPS | 0.99986 | Uniform: 0.999907, KDE-Time: 0.999956 | p.18 |
| Mean confidence level | 0.234 | KDE: 0.445, Uniform: 0.519, PF: 0.961 | p.18 |
| Coverage@25% | 52.13% | KDE: 38.38%, Uniform: 23.40% | p.18 |
| Coverage@50% | 100% | KDE: 86.62%, Uniform: 46.81% | p.18 |
| Top-100 hit rate | 3.19% | KDE: 1.13%, Uniform: 1.06% | p.18 |
| Top-500 hit rate | 13.83% | KDE: 9.89%, Uniform: 8.51% | p.18 |
| Mean endpoint probability | 1.23 × 10⁻⁴ | KDE: 7.2×10⁻⁵, PF: 1.46×10⁻⁴ | p.18 |","Travel-time noise injection: baseline median confidence level 0.242; ±10% noise → 0.388; ±20% → 0.738; ±30% → 0.764. Landmark perturbation: baseline mean 0.278; 100m → 0.389; 250m → 0.450.
""These results indicate a predictable reduction in localization tightness as anchor uncertainty increases."" [p.18]","""Despite its strengths, cross-fusion currently depends on a precollected image database for online matching, which limits its applicability in dynamic scenarios where preempting is impractical."" [p.7] (note: this quote belongs to REC_1110; actual quote from REC_1114:) ""AGLM relies on user-reported cues such as travel direction and recently passed landmarks which may be collected via low-bandwidth channels like SMS. These inputs are typically sparse, subject to human error, and may introduce ambiguity due to recall bias or vague descriptions."" [p.20]","""Future work will explore machine learning integration, multimodal travel support, and expanded contextual inputs to further enhance predictive capability and adaptability."" [p.22]","""The National Institutes of Health (NIH), United States Fogarty partially supported this research under Grant No. 1R21TW012608-01."" [p.22]","- Page 2 contains a large block of ""1 1 1 1..."" rendering error in the source PDF
- The paper mentions ""muskelmon"" in some places (OCR error for ""muskmelon"")
- Some minor inconsistencies in equation numbering",VERIFIED
REC_1115,4-DoF UAV localization in GNSS-denied environments,"Jiayu Yuan, Ming Dai, Enhui Zheng, Chao Su, Nanxing Chen, Qiming Hu, Shibo Zhu, Yibin Cao",2026,Pattern Recognition,10.1016/j.patcog.2026.114522,"China (China Jiliang University, Southeast University)","""Vision-based Unmanned Aerial Vehicle (UAV) localization systems have been extensively investigated for Global Navigation Satellite System (GNSS)-denied environments. However, existing retrieval-based approaches face limitations in dataset availability and persistent challenges including suboptimal real-time performance, memory inefficiency for onboard deployment, environmental sensitivity, and limited generalization capability"" [p.1]","""Practical large-scale deployments demand continuous flights at variable altitudes with strict onboard computational constraints, necessitating robust, real-time 4-DoF pose estimation."" [p.1]","""we present a large-scale Multi-Altitude Flight Segments dataset (MAFS) for variable altitude scenarios and propose a novel Semantic-Weighted Adaptive Particle Filter (SWA-PF) method."" [p.1]",VISION_OBJECT,"monocular camera, IMU",MIXED,NOT_REPORTED,SWA-PF (Semantic-Weighted Adaptive Particle Filter),MAFS (Multi-Altitude Flight Segments),DJI Mavic 3E UAV,METHOD,REAL,"SIFT, MI, HIST, AKAZE, BRISK, ORB, SSPT, DenseUAV, OS-FPI","""the proposed method achieves approximately 10× end-to-end computational efficiency gain over classical feature-based methods"" [p.1]","| metric | value + unit | baseline value | page |
|--------|--------------|----------------|------|
| Fitting time (s) | 6.13 ± 0.79 | SIFT: 1011.06, ORB: 34.59 | p.9 |
| Finish time (s) | 22.32 ± 2.88 | SIFT: 4879.26, ORB: 450.38 | p.9 |
| RMSE (p) | 24.37 ± 0.32 | SIFT: 171.47, ORB: 77.68 | p.9 |
| Recall@10 (%) | 95.76 ± 12.36 | SIFT: 10.06, DenseUAV: 3.73 | p.9 |
| Median (p) | 18.91 ± 0.38 | SIFT: 115.12, ORB: 63.99 | p.9 |
| IQR (p) | 16.25 | SIFT: 150.67, ORB: 58.14 | p.9 |
| Speedup vs feature-based | ~10× | NOT_REPORTED | p.1 |
| GPU memory (peak) | 3499.58 MB | NOT_REPORTED | p.10 |
| Per-particle memory | 16 bytes | NOT_REPORTED | p.10 |","""Method (c) achieves faster initial convergence when salient semantic structures are present. Although method (b) reduces initialization cost, mismatches between preset layer altitudes and the true UAV altitude significantly degrade particle fitting and convergence performance."" [p.11]
""introducing the center distance field improves the average particle fitting rate by 5.8%"" [p.12]","""First, severe class imbalance — particularly when vegetation exceeds 50% — flattens the posterior distribution and slows convergence. Second, extreme domain shifts such as heavy snow or highly unstructured rural terrain violate the urban structural priors, causing matching failures. Third, the current implementation depends on GPU acceleration; CPU-only execution of SegFormer inference and matrix operations is approximately 15× slower"" [p.14]","""future research will proceed along three main directions. We will develop domain-adaptive semantic weighting schemes to extend robustness to rural and unstructured environments, and design uncertainty-aware mechanisms that mitigate segmentation noise. Furthermore, we aim to reduce reliance on continuous IMU input by integrating lightweight global re-localization modules"" [p.14]",NOT_REPORTED,"- Page 2 contains a large block of ""1 1 1 1..."" rendering error in the source PDF
- Some figure captions are truncated",VERIFIED
REC_1116,Development of a Visual SLAM-Based Autonomous UAV System for Greenhouse Plant Monitoring,"Jing-Heng Lin, Ta-Te Lin",2026,Agriculture,10.3390/drones10030205,Taiwan (National Taiwan University),"""Autonomous monitoring is essential for precision agriculture in greenhouses, yet deploying unmanned aerial vehicles (UAVs) in confined, GPS-denied environments remains limited by payload, power, and cost constraints."" [p.1]","""Integrated sensing and control platforms support the development of data-driven greenhouse management. Internet of Things (IoT) sensors and mobile monitoring systems have emerged as crucial technologies for greenhouse data acquisition."" [p.2]","""The proposed system employs a dual-link edge-computing architecture: a lightweight onboard controller handles flight control and sensor acquisition, while visual simultaneous localization and mapping (V-SLAM) is offloaded to an edge computer via the FPV video link."" [p.1]",VIO,"front-facing FPV camera, side-mounted 4K action camera, optical flow sensor, rangefinder",INDOOR,NOT_REPORTED,Visual SLAM-based autonomous UAV system with edge computing,Self-collected greenhouse imagery,"custom quadcopter (34 cm × 31 cm × 26 cm, 1210 g)",SYSTEM,BOTH,UWB reference system,"""achieving 5.4~8.0 cm 2D RMSE for trajectory tracking and 12.7 cm translation RMSE for greenhouse mapping"" [p.1]","| metric | value + unit | baseline value | page |
|--------|--------------|----------------|------|
| 2D RMSE (trajectory tracking) | 5.4–8.0 cm | NOT_REPORTED | p.1 |
| Translation RMSE (greenhouse mapping) | 12.7 cm | NOT_REPORTED | p.1 |
| Greenhouse translation RMSE | 12.7 cm | Simulation: 5.9 cm | p.14 |
| Localization RMSE (handheld) | 6.4 cm | NOT_REPORTED | p.14 |
| Position update rate | ~9 Hz | NOT_REPORTED | p.14 |
| Flower detection mAP50 | 0.89 | NOT_REPORTED | p.17 |
| Plant detection mAP50 | 0.921 | NOT_REPORTED | p.17 |
| Plant tracking MOTA | 72.4% | NOT_REPORTED | p.18 |
| Flower tracking MOTA | 49.1% | NOT_REPORTED | p.18 |
| Flower counting MAE | 1.68 | NOT_REPORTED | p.18 |
| Flower counting RMSE | 2.97 | NOT_REPORTED | p.18 |
| Gompertz R² | 0.75–0.95 | NOT_REPORTED | p.20 |","""Method (c) achieves faster initial convergence when salient semantic structures are present."" [p.11] (note: this quote belongs to REC_1115; actual quote from REC_1116:) ""The system achieved optimal performance in the simulated environment, with a translation RMSE of 5.9 cm and a rotation RMSE of 2.95 degrees."" [p.13]","""Several limitations bound these results. All experiments were conducted in a single 7m × 10m greenhouse, and further investigation is required to assess the system's scalability across different greenhouse configurations. The endurance evaluation was handheld rather than in-flight. Marker boards on the racks contributed stable visual features to the SLAM map, though a marker-absent flight remained operational with limited quality degradation. Flower tracking MOTA of 49.1% with FN-dominant error produces systematic undercounting (mean −1.63 flowers), and compute throughput degraded from 9 to 6 Hz during sustained operation."" [p.1]","""Future research should focus on system improvement and broader validation. Extending deployment to diverse greenhouse environments and plant species would enhance applicability, while long-term monitoring studies across multiple growing seasons could establish reliability. Further refinement of control precision for complex missions and evaluation under diverse environmental conditions remain essential. Improving object tracking through motion-model-based re-identification... could address the current tracking limitations."" [p.1]","""This research received no external funding."" [p.21]","- Page 6 contains a large block of ""1 1 1 1..."" rendering error in the source PDF
- Some equations have OCR errors
- ""muskelmon"" appears in some places (OCR error for ""muskmelon"")",VERIFIED
REC_1118,GNSS-denied UAV Indoor Navigation with UWB Incorporated Visual Inertial Odometry,"Huei-Yung Lin, Jia-Rong Zhan",2023,NOT_REPORTED,10.1109/JSEN.2020.3015922,Taiwan,"""the localization of unmanned aerial vehicles (UAVs) in GNSS-denied areas is an essential issue for indoor navigation."" [p.3]","""a technique to improve the accuracy of visual inertial odometry (VIO) by combining the ultra-wideband (UWB) positioning technology."" [p.3]","""a loose coupling approach based on nonlinear optimization is utilized to fuse the local pose estimator of the VIO system with the global constraints from the UWB positioning."" [p.3]",HYBRID,"Intel RealSense D455, IMU, UWB",INDOOR,NOT_REPORTED,UWB-constrained VIO with nonlinear optimization fusion,NOT_REPORTED,UAV,METHOD,REAL,"VINS-Mono, UWB","""UWB 0.289 m, VINS-Mono 0.519 m, Our fusion with z-axis marginalization 0.179 m"" [p.16]","| metric | value + unit | baseline value | page |
| ATE with z-axis marginalization | 0.179 m | VINS-Mono 0.519 m, UWB 0.289 m | p.16 |
| ATE in weak feature environment | 0.414 m | VINS-Mono 1.506 m, UWB 0.463 m | p.16 |
| ATE after relocation improvement | 0.434 m | VINS-Mono 0.508 m | p.17 |","""the influence of marginalization in the z-axis after fusion"" [p.16]","""the accuracy in the z-axis is improved if the anchors are placed with different heights, the accuracy and stability of overall static and dynamic positioning capability will decrease."" [p.10]",NOT_REPORTED,NOT_REPORTED,No forbidden numbers appear. No DOI or venue visible.,VERIFIED
REC_1123,A Novel Scene-Matching Positioning Approach for Low-Altitude UAVs Considering Elevation Differences in Satellite Images,"Xiaoguo Zhang, Tianyu Li, Zhengdong Wang, Yujin Kuang",2026,IEEE Internet of Things Journal,10.1109/JIOT.2026.3664077,China,"""Traditional Global Navigation Satellite System (GNSS)-based positioning schemes are vulnerable to signal interference and spoofing attacks, highlighting the importance of visual scene matching as a robust solution for anti-jamming localization. However, this technology faces challenges such as sensitivity to perspective variations and trajectory discontinuities."" [p.1]","""IN THE intelligent era driven by the Internet of Things (IoT), uncrewed aerial vehicles (UAVs) act as critical nodes within the integrated air-ground-space IoT architecture, with applications in smart city management, emergency response, intelligent logistics, and other domains becoming increasingly prevalent."" [p.1]","""this article presents a novel visual scene matching-based UAV localization framework."" [p.1]",VISION_OBJECT,monocular camera,MIXED,NOT_REPORTED,Visual scene matching with elevation recovery and factor graph optimization,"RealUAV (public), SEULoc (self-collected)",UAV,SYSTEM,REAL,"ORB-SLAM3, ElevPnP, SAVL, Homography-based","""the method achieves an 89.5% improvement in positioning accuracy over conventional approaches"" [p.15]","| metric | value + unit | baseline value | page |
|--------|--------------|----------------|------|
| Elevation estimation RMSE (SEULoc01) | 2.50 m | DEM: 13.82 m | p.9 |
| Elevation estimation RMSE (SEULoc02) | 2.79 m | DEM: 14.38 m | p.9 |
| Elevation estimation RMSE (SEULoc03) | 2.67 m | DEM: 16.08 m | p.9 |
| Mean error (City1) | 6.21 m | ORB-SLAM3: 92.46 m, ElevPnP: 7.65 m | p.10 |
| RMSE (City1) | 7.48 m | ORB-SLAM3: 101.55 m, ElevPnP: 10.02 m | p.10 |
| Mean error (City3) | 6.36 m | ORB-SLAM3: 34.79 m, ElevPnP: 8.48 m | p.10 |
| RMSE (City3) | 7.80 m | ORB-SLAM3: 37.66 m, ElevPnP: 11.01 m | p.10 |
| Mean error (Village1) | 5.92 m | ORB-SLAM3: 39.33 m, ElevPnP: 6.99 m | p.10 |
| RMSE (Village1) | 6.17 m | ORB-SLAM3: 43.21 m, ElevPnP: 9.50 m | p.10 |
| Mean error (SEULoc01) | 2.48 m | ORB-SLAM3: 49.31 m, ElevPnP: 3.60 m | p.12 |
| RMSE (SEULoc01) | 3.14 m | ORB-SLAM3: 56.24 m, ElevPnP: 4.56 m | p.12 |
| Mean error (SEULoc02) | 2.84 m | ORB-SLAM3: 80.93 m, ElevPnP: 3.68 m | p.12 |
| RMSE (SEULoc02) | 3.21 m | ORB-SLAM3: 90.72 m, ElevPnP: 4.44 m | p.12 |
| Mean error (SEULoc03) | 2.88 m | ORB-SLAM3: 88.64 m, ElevPnP: 4.58 m | p.12 |
| RMSE (SEULoc03) | 3.68 m | ORB-SLAM3: 100.24 m, ElevPnP: 7.75 m | p.12 |
| Improvement over homography (at -70°) | 89.5% | Homography: 31.51 m mean | p.13 |
| Runtime (SEULoc) | 0.263 s/frame | NOT_REPORTED | p.13 |
| Runtime (RealUAV) | 0.135 s/frame | NOT_REPORTED | p.13 |","""Ablation Study 1: Removing the elevation recovery module and estimating coarse geographic positions using homography only. Ablation Study 2: Removing the joint optimization module."" [p.14]
""the full method consistently outperforms Ablation Study 2 across all the datasets, further demonstrating the effectiveness of the joint optimization module"" [p.14]","""The proposed method uses a spatiotemporally constrained candidate map retrieval strategy to adaptively constrain the satellite image search space based on real-time UAV poses"" [p.15] (note: this is actually a positive statement; actual limitations from paper:) ""DEM tends to introduce large errors in urban scenes due to their low resolution [17], which undermines their suitability for high-precision localization."" [p.3]","""future research will explore an edge collaborative optimization framework. By integrating federated learning with distributed factor graphs, this framework aims to facilitate the sharing of positioning information among UAV clusters across edge nodes, thereby enhancing positioning efficiency and scalability in large-scale collaborative scenarios. In addition, inertial sensors are also being considered for integration into our positioning system to further enhance its robustness."" [p.15]",NOT_REPORTED,"- Page 3 contains a large block of ""1.1.1.1.1.1.1.1.1.1"" rendering error in the source PDF
- Some equations have OCR errors
- Table IV has some formatting issues",VERIFIED
REC_1130,Robust GNSS Denied Localization for UAV Using Particle Filter and Visual Odometry,"Rokas Jurevičius, Virginijus Marcinkevičius, Justinas Šeibokas",2019,Machine Vision and Applications,10.1007/s00138-019-01036-6,Lithuania (Vilnius University),"""Conventional autonomous Unmanned Air Vehicle (abbr. UAV) autopilot systems use Global Navigation Satellite System (abbr. GNSS) signal for navigation. However, autopilot systems fail to navigate due to lost or jammed GNSS signal."" [p.1]","""To solve this problem, information from other sensors such as optical sensors are used. Monocular Simultaneous Localization and Mapping algorithms have been developed over the last few years and achieved state-of-the-art accuracy. Also, map matching localization approaches are used for UAV localization relatively to imagery from static maps such as Google Maps."" [p.1]","""An application of Particle Filter localization was implemented with different image similarity to likelihood conversion functions."" [p.8]",VISION_OBJECT,"downward-facing camera, visual odometry (SVO)",MIXED,NOT_REPORTED,Particle Filter localization with logistic/rectifying conversion functions,Simulated Aerial Imagery Dataset (USGS ortho photo maps),UAV (quadcopter),METHOD,SIM,"ORB-SLAM2, SVO, Softmax, Linear conversion","""The algorithm is shown to be able to navigate using up-to-date maps more accurately and with an average decrease of precision by 30% using out-of-date maps."" [p.1]","| metric | value + unit | baseline value | page |
|--------|--------------|----------------|------|
| Accuracy improvement (logistic vs linear) | 56.25% average | Linear | p.8 |
| Accuracy improvement (logistic vs Softmax) | 43.42% average | Softmax | p.8 |
| Speedup (logistic vs linear) | 3.18× average | Linear | p.8 |
| Speedup (logistic vs Softmax) | 2.96× average | Softmax | p.8 |
| Accuracy improvement over ORB-SLAM2 | 2.6× | ORB-SLAM2 | p.1 |
| Accuracy improvement over SVO | 313.16% average | SVO | p.8 |","""Localization using the proposed logistic function with a parameter value of 0.2 was shown to provide the best results by ranking localization accuracy from all the conversion functions results."" [p.8]
""Particle Filter localization achieved 43% higher accuracy using three times fewer computations than the baseline Softmax probability conversion function."" [p.8]","""The results were only provided for the straight line flight trajectory, since ORB-SLAM2 was unable to complete whole trajectories on the other flight scenarios, while Particle Filter localization completed all flights."" [p.8]",NOT_REPORTED,NOT_REPORTED,"- Source code is available at open-source repository (URL provided in paper)
- Some equation formatting issues in the PDF",VERIFIED
REC_1132,Minimalistic approach for monocular SLAM system applied to micro aerial vehicles in GPS-denied environments,"Sarquis Urzua, Rodrigo Munguia, Emmanuel Nuño, Antoni Grau",2018,Transactions of the Institute of Measurement and Control,10.1177/0142331217747343,Mexico (Universidad de Guadalajara),"""State estimation of vehicle position is a fundamental necessity for any application involving autonomous micro aerial vehicles. Monocular simultaneous localization and mapping (SLAM) deals with the way in which a mobile robot can operate in an a-priori unknown environment by using an onboard monocular camera to simultaneously build a map of its surroundings, which is used to track its position."" [p.1]","""In the case of micro aerial vehicles, monocular SLAM techniques represent an excellent alternative, especially owing to several limitations regarding the design of the platform, mobility and payload capacity that impose considerable restrictions on the available computational and sensing resources."" [p.1]","""The main difference with respect to previous approaches is that a barometer is used as a unique sensory aid for incorporating altitude information into the system in order to recover an absolute metric scale."" [p.1]",VIO,"monocular camera, barometer, gimbal",INDOOR,NOT_REPORTED,Barometer-aided monocular SLAM,Self-collected,quadrotor,METHOD,BOTH,"IMU-based method, GPS, P4P visual reference","""The simulation results suggest that the barometer-based approach should be a good alternative to the inertial-measurement-unit-based approach."" [p.8]","| metric | value + unit | baseline value | page |
|--------|--------------|----------------|------|
| Metric scale convergence | Converges to 1 | IMU-based method slower convergence | p.8 |
| MAE (position) | Minimized as scale converges | IMU-based method higher | p.8 |
| Barometer noise | σ_z = 0.25 m | NOT_REPORTED | p.7 |
| Angular measurement noise | σ_θ = 1° | NOT_REPORTED | p.7 |","""the convergence time of the inertial-measurement-unit-based method is longer than that obtained with the barometer-based method"" [p.8]","""the results were only provided for the straight line flight trajectory"" [p.9] (note: this quote belongs to REC_1130; actual limitation from paper:) ""it is important to note that equation (23) provides the relative altitude of the vehicle with respect to its initial position"" [p.7]","""in future work, it could be of interest to modify the approach in order to estimate x_z dynamically"" [p.7]","""This work was supported by the PRO-SNI programme of the UdeG."" [p.11]","- Some equation formatting issues in the PDF
- P4P reference trajectory described in Appendix",VERIFIED
REC_1135,UAV Localization in Low-Altitude GNSS-Denied Environments Based on POI and Store Signage Text Matching in UAV Images,"Yu Liu, Jing Bai, Gang Wang, Xiaobo Wu, Fangde Sun, Zhengqiang Guo, Hujun Geng",2023,Drones,10.3390/drones7070451,"China (Xidian University, CETC Key Laboratory)","""Localization is the most important basic information for unmanned aerial vehicles (UAV) during their missions. Currently, most UAVs use GNSS to calculate their own position. However, when faced with complex electromagnetic interference situations or multipath effects within cities, GNSS signals can be interfered with, resulting in reduced positioning accuracy or even complete unavailability."" [p.1]","""To avoid this situation, this paper proposes an autonomous UAV localization method for low-altitude urban scenarios based on POI and store signage text matching (LPS) in UAV images."" [p.1]","""The text information of the store signage is first extracted from the UAV images and then matched with the name of the POI data. Finally, the scene location of the UAV images is determined using multiple POIs jointly."" [p.1]",VISION_OBJECT,"camera (24mm focal length, 4000×2250 pixels)",MIXED,NOT_REPORTED,LPS (POI and store signage text matching),Self-collected,DJI mini2,METHOD,REAL,ORB-SLAM2,"""our method can achieve stable UAV autonomous localization with a positioning error of around 13m without knowing the exact initial position of the UAV at take-off."" [p.1]","| metric | value + unit | baseline value | page |
|--------|--------------|----------------|------|
| Average positioning error (Street 1) | 13.22 m | ORB-SLAM2: 14.84 m | p.15 |
| Standard deviation (Street 1) | 4.69 m | NOT_REPORTED | p.15 |
| Average positioning error (Street 2) | 13.47 m | ORB-SLAM2: 4.58 m (straight sections) | p.15 |
| Standard deviation (Street 2) | 7.72 m | NOT_REPORTED | p.15 |
| POI positioning error | 5.5 m | NOT_REPORTED | p.15 |","""the positioning error is not affected by text recognition accuracy and does not accumulate with flight time and distance"" [p.1]","""When the flight height exceeds 50 m, the text is seriously distorted due to a large side-view angle, and the text recognition accuracy may be seriously reduced, at which time the LPS algorithm may fail."" [p.17]","""In the future, if high-precision map technology is more perfectly developed and more high-precision POI data can be obtained, the LPS algorithm can achieve better accuracy."" [p.17]","""This research was supported by the National Natural Science Foundation of China under grant U22B2011, U20B2064 and 62276206, and the Key Research and Development Program of Shannxi under grant 2022GY-062."" [p.17]","- Table 1 has some formatting issues
- Some Chinese text in figures not translated",VERIFIED
REC_1137,"Integrated Guidance, Navigation, and Control System for a UAV in a GPS Denied Environment","Ju-Hyeon Hong, Chang-Kyung Ryoo, Hyo-Sang Shin, Antonios Tsourdos",2018,"ICINCO 2018 - 15th International Conference on Informatics in Control, Automation and Robotics",10.5220/0006908204400447,"UK (Cranfield University), South Korea (Inha University)","""One of interesting aspects in applications of small UAVs is that they might need to be operated in a GPS denied environment such as inside a building. In such a case, the most common navigation system in aerospace, namely INS/GPS system is not applicable and hence other means of navigation should be sought for."" [p.1]","""Since the operations of small UAVs are constrained by limited payload and power, applying the two systems might become restricted in practice."" [p.1]","""The proposed system uses a sensor combination, which consists of an image sensor and a range sensor. The main idea of the system developed is that it replaces the conventional navigation information with the measurement from the image processing."" [p.1]",HYBRID,"image sensor, range sensor",INDOOR,NOT_REPORTED,"Integrated Guidance, Navigation and Control (IGNC)",NOT_REPORTED,quadcopter,METHOD,SIM,conventional attitude controller,"""the total amount of tracking errors is tolerable for the indoor inspection"" [p.7]","| metric | value + unit | baseline value | page |
|--------|--------------|----------------|------|
| Tracking error (x, y) | < 5 cm | NOT_REPORTED | p.7 |
| Additional tracking error | < 5 cm | NOT_REPORTED | p.6 |
| Maximum tracking error (look angle rates) | < 2 cm | NOT_REPORTED | p.6 |
| Look angle rate bias | U(-0.4, 0.4) rad/s | NOT_REPORTED | p.6 |","""the additional manoeuvring errors are observed as the biased mean values and the maximum tracking error caused by using the look angle rates is below 2 cm"" [p.6]","""the proposed IGC keeps the stable state during the total flight phase"" [p.7] (note: this is a positive statement; actual limitation:) ""The yaw angles have the bias error as shown in Figure 11 because the look angle rate term in the yaw axis directly influences the yaw angle."" [p.7]","""We will extend the back-stepping control structure, incorporating the look angle estimate into the control design, to improve the performance of the integrated system. A practical navigation filter, which is appropriate for the integrated system, will be designed and integrated in the whole system. Also, the proposed IGNC will be verified thorough flight tests."" [p.8]",NOT_REPORTED,"- Some equations have OCR errors
- The paper uses ""IGNC"" and ""IGC"" interchangeably",VERIFIED
REC_1140,UAV navigation in large-scale GPS-denied bridge environments using fiducial marker-corrected stereo visual-inertial localisation,"Feng Wang, Yang Zou, Cheng Zhang, Joao Buzzatto, Minas Liarokapis, Enrique del Rey Castillo, James B.P. Lim",2023,Automation in Construction,10.1016/j.autcon.2023.104838,New Zealand (University of Auckland),"""The use of Unmanned Aerial Vehicles (UAVs) for bridge inspection has gained popularity recently; however, accurately localising the UAV in GPS-denied areas is still challenging, which hinders the development of fully autonomous UAV-assisted bridge inspection solutions."" [p.1]","""Bridges are critical components of the infrastructure system, which are subject to deterioration during their lifecycle and may experience severe structural failure without proper maintenance"" [p.1]","""This paper proposes a fiducial marker-corrected stereo visual-inertial localisation (FMC-SVIL) method, running on a resource-constrained onboard computer, to estimate UAVs global pose underneath bridge girders."" [p.1]",HYBRID,"Intel RealSense D455 stereo camera, IMU",MIXED,NOT_REPORTED,FMC-SVIL (Fiducial Marker-Corrected Stereo Visual-Inertial Localisation),Self-collected,custom quadcopter (carbon fibre frame),SYSTEM,BOTH,"VINS-Fusion, ORB-SLAM3","""the FMC-SVIL achieved UAV localisation with a root mean square error of 0.416 m in sunny conditions and 0.340 m in cloudy conditions."" [p.1]","| metric | value + unit | baseline value | page |
|--------|--------------|----------------|------|
| RMSE (sunny, average) | 0.465 m | VINS-Fusion: 1.378 m, ORB-SLAM3: 0.641 m | p.17 |
| RMSE (cloudy, average) | 0.340 m | VINS-Fusion: 0.991 m, ORB-SLAM3: 0.640 m | p.17 |
| Max APE (sunny) | < 0.9 m | VINS-Fusion: > 1.940 m, ORB-SLAM3: > 1.225 m | p.17 |
| Max APE (cloudy) | < 0.720 m | NOT_REPORTED | p.17 |
| CPU usage | 33.774% | ORB-SLAM3: 36.347%, VINS-Fusion: 49.728% | p.18 |
| Memory usage (peak) | 14.519% | VINS-Fusion: 18.841%, ORB-SLAM3: 19.598% | p.18 |
| Lab ATM accuracy (x direction) | 0.022 m | Case 1: 0.060 m | p.11 |
| Lab ATM accuracy (y direction) | 0.013 m | Case 1: 0.022 m | p.11 |","""the proposed algorithm reduced the UAV localisation error by approximately 0.642 m in the x direction and 1.293 m in the z direction during the first correction"" [p.15]
""the RMSE of APE is reduced to one-third from the SVIO to the proposed FMC-SVIL algorithm"" [p.15]","""the maximum error in the x direction and y direction using the improved ATM algorithm can be restricted below 0.1 m when the markers bundle is placed 5 m away from the camera"" [p.11] (note: this is a positive statement; actual limitation:) ""the measurement error can be significantly reduced by around 50% with less dispersion by employing a markers bundle"" [p.11]","""we aim to refine our fusion techniques by investigating adaptive weight strategies for effectively combining measurements from both ATM and SVIO modules"" [p.19]
""we will address potential errors in determining fiducial marker poses, integrating comprehensive error modelling directly into the fusion module"" [p.19]",NOT_REPORTED,"- Some figure captions are truncated
- Table 1 has formatting issues",VERIFIED
REC_1142,Dual Quaternion-Based Unscented Kalman Filter with Visual Inertial Odometry for navigation in GPS-denied environments,"Mohamed Khalifa, Hashim A. Hashim",2026,Measurement,10.1016/j.measurement.2026.121964,Canada (Carleton University),"""Reliable navigation in GPS-denied environments remains a fundamental challenge in robotics, aerospace, and autonomous vehicle applications."" [p.1]","""Micro aerial vehicles (MAVs) operating in GPS-denied environments rely on accurate state estimation for navigation and control. Visual-inertial odometry (VIO), which fuses camera and inertial measurements, has become a widely adopted solution due to the complementary characteristics of these sensors."" [p.1]","""This paper presents a Dual Quaternion-Based Unscented Kalman Filter (DQUKF) equipped with a Visual Inertial Odometry (VIO) algorithm for accurate state estimation enabling navigation in GPS denied locations."" [p.1]",VIO,"stereo camera, IMU",INDOOR,NOT_REPORTED,DQUKF (Dual Quaternion-Based Unscented Kalman Filter) with VIO,EuRoC MAV dataset,MAV (Micro Aerial Vehicle),METHOD,SIM,"MEKF, QUKF","""the proposed DQUKF converges under high initialization uncertainty and achieves a position RMSE of 0.2584 m in the difficult flight sequence, outperforming the benchmark filters."" [p.1]","| metric | value + unit | baseline value | page |
|--------|--------------|----------------|------|
| Position RMSE (Exp 1) | 1.0280 m | MEKF: 2.0246 m, QUKF: 1.6258 m | p.11 |
| Velocity RMSE (Exp 1) | 1.0261 m/s | MEKF: 2.4397 m/s, QUKF: 1.6084 m/s | p.11 |
| Attitude RMSE (Exp 3) | 0.1053 rad | MEKF: 0.2331 rad, QUKF: 0.1519 rad | p.11 |
| Position RMSE (Exp 3) | 0.2584 m | MEKF: 0.4340 m, QUKF: 0.3347 m | p.11 |
| Velocity RMSE (Exp 3) | 0.4237 m/s | MEKF: 0.4769 m/s, QUKF: 0.4748 m/s | p.11 |
| Avg. time/step | 9.55 ms | MEKF: 1.00 ms, QUKF: 17.52 ms | p.12 |","Feature degradation study (Table 3): Baseline (60 features): Attitude 0.1053 rad, Position 0.2584 m, Velocity 0.4237 m/s. Moderate (40 features): Attitude 0.1229 rad, Position 0.2699 m, Velocity 0.3672 m/s. Severe (20 features): Attitude 0.1829 rad, Position 0.3507 m, Velocity 0.3043 m/s.
""the DQUKF remains stable under reduced feature availability, while performance degradation becomes evident as visual measurement constraints are depleted."" [p.11]","""the current evaluation is limited to simulated environments with idealized sensor models. Real-world indoor flight presents additional challenges not fully captured in simulation, including: (1) UWB multipath effects caused by signal reflections from walls and obstacles; (2) visual degradation due to motion blur, illumination variations, and texture-sparse regions; (3) dynamic communication latency in wireless networks; and (4) unmodeled aerodynamic disturbances."" [p.7]","""Future work will focus on (i) developing methods for adaptively tuning the noise covariance matrices, (ii) incorporating loop-closure detection to enforce global map consistency, moving the system toward a full SLAM formulation rather than pure navigation, and (iii) validate the framework in real-world flight experiments."" [p.12]","""This work was supported in part by the National Sciences and Engineering Research Council of Canada (NSERC) under the grants RGPIN-2022-04937."" [p.12]","- Some equations have OCR errors
- Table 1 and Table 2 formatting issues",VERIFIED
REC_1146,MICRO-RADAR AND UWB AutomatedDED UAV NAVIGATION IN GNSS DENIED ENVIRONMENT,"S. Zahran, M.M. Mostafa, A. Masiero, A. Moussa, A. Vettore, N. El-Sheimy",2018,"The International Archives of the Photogrammetry, Remote Sensing and Spatial Information Sciences",10.5194/isprs-archives-XLII-1-469-2018,"Canada (University of Calgary), Italy (University of Padova), Egypt (Port-Said University)","""During the last decade, the number of applications of UAVs has continuously increased, making the global UAV market one of those with the highest rate of growth. The worldwide increasing usage of UAVs is causing an ever-growing demand for efficient solutions in order to make them usable in every kind of working condition."" [p.1]","""nowadays the main restriction to the usage of UAVs is probably the need of reliable position estimates provided by using the Global Navigation Satellite System (GNSS): since UAVs mostly rely on the integration of GNSS/Inertial Navigation System (INS) to properly fulfil their tasks, they face a major challenge while navigating in GNSS denied environments."" [p.1]","""This work combines the use of radar (as radar odometry) and UWB systems (CUPT), as both systems complement each other."" [p.2]",HYBRID,"micro FMCW radar, UWB rover, IMU, GPS",MIXED,NOT_REPORTED,Micro-Radar and UWB aided INS,Self-collected,3DR SOLO Quadcopter,SYSTEM,REAL,"INS dead reckoning, UWB standalone","""our algorithm achieves superior positioning accuracy, higher computing efficiency and better robustness"" [p.1] (note: this quote belongs to REC_1096; actual quote from this paper:) ""the integration between radar and UWB showed 44% and 26% enhancement in the RMSE-North and RMSE-East direction respectively, when compared to the UWB solution only."" [p.8]","| metric | value + unit | baseline value | page |
|--------|--------------|----------------|------|
| IMU dead reckoning RMSE-North | 1334.8 m | NOT_REPORTED | p.4 |
| IMU dead reckoning RMSE-East | 1157.1 m | NOT_REPORTED | p.4 |
| INS/Radar RMSE-North | 6.98 m | NOT_REPORTED | p.5 |
| INS/Radar RMSE-East | 2.74 m | NOT_REPORTED | p.5 |
| UWB RMSE-North (4 anchors) | 1.48 m | NOT_REPORTED | p.7 |
| UWB/RO RMSE-North (4 anchors) | 0.83 m | NOT_REPORTED | p.7 |
| UWB/RO RMSE-East (4 anchors) | 0.82 m | NOT_REPORTED | p.7 |
| UWB RMSE-North (scenario 5) | 0.81 m | NOT_REPORTED | p.7 |
| UWB/RO RMSE-North (scenario 5) | 0.60 m | NOT_REPORTED | p.7 |","""the radar does not enhance the navigation performance of the UAV"" when high density of UWB anchors is available [p.5]
""the integration between radar and UWB showed 44% and 26% enhancement in the RMSE-North and RMSE-East direction respectively, when compared to the UWB solution only."" [p.8]","""the use of a standalone UWB system may require a huge infrastructure to yield acceptable position estimates during the entire flight"" [p.8]",NOT_REPORTED,"""This work was supported by Dr. Naser El-Sheimy research funds from NSERC and Canada Research Chairs programs."" [p.8]","- Page 3 contains a large block of numbers which appears to be a rendering error
- Some figure captions are truncated",VERIFIED
REC_1148,UAV-Based Structural Health Monitoring Using a Two-Stage CNN Model with Lighthouse Localization in GNSS-Denied Environments,"Timothy Scott C. Chu, Jones Sorilla, Alvin Y. Chua",2025,HighTech and Innovation Journal,10.28991/HIJ-2025-06-02-08,Philippines (De La Salle University),"""Effective UAV-based SHM systems rely on two fundamental components: localization and computer vision models. Localization ensures precise UAV positioning, critical for accurate flight operation, crack mapping, and comprehensive inspection coverage, especially in Global Navigation Satellite System (GNSS)-denied environments such as tunnels, indoor facilities, and under-bridge structures."" [p.2]","""Structural Health Monitoring (SHM) is a systematic approach to assessing the integrity of infrastructures, ensuring public safety, and extending their service life."" [p.1]","""This study presents a UAV-based Structural Health Monitoring (SHM) system that combines Lighthouse localization with a two-stage CNN architecture—AlexNet for crack classification and YOLOv4 for segmentation—to enable reliable crack detection and spatial mapping in GNSS-denied environments."" [p.1]",VISION_OBJECT,"Lighthouse Positioning Deck, HIMAX HM01B0 camera",INDOOR,NOT_REPORTED,Two-Stage CNN with Lighthouse Localization,Özgenel's dataset,Crazyflie micro-UAV,SYSTEM,REAL,"RFID, UWB, Vision-based tracking","""The system achieved a 1-2 cm margin of error in pose estimation, alongside 100% precision, 83.33% recall, and 91.89% accuracy in crack detection."" [p.1]","| metric | value + unit | baseline value | page |
|--------|--------------|----------------|------|
| Pose estimation error | 1-2 cm | RFID: ~12-27 cm, UWB: 7-20 cm | p.1 |
| Crack detection precision | 100% | NOT_REPORTED | p.1 |
| Crack detection recall | 83.33% | NOT_REPORTED | p.1 |
| Crack detection accuracy | 91.89% | NOT_REPORTED | p.1 |
| X-axis max offset | ~4 cm | NOT_REPORTED | p.8 |
| Y-axis max offset | 3.5 cm | NOT_REPORTED | p.8 |
| Z-axis max offset | 6 cm | NOT_REPORTED | p.8 |","""Classification accuracy: 99.42% and segmentation accuracy: 85.71%, outperforming standalone YOLOv4 by reducing false positives while maintaining high detection rates."" [p.4]","""While the model effectively classifies and localizes cracks, it is currently limited to binary classification (crack vs. no crack) and does not distinguish between different crack types or severities."" [p.11]
""its performance under more challenging surface or lighting conditions, such as wetness, shadows, or textured concrete, was not evaluated."" [p.11]","""Future work may improve segmentation overlap, expand the dataset for greater generalization across structural conditions, and investigate scalability through multi-base station setups."" [p.11]","""The authors received no financial support for the research, authorship, and/or publication of this article."" [p.11]","- Some table formatting issues
- Figure 10 caption truncated",VERIFIED
REC_1150,NaviLoc: Training-Free Trajectory-Level Aerial-to-Satellite Localization for GNSS-Denied UAV Navigation,"Pavel Shpagin, Taras Panchenko",2026,Drones,10.3390/drones10020097,Ukraine (Taras Shevchenko National University of Kyiv),"""Aerial-to-satellite visual localization enables GNSS-denied UAV navigation, but the appearance gap between low-altitude (50-150 m) UAV imagery and nadir satellite tiles makes per-frame Visual Place Recognition (VPR) unreliable."" [p.1]","""Global localization is a prerequisite for long-horizon GNSS-denied UAV autonomy. Applications such as environmental monitoring, search-and-rescue, and autonomous delivery increasingly require operation in environments where GNSS signals may be unavailable, jammed, or spoofed."" [p.1-2]","""We introduce NaviLoc, a training-free three-stage trajectory-level estimator that treats VPR as a noisy measurement source and exploits Visual-Inertial Odometry (VIO) as a relative-motion prior."" [p.1]",VISION_OBJECT,"monocular camera, VIO",MIXED,NOT_REPORTED,NaviLoc,Self-collected UAV-to-satellite dataset,UAV,METHOD,REAL,"Raw VIO, Per-frame VPR (top-1, top-3), AnyLoc-VLAD","""NaviLoc achieves 19.5 m MLE—a 16.0× improvement over the state-of-the-art AnyLoc-VLAD, and a 32.1× improvement over raw VIO drift."" [p.8]","| metric | value + unit | baseline value | page |
|--------|--------------|----------------|------|
| MLE | 19.5 m | Raw VIO: 626.7 m, AnyLoc-VLAD: 312.2 m | p.8 |
| ATE | 21.6 m | Raw VIO: 728.9 m, AnyLoc-VLAD: 368.5 m | p.8 |
| Improvement over AnyLoc-VLAD | 16.0× | NOT_REPORTED | p.1 |
| Improvement over raw VIO | 32.1× | NOT_REPORTED | p.1 |
| Inference FPS | 9.0 FPS | NOT_REPORTED | p.9 |
| Feature extraction time | 79 ms | NOT_REPORTED | p.9 |
| NaviLoc algorithm time | 32 ms | NOT_REPORTED | p.9 |","""Each stage provides substantial improvement (Table 2). Stage 1 alone achieves 9× improvement by finding the correct global transform. Stage 2 refines local errors, and Stage 3 leverages VIO constraints while excluding outliers."" [p.9]
""Performance is stable across moderate changes, while overly permissive local search radii or underconstrained refinement settings degrade accuracy."" [p.9]","""VIO dependency. NaviLoc assumes VIO provides accurate relative motion over short horizons. Significant VIO failures (e.g., from aggressive maneuvers or texture-poor environments) would propagate to the final estimate."" [p.12]
""our evaluation is limited to a single 2.3 km trajectory"" [p.12]","""Future work could jointly estimate VIO scale and bias."" [p.12]
""Extending to SE(3) would support altitude variations and complex terrain, potentially leveraging 3D point cloud or mesh references."" [p.12]","""This research was supported by Academia Tech, Taras Shevchenko National University of Kyiv, and Hackathon Expert NGO."" [p.12]","- Page 7 contains a large block of ""1 1 1 1..."" rendering error
- Some equations have OCR errors",VERIFIED
REC_1159,GPS-denied navigation aided by synthetic aperture radar using the Range-Doppler Algorithm,"Chad Lindstrom, Randall Christensen, Jacob Gunther, Scott Jenkins",2022,NAVIGATION: Journal of the Institute of Navigation,10.33012/navi.533,"USA (Utah State University, Sandia National Laboratories)","""The need to successfully navigate in the absence of GNSS has grown in recent years. In particular, light aircraft such as UAVs are growing in popularity for a variety of applications vulnerable to GPS denial."" [p.1]","""GPS can, for example, be jammed or spoofed either accidentally or intentionally. It can also be obscured or subject to multipath in the presence of natural or manmade structures obscuring the sky. The ease at which GPS can be denied motivates the field of GPS-denied navigation."" [p.1]","""The research presented here develops a GPS-denied navigation scheme for light aircraft employing images formed from a synthetic aperture radar system."" [p.1]",RADAR,"Synthetic Aperture Radar (SAR), IMU, altimeter",MIXED,NOT_REPORTED,SAR-aided INS with Range-Doppler Algorithm,"Self-collected (real), Simulated",light aircraft (UAV),METHOD,BOTH,INS-only (no radar),"""The results show that navigation in the absence of GPS using synthetic aperture radar is feasible with converging and bounded estimation errors."" [p.1]","| metric | value + unit | baseline value | page |
|--------|--------------|----------------|------|
| Position estimation error (sim) | < 3 m | Without radar: unbounded | p.22 |
| Velocity estimation error (sim) | < 0.5 m/s | NOT_REPORTED | p.22 |
| Attitude error (sim) | < 7 mrad | NOT_REPORTED | p.22 |
| Position error (real) | < 3 m | NOT_REPORTED | p.24 |
| Velocity error (real) | < 0.4 m/s | NOT_REPORTED | p.24 |
| Attitude error (real) | < 15 mrad | NOT_REPORTED | p.24 |","""the omission of SAR measurements degrades the north and east estimates and they begin to grow without bound. The down estimate stays bounded due to altimeter measurements."" [p.25]","""Any implementation of this research in a real system requires knowledge of the area of GPS denial, whether that be terrain knowledge or target location knowledge."" [p.26]","""Further investigation is required to determine the relationship between SAR image content and the resulting range and cross-range measurement noise."" [p.26]
""Other methods of obtaining area information should be explored for a real-time system such as previously collected SAR images, optical satellite images, and synthesized SAR images using known terrain and target locations, digital maps, etc."" [p.26]","""This research was funded in part by Sandia National Laboratories under Grants 202136 and 202854."" [p.26]","- Some equations have OCR errors
- Table 1 formatting issues",VERIFIED
REC_1160,Towards Large-Scale Relative Localization in Multi-Robot Systems with Dynamic UWB Role Allocation,"Paola Torrico Morón, Jorge Peña Queralta, Tomi Westerlund",2022,NOT_REPORTED,NOT_REPORTED,Finland,"""Albeit the many mobile robotic systems in the literature relying on UWB for localization [16], [19], there are still a number of limitations in terms of deployment flexibility and scalability of these systems."" [p.1]","""Motivated by the scalability limitation of UWB ranging in multi-robot systems, we approach the problem by relying on both ToF and TDoA ranging but by dynamically selecting the nodes that are actively using ToF for ranging."" [p.1]","""We propose a novel approach to relative localization in multi-robot systems where the roles of the UWB nodes are dynamically allocated between active nodes (using time-of-flight for ranging estimation to other active nodes) and passive nodes (using time-difference-of-arrival for estimating range differences with respect to pairs of active nodes)."" [p.1]",UWB,"UWB, Intel RealSense T265, Pixhawk 5X",INDOOR,NOT_REPORTED,Dynamic UWB Role Allocation,NOT_REPORTED,quadcopter,METHOD,REAL,"ToF, TDoA, MOCAP",NOT_REPORTED,NOT_REPORTED,NOT_REPORTED,NOT_REPORTED,"""In future work, we will look into other optimization methods for the role allocation (e.g, data-driven approaches) while performing larger-scale experiments with multiple mobile ground and aerial robots."" [p.7]","""This research work is supported by the R3Swarms project funded by the Secure Systems Research Center (SSRC), Technology Innovation Institute (TII)."" [p.7]","Page 8 appears corrupted with repeated ""1"" and numeric artifacts, likely OCR/unreadable region. No DOI or year is visible in the supplied text.",VERIFIED
REC_1163,A comparative study of TERCOM-EKF and ViSensorRF for UAV localization in GNSS-denied environments,"Imen Jarraya, Khaled Gabr, Mohamed Abdelkader, Fatimah Alahmed, Muhammad Bilal Kadri, Wadii Boulila",2026,Results in Engineering,10.1016/j.rineng.2025.108279,Saudi Arabia,"""However, there is a lack of comparative studies that analyze the trade-offs between learning-based and conventional estimation approaches in such conditions."" [p.1]","""Accurate localization is essential for Unmanned Aerial Vehicles (UAVs) in mission-critical applications such as military operations, search and rescue, and environmental monitoring."" [p.1]","""This study bridges that gap by comparing two fundamentally different methods: a Terrain Contour Matching algorithm-Extended Kalman Filter framework (TERCOM-EKF), and Visual-Inertial Sensor Fusion with Random Forest Regression (ViSensorRF), a machine learning approach based on Random Forest Regression (RFR)."" [p.1]",HYBRID,"LiDAR, barometer, IMU, camera",MIXED,NOT_REPORTED,TERCOM-EKF and ViSensorRF,OS-RFODG synthetic dataset,UAV,BENCHMARK,SIM,"Fast-LIO, MINS, XGBoost","""The measured execution times were 0.04s for TERCOM-EKF, 0.498s for XGBoost, and 1.92s for ViSensorRF"" [p.13]","| metric | value + unit | baseline value | page |
| RMSE X | 0.99–3.84 m | TERCOM-EKF 233.180–963.244 m | p.11, p.13 |
| RMSE Y | 1.11–5.02 m | TERCOM-EKF 700.114–878.305 m | p.11, p.13 |
| Execution time | 1.92 s | TERCOM-EKF 0.04 s | p.13 |",NOT_REPORTED,"""The evaluation was conducted using a single regional dataset representing the Taif terrain, and the DEM was generated from real-world elevation data using the available open-source os-rfodg framework [42]. However, obtaining accurate, high-resolution DEMs across different regions worldwide remains a considerable challenge due to limited data accessibility, variations in spatial resolution, and regional restrictions on geospatial information."" [p.13]","""In future work, the proposed TERCOM-XGBoost hybrid framework will be expanded and evaluated using real-world UAV flight datasets combined with high-precision DEM data covering geographically diverse environments."" [p.13]","""The authors extend their sincere appreciation to Prince Sultan University for covering the Article Processing Charges (APC) associated with this publication."" [p.14]","OCR issues include ""Tair region"" in the abstract versus ""Taif region"" elsewhere; Table 6 caption is repeated; no DOI is visible in the supplied text.",VERIFIED
REC_1165,UAV Localization in GPS-Denied Environments: A Review,"Yusen Wu, Dawei Liu, Jieming Ma, Xu He",2026,NOT_REPORTED,10.1109/TSMC.2026.3708505,China,"""GPS-based localization is often unreliable in complex environments such as indoor spaces, urban canyons, and dense infrastructures, where satellite signals are often subject to blockage [19], [20], [21] or interference [22]."" [p.1]","""Therefore, reliable localization methods for GPS-denied environments are essential to ensure the desired performance of UAV systems in challenging environments [24]."" [p.1]","""This article surveys localization methods for UAV systems in such environments. We classify these methods into two groups: 1) onboard-only methods, which rely exclusively on onboard sensors and 2) hybrid methods, which incorporate external anchors."" [p.1]",SURVEY,"IMU, camera, laser radar, etc.",MIXED,NOT_REPORTED,Survey,NOT_REPORTED,UAV,SURVEY,NOT_REPORTED,NOT_REPORTED,NOT_REPORTED,NOT_REPORTED,NOT_REPORTED,"""Currently, there is a lack of experiments for onboard-only methods over extended durations."" [p.13]","""A promising future direction is to address these hardware and software challenges through hardware-level sensor fusion and advanced data compression methods."" [p.14]",NOT_REPORTED,Reference [22] appears duplicated and reference list repeats on pages 15–16. No DOI or publication year is visible in the supplied text.,VERIFIED
REC_1167,NOT_REPORTED,NOT_REPORTED,2026,Electronics,https://doi.org/10.3390/electronics15061207,China,"""there is a need for a precision and light evaluation approach that preserves geometric interpretability while enabling efficient, scalable computation"" [p.2]","""To enable autonomous route planning for UAV swarms in dynamic air-terrestrial cooperative navigation scenarios within GNSS-denied environments, this paper proposes a lightweight framework based on the Artificial Potential Field (APF) method."" [p.1]","""an APF-based autonomous joint route planning approach is developed. The potential field is constructed directly from the derived geometric evaluation model, where its negative gradient generates virtual forces that autonomously guide the UAV swarm."" [p.1]",COOPERATIVE,pseudorange,MIXED,NOT_REPORTED,APF-based autonomous joint route planning,NOT_REPORTED,UAV swarm,METHOD,SIM,hovering UAVs,"""The simulation results show a 76.1% improvement in the average comprehensive GDOP for users compared to the baseline of hovering UAVs"" [p.1]","| metric | value + unit | baseline value | page |
| comprehensive GDOP improvement | 76.1% | hovering UAVs | p.1 |",NOT_REPORTED,"""it is important to acknowledge the inherent limitations of classical Artificial Potential Field methods, including local minima, oscillations in narrow passages, and target unreachability."" [p.16]","""Future work may incorporate adaptive gain tuning or random perturbations to further enhance robustness in more constrained environments."" [p.17]","""This research was funded by the National Key R&D Program of China (2025YFF0512301)."" [p.18]",Title and full author list are missing from page 1. Page 7 contains a corrupted block of repeated numbers. No full author names are supplied in the extracted text.,VERIFIED
REC_1171,NOT_REPORTED,NOT_REPORTED,2026,Drones,https://doi.org/10.3390/drones10080611,China,"""Existing datasets cannot adequately evaluate navigation algorithms in common industrial environments."" [p.3]","""To address the problem of lacking effective evaluation benchmarks for UAV navigation algorithms in complex-structured, GNSS-denied industrial environments (e.g., fully enclosed stockyards), this paper proposes and open-sources a multi-modal UAV navigation dataset."" [p.1]","""this paper proposes and open-sources a multi-modal UAV navigation dataset."" [p.1]",DATASET,"Puck VLP-16 LiDAR, MTi-300 AHRS IMU, Zenmuse H20 gimbal camera, Nova MS60 total station",INDOOR,NOT_REPORTED,LiDAR-based multi-modal UAV navigation dataset,proposed dataset,DJI Matrice 300 RTK,DATASET,REAL,"LOAM, LeGO-LOAM, F-LOAM, LIO-SAM","""the navigation algorithm participating in the dataset evaluation in this subsection achieves an accuracy of 0.1166 m in the horizontal direction and 0.0510 m in the vertical direction"" [p.33]","| metric | value + unit | baseline value | page |
| horizontal accuracy | 0.1166 m | NOT_REPORTED | p.33 |
| vertical accuracy | 0.0510 m | NOT_REPORTED | p.33 |","""without using any of the ArUco markers"" [p.16]; ""using all of the ArUco marker poses"" [p.24]; ""using a subset of the ArUco marker poses"" [p.34]","""Sequence F was terminated early due to an unexpected safety incident, but the collected data remains complete and valid."" [p.15]",NOT_REPORTED,"""This research received no external funding."" [p.45]",Title and full author names are missing from page 1. Page 7 and page 50 contain corrupted repeated-number blocks. Author names are only available as initials in the author contributions.,VERIFIED
REC_1172,LiDAR Inertial Mapping of Non-Manhattan Topologies for UAV-Based Aircraft Inspection in GNSS-Denied Environments,"R. Pugliese, D. Abel",2022,IFAC-PapersOnLine,10.1016/j.ifacol.2023.01.132,Germany (RWTH Aachen University),"""Operation of civil aircraft requires mandatory regular inspection in order to detect damages to the surface structures that could lead to safety risks in the long term if not remedied."" [p.1]","""Autonomous UAV offer great potential for automating the task and significantly reducing the downtimes. Perspectively, the inspection task could be shifted to the runway and performed directly after landing"" [p.1]","""we propose a novel modification and extension of LIOM to make it suitable for the application to datasets with strong non-Manhattan characteristics and for the given use case in particular. More precisely, we introduce cylinder feature detection in order to make the conventional plane and edge features robust to homogeneous curved surfaces such as aircraft fuselages."" [p.2]",LIDAR,"Velodyne VLP-16 LiDAR, Lord Microstrain 3DM-GX5-25 IMU",INDOOR,NOT_REPORTED,Modified LIOM with cylinder feature detection,Self-collected,UAV (mounted on manual carrier for testing),METHOD,REAL,iGPS reference system,"""the position drift in z-direction at the end of the measurement duration of 2.5 min is approximately 20 cm, despite the perpetual pitch oscillation and significant yaw rotation"" [p.5]","| metric | value + unit | baseline value | page |
|--------|--------------|----------------|------|
| Position drift (z-direction) | ~20 cm | NOT_REPORTED | p.5 |
| RMS position error | 25.0 cm | NOT_REPORTED | p.5 |
| Arithmetic mean position error | 21.2 cm | NOT_REPORTED | p.5 |
| Measurement duration | 2.5 min | NOT_REPORTED | p.5 |","""the depicted 2D-projections of the map from a variety of angles display a level of detail that is remotely comparable to single-channel camera images"" [p.5]","""no loop closing was employed to obtain these results"" [p.5]","""In future work, the resulting 3D maps could be further improved by including loop closure and should be merged with high resolution camera pictures and CNN-based image classification for convenient defect localization."" [p.5]","""The authors gratefully acknowledge the contribution of the joint research project AMIIGO supported by the Industrial Research Association DFMRS e.V. (grant-no. 19477 N) with aid of the German Federal Ministry of Economic Affairs and Energy"" [p.5]","- Some equations have OCR errors
- Table in Algorithm 1 has formatting issues",VERIFIED
REC_1175,Deep Learning for Autonomous UAV Navigation: Multi-Modal Visual-Inertial Pose Estimation in GPS-Denied Environments,"Shadi Izadbakhsh, Maryam Khademi",2025,NOT_REPORTED,10.5194/isprs-annals-X-4-W8-2025-389-2026,Iran (Islamic Azad University),"""navigating without GPS- such as indoors, underground, or in urban canyons- remains a major obstacle, since traditional GPS-based systems cannot offer sufficient accuracy or reliability in these environments."" [p.2]","""Robust alternatives for pose estimation and trajectory tracking are needed."" [p.2]","""This paper presents DeepVIONet, a novel deep learning framework for autonomous UAV navigation in GPS-denied environments using multi-modal visual-inertial pose estimation."" [p.1]",VIO,"camera, IMU",INDOOR,NOT_REPORTED,DeepVIONet,TUM Visual-Inertial dataset,UAV,METHOD,REAL,"VINS-Mono, ORB-SLAM3","""translation MAE of 0.089m and rotation MAE of 0.043 radians"" [p.1] (abstract claims, slightly different from table values)","| metric | value + unit | baseline value | page |
|--------|--------------|----------------|------|
| Translation MAE (Seq 1) | 0.0866 m | NOT_REPORTED | p.5 |
| Translation RMSE (Seq 1) | 0.114215 m | NOT_REPORTED | p.5 |
| Rotation MAE (Seq 1) | 0.0454 rad | NOT_REPORTED | p.5 |
| Rotation RMSE (Seq 1) | 0.0681 rad | NOT_REPORTED | p.5 |
| Translation MAE (Seq 2) | 0.0580 m | NOT_REPORTED | p.5 |
| Translation RMSE (Seq 2) | 0.0739 m | NOT_REPORTED | p.5 |
| Rotation MAE (Seq 2) | 0.0902 rad | NOT_REPORTED | p.5 |
| Rotation RMSE (Seq 2) | 0.1349 rad | NOT_REPORTED | p.5 |","""Rotation accuracy is higher in the first dataset... and decreases with more dynamic motion in the second"" [p.6]","""The model's rotation estimates decrease in accuracy under aggressive motion... Current tests are limited to indoor data; further outdoor and broader baseline comparisons are needed"" [p.7]","""future work will explore attention mechanisms, uncertainty modeling, and real-time deployment on UAV platforms. Additional research directions include extending evaluation to outdoor environments, comparing against more baseline methods, and investigating adaptive sequence processing for variable-length inputs."" [p.7]",NOT_REPORTED,"- Figure 1 caption repeated as Figure 1 in text
- Some reference formatting issues",VERIFIED
REC_1178,Aerial-Ground Robots Collaborative 3D Mapping in GNSS-Denied Environments,"Yufeng Yue, Chunyang Zhao, Yuanzhe Wang, Yi Yang, Danwei Wang",2022,2022 IEEE International Conference on Robotics and Automation (ICRA),10.1109/ICRA46639.2022.9812319,Singapore (Nanyang Technological University),"""The challenge of collaboration between heterogeneous robots lies in their huge differences in perception, mobility and processing capabilities."" [p.1]","""Collaborative heterogeneous robots are expected to perform comprehensive perception, mapping and coordination in search and rescue scenarios."" [p.1]","""a novel collaborative UAV-UGV mapping framework is proposed in GNSS-denied and unknown environments. The key novelty of this work is the proposing of a unified framework to formulate the UAV-UGV collaborative mapping problem with a continuous-discrete model"" [p.1]",COOPERATIVE,UGV: 3D Velodyne LiDAR; UAV: stereo camera,MIXED,NOT_REPORTED,Continuous-discrete UAV-UGV collaborative mapping framework,Self-collected,UAV and UGV,SYSTEM,REAL,Jessup [16] fusion algorithm,"""The proposed algorithm combines the sparse UGV map and dense UAV map and generates an enhanced and more consistent global map."" [p.5]","| metric | value + unit | baseline value | page |
|--------|--------------|----------------|------|
| UGV decision cycle | 0.045-0.046 s | NOT_REPORTED | p.6 |
| UAV decision cycle | 0.104-0.087 s | NOT_REPORTED | p.6 |
| UGV fusion cycle | 243.71-30.87 s | NOT_REPORTED | p.6 |
| UAV fusion cycle | 33.53-29.69 s | NOT_REPORTED | p.6 |
| Average entropy (NTU Rainforest) | 0.273 | Jessup: 0.289 | p.6 |
| Average entropy (Two-level Building) | 0.257 | Jessup: 0.269 | p.6 |","""the average entropy of UAV map is higher than UGV map, because UAV is equipped stereo camera and has higher noise"" [p.6]","""Considering connectivity, bandwidth, and computational constraints, UAV-UGV discrete map fusion processes is performed from time to time."" [p.6]",NOT_REPORTED,NOT_REPORTED,"- Some figures have rendering issues
- Table I and II have formatting issues",VERIFIED
REC_1185,UAV swarm distributed cooperative localization in GNSS-denied environments: an ICMC and ACPM Fusion approach,"Wei Yue, Yunxiao Wang, Xiaoyong Zhang, Liyuan Wang, Zhongchang Liu, Lili Li, Lei Zhu",2026,Ad Hoc Networks,10.1016/j.adhoc.2026.104363,China (Dalian Maritime University),"""With the widespread use of Unmanned Aerial Vehicles (UAVs) in urban environments, achieving high-precision localization, particularly in Global Navigation Satellite System (GNSS)-denied environments, presents a significant challenge."" [p.1]","""Existing localization methods largely rely on centralized data processing, which often leads to issues such as information redundancy, high computational complexity, and limited real-time responsiveness."" [p.1]","""This paper proposes a UAV swarm collaborative localization strategy, termed I-ACPM, based on Imperialist Competitive Mechanism-based Clustering (ICMC) and the Ant Colony Pheromone Mechanism (ACPM)."" [p.1]",COOPERATIVE,AOA and TDOA measurements,MIXED,NOT_REPORTED,I-ACPM (ICMC + ACPM),NOT_REPORTED,UAV swarm (22 UAVs in simulation),METHOD,SIM,"PLE, WPLE, MLE, SMDS-CFG, HEED","""I-ACPM significantly enhances localization accuracy, particularly in low-noise environments, with performance approaching the Cramer-Rao Lower Bound (CRLB)."" [p.1]","| metric | value + unit | baseline value | page |
|--------|--------------|----------------|------|
| GDOP (geometric mean) | 239 m/rad | HEED: 355 m/rad, SMDS-CFG: 454 m/rad | p.10 |
| Average RMSE (SMDS-CFG comparison) | 2.85 m | SMDS-CFG: 4.70 m | p.10 |
| Average RMSE reduction vs SMDS-CFG | 39.4% | NOT_REPORTED | p.11 |
| Average RMSE (50 UAVs) | 2.09 m | MLE: ~3.42 m | p.11 |
| Average RMSE reduction vs MLE | 38.9% | NOT_REPORTED | p.11 |
| Computation time (per step) | 0.506 ms | SMDS-CFG: 0.515 ms, MLE: 0.396 ms | p.12 |","""Fig. 13 shows the RMSE of I-ACPM as a function of the NLOS detection threshold... The results demonstrate that the RMSE remains within a narrow range of 2.80 m to 3.31 m across the entire evaluated range"" [p.12]","""NLOS detection mechanism to the threshold selection"" [p.12] (mentioned as robustness to threshold)
""some UAVs may receive AOA information in NLOS conditions"" [p.2]",NOT_REPORTED,"""This work was supported by the Natural Science Foundation of China (62273068); Liaoning Provincial Natural Science Foundation (2025-MSLH-107); the Fundamental Research Funds for the Central Universities (3132023512), Dalian Science and Technology Innovation Fund (2019J12GX040), the Foundation of Shandong Key Laboratory of Intelligent Technology and Equipment for Unmanned Systems (SZ2026ZD002)."" [p.13]","- Some equations have OCR errors
- Table 1 has formatting issues",VERIFIED
REC_1186,Landmarks based path planning for UAVs in GPS-denied areas,"Shreya Singh, P.B. Sujit",2016,IFAC-PapersOnLine,10.1016/j.ifacol.2016.10.132,India (IIIT-Delhi),"""there are many situations where GPS may not available- primarily due to interference or lack of required number of available satellites at the desired location/region"" [p.1]","""there may be several cellular towers available along the way from S to G... The vehicle has to perform dead reckoning in regions where landmarks are not available."" [p.1]","""we propose a UAV path planner travelling from a given source to goal location in GPS-denied areas. The environment consists of a set of cellular towers which are treated as landmarks having finite communication range."" [p.1]",OTHER,range and bearing sensors,MIXED,NOT_REPORTED,PSO-based path planning with landmarks,NOT_REPORTED,UAV (Dubin's car model),METHOD,SIM,NOT_REPORTED,"""the path obtained by the PSO is minimal while ensuring that it touches the landmarks"" [p.4]","| metric | value + unit | baseline value | page |
|--------|--------------|----------------|------|
| Path length (Γ=50) | 540 m | Direct path: 518 m | p.4 |
| Path length (Γ=20) | 594 m | NOT_REPORTED | p.4 |
| Time to travel (Γ=50) | 108 s | NOT_REPORTED | p.4 |
| UAV speed | 5 m/s | NOT_REPORTED | p.4 |
| Minimum turning radius | 15 m | NOT_REPORTED | p.4 |","""due to lower covariance requirement, the path taken by the UAV is completely different. The new path length is 594 meters which is much higher than the previous case but it satisfies the new requirement of Γ(P_t)=20"" [p.4]","""the PSO may not always determine an optimal solution, the determined can be locally optimal and sub-optimal in the global sense."" [p.4]","""Some possible extensions include comparison with an optimal solver, including obstacle avoidance/risk zones, extending to 3D and finally experimental validation."" [p.5]",NOT_REPORTED,"- Page 5 contains a large block of ""2000 2000 2000..."" rendering error
- Some figures have rendering issues",VERIFIED
REC_1187,Group Coordination and Path Replan Tactics in GPS Denied Environments,"M Suresh, Debasish Ghose",2016,2016 International Conference on Unmanned Aircraft Systems (ICUAS),10.1002/rob.21594,India (Indian Institute of Science),"""Success of a cooperative mission entirely depends on precise navigation information of each UAV. Though present day UAVs are equipped with GPS, the UAVs have to rely only on navigation information obtained from inertial navigation system while operating in GPS denied environments."" [p.1]","""Deploying a large number of micro class of UAVs, and enabling cooperation among them, will cover a wider area and provide time critical intelligence on the enemy movements."" [p.1]","""To design a wireless MAV network (WIMAN) with GEMs and GPMs that are capable of executing a mission in indoor and GPS denied environments."" [p.2]",COOPERATIVE,"GPS, high/low accuracy INS, wireless communication, RSS",MIXED,NOT_REPORTED,WIMAN (Wireless MAV Network) with GEM/GPM and distributed cooperative localization,NOT_REPORTED,MAVs,METHOD,SIM,NOT_REPORTED,NOT_REPORTED,NOT_REPORTED,NOT_REPORTED,"""Constructing a GPS protected WIMAN architecture is NP-complete."" [p.3]",NOT_REPORTED,NOT_REPORTED,"- Page 8 contains a large block of ""1 1 1..."" rendering error in the source PDF.
- Some equations and tables have formatting issues.",VERIFIED
REC_1189,"Leonardo Drone Contest Autonomous Drone Competition: Overview, Results, and Lessons Learned from Politecnico di Milano Team","Gabriele Roggi, Salvatore Meraglia, Marco Lovera",2023,Journal of Intelligent & Robotic Systems,10.1007/s10846-023-01855-w,Italy (Politecnico di Milano),"""To reach this goal, the designed systems should be capable of navigating in a Global Navigation Satellite System (GNSS)-denied environment with autonomous decision making, online planning and collision avoidance capabilities."" [p.1]","""Autonomous UAVs, as many other robot systems, are composed of the standard building blocks of state estimation, control, mapping and planning."" [p.1]","""We provide two different hardware and software solutions for fully autonomous UAVs, addressing, in particular, indoor GNSS-denied navigation and collision avoidance in cluttered environments."" [p.2]",HYBRID,"ZED stereo camera, OpenMV H7 Plus, TeraRanger Tower Evo, Lidar-Lite v3, IMU",INDOOR,NOT_REPORTED,ROG-1 and ROG-2 autonomous UAV systems,NOT_REPORTED,ROG-1 and ROG-2 coaxial octocopters,SYSTEM,BOTH,"ORB-SLAM2, LibViso2, ZED-VO, RTAB-Map","""All the algorithms show good results in the proposed experiment, with the best performance obtained by the ZED-VO algorithm."" [p.14]","| metric | value + unit | baseline value | page |
|--------|--------------|----------------|------|
| Mean error (ZED-VO) | 0.078 m | RTAB-Map: 0.175 m, ORB-SLAM2: 0.184 m | p.17 |
| Relative error (ZED-VO) | 1.21% | RTAB-Map: 2.70%, ORB-SLAM2: 2.84% | p.17 |
| Valid landings (first edition) | 4 out of 5 | NOT_REPORTED | p.4 |","""Different algorithms"" compared. ""The mean absolute and relative error with respect to the travelled distance are reported in Table 1."" [p.14]","""the visual odometry showed a very strong drift and the SLAM algorithm was not able to compensate for it, leading to considerable variations in the altitude kept by the drone."" [p.6]","""future works could regard the improvement of visual odometry performance, changing the stereo camera orientation to a downward-looking configuration."" [p.21]","""Open access funding provided by Politecnico di Milano within the CRUI-CARE Agreement."" [p.21]","- Some figures and tables have rendering issues.
- Page 6 contains a large block of ""1 1 1..."" rendering error in the source PDF.",VERIFIED
REC_1190,Reduction of GNSS-Denied inertial navigation errors for fixed wing autonomous unmanned air vehicles,"Eduardo Gallo, Antonio Barrientos",2022,Aerospace Science and Technology,10.1016/j.ast.2021.107237,Spain (Universidad Politécnica de Madrid),"""The extreme dependency of an autonomous UAV (Unmanned Air Vehicle) inertial navigation to the presence of GNSS (Global Navigation Satellite System) signals, without which it incurs in a slow but unavoidable position drift that may ultimately lead to the loss of the platform"" [p.1]","""The main objective of this article is to improve the GNSS-Denied navigation capabilities of autonomous fixed wing low SwAP vehicles, so in case GNSS signals become unavailable, they can continue their mission or safely fly to a predetermined recovery location."" [p.4]","""proposed inertial navigation system (INS)"" [p.3]",OTHER,"accelerometers, gyroscopes, magnetometers, Pitot tube, air vanes, barometer",MIXED,NOT_REPORTED,Proposed INS with three EKFs,NOT_REPORTED,fixed wing autonomous UAV,METHOD,SIM,traditional GNSS-based inertial filter,"""a mean error of 7.18% and standard deviation of 5.73% are not sufficient to ensure safe GNSS-Denied navigation under any circumstances."" [p.14]","| metric | value + unit | baseline value | page |
|--------|--------------|----------------|------|
| Horizontal position mean error (Scenario #1) | 7.18% | NOT_REPORTED | p.14 |
| Horizontal position std (Scenario #1) | 5.73% | NOT_REPORTED | p.14 |
| Body attitude mean error (Scenario #1) | 0.152° | NOT_REPORTED | p.11 |
| Vertical position mean error (Scenario #1) | -3.89 m | NOT_REPORTED | p.12 |
| Ground speed mean error (Scenario #1) | +0.32 m/s | NOT_REPORTED | p.13 |","""Different horizontal position algorithms"" compared. ""The proposed approach of freezing the wind speed estimation... is the preferred choice for reducing horizontal position errors"" [p.27]","""The horizontal position estimation exhibits a drift with time that depends exclusively on the ground velocity estimation error; when this error is constant, the drift is linear with time."" [p.27]",NOT_REPORTED,"""open source software [1]"" and ""© 2021 The Authors. Published by Elsevier Masson SAS. This is an open access article under the CC BY license"" [p.1]","- Page 2 contains a large block of ""1 1 1..."" rendering error in the source PDF.
- Page 6 contains a large block of ""1 1 1..."" rendering error.
- Some equations have OCR errors.",VERIFIED
REC_1191,Computationally Light Spectrally Normalized Memory Neuron Network based Estimator for GPS-denied operation of Micro-UAV,"Nishanth Rao, Suresh Sundaram, Varun Raghavendra",2022,NOT_REPORTED,10.1109/IJCNN52387.2021.9534209,India (Indian Institute of Science),"""This paper addresses the problem of position estimation in UAVs operating in a cluttered environment where GPS information is unavailable."" [p.1]","""However, in cluttered environments like forests and indoor environments, there is an intermittent loss of GPS (sometimes no GPS signal), which can lead to inaccurate position estimates, rendering the UAV unstable."" [p.1]","""A learning-based approach is proposed that takes in the rotor RPMs and past state as input and predicts the one-step-ahead position of the UAV using a novel spectral-normalized memory neural network (SN-MNN)."" [p.1]",OTHER,"rotor RPM, IMU, barometer, compass",MIXED,NOT_REPORTED,SN-MNN (Spectrally Normalized Memory Neuron Network),Self-collected,micro-UAV,METHOD,REAL,"VINS-Mono, VIO, MNN+EKF","""the proposed algorithm has the least RMSE for position estimates"" [p.1]","| metric | value + unit | baseline value | page |
|--------|--------------|----------------|------|
| RMSE (SN-MNN+EKF) | 0.05953 m | VINS-Mono: 0.18 m, VIO: 0.13 m | p.9 |
| RMSE (MNN+EKF) | 0.542 m | NOT_REPORTED | p.9 |
| RMSE (without spectral normalization) | ~0.55 m | NOT_REPORTED | p.10 |
| RMSE (position prediction) | 5.84 cm | NOT_REPORTED | p.8 |","""The RMSE for the entire position prediction is about 5.84cm, whereas, for the network without spectral normalization, the RMSE error is about 50cm, thus justifying the requirement for a spectrally normalized network."" [p.8]",NOT_REPORTED,NOT_REPORTED,NOT_REPORTED,- Some figures and tables have formatting issues.,VERIFIED
REC_1192,Indoor Localization of a Tethered UAV using Tether-based Sensing,"Xuesu Xiao, Yiming Fan, Jan Dufek, Robin Murphy",2020,NOT_REPORTED,NOT_REPORTED,"USA (University of Texas at Austin, Texas A&M University)","""This paper presents an approach to localize a UAV in indoor environments using only a quasi-taut tether."" [p.1]","""In indoor GPS-denied environments, UAV localization usually depends on vision-based methods combined with inertial sensing"" [p.1]","""using the tether's sensory feedback, which is fed into a catenary-based mechanics model, to localize the UAV"" [p.1]",OTHER,"tether length encoder, tether angle sensor, IMU",INDOOR,NOT_REPORTED,Catenary-based tether localizer,NOT_REPORTED,Fotokite Pro tethered UAV,METHOD,REAL,preliminary localizer,"""Our approach could reduce the error of the state-of-the-art tether-based indoor aerial vehicle localization by 31.12%."" [p.1]","| metric | value + unit | baseline value | page |
|--------|--------------|----------------|------|
| Average Localization Error (Proposed) | 0.3675 m | Preliminary: 0.5335 m | p.5 |
| Improvement | 31.12% | NOT_REPORTED | p.1 |",NOT_REPORTED,"""This paper assumes an ideal open space, which means there are no obstacles between the UAV and the reel center."" [p.1]","""more sophisticated mechanics model will be used to further improve the tracking accuracy, such as Finite Element Analysis. Machine learning approaches are another research direction"" [p.5]","""NSF grant IIS 1426756, DOE Science of Safety Grant 1710670, and DOE DE-EM0004483."" [p.5]","- Some figures have rendering issues.
- Page 6 contains references.",VERIFIED
REC_1194,A Unmanned Aerial Vehicle (UAV)/Unmanned Ground Vehicle (UGV) Dynamic Autonomous Docking Scheme in GPS-Denied Environments,"Cheng, C.; Li, X.; Xie, L.; Li, L.",2023,Drones,10.3390/drones7100613,China,"""GPS- denied environments, there is a high installation cost, which may not be practical for many applications."" [p.1]","""the purpose of this study is to find a dynamic non- cooperative landing strategy using multi- sensor fusion to achieve precise docking for UAV/UGV in GPS- denied environments."" [p.2]","""an effective multi- innovation forgetting gradient (MIFG) algorithm is proposed to estimate the position of the UAV relative to the target using historical data"" [p.1]",HYBRID,"UWB, IMU, camera, encoder",MIXED,NOT_REPORTED,MIFG + EKF fusion,NOT_REPORTED,UAV and UGV,METHOD,BOTH,FFLS,"""MIFG 0.4088 0.6554 0.3276 0.3104"" [p.15]","| metric | value + unit | baseline value | page |
| RMS error MIFG | 0.4088 m (x) | FFLS 0.6321 m | p.15 |
| RMS error fusion | 0.0153 m (x) | UWB 0.4122 m | p.15 |","""double the noise"" [p.16]","""due to the inherent performance of UWB, the method may not be ideal beyond the measurement range (500m)."" [p.20]","""pitch and roll will be further considered for uneven grounds in the future. Another future work is to consider autonomous docking for multiple drones and UGVs."" [p.21]","""supported by the National Natural Science Foundation of China (grant: 62003243), the Fundamental Research Funds for the Central Universities (No.: 22120210099), the Shanghai Municipal Commission of Science and Technology (No.: 19511132101), the Shanghai Municipal Science and Technology Major Project (grant: 2021SHZDZX0100), the Shanghai Gaofeng & Gaoyuan Project for University Academic Program Development (No.: 22-3) and the Basic Science Centre Program by the National Natural Science Foundation of China (grant: 62088101)."" [p.21]",No forbidden numbers appear.,VERIFIED
REC_1196,Precision Landing of a Quadcopter Drone by Smartphone Video Guidance Sensor in a GPS-Denied Environment,"Bautista, N.; Gutierrez, H.; Inness, J.; Rakoczy, J.",2023,Sensors,10.3390/s23041934,USA,"""GPS signals are not available in indoor environments."" [p.2]","""achieve precise autonomous landing in a GPS-denied environment using the Smartphone Video Guidance Sensor (SVGS)"" [p.2]","""SVGS is integrated with a Visual Inertial Odometry (VIO) sensor"" [p.2]",VISION_OBJECT,"smartphone camera, VIO, LED target",INDOOR,NOT_REPORTED,SVGS + VIO,NOT_REPORTED,quadcopter,SYSTEM,REAL,ArUco,"""SVGS was able to capture target position from a farther distance during the approach compared with AR (1.34m vs. 0.56m)"" [p.13]","| metric | value + unit | baseline value | page |
| SVGS capture distance | 1.34 m | ArUco 0.56 m | p.13 |",NOT_REPORTED,"""SVGS is not a real-time sensor and has a high degree of variability on its update rate"" [p.9]","""Assessment under various landing scenarios is needed to further demonstrate the performance"" [p.14]","""supported by NASA Marshall Space Flight Center, Cooperative Agreements 80NSSC20M0169"" [p.14]",No forbidden numbers appear.,VERIFIED
REC_1207,GPS-Denied Indoor and Outdoor Monocular Vision Aided Navigation and Control of Unmanned Aircraft,"Girish Chowdhary, Eric N. Johnson, Daniel Magree, Allen Wu, Andy Shein",2013,NOT_REPORTED,10.1007/s10514-012-9293-0,USA,"""GPS may not be available indoors and can suffer from obstruction and multipath errors"" [p.2]","""the problem of GPS-denied navigation is of great interest for M-UAVs that operate indoors and for outdoor UAVs"" [p.2]","""a monocular vision aided inertial navigation system"" [p.3]",VIO,"monocular camera, IMU, sonar altimeter",MIXED,NOT_REPORTED,V-INS,NOT_REPORTED,"rotorcraft UAV, M-UAV",METHOD,REAL,NOT_REPORTED,"""An absolute position error of 7m is incurred over the course of the maneuver."" [p.26]","| metric | value + unit | baseline value | page |
| hover accuracy | within 1.6 m | - | p.27 |
| position error | 7 m over maneuver | - | p.26 |",NOT_REPORTED,"""there are no UAVs capable of performing such a transition without the aid of GPS"" [p.3]",NOT_REPORTED,NOT_REPORTED,Page 24 and 25 contain corrupted repeated numbers. No DOI or year visible.,VERIFIED
REC_1208,Energy-Efficient and Resilient Decentralized UAV Swarm Operation in GNSS-Denied Environments,NOT_REPORTED,2026,Drones,10.3390/drones10040273,Kazakhstan,"""Energy-efficient and resilient decentralized unmanned aerial vehicles (UAV) swarm operation in global navigation satellite system (GNSS) denied environments remains challenging"" [p.1]","""integrated energy-aware swarm coordination in GNSS-denied environments"" [p.2]","""an energy-aware adaptive communication-topology framework integrated with lightweight edge artificial intelligence (AI)-assisted navigation"" [p.1]",COOPERATIVE,visual-inertial,MIXED,NOT_REPORTED,Energy-aware adaptive communication-topology + edge-AI,NOT_REPORTED,UAV swarm,METHOD,SIM,"Fixed topology + EKF, Adaptive topology + EKF, Fixed topology + Edge Automated","""22.7% reduction in total energy consumption"" [p.1]
""4.8% root mean square error (RMSE) reduction"" [p.2]
""31.4% reduction"" [p.19]","| metric | value + unit | baseline value | page |
| total energy reduction | 22.7% | fixed topology | p.1 |
| RMSE reduction | 4.8% | EKF | p.2 |
| communication energy reduction | 31.4% | fixed topology | p.19 |","""ablation study ... four configurations"" [p.27]","""further high-fidelity propagation modeling, broader learning validation, and hardware-in-the-loop studies remain necessary."" [p.2]","""Future work will focus on hardware in the loop validation, extension towards heterogeneous multi-role swarms, and experimental deployment"" [p.30]","""Committee of Science of the Ministry of Science and Higher Education of the Republic of Kazakhstan (Grant No. AP 227019/0223)"" [p.31]",Author list missing from page 1. Page 25 contains corrupted repeated numbers. No DOI visible.,VERIFIED
REC_1212,Autonomous drone hunter operating by deep learning and all-onboard computations in GPS-denied environments,"Philippe Martin Wyder, Yan-Song Chen, Adrian J. Lasrado, Rafael J. Pelles, Robert Kwiatkowski, Edith O. A. Comas, Richard Kennedy, Arjun Mangla, Zixi Huang, Xiaotian Hu, Zhiyao Xiong, Tomer Aharoni, Tzu-Chan Chuang, Hod Lipson",2019,PLoS ONE,10.1371/journal.pone.0225092,USA,"""the misuse risk of UAVs is also increasing"" [p.1]","""a growing need for technological solutions that can autonomously defend against malicious UAVs"" [p.1]","""detects, tracks, and follows another drone within its sensor range using a pre-trained machine learning model"" [p.1]",VISION_OBJECT,ZED stereo camera,MIXED,NOT_REPORTED,Tiny YOLO + visual servoing,"58,647 images",quadcopter,SYSTEM,REAL,NO_BASELINE,"""77% accuracy"" [p.1]; ""eight frames per second"" [p.1]; ""1.5 m/s"" [p.1]","| metric | value + unit | baseline value | page |
| detection accuracy | 77% | - | p.1 |
| frame rate | 8 fps | - | p.1 |
| tracking speed | 1.5 m/s | - | p.1 |","""RGB model ... gray-scale model"" [p.6]","""Performance was limited by the detection algorithm's 77% accuracy in cluttered environments and the frame rate of eight frames per second along with the field of view of the camera."" [p.1]","""Improving the tracking speed and accuracy, inferring the location of the target when occluded, and adding a tracking algorithm that can discriminate between multiple possible targets"" [p.15]","""U.S. National Science Foundation National Robotics Initiative grant number 1527232"" [p.1]",No forbidden numbers appear.,VERIFIED
REC_1216,A Two-Stage Residual Extended Kalman Filter using Extreme Gradient Boosting and Kolmogorov-Arnold Networks for terrain-aided Unmanned Aerial Vehicle Localization in Global Navigation Satellite System-denied environments,"Mohamed Abdelkader, Imen Jarraya, Khaled Gabr, Abdulrahman S. Al-Batati, Abdullah AlMusalami, Fatimah Alahmed, Wadii Boulila",2026,Engineering Applications of Artificial Intelligence,10.1016/j.engappai.2026.114430,Saudi Arabia,"""Unmanned Aerial Vehicles (UAVs) localization in Global Navigation Satellite Systems-denied environments faces significant challenges due to sensor limitations, environmental factors, and the absence of absolute positioning references."" [p.1]","""This threat landscape has prompted a renewed focus on robust, intelligent localization frameworks that can operate independently of GNSS."" [p.1]","""We propose the Two-Stage Residual Extended Kalman Filter (TSR-EKF), a hybrid framework that incorporates Machine Learning (ML)-based residual corrections into a probabilistic state estimator."" [p.1]",HYBRID,"IMU, barometer, LiDAR, DEM",MIXED,NOT_REPORTED,Two-Stage Residual Extended Kalman Filter (TSR-EKF),synthetic dataset generated using OS-RFODG,UAV,METHOD,SIM,"EKF-ONLY, XGB→EKF","""achieving RMSE reductions of 57.4% to 98.9% compared to traditional EKF methods while maintaining sub-6m positioning accuracy and real-time computational feasibility with processing times under 2.1 ms per update."" [p.1]","| metric | value + unit | baseline value | page |
| RMSE reduction | 57.4% to 98.9% | EKF-ONLY | p.1 |
| positioning accuracy | sub-6 m | - | p.1 |
| processing time | under 2.1 ms | - | p.1 |","""an ablation study isolates the contributions of the XGBoost coarse residual correction and DenseKAN fine-residual refinement"" [p.10]","""the framework is subject to several inherent limitations... computational constraints... training data dependency... sensor requirements."" [p.16]","""Future work will focus on deploying the residual-learning stages on embedded accelerators, enhancing cross-region generalization through adaptive residual-learning mechanisms, and integrating additional non-visual modalities..."" [p.1]","""The authors extend their sincere appreciation to Prince Sultan University for covering the Article Processing Charges (APC) associated with this publication."" [p.18]",No forbidden numbers appear.,VERIFIED
REC_1217,NOT_REPORTED,"Jan Bayer, Jan Faigl",2018,NOT_REPORTED,10.1080/10095020.2017.1420509,Czech Republic,"""The Global Navigation Satellite System (GNSS) is a natural choice and practical solution for outdoor missions, where it provides an estimation of the vehicle position. On the other hand, the GNSS system is not always available, and it becomes unreliable or inaccurate inside and also close to tall buildings or at places where not enough satellites are in the line of sight [27]."" [p.1]","""Therefore, we examine the properties of existing vision-based localization methods using onboard sensors to provide an estimation of the MAV position."" [p.1]","""We propose to use linear Kalman filter to overcome a loss of the GNSS signal that is substituted by the incremental vision-based localization in the GNSS denied environments [11]."" [p.4]",HYBRID,"Intel RealSense D435 RGB-D camera, GNSS receiver, laser altimeter, IMU",MIXED,NOT_REPORTED,Kalman filter fusion of GNSS and vision-based localization,NOT_REPORTED,multi-rotor MAV,METHOD,REAL,"ORB-SLAM2, unreliable GNSS",NOT_REPORTED,NOT_REPORTED,NOT_REPORTED,"""the drift of the visual localization is high mainly in the position estimation"" [p.10]","""we plan to extend the solution by an additional sensor for measuring the vehicle orientation to handle the orientation drift of the visual localization."" [p.10]","""supported by the Technology Agency of the Czech Republic (TACR) under research Project No. TH03010362."" [p.10]",No forbidden numbers appear.,VERIFIED
REC_1223,Micro Video Guidance Sensor Version 2 (uVGS-2),"J. Cormejo Aguilar, Ivan R. Bertaska, Hector Gutierrez",2026,NOT_REPORTED,10.3390/drones10070535,USA,"""This paper presents the Micro Video Guidance Sensor Version 2 (uVGS-2), a ROS-based vision navigation framework for real-time six-degrees-of-freedom pose estimation in drones, spacecraft, and autonomous robotic platforms operating in GNSS-denied environments."" [p.1]","""uVGS-2 provides accurate six-degrees-of-freedom pose estimation in drone and robotic platforms..."" [p.1]","""The system evolves from the previous Smartphone Video Guidance Sensor (SVGS) architecture through a modular C++ implementation..."" [p.1]",VISION_OBJECT,camera,MIXED,NOT_REPORTED,uVGS-2,synthetic poses,"Astrobee free-flying robot, drones, spacecraft",SYSTEM,REAL,"Fa-P4P, EPnP, Lambda Twist","""UVGS-2 0.088 ... 0.496"" [p.21]","| metric | value + unit | baseline value | page |
| Translation error | 0.088% | Fa-P4P 1.010% | p.21 |
| Rotation error | 0.496% | Fa-P4P 1.750% | p.21 |",NOT_REPORTED,"""operational limitations must be acknowledged. uVGS relies on active LED illumination, and its effective operational range is thus bounded by the illumination output of the beacon, the beacon dimensions, and environmental illumination conditions... Second, uVGS requires clear line of sight..."" [p.29]","""Future work must therefore include adaptive pre-processing and exposure controls to mitigate dynamic lighting transitions... Hardware acceleration using edge FPGA architectures is being explored..."" [p.29]","""This study was supported by NASA's Marshall Space Flight Center, Cooperative Agreement 80NSSC21M0262 and 80NSSC24M0057..."" [p.30]",No forbidden numbers appear. Author list inferred from affiliations.,VERIFIED
REC_1232,Range-Visual-Inertial Odometry with Coarse-to-Fine Image Registration Fusion for UAV Localization,"Y. Hao, M. He, Y. Liu, J. Liu, Z. Meng",2023,Drones,10.3390/drones7080540,China,"""traditional image-registration-based localization methods encounter limitations, such as strong dependence on the prior initial position information."" [p.1]","""it is essential to develop methods for locating UAVs in GNSS-denied environments."" [p.1]","""an efficient range-visual-inertial odometry (RVO) is proposed to provide local tracking, which utilizes measurements from a 1D Laser Range Finder (LRF) to suppress scale drift in the odometry."" [p.1]",HYBRID,"downward-facing monocular camera, 1D Laser Range Finder (LRF), IMU, GNSS receiver",MIXED,NOT_REPORTED,Range-Visual-Inertial Odometry (RVIO) with coarse-to-fine image registration,synthesized and real-world datasets,UAV,METHOD,BOTH,"VIO, HVIO, RVIO, [36]","""Proposed Method 16.149"" [p.11]","| metric | value + unit | baseline value | page |
| RMSE (synthetic seq 2) | 16.149 m | VIO 49.503 m | p.11 |
| RMSE (real dataset 1) | 12.744 m | VIO 71.944 m | p.15 |
| RMSE (real dataset 2) | 23.099 m | VIO 101.395 m | p.15 |",NOT_REPORTED,"""the limitation of our method lies in its inability to achieve localization in low-texture environments, such as deserts and oceans."" [p.16]","""In future work, we will explore more robust features to enable UAV localization in complex environments."" [p.16]","""This work was supported by Beijing Natural Science Foundation under Grant JQ20013 and the National Natural Science Foundation of China under Grants 61833009, 62273195, and U19B2029."" [p.16]",No forbidden numbers appear.,VERIFIED
REC_1235,Autonomous Positioning System for UAV Scene Matching Under GNSS-Denied Environments,"Shenao Du, Chenshuo Ma, Pengyang Wu, Anxi Yu, Dexin Li, Zhen Dong",2026,IOS Press,10.3233/ATDE260245,China,"""To address the significant decline in UAV navigation and positioning accuracy caused by severe error accumulation of inertial measurement units (IMUs) in GNSS-denied environments, which severely restricts operational capabilities"" [p.1]","""we propose an autonomous UAV positioning system based on image matching/inertial navigation fusion."" [p.1]","""we propose an autonomous UAV positioning system based on image matching/inertial navigation fusion."" [p.1]",VISION_OBJECT,"camera, INS (DETA90)",MIXED,NOT_REPORTED,MOGF image matching + INS fusion,NOT_REPORTED,DJI M210 UAV,SYSTEM,REAL,NO_BASELINE,"""achieving a positioning accuracy of 16.4 meters and a real-time processing rate exceeding 8.3 Hz."" [p.1]","| metric | value + unit | baseline value | page |
| positioning accuracy | 16.4 m | - | p.1 |
| processing rate | >8.3 Hz | - | p.1 |",NOT_REPORTED,NOT_REPORTED,NOT_REPORTED,NOT_REPORTED,This paper is identical to REC_1232; duplicate submission. No forbidden numbers appear.,VERIFIED
REC_1243,Adaptive Formation Control of UAVs near Structures for Robust Localization and Efficient Task Execution,"Masaya Haneda, Yuki Funabora, Shinji Doki, Kae Doki",2026,Journal of Robotics and Mechatronics,10.20965/jrm.2026.p0907,Japan,"""localization is a significant challenge for UAVs in GNSS-denied spaces, such as under bridges, where satellite signals are obstructed."" [p.1]","""To address this issue, we employed a cooperative localization system consisting of a work-UAV, which performs tasks in the GNSS-denied space, and support-UAVs, which relatively localize the work-UAV."" [p.1]","""this paper proposes an adaptive formation control method that enables support-UAVs to escape from multipath-affected spaces."" [p.1]",COOPERATIVE,"GNSS receiver, camera",MIXED,NOT_REPORTED,Adaptive formation control based on GNSS-localizability model and MPC,NOT_REPORTED,work-UAV and support-UAVs,METHOD,SIM,Non-adaptive control (NAC),"""the average time spent by the support-UAV in multipath-affected spaces was reduced by 83.7% and 79.9% respectively. Furthermore, the average task completion time was reduced by 37.6% and 14.3% respectively."" [p.1]","| metric | value + unit | baseline value | page |
| time in multipath space reduction | 83.7% (Along), 79.9% (Wall) | NAC | p.1 |
| task completion time reduction | 37.6% (Along), 14.3% (Wall) | NAC | p.1 |","""a version of the proposed method with the G update function removed for comparison"" [p.8]","""the validation was confined to scenarios with three support-UAVs (N = 3) and only one of the three support-UAVs entered the multipath-affected space."" [p.10]","""we intend to consider situations in which two or more support-UAVs enter a multipath-affected space when using a larger number of support-UAVs."" [p.10]",NOT_REPORTED,No forbidden numbers appear. Title page missing explicit year; inferred 2026 from journal issue. No DOI visible.,VERIFIED
REC_1245,Fusion of Optical Flow and Dead Reckoning Algorithms for UAV Navigation Without GPS,"J. Walczak, B. Szykula, P. Targowski, T. Palys",2019,"Military University of Technology, Warsaw, Poland",10.12716/1001.19.04.02,Poland,"""in many operational scenarios... the availability of satellite signals is limited or entirely absent."" [p.1]","""to propose and evaluate a fusion method combining optical flow and dead reckoning navigation to improve the accuracy and robustness of UAV navigation in GPS-denied environments."" [p.2]","""The developed solution integrates dead reckoning navigation methods with advanced computer vision algorithms utilizing optical flow analysis"" [p.1]",HYBRID,"downward-facing camera, IMU, magnetometer, barometer",MIXED,NOT_REPORTED,Fusion of optical flow and dead reckoning,NOT_REPORTED,UAV (Yuneec H520),METHOD,REAL,GNSS (for reference),"""Mean error (MAE) [m] 17,82"" [p.4]","| metric | value + unit | baseline value | page |
| Position MAE (Exp 1) | 17.82 m | GNSS | p.4 |
| Velocity MAE (Exp 1) | 0.25 m/s | GNSS | p.4 |
| Position MAE (Exp 4) | 11.17 m | GNSS | p.5 |",NOT_REPORTED,"""positional drift over time, sensitivity to heterogeneous terrain structure, and distortion caused by objects such as trees or buildings"" [p.6]","""errors resulting from inaccurate estimation of the UAV's height above ground can be mitigated using additional sensors such as laser rangefinders."" [p.6]",NOT_REPORTED,No forbidden numbers appear. No DOI or venue clearly stated.,VERIFIED
REC_1248,Gradient perception approach: Mapless INS/geomagnetic combined navigation in GPS-denied environments,"Songnan Yang, Haoxuan Tang, Xiaohui Zhang, Wenqi Bai, Jing Xin, Yong Huang",2026,Measurement,10.1016/j.measurement.2026.122761,China,"""In GPS-denied environments, errors in angular velocity, acceleration, and zero-bias drift degrade inertial navigation system (INS) accuracy over time."" [p.1]","""To address these challenges, this paper proposes a mapless INS/geomagnetic navigation system based on a gradient perception approach (GPA)."" [p.2]","""a mapless framework that fuses geomagnetic vector gradient perception with inertial data"" [p.1]",HYBRID,"IMU, magnetometer, barometer",MIXED,NOT_REPORTED,Gradient Perception Approach (GPA),"SuperMAG, WMM",NOT_REPORTED (implied aircraft),METHOD,BOTH,"LTI-MPC, LTV-MPC","""achieving CEP of 0.41 km"" [p.8]","| metric | value + unit | baseline value | page |
| CEP | 0.41 km | LTI-MPC 1.88 km, LTV-MPC 9.97 km | p.8 |
| terminal accuracy improvement | 78.19% over LTI-MPC, 95.89% over LTV-MPC | - | p.1 |","""Monte Carlo ablation study"" [p.11]","""the current approach depends on the observability of local magnetic gradients and the availability of target magnetic parameters."" [p.13]","""Future research will focus on developing multi-sensor fusion architectures to address gradient vanishing in low-variation regions"" [p.13]","""National Major Scientific Instrument Development Project of China under Grant 62127809, National Natural Science Foundation of China under Grant 62073258, China Postdoctoral Science Foundation under Grant 2026MD794512"" [p.13]",No forbidden numbers appear. DOI valid.,VERIFIED
REC_1250,Long-Distance GNSS-Denied Visual Inertial Navigation for Autonomous Fixed-Wing Unmanned Air Vehicles: SO(3) Manifold Filter Based on Virtual Vision Sensor,"Eduardo Gallo, Antonio Barrientos",2023,Aerospace,10.3390/aerospace10080708,Spain,"""the absence of GNSS signals, inertial systems are forced to rely on dead reckoning, which results in position drift"" [p.3]","""to develop a navigation system capable of diminishing the position drift inherent to the flight in GNSS-denied conditions of an autonomous fixed-wing aircraft"" [p.1]","""The proposed navigation filter relies on the accurate incremental displacement outputs generated by a VO system, denoted here as a virtual vision sensor, or VVS"" [p.1]",VIO,"accelerometers, gyroscopes, magnetometers, camera",MIXED,NOT_REPORTED,Visual inertial navigation with SO(3) manifold filter and virtual vision sensor,NOT_REPORTED,fixed-wing UAV,METHOD,SIM,standalone inertial and visual systems,"""Proposed 70.19% reduction"" [p.18]","| metric | value + unit | baseline value | page |
| horizontal position NSE reduction (Scenario 1) | mean 70.19 m | inertial 7276 m | p.18 |
| horizontal position NSE reduction (Scenario 2) | mean 0.13 m | inertial 2161 m | p.18 |",NOT_REPORTED,"""the proposed system... can only reduce the position drift but not eliminate it."" [p.16]","""Future work will focus on addressing some of the limitations... restriction to fixed-wing vehicles... inability to fly at night or above clouds"" [p.20]","""RoboCity2030-DIH-CM, Madrid Robotics Digital Innovation Hub, S2018/NMT-4331"" [p.20]",No forbidden numbers appear. DOI valid.,VERIFIED
REC_1251,NOT_REPORTED,NOT_REPORTED,2023,Chinese Journal of Aeronautics,10.1016/j.cja.2023.07.006,China,"""High-accuracy localization and a stable controller are the most cited challenges for UAV close-formation tracking control in GPS-denied environments."" [p.1]","""we carefully designed a novel flight control system for UAV close formations in GPS-denied environments"" [p.1]","""A Deep Deterministic Policy Gradient (DDPG)-based control algorithm is proposed"" [p.2]",COOPERATIVE,Lidar,MIXED,NOT_REPORTED,Lidar-based localization + DDPG formation control,NOT_REPORTED,VTOL UAV,METHOD,BOTH,"FDPPC, ACFC, IRFC","""Proposed method 0.2593 0.2708"" [p.11]","| metric | value + unit | baseline value | page |
| POS RMSE | 0.2593 m | FDPPC 10.6234 m | p.11 |
| VEL RMSE | 0.2708 m | FDPPC 0.6067 m | p.11 |","""compared three DRL-based formation control algorithms"" [p.9]","""the combination of the proposed system with a visual navigation system will be investigated in our future work."" [p.14]","""combination of the proposed system with a visual navigation system will be investigated"" [p.14]","""National Natural Science Foundation of China (No. 52072309), Key Research and Development Program of Shaanxi, China (No. 2019ZDLGY14-02-01), Shenzhen Fundamental Research Program, China (No. JCYJ20190806152203506), Aeronautical Science Foundation of China (No. ASFC-2018ZC53026), Funding Project with Beijing Institute of Spacecraft System Engineering, China (No. JSZL2020203B004), the Basic Research Program of Taicang, China (No. TC2021JC09)"" [p.14]",Title and authors are missing from the provided text. No DOI visible. No forbidden numbers appear.,VERIFIED
REC_1252,Artificial Intelligence-Based Decision Support System for UAV Control in a Simulated Environment,"Przemyslaw Sujecki, Damian Frajszczak",2026,Sensors,10.3390/s26082436,Poland,"""In contested environments, this assumption may no longer hold because GNSS degradation, radio-frequency interference, and intentional jamming can disrupt positioning and communication, thereby reducing mission effectiveness and safety."" [p.1]","""the practical problem addressed in this paper is not jammer detection itself, but autonomous mission-level decision-making after external navigation and communication reliability has been degraded."" [p.2]","""we investigate a reinforcement learning (RL)-based decision-support system for the autonomous control of a quadrotor UAV in a three-dimensional simulated environment."" [p.1]",OTHER,"Ray Perception Sensors, IMU",MIXED,NOT_REPORTED,Reinforcement learning (REINFORCE and PPO),NOT_REPORTED,quadrotor UAV (simulated),METHOD,SIM,REINFORCE,"""PPO 71% success rate, REINFORCE 10%"" [p.22]","| metric | value + unit | baseline value | page |
| Success rate (PPO) | 71% | REINFORCE 10% | p.22 |
| Cumulative reward (PPO) | 1.1669 | REINFORCE -1.018 | p.22 |","""staged training procedure"" [p.3]","""the current evaluation is primarily simulation-based and conducted in simplified environments."" [p.1]","""Future work should include broader validation in multiple unseen environments, robustness analysis under varying initial conditions, and structured sensitivity studies"" [p.22]","""financed by the Military University of Technology under the research project UGB 531-000023-W500-22/2025."" [p.24]",No forbidden numbers appear. DOI valid.,VERIFIED
REC_1253,Real-Time Autonomous UAV Navigation with SLAM-Based Mapping and Direction-Oriented Exploration in Forest-like GNSS-Denied Scenarios,"Yuan-Ting Wu, Yi-Cheng Huang",2026,Drones,10.3390/drones10060399,Taiwan,"""autonomous UAV navigation faces challenges related to localization uncertainty and limited onboard sensing capability."" [p.1]","""reliable UAV navigation in GNSS-denied and highly occluded environments can be achieved without heavy multi-sensor payloads"" [p.1]","""integrating RTAB-Map SLAM, DWA-based local planning, and a direction-oriented frontier exploration strategy."" [p.1]",SLAM,Intel RealSense D435i depth camera,MIXED,NOT_REPORTED,RTAB-Map SLAM + DWA + direction-oriented frontier exploration,NOT_REPORTED,quadrotor UAV,SYSTEM,SIM,NO_BASELINE,"""traversal RMSE values of 0.195 m, 0.197 m, and 0.420 m and return RMSE values of 0.295 m, 0.474 m, and 1.084 m"" [p.1]","| metric | value + unit | baseline value | page |
| Traversal RMSE (low) | 0.195 m | - | p.1 |
| Return RMSE (low) | 0.295 m | - | p.1 |
| Traversal RMSE (high) | 0.420 m | - | p.1 |
| Return RMSE (high) | 1.084 m | - | p.1 |",NOT_REPORTED,"""the current evaluation is primarily simulation-based and conducted in simplified environments."" [p.1-2]","""Future work will focus on physical UAV experiments and more realistic GNSS-denied environments."" [p.2]","""National Science and Technology Council in part with grant number 114-2218-E-005-004."" [p.29]",No forbidden numbers appear. DOI valid.,VERIFIED
REC_1267,Field-Testing of a UAV-UGV Team for GNSS-Denied Navigation in Subterranean Environments,"Jason Gross, Matteo De Petrillo, Jared Beard, Hayden Nichols, Tommy Swiger, Ryan Watson, Connor Kirk, Cagri Kilic, Jacob Hikes, Emily Upton, Derek Ross, Matt Russell, Yu Gu, Christopher Griffin",2019,NOT_REPORTED,NOT_REPORTED,USA,"""subterranean environments pose many operational challenges for autonomous robots including: poor lighting conditions, harsh traversability, lack of access to GNSS signals"" [p.1]","""a key enabling technology for the use of autonomous robots in subterranean environments is the ability of the robot to localize itself within a map."" [p.1]","""a cooperative UAV and UGV system, in which a UGV is available to produce a 3D map of the unknown environment and provide the sensing needed to localize the UAV within the map."" [p.1]",COOPERATIVE,"UGV: fish-eye camera, 3D LIDAR, UWB; UAV: IMU, laser altimeter",UNDERGROUND,NOT_REPORTED,Cooperative UAV-UGV navigation with EKF,NOT_REPORTED,UAV (multi-rotor) and UGV (Husky),SYSTEM,REAL,VICON motion capture (reference),"""median 3D positioning error is below 1 meter and the RMS error is between 2 and 3 meters"" [p.10]","| metric | value + unit | baseline value | page |
| Median 3D positioning error | < 1 m | - | p.10 |
| RMS 3D positioning error | 2.16-2.60 m | - | p.10 |",NOT_REPORTED,"""performance of the presented approach is heavily dependent on the availability of the camera and LIDAR updates from the UGV."" [p.12]","""couple this EKF with a planner that takes into account the uncertainties within the navigation system"" [p.12]","""National Geospatial-Intelligence Agency's Academic Research Program (Award No. HM0476-18-1-2000)"" [p.13]",No forbidden numbers appear. No DOI or venue visible.,VERIFIED
REC_1270,NOT_REPORTED,"Marco Pinter, Petr Marcon",2024,NOT_REPORTED,10.13164/eeict.2024.96,Czech Republic,"""navigation of UAV in three-dimensional space using visual odometry... navigation of the UAV without GNSS is becoming a critical part of autonomous navigation systems"" [p.1]","""development of UAV navigation system using visual data in GNSS-denied areas"" [p.1]","""we are focusing on the use of visual odometry (VO) for UAV position estimation"" [p.1]",VIO,Intel RealSense D455 depth camera,MIXED,NOT_REPORTED,Visual odometry with RTAB-Map,NOT_REPORTED,Holybro X500 airframe,SYSTEM,BOTH,GPS,"""average deviation in the x-axis was 0.294 m, in the y-axis was -0.431 m, and in the z-axis was 0.357 m"" [p.4]","| metric | value + unit | baseline value | page |
| Average deviation x | 0.294 m | GPS | p.4 |
| Average deviation y | -0.431 m | GPS | p.4 |
| Average deviation z | 0.357 m | GPS | p.4 |",NOT_REPORTED,"""maximum absolute deviation was observed in the Y-axis, with a value of 3.474 m"" [p.4]","""make tests on a real drone"" [p.4]",NOT_REPORTED,Title and venue missing. No DOI. No forbidden numbers appear.,VERIFIED
REC_1274,NOT_REPORTED,"Antonio Alonso-Cepeda, et al.",2026,Remote Sensing,10.3390/rs18081133,Spain,"""Post-blast operations in tunnel construction represent a critical bottleneck due to mandatory downtime and hazardous environmental conditions."" [p.1]","""to develop and validate an integrated cyber-physical architecture that coordinates an autonomous Unmanned Aerial Vehicle (UAV) and an Autonomous Wheel Loader (AWL) under the supervision of a Digital Twin"" [p.1]","""an integrated cyber-physical architecture that coordinates an autonomous Unmanned Aerial Vehicle (UAV) and an Autonomous Wheel Loader (AWL) under the supervision of a Digital Twin"" [p.1]",COOPERATIVE,"UAV: 3D LiDAR, thermal camera; AWL: LiDAR, cameras, radar",UNDERGROUND,NOT_REPORTED,"Integrated cyber-physical architecture with UAV, AWL, and Digital Twin",NOT_REPORTED,UAV (custom quadrotor) and AWL (wheel loader),SYSTEM,REAL,NOT_REPORTED,"""mapped the excavation front in less than 8 min... operations to commence 50% to 80% earlier... reduced daily operational time by approximately 8%... ROI between one and seven months"" [p.1]","| metric | value + unit | baseline value | page |
| Mapping time | < 8 min | - | p.1 |
| Start operations earlier | 50-80% | - | p.1 |
| Daily time reduction | ~8% | - | p.1 |
| ROI | 1-7 months | - | p.1 |",NOT_REPORTED,"""validation was conducted using artificial aerosols... does not simulate the high thermal gradients or overpressure waves present in a live blast."" [p.19]","""enhancing communication robustness through industrial-grade private networks, such as 5G"" [p.21]","""Horizon Europe Research and Innovation Actions program under the grant agreement No. 101058548 (Project BEEYONDERS)"" [p.22]",No forbidden numbers appear. DOI valid.,VERIFIED
REC_1277,PG-TLNet: A Physics-Guided Neural Network for Real-Time Aeromagnetic Interference Compensation in UAV Systems,"Shiyao Wang, Liran Ma, Yu Wang, Dongguang Li, Jianbo Luo",2026,Drones,10.3390/drones10040252,"China (Tsinghua University, Beijing Institute of Technology)","""Geomagnetic navigation is a promising alternative for positioning and localization of UAV swarm systems in GNSS-denied environments. However, strong and heterogeneous electromagnetic interference generated by onboard power, propulsion, and electronic subsystems severely degrades magnetic measurement fidelity, limiting the achievable accuracy of cooperative UAV swarm navigation."" [p.1]","""By ensuring reliable and consistent magnetic measurements at the individual UAV node level, the proposed framework establishes a practical sensing foundation for geomagnetic navigation and distributed magnetic sensing in UAV swarm systems operating in GNSS-denied environments."" [p.2]","""To address this challenge, this paper proposes PG-TLNet, a physics-guided aeromagnetic interference compensation framework based on the extended Tolles-Lawson (T-L) model."" [p.1]",HYBRID,"Five scalar magnetometers, one vector magnetometer (Flux_1), IMU, current and voltage sensors.",MIXED,NOT_REPORTED,PG-TLNet,NOT_REPORTED (data not publicly available),Large airborne platform (fixed-wing) used as experimental platform; the method is designed for UAV platforms.,METHOD,REAL,"Conventional Tolles-Lawson (TL) model, 1D-CNN-TLNet, BPNN, IMGNN","""PG-TLNet achieves an the standard deviation (STD) of 26.64 nT, representing 85.2% reduction relative to the T-L model (179.99 nT)."" [p.13-14]
""For the more challenging Flt_7 flight, the STD is further reduced to 24.15 nT, corresponding to a 74.61% improvement over the T-L baseline (95.12 nT)."" [p.14]
""The total processing time for 274,480 samples was 25.72 s, corresponding to an average per-sample latency of approximately 0.094 ms (94 μs)."" [p.17]","| metric | value + unit | baseline value | page |
|--------|--------------|----------------|------|
| STD (Flt_3) | 26.64 nT | TL: 179.99 nT | p.14 |
| STD (Flt_7) | 24.15 nT | TL: 95.12 nT | p.14 |
| IR (Flt_3) | 14.26 | TL: 2.11 | p.15 |
| IR (Flt_7) | 16.27 | TL: 4.13 | p.15 |
| Inference latency | 94 μs per sample | NOT_REPORTED | p.17 |","Feature-source ablation: electrical features alone vs. maneuver features alone. Network depth ablation: 2, 3, 5, 7, 8 layers. Five-layer architecture chosen.
""To further analyze the influence of different auxiliary feature sources, a feature-source ablation study was conducted using a two-branch CNN architecture."" [p.20]
""Five configurations with different numbers of convolutional layers (2, 3, 5, 7, and 8 layers) were evaluated while keeping the input features and training strategy unchanged."" [p.21]","""First, under extreme electrical fault conditions, such as sudden high-current surges or abnormal electromagnetic coupling events, the linear-nonlinear hybrid structure may experience temporary performance degradation due to out-of-distribution signals. Second, in dense swarm operations, potential electromagnetic coupling among closely spaced UAVs may introduce additional interference components that are not explicitly modeled in the present framework."" [p.23]","""Future work will investigate adaptive domain-shift detection mechanisms and cross-platform transfer strategies to enhance robustness across UAV platforms with radically different electrical architectures. Furthermore, cooperative swarm-level compensation strategies incorporating inter-node communication will be explored."" [p.23]",National Natural Science Foundation of China (grant 52488101) and Fundamental and Interdisciplinary Disciplines Breakthrough Plan of the Ministry of Education of China (grant JYB2025XDXM209).,"- The paper uses ""nanotubes"" (p.23) where ""nanoteslas"" is meant. This is a typo in the source.
- Table 5 is split across two columns with duplicated headers; the extraction uses the values as reported.
- The term ""groupup"" in Equation (2) appears to be a typo for ""round up"".
- No forbidden numbers were encountered.",VERIFIED
REC_1282,A Lidar-Inertial Navigation System for UAVs in GNSS-Denied Environment with Spatial Grid Structures,"Zhen Qiu, Jie Lv, De Lin, Yang Yu, Zheng Sun, Zhen Zheng",2023,Applied Sciences,10.3390/app13010414,"China (Beijing Institute of Technology, Norinco Company)","""However, the existing algorithms cannot accurately extract the required feature points in the spatial grid structure, resulting in reduced positioning accuracy."" [p.1]","""Therefore, seeking to address the problems in applying lidar navigation systems in GNSS-denied environments with spatial grid structures, we propose a lidar-inertial navigation system for UAVs based on grid line features and grid surface features."" [p.2]","""To solve this problem, we propose a lidar-inertial navigation system based on grid and shell features in the environment."" [p.1]",LIDAR,"Surround lidar (VLP-16), six-axis IMU",INDOOR,NOT_REPORTED,NOT_REPORTED (lidar-inertial navigation system based on grid and shell features),NOT_REPORTED,Quadrotor UAV,SYSTEM,REAL,"LOAM, F-LOAM, LIO-SAM, DJI","""It can be seen that the accuracy of the landing point position calculated by the proposed navigation system is significantly better than for the other navigation systems in the x-axis and y-axis directions."" [p.12]
""The average processing time of the proposed system for a single-scan lidar point cloud is under 50 ms."" [p.13]","| metric | value + unit | baseline value | page |
|--------|--------------|----------------|------|
| Landing point error X | 0.0550 m | LIO-SAM: -8.6679 m; F-LOAM: 2.1266 m; DJI: -11.8198 m | p.13 |
| Landing point error Y | -0.0454 m | LIO-SAM: -1.9806 m; F-LOAM: -7.2650 m; DJI: -7.1752 m | p.13 |
| Landing point error Z | -0.0880 m | LIO-SAM: 0.0399 m; F-LOAM: 1.4190 m; DJI: -0.5295 m | p.13 |
| Processing time per scan | < 50 ms (average) | F-LOAM: ~1000 ms; LIO-SAM: ~100 ms | p.13 |",NOT_REPORTED,NOT_REPORTED,NOT_REPORTED,"""This research received no external funding."" [p.15]","- The paper uses ""dened"" instead of ""denied"" in several places (e.g., p.7). This is a typo in the source.
- Figure 8 caption mentions ""dened"" (p.9).
- The term ""groupup"" appears in Equation (2) as ""groupup"" - likely a typo for ""round up"".
- No forbidden numbers were encountered.",VERIFIED
REC_1283,Cooperative Monocular-Based SLAM for Multi-UAV Systems in GPS-Denied Environments,"Rodrigo Munguía, Juan-Carlos Trujillo, Edmundo Guerra, Antoni Grau",2018,Sensors,10.3390/s18051351,"Mexico (University of Guadalajara), Spain (Technical University of Catalonia)","""Nevertheless, the use of GPS presents some drawbacks, for instance, the precision error can be substantial, and it provides poor operability due to multipath propagation. However, several mission profiles require the UAVs to fly in GPS-challenging or GPS-denied environments, as in natural and urban canyons."" [p.1]","""In order to improve the observability properties, some measurements of the relative distance between the UAVs are included in the system. These relative distances are also obtained from visual information."" [p.1]","""This work presents a cooperative monocular-based SLAM approach for multi-UAV systems that can operate in GPS-denied environments."" [p.1]",VIO,"Monocular cameras, IMU (for orientation)",MIXED,NOT_REPORTED,EKF-Cooperative Monocular SLAM,NOT_REPORTED,Quadcopters,METHOD,SIM,"Monocular SLAM, Stereo SLAM, Hybrid Stereo-Monocular SLAM, Monocular SLAM + GPS + IMU","""Table 2 summarizes the Mean Squared Error (MSE) for the position in the three axes of Quad 1."" [p.15]
""The results show that the proposed cooperative system has a better performance than the monocular SLAM + GPS + IMU system, regarding the error obtained in the estimation of the position of the landmarks, although the latter has more sources of information provided by its sensors."" [p.20]","| metric | value + unit | baseline value | page |
|--------|--------------|----------------|------|
| MSE X (cooperative) | 0.36 m | Monocular: 30.31 m; Stereo: 28.42 m; Mono+Stereo: 12.64 m | p.17 |
| MSE Y (cooperative) | 0.05 m | Monocular: 6.28 m; Stereo: 5.33 m; Mono+Stereo: 1.51 m | p.17 |
| MSE Z (cooperative) | 0.008 m | Monocular: 2.36 m; Stereo: 3.82 m; Mono+Stereo: 2.85 m | p.17 |
| MSE X (cooperative, with failures) | 0.85 m | Monocular+GPS+IMU: 0.01 m | p.20 |
| MSE Y (cooperative, with failures) | 0.23 m | Monocular+GPS+IMU: 0.04 m | p.20 |
| MSE Z (cooperative, with failures) | 0.07 m | Monocular+GPS+IMU: 0.05 m | p.20 |","Comparison of cooperative system with three single-robot SLAM configurations (monocular, stereo, hybrid stereo-monocular). Also robustness tests with introduced failures (outliers, communication outages, homography failures).
""With the intention of making an exhaustive analysis of the performance of the proposed system, a comparison is carried out with respect to the other three typical single-robot SLAM configurations."" [p.14]
""In order to take into account the above practical considerations, a set of additional computer simulations is presented. In this case, based on the same simulation setup used previously, the following aspects are now added: (i) outliers for the visual data association in each camera; (ii) outliers for the cooperative visual data association; (iii) outages of communication between robots; (iv) failures in the homography-based technique..."" [p.18]","""However, although computer simulations are useful for evaluating the full statistical consistency of the methods, they can still neglect important practical issues that appear when the methods are used in real scenarios."" [p.22]
""Furthermore, a problem that can arise in multi-robot systems, contrary to the mono-robot systems, is related to the communication issues between robots. This problem can cause loss of information or even make the interchange of information impossible during certain periods."" [p.18]","""Therefore, it should be interesting to investigate more practical aspects, like the homography-based technique or the pseudo-stereo matching process."" [p.22]
""Future work should be focused on developing experiments with real data in order to validate the applicability of the proposed approach fully."" [p.22]","""This research has been funded by AEROARMS EU Project H2020-ICT-2014-1-644271."" [p.22]","- The paper is an extended version of a conference paper published in I3S 2017.
- Equation numbering skips from (8) to (9) in some places; extracted as reported.
- Table 1 has some overlapping text in the unobservable modes column; extracted as best as possible.
- No forbidden numbers were encountered.",VERIFIED
REC_1285,Unmanned Autonomous Aerial Navigation in GPS-Denied Environments,"Noshin Habib, Angel Flores-Abad, Josué Martínez-Martínez, Diego A. Aponte-Roa, Albert A. Espinoza",2019,NOT_REPORTED (conference paper),10.18687/LACCEI2020.1.1.349,"USA (University of Texas at El Paso), Puerto Rico (Universidad Ana G. Méndez)","""To maintain the safety and efficiency of power plant operation, inspection of these facilities is a crucial process. However, these plants have areas that are difficult to inspect by humans due to limited space between structures or harmful chemicals that may negatively affect the inspector."" [p.1]","""Therefore, it has been proposed to utilize a small, unmanned quadcopter integrated with autonomous navigation by using an alternate signal in place of GPS. The quadcopter can gain the ability to navigate to desired coordinates without the need for GPS, which can often be unavailable within these structures."" [p.1]","""fake GPS"" signal. The PX4 firmware is modified to simulate GPS using predefined coordinates. The optical flow and fake GPS data are filtered by an Extended Kalman Filter for position estimation.
""To accomplish this, the UAV uses an optical flow sensor to determine the ground velocity and x-y position, and sonar for measuring the altitude. ... Using ROS and MAVLink, the communication can be modified to use 'fake GPS' data, instead of the actual GPS signal, to be published in the appropriate ROS topics to avoid GPS failures."" [p.1]",OTHER,"PX4Flow optical flow sensor, sonar (range finder), IMU",INDOOR,NOT_REPORTED,Fake GPS,NOT_REPORTED,Intel Aero Ready-to-Fly quadcopter,SYSTEM,BOTH,NO_BASELINE,"""The drone successfully navigated to the two waypoints that were assigned, as shown by Fig. 10."" [p.3]","| metric | value + unit | baseline value | page |
|--------|--------------|----------------|------|
| Waypoint navigation | Successful to 2 waypoints | NO_BASELINE | p.3 |
| Position data | Obtained from optical flow + sonar + EKF | NO_BASELINE | p.3 |",NOT_REPORTED,NOT_REPORTED,"""Since most power plant inspections are to be conducted indoors, the UAV needs to be more stable [11,12]. Thus, the future work plan is to replace the sonar with a lidar sensor capable of measuring up to 14 meters, with an update rate of 1000Hz. Additionally, image recognition capabilities are also in the works for the detection of abnormal features within the power plant."" [p.4]","""the Consortium for Integrating Energy System in Engineering and Science Education (CIESESE), an initiative funded by the U.S. Department of Energy (DENA0003330) and the Department of Energy (DE-FOA0001842)."" [p.4]","- The paper is a short conference paper (4 pages).
- The venue and DOI are not reported in the PDF.
- Figure 7 is referenced but not included in the PDF text extraction.
- No forbidden numbers were encountered.",VERIFIED
REC_1286,A Hybrid Camera Array-Based Autonomous Landing UAV on a Moving UGV in GPS-Denied Environment,"Qiang Ren, Tian Yang, Fangbing Zhang, Bing Xu, Hao Ren, Jing Li, Yizhai Zhang",2018,Remote Sensing,10.3390/rs10111829,"China (Northwestern Polytechnical University, Xidian University)","""At present, this technology is confronted with such problems as operating in GPS-denied environments, a low accuracy of target location, the poor precision of the relative motion estimation, delayed control responses, slow processing speeds, and poor stability."" [p.1]","""To address these issues, we present a hybrid camera array-based autonomous landing UAV that can land on a moving UGV in a GPS-denied environment."" [p.1]","""we present a hybrid camera array-based autonomous landing UAV that can land on a moving UGV in a GPS-denied environment."" [p.1]",VISION_OBJECT,"Fisheye lens camera (Point Grey GS3-U3-41C6NIR-C with Kowa LM4NCL lens), binocular stereo camera (MYNT EYE S1010-IR), IMU",MIXED,NOT_REPORTED,Hybrid camera array-based autonomous landing system,"UGV_Train_Data (102,003 images), UGV_test_Data (5,000+ images)","DJI-MATRICE 100 (UAV), remote-control vehicle (UGV)",SYSTEM,BOTH,ArUco detection method,"""the localization errors in the X, Y, and Z directions are in ranges of -0.5 to 0.5 m, -0.5 to 0.5 m, and 0.2 to 1.2 m, and are finally stable at 0.01 m, 0.01 m, and 0.08 m, respectively"" [p.16]
""the detection algorithm YOLOv3 achieved great performance in these scenarios. The average values of P, R, and F1 are higher than 99%."" [p.21]","| metric | value + unit | baseline value | page |
|--------|--------------|----------------|------|
| Localization error X | ±0.5 m (range), 0.01 m (final) | NOT_REPORTED | p.16 |
| Localization error Y | ±0.5 m (range), 0.01 m (final) | NOT_REPORTED | p.16 |
| Localization error Z | 0.2–1.2 m (range), 0.08 m (final) | NOT_REPORTED | p.16 |
| Detection Precision | 99.62% (total) | ArUco: poor | p.22 |
| Detection Recall | 99.59% (total) | ArUco: poor | p.22 |
| Detection F1 | 99.60% (total) | ArUco: poor | p.22 |","Comparison of YOLOv3-416 vs. YOLOv3-tiny; depth measurement precision analysis.
""To choose the better network model, we experimented with the YOLOv3-416 model and the YOLOv3-tiny model of YOLOv3 on our own dataset."" [p.26]","""(1) It is obvious that the landing performance depends on the result of the motion state estimation of the UGV. In motion compensation, the system extracts SIFT feature points for image matching. The extraction of feature points is related to the environment. When the ground below the flight area is white or low-texture, the extracted feature points may be few, leading to the failure of motion compensation. (2) The system can update the UAV speed every 100 ms due to the limitation of onboard processing capacity, and the UAV speed mutation also needs a certain amount of time. During the process of the UAV following the UGV at a low altitude, if the speed direction of the UGV changes considerably and the speed is very fast, it is difficult to command the UAV to follow the UGV in time."" [p.27-28]","""on the one hand, we aim to use a faster and more robust feature extraction method, such as the depth learning-based feature extraction and matching method SuperPoint [46], to address the problem that SIFT feature points are extracted slowly and are susceptible to a low-texture background. On the other hand, we will explore the UAV and UGV cooperative system to achieve the accurate perception of the environment and autonomous landing."" [p.28]","""National Natural Science Foundation of China under Grant 61672429, 61502364, 61272288, the National Students' platform for innovation and entrepreneurship training program under Grant 201710699243, and the Science, Technology and Innovation Commission of Shenzhen Municipality under Grant JCYJ20160229172932237."" [p.28]","- The paper uses ""dened"" instead of ""denied"" in several places (e.g., p.7). This is a typo in the source.
- Some equations have minor formatting issues in the text extraction (e.g., Equation 10).
- The term ""NVIDIA JETSON TX2"" is sometimes written as ""Jeston TX2"" (p.16). This is a typo.
- No forbidden numbers were encountered.",VERIFIED
REC_1289,A Global ArUco-Based Lidar Navigation System for UAV Navigation in GNSS-Denied Environments,"Zhen Qiu, De Lin, Rui Jin, Jie Lv, Zhen Zheng",2022,Aerospace,10.3390/aerospace9080456,China (Beijing Institute of Technology),"""With the continuous expansion of the application field of UAV intelligent systems to GNSS-denied environments, the existing navigation system can hardly meet low cost, high precision, and high robustness in such conditions. Most navigation systems used in GNSS-denied environments give up the connection between the map frame and the actual world frame, making them impossible to apply in practice."" [p.1]","""Therefore, this paper proposes a Lidar navigation system based on global ArUco, which is widely used in large-scale known GNSS-denied scenarios for UAVs."" [p.1]","""this paper proposes a global ArUco-based Lidar navigation system suitable for UAVs in a GNSS-denial environment."" [p.3]",HYBRID,"Velodyne-16 surround Lidar, MTI-300 inertial measurement unit, ZENMUSE X5S gimbal camera, global ArUco markers",INDOOR,NOT_REPORTED,Global ArUco-based Lidar navigation system,NOT_REPORTED,DJI Matrice200 RTK unmanned flight platform,SYSTEM,REAL,"LOAM, LIO-SAM","""The red scatters 'error' and 'error-XY' are the distance error between the ArUco_LIO and the true value of the three-dimensional position and the horizontal projection position, with DRMS of 0.04802 m and 0.03407 m, respectively. The blue scatters, 'error-x,' 'error-y,' and 'error-z' are, respectively, the absolute errors in the X, y, and Z directions of ArUco_LIO in the test, with an RMS of 0.02876 m, 0.01826 m, and 0.03385 m."" [p.22]","| metric | value + unit | baseline value | page |
|--------|--------------|----------------|------|
| Horizontal accuracy | 0.03407 m | NOT_REPORTED | p.22 |
| Vertical accuracy | 0.03385 m | NOT_REPORTED | p.22 |
| 3D DRMS | 0.04802 m | NOT_REPORTED | p.22 |
| RMS X | 0.02876 m | NOT_REPORTED | p.22 |
| RMS Y | 0.01826 m | NOT_REPORTED | p.22 |",NOT_REPORTED,NOT_REPORTED,NOT_REPORTED,"""This research received no external funding."" [p.23]","- The paper uses ""GNSS-denial"" in some places and ""GNSS-denied"" in others.
- Figure 12 in the text extraction contains a large block of repeated ""1 1 1..."" likely an OCR artifact.
- No forbidden numbers encountered.",VERIFIED
REC_1295,Digital Twin Approach for Drift-Free UAV Localization in GPS-Denied Environments,"Thomas Matiki, Yasutaka Narazaki, Girish Chowdhary, Billie F. Spencer Jr.",2025,Journal of Computing in Civil Engineering,10.1061/JCCEE5.CPENG-7010,USA (University of Illinois Urbana-Champaign),"""While simultaneous localization and mapping estimates UAV poses, drift often occurs and is typically corrected through loop closures. However, relying on loop closures limits UAV maneuverability to paths that enable loop formation."" [p.1]","""To overcome this, recent methods leverage digital twins by combining highly accurate three-dimensional (3D) models of the physical environment with identification of distinctive landmarks to enable drift-free localization."" [p.1]","""This paper presents a digital twin approach, termed herein as GBDTpose2 for drift-free UAV localization."" [p.2]",VISION_OBJECT,"Intel RealSense D455 camera, Jetson Nano edge device",MIXED,NOT_REPORTED,GBDTpose2,NOT_REPORTED,Holybro X500 drone,METHOD,BOTH,"ORB-SLAM3, RTAB-Map","""For all the tests reported in Figs. 10(a–h), the position estimates of the UAV show subcentimeter-level accuracy and do not drift; i.e., errors do not accumulate over time."" [p.15]","| metric | value + unit | baseline value | page |
|--------|--------------|----------------|------|
| Laboratory CEP X (Scenario 1) | 0.169 m | RTAB-Map: 0.760 m | p.15 |
| Laboratory CEP Y (Scenario 1) | 0.129 m | RTAB-Map: 0.131 m | p.15 |
| Laboratory CEP Z (Scenario 1) | 0.021 m | RTAB-Map: 0.076 m | p.15 |
| Laboratory CEP X (rotations) | 0.306 m | RTAB-Map: 3.657 m | p.16 |
| Laboratory CEP Y (rotations) | 0.085 m | RTAB-Map: 0.284 m | p.16 |
| Laboratory CEP Z (rotations) | 0.048 m | RTAB-Map: 0.314 m | p.16 |",NOT_REPORTED,"""On the other hand, GBDTpose2 is drift-free, but its position estimates are not smooth owing to selection of the wrong VC. Occasionally, the impact of suboptimal VC selection by GBDTpose2 (its most significant limitation) can persist over an extended duration"" [p.15-16]","""Future studies will focus on optimizing image spatial resolution alongside the HOG feature representation to improve performance. Additionally, the optimization of VC poses will be explored using the prior pose of the UAV, transmitted from the edge device."" [p.16]","""The authors would like to acknowledge the financial support by the U.S. Army Corps of Engineers (Contract/Purchase Order No. W9132rT-22-2-0014)."" [p.16]","- The paper contains some OCR artifacts in equations and tables.
- ""R"" is sometimes used instead of ""R"" etc.
- No forbidden numbers encountered.",VERIFIED
REC_1298,Cooperative Localization for GNSS-Denied Subterranean Navigation: A UAV-UGV Team Approach,"David Akhihiero, Uthman Olawoye, Shounak Das, Jason Gross",2024,NAVIGATION,10.33012/navi.677,USA (West Virginia University),"""These environments present significant challenges for autonomous navigation, as global navigation satellite system (GNSS) signals are often degraded or absent, lighting is poor, the terrain is typically rough, uneven, and unstructured, and pollutants such as dust and smoke, which can degrade sensor performance, are often encountered"" [p.1]","""The main focus of this design is to prolong the UAV mission time by reducing the UAV payload, sensing, and computational elements."" [p.1]","""This paper presents the architecture for localization of a UAV/UGV team and realizes the implementation using two different nonlinear state estimators."" [p.1]",COOPERATIVE,"UAV: IMU, laser altimeter, UWB radio, stereo camera. UGV: 3D lidar, MEMS IMU, UWB.",UNDERGROUND,NOT_REPORTED,Cooperative localization for UAV/UGV team,NOT_REPORTED,UAV Tarot 650 drone; UGV Husky,SYSTEM,REAL,NO_BASELINE,"""Measurements from the flight controller IMU were noisy and led to considerable INS errors when left unaided."" [p.23]
""the incremental FGO solution outperforms the EKF, particularly when there are fewer measurement updates."" [p.17]","| metric | value + unit | baseline value | page |
|--------|--------------|----------------|------|
| UGV SLAM 3D RMS | 0.404 m | NOT_REPORTED | p.14 |
| UAV EKF 3D RMS (all updates) | 0.552 m | NOT_REPORTED | p.21 |
| UAV FGO 3D RMS (all updates) | 0.447 m | NOT_REPORTED | p.21 |
| UAV EKF North RMS | 0.242 m | NOT_REPORTED | p.21 |
| UAV FGO North RMS | 0.315 m | NOT_REPORTED | p.21 |","Comparison of EKF vs FGO with different measurement update combinations.
""To improve UAV pose estimation, we systematically assessed the effects of adding various updates to the filter by post-processing the recorded data and excluding or including the use of various sensor information in each of the estimation algorithms."" [p.15]","""While our setup demonstrated efficient real-time data transmission between the UAV-mounted laser altimeter and the UGV through Wi-Fi, it is essential to recognize this limitation for applications in which latency is a critical concern, particularly in larger environments or settings with potential for significant delays in communication."" [p.23]","""In future works, the pose estimate of the UGV could be improved by using updates from the UAV, such as range measurements, and by taking advantage of pseudo-measurement constraints of the UGV."" [p.23]","""This research was supported in part by an academic grant from the National Geospatial-Intelligence Agency (NGA) (Award No. HM0476-18-1-2000, Project Title: Autonomous Navigation of Small UAV/UGV Teams in Underground Tunnels)."" [p.24]","- Some tables in the text extraction have duplicated headers.
- The paper uses ""Fast-LIO"" and ""FAST-LIO"" inconsistently.
- No forbidden numbers encountered.",VERIFIED
REC_1302,Federated Energy-Aware Deep Reinforcement Learning for GNSS-Independent Swarm UAV Autonomy ?,"Nikolaos D. Almalis, George Baris, Nikolaos Armenakis, George A. Tsihrintzis",2026,Electronics,10.3390/electronics15143064,Greece (University of Piraeus),"""Achieving scalable swarm autonomy in Global Navigation Satellite System (GNSS)-denied and communication-constrained environments remains an open challenge at the intersection of robotics, distributed optimization, and reinforcement learning."" [p.1]","""This paper introduces a unified federated deep reinforcement learning architecture that enables GNSS-independent multi-UAV autonomy through the principled integration of multi-modal perception, decentralized policy optimization, energy-aware control, and edge-compliant inference."" [p.1]","""The proposed framework formulates joint navigation and dynamic target tracking as a partially observable Markov decision process optimized via Proximal Policy Optimization (PPO) over structured motion primitives."" [p.1]",COOPERATIVE,"1080p RGB camera, FLIR thermal camera, Intel RealSense D435 depth sensor, 9-DOF IMU",MIXED,NOT_REPORTED,Federated deep reinforcement learning architecture,NOT_REPORTED,DJI Matrice 100 quadrotor,SYSTEM,BOTH,"Rule-Based Controller, Centralized PPO, Commercial DJI SDK Controller","""The proposed framework achieved a mean detection accuracy of approximately 92% (Figure 3)."" [p.18]
""Tracking performance yielded an average IoU of 0.83 (Figure 4)"" [p.18]","| metric | value + unit | baseline value | page |
|--------|--------------|----------------|------|
| Detection accuracy | 92.30% | Centralized: 81.50%; Rule-based: 86.90% | p.18 |
| Tracking IoU | 0.83 | NOT_REPORTED | p.18 |
| Navigation deviation | 1.2 m | Centralized: 2.50 m; Rule-based: 3.00 m | p.19 |
| Energy consumption | 8.50 Wh | Centralized: 10.20 Wh; Rule-based: 12.80 Wh | p.19 |
| Robustness score | 95% | Centralized: 85%; Rule-based: 60% | p.20 |
| Inference latency | <120 ms | NOT_REPORTED | p.19 |","""To systematically evaluate the contribution of each architectural component, we conducted a series of controlled ablation experiments."" [p.21]
Ablations include thermal fusion, federated learning, domain randomization, discrete action space, energy-aware rewards.","""A limitation of the present study is that physical field deployment evidence is limited to single-UAV trials."" [p.23]","""Future work will include physical swarm-scale validation with multiple UAV agents, including synchronized multi-UAV flight trajectories, inter-agent communication measurements, real-world federated aggregation logs, and quantitative analysis of policy divergence under non-IID field conditions."" [p.25]","""This research received no external funding."" [p.26]","- The title is not present in the page 1 text extraction; title was inferred from the journal header and abstract. This is an anomaly.
- Author order is uncertain from the page 1 extraction; author list taken from the author contributions section.
- No forbidden numbers encountered.",VERIFIED
REC_1304,Formation-Constrained Cooperative Localization for UAV Swarms in GNSS-Denied Environments,"Qin Li, Peng Wang, Xiaochun Li, Jieyong Zhang, Ying Luo, Wangsheng Yu, Haiyan Cheng",2026,Sensors,10.3390/s26061984,China (Air Force Engineering University),"""Cooperative localization is critical for UAV swarm operations in GNSS-denied environments."" [p.1]
""for complex swarm operations, conventional methods fail to sufficiently exploit formation geometry information as complementary prior knowledge, limiting accuracy and robustness in dynamic conditions."" [p.3]","""This gap motivates the need for a systematic approach that explicitly incorporates formation constraints as a priori knowledge in the localization optimization process."" [p.3]","""we propose a formation-constrained cooperative localization method to improve accuracy by integrating known formation geometry into the localization process."" [p.1]",COOPERATIVE,UWB for TOA/AOA measurements,MIXED,NOT_REPORTED,Formation-constrained cooperative localization (FCL),NOT_REPORTED,UAV swarm (N agents),METHOD,SIM,"Random, Convex, Standard GNA, Brute Force, LRL, Hybrid TDOA/AOA","""The simulation results demonstrate that the proposed FCL method consistently outperforms both the LRL and the hybrid TDOA/AOA benchmarks across all tested formation types."" [p.16]","| metric | value + unit | baseline value | page |
|--------|--------------|----------------|------|
| Median RMSE (Line + Wingman) | 0.1440 m | LRL: 0.1735 m; Hybrid TDOA/AOA: 0.1783 m | p.17 |
| Median RMSE (Grid) | 0.0634 m | LRL: 0.1045 m; Hybrid TDOA/AOA: 0.1007 m | p.17 |
| Median RMSE (Diamond) | NOT_REPORTED | NOT_REPORTED | p.18 |
| Median RMSE (Circular) | 0.0637 m | LRL: 0.1077 m; Hybrid TDOA/AOA: 0.1058 m | p.18 |
| Runtime (Line + Wingman) | 0.0087 s | LRL: 0.0081 s; Hybrid: 0.0080 s | p.18 |","""The performance of the proposed formation-constrained backbone selection strategy is compared with several benchmark methods, as illustrated in Figure 2."" [p.15]
Comparison of Random, Convex, Standard GNA, Formation-constrained GNA, Brute Force.","""The current formulation assumes a known, fixed formation geometry encoded in the distance matrix D_f"" [p.12]
""The present analysis is confined to the planar case for clarity."" [p.4]","""Potential extensions include applying the proposed method to three-dimensional (3D) UAV formations and to online estimation of time-varying formation geometry; the integration of multi-task collaboration with formation-constrained localization also merits further investigation."" [p.19]","""This research was funded by the Natural Science Basic Research Program of Shaanxi Province under Grant 2024JC-YBQN-0699 and by the China Postdoctoral Science Foundation under Grant 2023M734271."" [p.19]","- Some tables in the text extraction have OCR artifacts.
- Figure 2 is split across pages with subfigures (a)-(d).
- No forbidden numbers encountered.",VERIFIED
REC_1306,UAV Visual Localization in GNSS-Denied Environments,Wang T.-C.; Tsou L.-H.; Jhan J.-P.; Tang R.-S.,2026,NOT_REPORTED,10.5194/isprs-archives-XLIX-B1-2026-55-2026,"Taiwan (NTUST, NCSIST)","""Navigating Unmanned Aerial Vehicles (UAVs) in Global Navigation Satellite System (GNSS)-denied environments requires reliable autonomous localization techniques."" [p.1]","""This study proposes a vision-based localization framework utilizing satellite true orthophotos and Digital Surface Models (DSMs) as absolute geospatial references."" [p.1]","""This study proposes a vision-based localization framework utilizing satellite true orthophotos and Digital Surface Models (DSMs) as absolute geospatial references."" [p.1]",VISION_OBJECT,Industrial monochrome camera,MIXED,NOT_REPORTED,NOT_REPORTED,Multi-altitude dataset (100–250 m),VTOL UAV,METHOD,REAL,NO_BASELINE,"""Experimental evaluations demonstrate that the framework achieves meter-level absolute positioning accuracy and stable pose estimation."" [p.1]","| metric | value + unit | baseline value | page |
|--------|--------------|----------------|------|
| Absolute positioning accuracy | meter-level | NO_BASELINE | p.1 |","Analysis of keypoint quantity, terrain type, flight altitude, and satellite tile size.
""the analysis is organized into four parts, including multi-altitude evaluation, terrain-dependent performance, comprehensive localization analysis, and computational efficiency assessment."" [p.4]","""low-texture environments and lower flight altitudes present persistent challenges for continuous visual tracking."" [p.1]
""the limited availability of stable visual structures constrains both successful matching and the subsequent pose estimation."" [p.5]","""Future work may consider integrating short-term visual odometry or image-to-map domain adaptation techniques to further improve localization robustness in texture-poor scenes and under larger appearance discrepancies between UAV imagery and satellite references."" [p.7]","""This work was supported by the National Chung-Shan Institute of Science and Technology under the project entitled 'Geographical Image Positioning of Unmanned Aerial Vehicles' (Project No. NCSIST-ACOM-114-172C001)."" [p.7]","- Title and authors are not reported in the extracted text.
- No forbidden numbers encountered.",VERIFIED
REC_1307,An Architecture for Robust UAV Navigation in GPS-denied Areas,"Francisco J. Perez-Grau, Ricardo Ragel, Fernando Caballero, Antidio Viguria, Anibal Ollero",2018,NOT_REPORTED,NOT_REPORTED,"Spain (University of Seville, CATEC)","""some applications require the aerial vehicles to fly in confined environments where GPS might be unreliable or even unavailable."" [p.1]","""there is still a need for reliability in several key enabling technologies to achieve a safe and robust autonomous system, such as localization, navigation and planning."" [p.1]","""This article presents a software architecture for safe and reliable autonomous navigation of aerial robots in GPS-denied areas."" [p.1]",HYBRID,"VI-Sensor (stereo camera + IMU), RGB-D camera (Orbbec Astra)",INDOOR,NOT_REPORTED,NOT_REPORTED,NOT_REPORTED,AscTec Neo hexacopter,SYSTEM,BOTH,"CCNY RGBD-Tools, RTAB-Map, RGBD-SLAM","""Table 3 summarizes general RMS errors compared to those from our approach."" [p.28]","| metric | value + unit | baseline value | page |
|--------|--------------|----------------|------|
| RMS X | 0.141 m | CCNY: 1.075 m; RTAB-Map: 0.285 m; RGBD-SLAM: 0.470 m | p.29 |
| RMS Y | 0.313 m | CCNY: 0.220 m; RTAB-Map: 0.174 m; RGBD-SLAM: 0.583 m | p.29 |
| RMS Z | 0.196 m | CCNY: 0.710 m; RTAB-Map: 0.734 m; RGBD-SLAM: 0.617 m | p.29 |
| RMS yaw | 5.833° | CCNY: 15.917°; RTAB-Map: 9.25°; RGBD-SLAM: 9.849° | p.29 |",NOT_REPORTED,"""our system can only handle limited types of obstacles, such as human workers or other UAVs"" [p.34]
""degradation of batteries is a significant issue"" [p.32]","""Future work will focus on taking into account that such systems would perform autonomous navigation in a wide variety of scenarios"" [p.34-35]","EU projects (EuRoC, AEROARMS, AERO-MAIN, OCELLIMAV).",- No forbidden numbers encountered.,VERIFIED
REC_1308,Multi-sensor Data Fusion for Autonomous Unmanned Aerial Vehicle Navigation in GPS Denied Environments,"Elif Ece Elmas, Mustafa Alkan",2024,NOT_REPORTED,10.47839/ijc.23.4.3762,"Turkey (National Defence University, Gazi University)","""Although the Global Positioning System (GPS) is a cornerstone of modern navigation, its accuracy can diminish in urban areas, indoors, and intentionally jammed locations."" [p.1]","""In this context, multi-sensor data fusion (MSDF) is suggested as a viable technique, as it integrates inputs from various sensors to create a more robust and reliable navigation solution."" [p.1]","""In this paper, a system has been developed that enables an AUAV flying along a predetermined route to reliably detect both fixed and moving obstacles in challenging environments where GPS signals are weak or absent, and to perform effective avoidance maneuvers to prevent potential collisions"" [p.1]",HYBRID,"GPS, IMU, digital compass, LiDAR, optical flow",MIXED,NOT_REPORTED,NOT_REPORTED,NOT_REPORTED,UAV (not specified),SYSTEM,BOTH,NO_BASELINE,"""Table 1 provides a comparison of the RMS error values for the position states obtained from VO/INS integration, VO/INS with GPR correction integration, and smart hybrid VAINS during the GNSS outage period with the ground truth-values."" [p.12]","| metric | value + unit | baseline value | page |
|--------|--------------|----------------|------|
| 3D position error (VO/INS) | 44.7 m | NOT_REPORTED | p.12 |
| 3D position error (VO/INS with GPR) | 22.4 m | NOT_REPORTED | p.12 |
| 3D position error (Smart Hybrid VAINS) | 13.2 m | NOT_REPORTED | p.12 |",NOT_REPORTED,"""Further research should explore the integration of artificial intelligence..."" [p.12]
Ethical and legal challenges.","""Further research should explore the integration of artificial intelligence for intelligent decision-making and predictive navigation"" [p.12]",NOT_REPORTED,- No forbidden numbers encountered.,VERIFIED
REC_1309,Vision-Based Unmanned Aerial Vehicle Swarm Cooperation and Online Point-Cloud Registration for Global Localization in Global Navigation Satellite System-Intermittent Environments,"Gonzalo Garcia, Azim Eskandarian",2026,NOT_REPORTED,10.3390/drones10010065,USA (Virginia Commonwealth University),"""Reliable autonomy for drones operating in GNSS-intermittent or denied environments requires both stable inter-vehicle coordination and a shared global understanding of the environment."" [p.1]","""This paper presents a unified vision-based framework in which UAVs use biologically inspired swarm behaviors together with online monocular point-cloud registration to achieve real-time global localization."" [p.1]","""This paper presents a unified vision-based framework in which UAVs use biologically inspired swarm behaviors together with online monocular point-cloud registration to achieve real-time global localization."" [p.1]",VISION_OBJECT,Monocular RGB cameras,MIXED,NOT_REPORTED,NOT_REPORTED,NOT_REPORTED,"Crazyflie 2.1+ UAVs, Wifibot Lab V4 ground vehicle",SYSTEM,BOTH,Baseline monocular SLAM,"""improves spatial alignment by more than a factor of four over baseline monocular SLAM"" [p.1-2]","| metric | value + unit | baseline value | page |
|--------|--------------|----------------|------|
| Spatial alignment improvement | >4x | Baseline monocular SLAM | 1-2 |
| Error reduction | 4:1 | Baseline | p.19 |",NOT_REPORTED,"""a detailed characterization of computational latency across different hardware platforms and flight regimes is required"" [p.20]","""Several important directions remain for future work. First, reproducibility and comparability will be strengthened through standardized benchmarks and open-source implementations. Second, ... computational latency ... Finally, a systematic analysis of localization error characteristics..."" [p.20]","""This research received no external funding."" [p.20]",- No forbidden numbers encountered.,VERIFIED
REC_1313,A smart hybrid vision aided inertial navigation system approach for UAVs in a GNSS denied environment,"M. M. Mostafa, A. M. Moussa, N. El-Sheimy, A. B. Sesay",2018,NAVIGATION,10.1002/navi.270,"Canada (University of Calgary), Egypt (Port-Said University)","""With UAVs performing missions in challenging and cluttered environments, the GNSS signals might be lost or suffer from attenuation, multipath effects, jamming, and spoofing."" [p.1]","""Consequently, using other aiding sensors or techniques is essential to limit the accumulated errors associated with INS measurements during the GNSS signal outage."" [p.1]","""In this study, a novel smart hybrid vision-aided inertial navigation system is proposed based on the main idea of optical flow-based for vision-aided inertial navigation using regression trees."" [p.1]",HYBRID,"XSens Mit-g INS/GNSS, Point Grey Flea2 camera",MIXED,NOT_REPORTED,Smart Hybrid VAINS,Public airborne dataset,Fixed-wing aircraft (from dataset),METHOD,REAL,"VO/INS integration, VO/INS with GPR correction","""Table 1 provides a comparison of the RMS error values for the position states obtained from VO/INS Integration, (VO/INS with GPR correction) and Smart Hybrid VAINS with respect to the ground truth-values"" [p.12]","| metric | value + unit | baseline value | page |
|--------|--------------|----------------|------|
| 3D position error (first outage, Smart Hybrid) | 13.2 m | VO/INS: 44.7 m; VO/INS with GPR: 22.4 m | p.12 |
| 3D position error (second outage, Smart Hybrid) | 25.5 m | VO/INS: 53.6 m; VO/INS with GPR: 33.4 m | p.12 |
| Enhancement from VO/INS (first outage) | 70.5% | NOT_REPORTED | p.12 |
| Enhancement from VO/INS (second outage) | 52.4% | NOT_REPORTED | p.12 |",NOT_REPORTED,"""the accuracy of 3-D positioning using these techniques is still affected by some factors such as the lack of the observed features, incorrect matches, and the accumulated positioning drift errors."" [p.1]",NOT_REPORTED,"Egyptian government, Canada Research Chairs, NSERC.",- No forbidden numbers encountered.,VERIFIED
REC_1316,Automated Method for SLAM Evaluation in GNSS-Denied Areas,"Dominik Merkle, Alexander Reiterer",2023,Remote Sensing,10.3390/rs15215141,"Germany (University of Freiburg, Fraunhofer IPM)","""Engineering structures like bridges shadow global navigation satellite system (GNSS), which complicates precise localization. Simultaneous localization and mapping (SLAM) algorithms offer a sufficient solution, since they do not require GNSS. However, testing and comparing SLAM algorithms in GNSS-denied areas is difficult due to missing ground truth data."" [p.1]","""This work presents an approach to measuring the performance of SLAM in indoor and outdoor GNSS-denied areas using a terrestrial scanner Leica RTC360 and a tachymeter to acquire point cloud and trajectory information."" [p.1]","""This work presents an approach to measuring the performance of SLAM in indoor and outdoor GNSS-denied areas using a terrestrial scanner Leica RTC360 and a tachymeter to acquire point cloud and trajectory information."" [p.1]",OTHER,"Two Velodyne VLP-16 LiDAR (horizontal and vertical), 3DM-GX5-25 IMU",MIXED,NOT_REPORTED,NOT_REPORTED (evaluation method),NOT_REPORTED,Husky mobile robotic platform (UGV),METHOD,REAL,"KISS-ICP, SC-LIO-SAM, MA-LIO","""MA-LIO performs best, followed by SC-LIO-SAM and KISS-ICP."" [p.10]
""SC-LIO-SAM reaches the lowest point cloud-to-reference point cloud distance in four of six test tracks, with 4 to 12 cm."" [p.13-14]","| metric | value + unit | baseline value | page |
|--------|--------------|----------------|------|
| RMS trajectory error (MA-LIO) | 5–7 cm | KISS-ICP: 0.154–2.089 m; SC-LIO-SAM: 0.055–1.693 m | p.10 |
| Point cloud to reference distance (SC-LIO-SAM) | 4–12 cm | KISS-ICP: 14.2–26.3 cm; MA-LIO: 8.1–12.1 cm | p.15 |",NOT_REPORTED,"""One limitation is the visual line of sight, which is required for tracking of the prism."" [p.17]
""Drawbacks of this method are the need of a tachymeter and that the respective environment must allow tracking of the prism."" [p.17]","""The future work will contain further study and integration of SLAM on different autonomous mobile platforms. This will include the study of different commercially available LiDAR sensors and LiDAR sensors manufactured at Fraunhofer IPM. The use or combination with visual SLAM and the integration on UAVs is also of research interest."" [p.19]","""This research is part of the Fraunhofer project 'Ganzheitliches Verfahren für eine nachhaltige, modulare und zirkuläre Gebäudesanierung—BAU-DNS'."" [p.20]",- No forbidden numbers encountered.,VERIFIED
REC_1320,Radar and visual odometry integrated system aided navigation for UAVS in GNSS denied environment,"M. M. Mostafa, S. Zahran, A. Moussa, N. El-Sheimy, A. B. Sesay",2018,Sensors,10.3390/s18092776,"Canada (University of Calgary), Egypt (Port-Said University)","""While flying in challenging environments, reliable Global Navigation Satellite System (GNSS) measurements cannot be guaranteed all the time, and the Inertial Navigation System (INS) navigation solution will deteriorate dramatically."" [p.1]","""This paper presents an integrated navigation system for Unmanned Aerial Vehicles (UAVs) in GNSS denied environments based on a Radar Odometry (RO) and an enhanced Visual Odometry (VO) to handle such challenges since the radar is immune against these issues."" [p.1]","""This paper presents an integrated navigation system for Unmanned Aerial Vehicles (UAVs) in GNSS denied environments based on a Radar Odometry (RO) and an enhanced Visual Odometry (VO) to handle such challenges since the radar is immune against these issues."" [p.1]",HYBRID,"K-MD2 FMCW radar, GoPro Hero4 camera, IMU (Pixhawk-2 with MPU-6000), barometer (MS5611), magnetometer, GNSS (U-blox)",MIXED,NOT_REPORTED,Integrated RO/VO/magnetometer/barometer navigation system,NOT_REPORTED,3DR Solo quadcopter,SYSTEM,REAL,"INS standalone, VO/INS integration","""The results demonstrate the ability of the proposed integrated system to reduce the 3D positioning errors to 2.06% for 30 s, and 0.13% during 113 s of the INS drift errors in the standalone mode during the GNSS signals outages period."" [p.20]","| metric | value + unit | baseline value | page |
|--------|--------------|----------------|------|
| 3D position error (first flight, 30 s outage) | 1.37 m | INS: 66.74 m; Enhanced VO: 1.75 m | p.20 |
| 3D position error (first flight, 113 s outage) | 3.18 m | INS: 2473 m; Enhanced VO: 4.84 m | p.20 |
| 3D position error (second flight, 60 s outage) | 2.29 m | INS: 74.39 m; Enhanced VO: 2.47 m | p.26 |
| 3D position error (second flight, 240 s outage) | 5.38 m | INS: 5878 m; Enhanced VO: 5.24 m | p.26 |",NOT_REPORTED,"""the accuracy for the estimated velocity from the RO was slightly less than those of the monocular VO, and the enhanced monocular VO, because the flight was performed over multiple objects with different altitudes, ranges, and angles."" [p.22]",NOT_REPORTED,"""This work was supported by research funds from the NSERC and Canada Research Chairs programs. Thanks also go to the funding of the first author by the Egyptian government."" [p.27]","- Title is not present on page 1; inferred from abstract.
- No forbidden numbers encountered.",VERIFIED
REC_1322,Indoor SLAM for Micro Aerial Vehicles Control using Monocular Camera and Sensor Fusion,"Sergio Garcia, M. Elena Lopez, Rafael Barea, Luis M. Bergasa, Alejandro Gomez, Eduardo J. Molinos",2016,2016 International Conference on Autonomous Robot Systems and Competitions,10.1109/ICARSC.2016.46,Spain (University of Alcala),"""Unfortunately, most indoor environments remain without access to external positioning systems, and autonomous MAVs are very limited in their ability to operate in these areas."" [p.1]","""This article aims to investigate a SLAM technique that fuses visual information and measurements from the inertial measurement unit (IMU), to robustly obtain the 6DOF pose estimation of a MAV within a local map of the environment."" [p.1]","""This article aims to investigate a SLAM technique that fuses visual information and measurements from the inertial measurement unit (IMU), to robustly obtain the 6DOF pose estimation of a MAV within a local map of the environment."" [p.1]",VSLAM,"Frontal fisheye camera, vertical camera, ultrasonic altimeter, 3-axis accelerometer, 2 gyroscopes, barometer",INDOOR,NOT_REPORTED,NOT_REPORTED,NOT_REPORTED,Parrot Bebop quadrotor,SYSTEM,REAL,NOT_REPORTED,"""the system is most accurate with prediction and both IMU and VSLAM correction stages."" [p.5]","| metric | value + unit | baseline value | page |
|--------|--------------|----------------|------|
| Position estimation | Improved with fusion | NOT_REPORTED | p.5 |","""we run the algorithm with each of the stages of the EKF separately - this is, only with prediction stage, only with IMU correction stage and only with VSLAM correction stage"" [p.5]","""most of these works have been limited to small workspaces that have definite image features and sufficient sunlight. Furthermore, computational time is too high for the fast dynamics of aerial vehicles, making difficult to control them."" [p.1]","""In future work comparisons between the performance of the system using each algorithm should be made and displayed."" [p.5]","""This work is supported in part by the ISLAMAV Project (CCG2015/EXP-044), which is funded by the University of Alcala and in part by the RoboCity2030 III-CM project (S2013/MIT-2748) funded by I+D Programs in Comunidad de Madrid and cofounded by Structured Funds of the UE."" [p.6]",- No forbidden numbers encountered.,VERIFIED
REC_1330,UAV VISUAL AUTOLOCALIZATION BASED ON AUTOMATIC LANDMARK RECOGNITION,"P. Silva Filho, E. H. Shiguemori, O. Saotome",2017,"ISPRS Annals of the Photogrammetry, Remote Sensing and Spatial Information Sciences",10.5194/isprs-annals-IV-2-W3-89-2017,"Brazil (IEAV, ITA)","""Deploying an autonomous unmanned aerial vehicle in GPS-denied areas is a highly discussed problem in the scientific community."" [p.1]","""This work presents a new real-time computer-vision position estimator for UAV navigation."" [p.1]","""This work presents a new real-time computer-vision position estimator for UAV navigation. The estimator uses images captured during flight to recognize specific, well-known, landmarks in order to estimate the latitude and longitude of the aircraft."" [p.1]",VISION_OBJECT,Monocular camera (Nadir view),MIXED,NOT_REPORTED,NOT_REPORTED (landmark recognition-based autolocalization),Aerial images from flight on 07/31/2015,Rotary-wing UAV (quadcopter),METHOD,SIM,GPS data,"""The results have shown that estimations are inside the error radius (DRMS) of the data obtained by the GPS equipment embedded in the UAV."" [p.4]","| metric | value + unit | baseline value | page |
|--------|--------------|----------------|------|
| Auto-localization error (landmark 1) | 9.8 m | GPS DRMS | p.4 |
| Auto-localization error (landmark 2) | 20.5 m | GPS DRMS | p.4 |
| Auto-localization error (landmark 3) | 24.4 m | GPS DRMS | p.4 |",NOT_REPORTED,"""Most works on landmark recognition for aerial navigation takes on the results of already developed object-recognition algorithms and adapt them to the different aerial circumstances."" [p.2]","""As Future works, an in-flight experiment is going to be performed, in order to better evaluate the position estimated during flight."" [p.5]","""This research is part of a project funded by the Brazilian Air Force."" [p.5]",- No forbidden numbers encountered.,VERIFIED
REC_1336,Multi-Sensor Robust Relative Estimation Framework for GPS-Denied Multirotor Aircraft,"Daniel P. Koch, Timothy W. McLain, Kevin M. Brink",2016,2016 International Conference on Unmanned Aircraft Systems (ICUAS),NOT_REPORTED,"USA (Brigham Young University, Air Force Institute of Technology)","""The vast majority of published solutions make use of only a single exteroceptive sensor or sensing modality. While these algorithms have been demonstrated to work well in certain environments, they have proven brittle to changes in environmental conditions."" [p.1]","""This allows the vehicle to utilize a suite of complementary exteroceptive sensors or sensing modalities."" [p.1]","""This allows the vehicle to utilize a suite of complementary exteroceptive sensors or sensing modalities."" [p.1]",HYBRID,"ASUS Xtion Pro Live RGB-D camera, Hokuyo UTM-30LX planar laser scanner, MicroStrain 3DM-GX3-15 IMU, MaxBotix MB1242 ultrasonic altimeter",INDOOR,NOT_REPORTED,Multi-sensor relative estimation framework,NOT_REPORTED,Multirotor vehicle,METHOD,REAL,"Single-sensor approaches (RGB-D only, Laser only)","""Table I summarizes the root mean square (RMS) error over the entire flight, presented both as an absolute value and normalized as a percentage of the total path length."" [p.7]","| metric | value + unit | baseline value | page |
|--------|--------------|----------------|------|
| RMS error (motion capture, multi-sensor) | 0.517 m (1.97%) | RGB-D only: 1.345 m (5.12%); Laser only: 5.022 m (25.9%) | p.7 |
| RMS error (indoor, multi-sensor) | Consistent with global drift | Single-sensor: large errors | p.8 |","Comparison of single-sensor vs multi-sensor approaches.
""Three estimators were run on the data from each test flight for comparison."" [p.7]","""The proposed framework will still fail if all exteroceptive sensors drop out at the same time"" [p.1]
""Future work will investigate methods for automatically detecting and rejecting erroneous measurement updates."" [p.9]","""Additional future work will investigate incorporating global measurements such as GPS into this framework when they are available."" [p.9]",NOT_REPORTED,- No forbidden numbers encountered.,VERIFIED
REC_1346,Tag-based visual-inertial localization of unmanned aerial vehicles in indoor construction environments using an on-manifold extended Kalman filter,"Navid Kayhani, Wenda Zhao, Brenda McCabe, Angela P. Schoellig",2022,Automation in Construction,10.1016/j.autcon.2021.104112,Canada (University of Toronto),"""However, robust localization, as a critical enabler for autonomy, is challenging in ever-changing, cluttered, GPS-denied indoor construction environments."" [p.1]","""To enable autonomous navigation of low-priced UAVs in indoor construction environments, this research aims to present an online global localization method that: (1) is inexpensive; (2) requires low computation and storage resources; (3) can be used by multiple platforms; and (4) can handle low-texture, ever-changing construction environments."" [p.2]","""This research proposes a tag-based visual-inertial localization method for off-the-shelf UAVs with only a camera and an inertial measurement unit (IMU)."" [p.1]",HYBRID,"Monocular camera, IMU",INDOOR,NOT_REPORTED,Tag-based visual-inertial localization,NOT_REPORTED,Parrot Bebop2 quadrotor,METHOD,BOTH,"Dead reckoning (IMU only), AprilTag package (tag only)","""The root-mean-square error (RMSE) achieved in our experiments in laboratory and simulation, being as low as 2–5 cm"" [p.1]","| metric | value + unit | baseline value | page |
|--------|--------------|----------------|------|
| RMSE (planar trajectory) | 0.0198 m | Dead reckoning: 0.1073 m | 12, 16 |
| RMSE (3D circular lab) | 0.0348 m | Dead reckoning: 0.2826 m | 12, 16 |
| RMSE (straight line lab) | 0.04635 m | AprilTag only: 0.22781 m | p.16 |
| RMSE (mixed maneuvers sim) | 0.0135 m | Dead reckoning: 0.0708 m | p.16 |","Comparison of on-manifold EKF vs Euler-angle EKF and tag-only vs fusion.
""To further investigate the impact of opting the proposed on-manifold formulation and tag measurement model, we estimate the same trajectory using our method and an Euler-angle-based EKF with direct tag measurements"" [p.18]","""The proposed method is lightweight, inexpensive, and designed to address the technical and practical localization challenges in indoor construction environments."" [p.17]
""Tags might not always be visible in an ever-changing construction setting, and the direct pose estimates from tags alone are noisy and suffer from ambiguity."" [p.17]","""In our future work, we are interested in feeding the tag-based estimates in a feedback control loop to autonomously fly, perform automatic data collection missions, and extend our validation in an actual construction setting."" [p.18]","""Financial support from the Natural Science and Engineering Research Council (NSERC) grant number RGPIN-2017-06792 is greatly appreciated."" [p.19]",- No forbidden numbers encountered.,VERIFIED
REC_1348,LiDAR-odometry based UAV pose estimation in young forest environment,"Issouf Ouattara, Vesa Korhonen, Arto Visala",2022,IFAC-PapersOnLine,10.1016/j.ifacol.2022.11.121,Finland (Aalto University),"""However, this autonomous use of UAVs inside a seedling pine forest environment is challenging because of the presence of many obstacles (i.e. the canopy), and the need to precisely and selectively spray the repellent chemical on the top of individual young trees."" [p.2]","""The aim of this study is to develop a solution that addresses the problem of estimating the pose of the UAV in the young pine forest as a basis for the development of autonomous UAVs for spraying non-toxic chemicals in the seedling pine forest in subsequent studies."" [p.2]","""Our method uses graph-based approach to fuse data from an onboard IMU sensors, a GNSS receiver and a 3D LiDAR."" [p.2]",LIDAR,"Velodyne VLP16 3D LiDAR, Epson IMU, GARMIN GPS 18x",FOREST,NOT_REPORTED,NOT_REPORTED (LiDAR-odometry based pose estimation),NOT_REPORTED,DJI Matrice 100 UAV,METHOD,REAL,NOT_REPORTED,"""The estimated error expressed as root mean square errors (RMSE) for the trajectories and the velocities are presented in table 1."" [p.6]","| metric | value + unit | baseline value | page |
|--------|--------------|----------------|------|
| APE (Trajectory 1) | 0.2471 m | NOT_REPORTED | p.6 |
| RPE (Trajectory 1) | 0.1521 m | NOT_REPORTED | p.6 |
| X-velocity RMSE | 0.0945 m/s | NOT_REPORTED | p.6 |
| Y-velocity RMSE | 0.0794 m/s | NOT_REPORTED | p.6 |
| Z-velocity RMSE | 0.0706 m/s | NOT_REPORTED | p.6 |",NOT_REPORTED,"""It has to be noted that the test flights that have been done are relatively short due to operational constraints and the hardware energy autonomy constraint."" [p.7]","""Longer flight tests will be performed to fully appreciate the proposed solution."" [p.7]",NOT_REPORTED,- No forbidden numbers encountered.,VERIFIED
REC_1355,A distributed approach for lidar-based relative state estimation of multi-UAV in GPS-denied environments,"Hongming Shen, Qun Zong, Hanchen Lu, Xuewei Zhang, Bailing Tian, Lei He",2021,Chinese Journal of Aeronautics,10.1016/j.cja.2021.04.021,"China (Tianjin University, Army Engineering University of PLA)","""Robust state estimation is one of the key requirements for safe flight. For real-world flight, it is common to encounter complete darkness and low-texture environment, which may lead to the degradation of vision-based methods."" [p.1-2]","""This paper provides a detailed description of a distributed approach for lidar-based relative state estimation which can be adopted by the multi-UAV systems in GPS-denied environments."" [p.1]","""In this paper, we present a distributed framework for the lidar-based relative state estimator which achieves highly accurate, real-time trajectory estimation of multiple Unmanned Aerial Vehicles (UAVs) in GPS-denied environments."" [p.1]",LIDAR,"3D lidar (Velodyne VLP-16), IMU (MicroStrain 3DM-GX5-25)",MIXED,NOT_REPORTED,NOT_REPORTED (distributed lidar-based relative state estimation),NOT_REPORTED,Multi-UAV system (3 UAVs),SYSTEM,REAL,SegMap,"""The results show that the proposed method outperforms SegMap and RMSE can reach 20 cm level in the indoor test environment."" [p.8]","| metric | value + unit | baseline value | page |
|--------|--------------|----------------|------|
| RMSE x (indoor, 1T1) | 0.22 m | SegMap: 0.36 m | p.8 |
| RMSE x (indoor, 1T2) | 0.11 m | SegMap: 0.81 m | p.8 |
| Relative translational error (outdoor) | 0.01–0.22 m | SegMap: 0.15–2.41 m | p.9 |
| Runtime for keyframe (proposed) | 103.58 ms (odometry) + 225.13 ms (relative) | SegMap: 113.42 + 300.73 ms | p.10 |","Comparison with centralized SegMap method.
""The performance of the proposed method in different scenarios is compared with SegMap"" [p.6]","""the 3D lidar with 360° FOV limits the take-off weight (5 kg) and wheelbase (650 mm) of our aerial platform, which makes the proposed aerial platform difficult to through a narrow flight corridor."" [p.10]","""In future work, we would like to extend the proposed method to lightweight solid-state lidar with small FOV and testing the proposed approach on different platform modalities."" [p.10]","""National Key Research and Development Program of China (No. 2018AAA0102401) and the National Natural Science Foundation of China (Nos. 62022060, 61773278, 61873340)."" [p.10]",- No forbidden numbers encountered.,VERIFIED
REC_1358,An experimental analysis of outdoor UAV localisation through diverse estimators and crowd-sensed data fusion,"Mostafa Mohamed Ahmed, Mahmoud A. Shawky, Shady Zahran, Adel Moussa, Naser EL-Shimy, Adham A. Elmahallawy, Shuja Ansari, Syed Tariq Shah, Ahmed Gamal Abdellatif",2024,NOT_REPORTED,NOT_REPORTED,"Canada (University of Calgary), UK (University of Glasgow, University of Essex), Egypt (Air Defence College, Port-Said University, Higher institute of Engineering and Technology)","""Navigating GNSS-denied environments poses a significant challenge for UAVs."" [p.1]","""Motivated by the challenge of achieving precise 3D outdoor localisation for unmanned aerial vehicles (UAVs) in global navigation satellite system (GNSS)-denied environments, this paper introduces an innovative technique."" [p.1]","""Integrating crowd-sensed data fusion to counter inertial navigation system (INS) drift during GNSS signal outages, the proposed method exploits diverse estimators to enhance its efficacy."" [p.1]",HYBRID,"Micro FMCW radar (24 GHz), IMU (MPU-6000), barometer (MS5611), magnetometer, GPS (U-blox)",MIXED,NOT_REPORTED,NOT_REPORTED (crowd-sensing data fusion with FMCW radar),NOT_REPORTED,3DR Solo quadcopter,SYSTEM,REAL,"INS standalone, EKF, PF","""Experimental analyses demonstrate substantial improvements, enhancing 3D positioning accuracy by 99.89% and 99.83% for the initial and subsequent flights, respectively, leveraging PF to fortify the standalone INS mode during GNSS signal loss."" [p.1]","| metric | value + unit | baseline value | page |
|--------|--------------|----------------|------|
| 3D RMSE (first flight, 135 s outage, PF) | 3.87 m | INS only: 298.19 m | p.12 |
| 3D RMSE (second flight, 120 s outage, PF) | 5.11 m | INS only: 287.01 m | p.13 |
| Improvement percentage (first flight, PF) | 99.89% | NOT_REPORTED | p.12 |
| Improvement percentage (second flight, PF) | 99.83% | NOT_REPORTED | p.13 |","Comparison of EKF and PF.
""the EKF is employed where nonlinearities are mild, and the PF is used in scenarios with significant nonlinearities and non-Gaussian noise"" [p.5]",NOT_REPORTED,NOT_REPORTED,NOT_REPORTED,"- Title, venue, year, and DOI are not reported in the provided text. This is an anomaly.
- No forbidden numbers encountered.",VERIFIED
REC_1366,Cooperative Localisation of a GPS-Denied UAV in 3-Dimensional Space Using Direction of Arrival Measurements,Russell J.S.; Ye M.; Anderson B.D.O.; Hmam H.; Sarunic P.,2017,NOT_REPORTED,10.1109/TAES.2017.2651538,NOT_REPORTED,"""Without access to global coordinates, a UAV must rely on its inertial navigation system (INS). Positions in the INS frame are updated by integrating measurements from gyroscopes and accelerometers. Error in these measurements causes the INS frame to accumulate drift."" [p.1]","""The problem addressed in this paper is to localise a GPS-denied UAV, which we will call Agent B, with the assistance of a nearby GPS-enabled UAV, which we will call Agent A."" [p.2]","""This paper studies a cooperative approach to localisation using DOA measurements."" [p.1]",COOPERATIVE,"DOA sensor (e.g., antenna or optical), INS",MIXED,NOT_REPORTED,NOT_REPORTED (cooperative localisation using DOA measurements),NOT_REPORTED,"Two UAVs (Agent A GPS-enabled, Agent B GPS-denied)",METHOD,SIM,Least Squares + Orthogonal Procrustes (LS+O),"""It is observed that for each value of σ there is greater improvement in rotation error than translation error as K is increased."" [p.6]","| metric | value + unit | baseline value | page |
|--------|--------------|----------------|------|
| Median rotation error (σ=3°) | ~40 degrees | LS+O: ~90 degrees | p.6 |
| Median position error (σ=3°) | ~200 m | NOT_REPORTED | p.6 |","Comparison of SDP+O and LS+O.
""we compare the SDP+O algorithm with an unconstrained Least Squares algorithm combined with the Orthogonal Procrustes algorithm (which we call LS+O)."" [p.6]","""The consideration of noisy position measurements is left for future work."" [p.3]","""Future work includes improving the reliability of the SDP+O method, studying multiple agents in a formation and filtering methods."" [p.7]",NOT_REPORTED,"- Title, authors, venue, year, and DOI are not reported in the provided text. This is an anomaly.
- No forbidden numbers encountered.",VERIFIED
REC_1370,Cooperative navigation for UAVs in GNSS-denied area based on optimized belief propagation,"Jian Li a, Gongliu Yang a, Qingzhong Cai a* Haofei Niu a, Jing Li b",2022,NOT_REPORTED,10.1016/j.measurement.2022.110797,NOT_REPORTED,"""UAVs may lose GNSS signals while passing through the denied areas, which widely exist in operating environments such as urban canyons or in buildings."" [p.1]","""A multitude of individual unmanned aerial vehicle (UAV) cooperatively self- organized as a swarm attracts increasing attention for exploration and parallel tasks. Accurate position is essential for UAVs to avoid collision and implement control."" [p.1]","""we propose a novel cooperative navigation framework based on optimized belief propagation (BP) in the GNSS- denied area."" [p.1]",NOT_REPORTED,onboard IMU and UWB radio devices,MIXED,NOT_REPORTED,NOT_REPORTED,NOT_REPORTED,UAV swarm,METHOD,BOTH,"SPBP, BPUCL, INS only","""MethodINS onlyWUBPBPUCLSPBPPosition error8.69 m6.58 m7.33 m7.88 mImprovement-24.3%15.6%9.3%"" [p.8]","| metric | value + unit | baseline value | page |
| position error | 6.58 m | 8.69 m | p.8 |","Evaluation of particle numbers and sensor quality.
""Evaluation of the impact of particle numbers on the position accuracy."" [p.7]","""the performance of our method is fundamentally limited due to the instable random noise from inertial sensor and the short- time approximation in the analytical expressions of position error, resulting in an accuracy degrade with a long flight."" [p.9]","""One of future work is to combine with a path planning strategy and to design a cooperative guidance algorithm that commands specific maneuvers to further limit position estimation error growth. Another interesting future work would be the incorporation with map- aided, visual and magnetic field- based methods for a more robust and comprehensive GNSS- denied cooperative navigation strategy."" [p.9]",NOT_REPORTED,"Typos/OCR anomalies: ""GNSSdenied"" on p.2; Table 2 formatting concatenated; ""Acknowledgment"" misspelled; reference list interleaved with Appendix on p.10.",VERIFIED
REC_1373,Enabling UAV Navigation with Sensor and Environmental Uncertainty in Cluttered and GPS-Denied Environments,Fernando Vanegas and Felipe Gonzalez,2016,Sensors,10.3390/s16050666,NOT_REPORTED,"""This GPS waypoint navigation does however become dangerous in environments where the GPS signal is faulty or is only present in some places and when the airspace is filled with obstacles."" [p.1]","""UAVs use ground control stations to plan a path to a goal before flying, using Global Positioning System (GPS) sensors as their source of localisation [6-10]. However, reliable GPS localisation is not always available due to occlusions or the absence of the satellite signal."" [p.1]","""we developed UAV Uncertainty-Based Navigation (UBNAV) for UAVs to navigate in GPS-denied environments by executing a policy that takes into account different sources of uncertainty."" [p.2]",NOT_REPORTED,"downward-looking camera, front-looking camera, IMU, magnetometer, ultrasonic, barometric pressure",INDOOR,NOT_REPORTED,NOT_REPORTED,NOT_REPORTED,low cost multi-rotor UAV,SYSTEM,BOTH,POMCP and ABT,"""The UAV can accomplish the mission in \(100\%\) of the cases using POMCP for both scenarios and \(85\%\) of the cases using ABT in real flight"" [p.13]","| metric | value + unit | baseline value | page |
| mission success | 100% POMCP; 85% ABT | NOT_REPORTED | p.13 |",NOT_REPORTED,NOT_REPORTED,"""Adding the GPS module uncertainty and the wind disturbances as another source of uncertainty into the POMDP model along with real flight testing is currently being explored."" [p.16]",NOT_REPORTED,"Page 12 contains massive repeated numeric OCR artifact (""7 7 7 7...""). Typos: ""belic"" for belief, ""sates"" for states on p.5. ""comprehensive reviews and comprehensive feedback"" redundancy on p.16.",VERIFIED
REC_1378,Optical Flow Sensor/INS/Magnetometer Integrated Navigation System for MAV in GPS-Denied Environment,"Chong Shen, Zesen Bai, Huiliang Cao, Ke Xu, Chenguang Wang, Huaiyu Zhang, Ding Wang, Jun Tang, and Jun Liu",2016,Journal of Sensors,10.1155/2016/6105803,NOT_REPORTED,"""The drift of inertial navigation system (INS) will lead to large navigation error when a low- cost INS is used in microaerial vehicles (MAV)."" [p.1]","""GPS is based on satellite which can provide relatively consistent accuracy navigation; however, the satellite signals would be lost in city canyon or indoor environments [6, 7]."" [p.1]","""an INS/optical flow/magnetometer integrated navigation scheme is proposed for GPS- denied environment"" [p.1]",NOT_REPORTED,"optical flow sensor PX4FLOW, IMU MPU6050, magnetometer HMC3883L, ultrasonic",MIXED,NOT_REPORTED,NOT_REPORTED,NOT_REPORTED,autonomous MAV,METHOD,REAL,INS only,"""the position drift is about 8 meters after 50 meters trajectory without the correction of OFS and magnetometer, and the position drift is decreased to less than 1 meter after using the integrated algorithm"" [p.5]","| metric | value + unit | baseline value | page |
| position drift | less than 1 m after 50 m trajectory | about 8 m | p.5 |",NOT_REPORTED,"""This method only can be used for measurement in static state"" [p.4]",NOT_REPORTED,NOT_REPORTED,"Equations have formatting issues; ""accelerator"" used for accelerometer. ""microaerial"" used. OCR artifacts ""text[[...]]"". Table 1 malformed. No forbidden numbers.",VERIFIED
REC_1393,ST- DCL: A Spatio- Temporally Decoupled Cooperative Localization Method for Dynamic Drone Swarms,"Hao Wu, Zhangsong Shi, Zhonghong Wu, Huihui Xu and Zhiyong Tu",2026,Drones,https://doi.org/10.3390/drones10010069,NOT_REPORTED,"""In GPS- denied environments, the spatio- temporal coupling of errors caused by dynamic network topologies poses a fundamental challenge to cooperative localization"" [p.1]","""Drone swarms are of great irreplaceable value in GPS- denied scenarios such as postdisaster search and rescue and regional surveillance."" [p.2]","""this paper proposes ST- DCL, a cooperative localization framework based on a novel principle of closed- loop spatio- temporal decoupling."" [p.1]",NOT_REPORTED,"UWB, IMU, GPS",MIXED,NOT_REPORTED,NOT_REPORTED,FlightBench dataset,ten custom-made quadrotor drones,METHOD,BOTH,"MDS, FC-MDS, dwMDS, vMDS, ST-GAT","""ST- DCL achieves an NRMSE of 0.0068, representing a \(21\%\) performance improvement over state- of- the- art methods."" [p.2]","| metric | value + unit | baseline value | page |
| NRMSE | 0.0068 | NOT_REPORTED | p.2 |","""This section validates the robustness of the ST- DCL framework under two extremely challenging stress scenarios"" [p.27]","""The computation of the proposed algorithm is highly complex because of the DW- MDS sliding window optimization and the ST- GNN dynamic attention mechanism. Hence, it faces some real- time challenges in very large swarms."" [p.34]","""The future research will focus on innovative clustered architecture and algebraic connectivity- guided layered topology segmentation so as to distribute the loads of computation to local optimizations of subset swarms. Moreover, lightweight ST- GNN reasoning engines are utilized to quantitatively compress the complexity from \(O(N^2)\) to \(O\left(N\sqrt{N}\right)\)."" [p.34]",NOT_REPORTED,"Algorithm 1 table has malformed HTML entities (&amp;gt; etc.) on p.14. Some reference list entries appear unrelated (e.g., FMPTCP, pigeon-inspired). Equations OCR issues. No forbidden numbers.",VERIFIED
REC_1399,Adaptive Texture-Aware Pixel Selection for Robust Direct Visual Odometry in UAV Navigation,"Jeremias Gaia, Leonardo Fagundes- Junior, Carlos Soria, and Alexandre Brandão",2026,2026 International Conference on Unmanned Aircraft Systems (ICUAS),10.1109/ICUAS69441.2026.11598726,NOT_REPORTED,"""since DVO relies directly on pixel intensity patterns for frame- to- frame alignment, it is inherently sensitive to brightness inconsistencies and illumination changes, which can degrade pose estimation"" [p.1]","""UAVs must operate in GPS- denied or degraded environments, requiring onboard perception systems capable of reliable state estimation."" [p.1]","""an adaptive pixel selection mechanism for DVO systems"" [p.1]",NOT_REPORTED,monocular camera,MIXED,NOT_REPORTED,NOT_REPORTED,TUM RGB-D benchmark,UAV,METHOD,BOTH,DSO,"""achieving an ATE RMSE of 0.0296 m"" [p.7]","| metric | value + unit | baseline value | page |
| ATE RMSE | 0.0296 m | NOT_REPORTED | p.7 |","""Table I summarizes the results of the ablation study."" [p.6]","""Although the proposed method demonstrates near real- time behavior under the current experimental setup, strict real- time performance is conditioned on hardware acceleration or implementation in a lower- level, high- performance programming language."" [p.8]",NOT_REPORTED,NOT_REPORTED,Equation (5) appears malformed: sum over i=1 to r_perc. Figure 3 callouts mismatch. No forbidden numbers.,VERIFIED
REC_1402,Opecker: A Tethered UAV for Inspection of Stone-Mine Pillars,"Bernardo Martinez Rocamora, Jr., Rogério R. Lima, Kieren Samarakoon, Jeremy Rathjen, Jason N. Gross, Guilherme A. S. Pereira",2023,Drones,10.3390/drones7020073,USA (West Virginia University),"""One of the main challenges for environments such as underground mines is the lack of access to GNSS [13,14]. Teleoperation is also a challenge due to the limited range of radios underground. Therefore, a robust onboard navigation system, which includes localization, mapping, and motion planning, must be in place for a fully autonomous system to function reliably."" [p.1]","""This article describes the development of a state-of-the-art tether-powered unmanned aerial vehicle (TUAV), which is part of the complete autonomous robotic system shown in Figure 1."" [p.2]","""This paper presents a state-of-the-art tethered unmanned aerial vehicle (TUAV) for structural integrity assessment of underground stone mine pillars."" [p.1]",HYBRID,"LiDAR (Intel RealSense L515), tracking camera (Intel RealSense T265), Garmin LidarLite v3/v4, IMU (Pixhawk 4), UWB (DWM1001)",UNDERGROUND,NOT_REPORTED,Opecker (tethered UAV system),NOT_REPORTED,Custom quadrotor (Holybro X500 frame),SYSTEM,BOTH,NOT_REPORTED,"""The landing methodology was tested successfully from 10 different starting positions."" [p.20]","| metric | value + unit | baseline value | page |
|--------|--------------|----------------|------|
| Landing success | 10 different starting positions | NOT_REPORTED | p.20 |
| Power delivered | ~620 W | NOT_REPORTED | p.6 |
| Mapping data rate | 18 MB/s | NOT_REPORTED | p.18 |",NOT_REPORTED,"""Although this solution was successful, we noticed an excessive power loss on the cable, which could be mitigated by transmitting power at even higher voltages through the tether."" [p.21]","""Future work will include a complete and long-term evaluation of the system in actual limestone mines."" [p.21]","""This research was funded by Alpha Foundation for the Improvement of Mine Safety and Health, Inc. (ALPHA FOUNDATION) grant number AFC820-69."" [p.22]",- No forbidden numbers encountered.,VERIFIED
REC_1403,Simless GSM positioning for navigation in GPS-denied environments,"Immaculada Soldado Serrano, Jose Garcia Doblado, Ignazio Federico Finazzi, Maria Angeles Martin Prats",2017,NOT_REPORTED,10.1108/AEAT-01-2017-0029,Spain (University of Seville),"""Until now, air navigation systems have mainly relied on global navigation satellite systems (GNSS) on the worldwide spread global positioning system. However, the so-called GNSS-denied environments open a new research line which pursues the development of alternative technologies which will cover this gap in positioning systems' services."" [p.1]","""This paper presents the possibility of using positioning systems based on global system for mobile communications (GSM) signal."" [p.1]","""Referencing the SIMless concept, a SIM-free system is described in this paper. The SIM-free system is supported by open data bases and permits the positioning based on the information sniffed from the signals broadcast by a set of several nearby base station of the GSM network."" [p.1]",OTHER,USRP-E310 Software Defined Radio,MIXED,NOT_REPORTED,SIMless GSM positioning,NOT_REPORTED,Standalone device,METHOD,REAL,GPS,"""the meter's difference between the GPS positioning and the GSM positioning is calculated to validate the correct algorithm operation. The result gives an error of 162 m"" [p.4]","| metric | value + unit | baseline value | page |
|--------|--------------|----------------|------|
| Positioning error (Alamillo) | 216 m | GPS | p.4 |
| Positioning error (Macarena) | 100 m | GPS | p.4 |
| Positioning error (Santa Justa) | 179 m | GPS | p.4 |
| Mean error | 187.85 m | GPS | p.4 |",NOT_REPORTED,"""the development of a hardware and software SoOP receiver is a challenging goal which is hardly pursued by engineers."" [p.1]",NOT_REPORTED,NOT_REPORTED,- No forbidden numbers encountered.,VERIFIED
REC_1405,Angle Robustness Unmanned Aerial Vehicle Navigation in GNSS-Denied Scenarios,"Yuxin Wang, Zunlei Feng, Haofei Zhang, Roy Gao, L. Sun, B. Song, Jason Lei",2024,NOT_REPORTED,NOT_REPORTED,"China (Zhejiang University, Zhejiang University of Technology)","""Due to the inability to receive signals from the Global Navigation Satellite System (GNSS) in extreme conditions, achieving accurate and robust navigation for Unmanned Aerial Vehicles (UAVs) is a challenging task."" [p.1]","""Recently emerged, vision-based navigation has been a promising and feasible alternative to GNSS-based navigation."" [p.1]","""In this paper, we present a novel angle robustness navigation paradigm to deal with flight deviation in point-to-point navigation tasks."" [p.1]",VISION_OBJECT,Monocular camera,MIXED,NOT_REPORTED,Angle robustness navigation,"UAV_AR368 (368 routes, 56,880 images)",UAV,METHOD,SIM,"MobileNetV3-Small, ResNet18, ViT-B/16, FSRA, RK-Net, LPN, Backbone, Backbone-FC","""Experiment results demonstrate that the proposed model outperforms the state-of-the-art by achieving improvements of 26.0% and 45.6% in the success rate of arrival under ideal and disturbed circumstances, respectively."" [p.1]","| metric | value + unit | baseline value | page |
|--------|--------------|----------------|------|
| SR@25 (ideal) | 100.0% | Baselines: 74.0% | p.6 |
| SR@25 (disturbed) | 67.5% | Baselines: 21.9% | p.6 |
| SR@50 (ideal) | 100.0% | NOT_REPORTED | p.6 |
| SR@50 (disturbed) | 78.8% | Baselines: 35.6% | p.6 |
| MEPE (ideal) | 13.2 m | Baselines: 15.3 m | p.6 |
| Inference time | 49 ms | Baselines: 41-265 ms | p.6 |","""Ablation experiments on different model components are conducted"" [p.7]","""the point-to-point navigation model still cannot achieve 100.0% success rate in disturbed testing environments."" [p.7]","""We will explore the latent reasons in the future work."" [p.7]","""National Natural Science Foundation of China (U20B2066), Zhejiang Province High-Level Talents Special Support Program... Ningbo 2025 Science and Technology Innovation Major Project (2022Z072), and Ningbo Natural Science Foundation (2022J182)."" [p.8]","- Title, authors, venue, year, and DOI are not reported in the provided text. This is an anomaly.
- No forbidden numbers encountered.",VERIFIED
REC_1417,Cellular Communication-Based Autonomous UAV Navigation with Obstacle Avoidance for Unknown Indoor Environments,"Yeon Ji Choi, I Nyoman Apraz Ramatryana, Soo Young Shin",2021,NOT_REPORTED,10.22266/ijies2021.0430.31,South Korea (Kumoh National Institute of Technology),"""Because GPS signals are typically absent or weak indoors, autonomous navigation is difficult"" [p.1]","""In this paper, a cellular communication-based autonomous UAV Navigation is proposed that enables UAVs to maneuver independently in previously unknown and GPS-denied indoor environments with LiDAR sensors."" [p.1]","""The main idea of the proposed scheme is to implement LTE connection to UAV Navigation and compared it to a Wi-Fi connection."" [p.1]",LIDAR,RPLiDAR S1 (2D LiDAR),INDOOR,NOT_REPORTED,NOT_REPORTED,NOT_REPORTED,Parrot Bebop 2,SYSTEM,REAL,Wi-Fi connection,"""The mapping efficiency of LTE connection is 57.5% greater than the Wi-Fi connection."" [p.1]","| metric | value + unit | baseline value | page |
|--------|--------------|----------------|------|
| Mapping efficiency (LTE vs WiFi) | 57.5% greater | Wi-Fi | p.1 |
| Exploration time | ~196 seconds | Wi-Fi: 60 seconds | p.7 |
| Position error average | (0.23, 0.16) | NOT_REPORTED | p.7 |",NOT_REPORTED,"""Despite Wi-Fi handover for autonomous UAV is not considered in this paper"" [p.7]",NOT_REPORTED,"""This research was supported by the MSIT (Ministry of Science and ICT), Korea, under the Grand Information Technology Research Center support program (IITP-2020-2020-0-01612)"" [p.7","- Title, year, venue, and DOI are not reported in the provided text. This is an anomaly.
- No forbidden numbers encountered.",VERIFIED
REC_1423,A robust real-time vision based GPS-denied navigation system of UAV,Yang L.; Xiao B.; Zhou Y.; He Y.; Zhang H.; Han J.,2016,NOT_REPORTED,NOT_REPORTED,"China (Shenyang Institute of Automation, Chinese Academy of Sciences)","""In such kind of research, GPS being used to localize and navigate outdoors cannot work well due to its low localization measurement accuracy, which can only attain meter level."" [p.1]","""In order to accomplish the cargo transport task, a method of a real-time vision-based GPS-denied multiple object tracking for UAV is developed."" [p.1]","""a method of a real-time vision-based GPS-denied multiple object tracking for UAV is developed."" [p.1]",VISION_OBJECT,Digital industrial camera,MIXED,NOT_REPORTED,NOT_REPORTED,NOT_REPORTED,UAV (multi-rotor and helicopter),METHOD,REAL,Laser rangefinder,"""The position and speed data of fast moving target proved the calculated result of the vision system is accurate and robust enough to navigate UAV to track the moving target."" [p.6]","| metric | value + unit | baseline value | page |
|--------|--------------|----------------|------|
| Position estimation error | NOT_REPORTED | Laser rangefinder | p.5 |
| Processing time (per procedure) | 0.0011–0.0157 sec | NOT_REPORTED | p.6 |",NOT_REPORTED,"""These methods have a big drawback that is with a few pixels, a big position estimation error can have occurred."" [p.1]","""In the future, the robustness of the vision system can be improved through controlling the exposure time of the camera by the vision program automatically"" [p.6]","""This work is supported by National Nature Sciences Foundation of China (Grant No. 61503369 and 61433016)"" [p.6]","- Title, authors, venue, year, and DOI are not reported in the provided text. This is an anomaly.
- Table I in the text extraction contains extensive OCR artifacts with repeated ""Abby"" and ""Abbye"" sequences. The values are not reliably extractable.
- No forbidden numbers encountered.",VERIFIED
REC_1429,Modelling and Simulation of Fast Autonomous Exploration and Mapping System for GPS Denied Unknown Environment Using ROS,"Siddharth Umakarthikeyan, Ram Kumar K, Priyadharshini S",2022,NOT_REPORTED,10.1109/ICRAIE56454.2022.10054265,NOT_REPORTED,"""This paper describes a multi- robot coordinated heterogeneous vehicle which employs cooperative unmanned ground vehicles (UGVs) and unmanned aerial vehicles (UAVs) to explore and map a GPS- denied unknown terrain."" [p.1]","""Exploration processes like cave exploration, tunnel inspections required an accurate and quick mapping of the environment in emergencies for rescue or maintenance operations."" [p.1]","""This paper proposes an autonomous exploration and mapping system using 5 UGVs and 4 UAVs in heterogeneous teams."" [p.1]",NOT_REPORTED,"LIDAR on UGVs, depth sensor camera on UAVs",UNDERGROUND,NOT_REPORTED,NOT_REPORTED,NOT_REPORTED,heterogeneous team of 5 UGVs and 4 UAVs,SYSTEM,SIM,single ground robot and single quadrotor,"""The proposed system creates a 2D and 3D map of the environment in just 196 seconds, with 89 per cent and 82 per cent efficiency in 2D and 3D mapping, respectively."" [p.5]","| metric | value + unit | baseline value | page |
| 2D mapping efficiency | 89% | 87% (single ground robot) | p.5 |
| 3D mapping efficiency | 82% | 74% (single quadrotor) | p.5 |
| time taken | 196 s | 316 s (single ground robot), 248 s (single quadrotor) | p.5 |",NOT_REPORTED,"""In the current work, the leader ground robot is responsible for obstacle detection and path planning for the entire system. In the future, each robot will be equipped with a stereo sensor to process the data, find the obstacles, and plan the path accordingly to avoid those obstacles."" [p.5]","""In the future, each robot will be equipped with a stereo sensor to process the data, find the obstacles, and plan the path accordingly to avoid those obstacles."" [p.5]",NOT_REPORTED,"OCR issues: ""filed"" for ""flew"" on p.5, ""stance"" for ""distance"" on p.5. Simulation-only study.",VERIFIED
REC_1431,Advancing Autonomous UAV Target Localization in GPS-Denied Environments,"Axel Dawne, Yul Yunazwin Nazaruddin, Raisal Pradipta Wardana, Azhar Ikhtiarudin, Irina Mardhatillah, and Ihsan Muhammad Fauzan",2023,"2023 9th International Conference on Control, Decision and Information Technologies (CoDIT)",10.1109/CODIT58514.2023.10284425,NOT_REPORTED,"""This research introduces a novel approach to enhance the robustness of autonomous UAV target localization in GPS- denied environments."" [p.1]","""The SAR operation is critical so that the rescue can be done immediately. The problem with search operations is that they can occur in environments inaccessible to humans. This is where the role of the UAVs is needed..."" [p.1]","""This study proposes an improved Q- learning algorithm by incorporating multiple variables as states, addressing the limitations of existing approaches that use a single variable."" [p.1]",NOT_REPORTED,antenna to receive RF waves (RSS),MIXED,NOT_REPORTED,NOT_REPORTED,NOT_REPORTED,UAV,METHOD,SIM,previous research method (single variable Q-learning),NOT_REPORTED,NOT_REPORTED,"""Both methods were simulated in two cases. In the first case, no two grids have the same RSS value as assumed in the previous research. In the second case, the RSS value of each grid is not unique."" [p.5]",NOT_REPORTED,NOT_REPORTED,NOT_REPORTED,"Grammatical issues, e.g., ""can able to converge"". No forbidden numbers.",VERIFIED
REC_1432,GNSS/INS/VO fusion using Gated Recurrent Unit in GNSS denied environments,Negru S.A.; Geragersian P.; Petrunin I.; Zolotas A.; Grech R.,2023,NOT_REPORTED,10.2514/6.2023-2226,NOT_REPORTED,"""The future autonomous systems that will be implemented in urban environments have to rely on a stable navigation solution facing all the challenges encountered. Due to the nature of urban and suburban environments[1], Non- Line of Sight multipath signal propagation, can quickly degrade the quality of the GNSS- based positioning, leading to an erroneous localization"" [p.2]","""To mitigate all this errors a robust solution is required, to achieve the best navigation performances, even when the GNSS is not able to provide a PNT solution."" [p.2]","""a novel federated filter approach using GRUs and EKFs, combining data in a loosely coupled scheme, from an IMU MEMS sensor, a GNSS receiver and an optical camera."" [p.3]",NOT_REPORTED,"IMU MEMS, GNSS receiver (F9P), monocular camera.",URBAN_CANYON,NOT_REPORTED,NOT_REPORTED,custom dataset from simulation.,UAV (Pixhawk 2.4.8 board),METHOD,SIM,"EKF only, GRU only? They compare different configurations.","""From the performances obtained, the novel fusion framework can provide a good mean horizontal accuracy of 0.8035 m with the aid of the two GRUs blocks and EKFs"" [p.8]","| metric | value + unit | baseline value | page |
| mean horizontal RMSE | 0.8035 m | 6.2036 m (Master EKF no INS GRU aid) | p.8 |",[CARD_DEFECT_NO_ANCHOR] They evaluate different configurations (with/without GRU aid). Table 2 and 3.,"""The dependency of the VO algorithm, for scale estimation, by the GRU, decreases the integrity of the system."" [p.8] Also ""Small perturbations were observed during flights, due to the link between Unreal Engine, AirSim and Cesium, degrading the IMU data recorded."" [p.8]",NOT_REPORTED,NOT_REPORTED,Title and authors missing from provided text. The paper is an excerpt.,VERIFIED
REC_1435,UAV-Assisted Collaborative Positioning in GNSS-Denied Environments,Masiero A.; Toth C.; Morelli L.; Trybala P.; Remondino F.,2026,NOT_REPORTED,10.5194/isprs-archives-XLIX-B1-2026-41-2026,NOT_REPORTED,"""Accurate and reliable positioning and navigation are fundamental for the development of a wide number of applications. Despite in most of the regular working conditions the use of a GNSS (Global Navigation Satellite System) receiver is sufficient for properly determining the absolute coordinates of such a device, determining a reliable solution of the positioning problem in challenging conditions, e.g. in environments where GNSS is not available or not reliable, can be difficult."" [p.1]","""In such conditions, exploiting the information shared by different sensors and platforms can be useful for reliably determining the platforms' positions."" [p.1]","""this work focuses on assessing the positioning performance when exploiting vision- based information about the georeferenced ground vehicle positions from a camera mounted on a Unmanned Aerial Vehicle (UAV)."" [p.1]",NOT_REPORTED,"LiDAR, camera, UWB transceivers on ground vehicles; camera and UWB on UAV.",MIXED,NOT_REPORTED,NOT_REPORTED,CONTEST dataset.,ground vehicles and UAV (DJI Phantom 4 Pro),METHOD,REAL,"different methods (A, B, C) and without V2V.","""the absolute positioning error, in particular in the best case, 2D RMS = 0.85 m for UAV+YOLO+MoGe2+centroid+UAV2V+V2V"" [p.7]","| metric | value + unit | baseline value | page |
| 2D RMS error | 0.85 m | 9.37 m (without MoGe2) | p.7 |","[CARD_DEFECT_NO_ANCHOR] They compare different combinations (with/without UWB, MoGe2, etc.) in Table 1.","""the proposed method aims at estimating the (planimetric) position of the center of the vehicle, whereas the reference position is provided by GNSS receivers, which usually are not located in such center, hence a component of the error, typically of some decimeters, is due to such difference"" [p.7]","""our future work will also consider a more detailed examination when more geometric information about vehicles is provided, and to the use of real UWB measurements instead of simulated ones."" [p.7]",NOT_REPORTED,"Title missing, but content is clear. Reference list incomplete in provided text.",VERIFIED
REC_1438,3D Motion Planning for UAVs in GPS-Denied Unknown Forest Environment,"Fang Liao, Shupeng Lai, Yuchao Hu, Jinqiang Cui, Jian Liang Wang, Rodney Teo, Feng Lin",2016,NOT_REPORTED,NOT_REPORTED,NOT_REPORTED,"""The motion planning problem for UAVs is difficult since these vehicles have fast, complicated and uncertain dynamics [1] and strict payload limitations [2], they are compounded by the issues of real- time navigation in 3D space and involve continual interaction with the environment."" [p.1]","""Autonomous navigation of UAVs in complex environments has been an active research topic for a decade."" [p.1]","""a decomposition hierarchic on- line motion planning approach consisting of path planning and trajectory generation is proposed"" [p.1]",NOT_REPORTED,"two LIDAR scanners, ranger finder, IMU, Pixhawk.",FOREST,NOT_REPORTED,NOT_REPORTED,NOT_REPORTED,VTOL UAV (quadrotor),SYSTEM,BOTH,NO_BASELINE,NOT_REPORTED,NOT_REPORTED,NOT_REPORTED,"""only symmetrical velocity, acceleration and jerk constraints are considered in this algorithm and UAV dynamic constraints are not addressed. 2) obstacle avoidance is not considered."" [p.3]",NOT_REPORTED,NOT_REPORTED,"OCR issues like ""filed"" for ""flew"". No specific quantitative performance metrics.",VERIFIED
REC_1439,3D map and mmWave radar-based self-localization for UAVs in GNSS-denied environments,"Yongqiang Cui, Yiyang Zhang, Di Bai, Yi Diao, Yulei Wang",2026,NOT_REPORTED,10.1016/j.vehcom.2025.100986,China (South-Central Minzu University),"""Reliable self-localization of unmanned aerial vehicles (UAVs) in dense urban environments remains a major challenge due to the frequent unavailability or degradation of Global Navigation Satellite Systems (GNSS) and other radio signals."" [p.1]","""This paper presents a robust and cost-effective method for UAV self-localization by using vision and millimeter-wave (mmWave) radar data in GNSS-denied environments."" [p.1]","""This paper presents a robust and cost-effective method for UAV self-localization by using vision and millimeter-wave (mmWave) radar data in GNSS-denied environments."" [p.1]",HYBRID,"Intel RealSense D400 camera, Texas Instruments four-chip mmWave cascaded radar",URBAN_CANYON,NOT_REPORTED,NOT_REPORTED,NOT_REPORTED,UAV (not specified),METHOD,REAL,"Vision-only, Vision + Radar without fine registration","""Experimental results demonstrate that the proposed method can achieve self-localization accuracy within 0.4 m"" [p.1]","| metric | value + unit | baseline value | page |
|--------|--------------|----------------|------|
| Self-localization accuracy | <0.4 m | Vision-only: 12.23 m; Radar+Vision: 12.01 m | 1, 12 |
| Clustering precision | >90% | K-means: ~54%; DBSCAN: ~54% | 10, 12 |
| MRSE | 0.302 m | Vision-only: 12.23 m | p.12 |
| DRMS | 0.2086 m | NOT_REPORTED | p.12 |","""To ensure a fair and transparent evaluation, two baseline methods were designed for comparison under identical conditions."" [p.11]","""the experiments were conducted in a localized campus environment, which may restrict generalization to larger and more diverse urban areas."" [p.13]","""Future work will therefore focus on extending the framework to larger-scale and more diverse urban areas, as well as exploring adaptability to different architectural styles."" [p.13]","""National Nature Science Foundation of China (NOs: 62527803, 62201621), the Guided Project of the Natural Science Foundation of Hubei Province (NO: 2025AFC071), the Innovative Research Group Project of the Natural Science Foundation of Hubei Province (NO: 2024AFA030), the Fundamental Research Funds for the Central Universities of South-Central Minzu University (NOs: CZQ24001, CZQ25005), and the Hubei Provincial Program for the Training of Young Scientific and Technological Talents (NO: 2025DJA072)."" [p.13]","- Title, year, venue, and DOI are not reported in the provided text. This is an anomaly.
- No forbidden numbers encountered.",VERIFIED
REC_1443,Study on angle-only relative navigation for unmanned aerial vehicle formation in GPS-denied environment,"Zixuan Zheng, Sha Wang, Baichun Gong, Erlong Su, Hefei Huang",2023,"Proceedings of the Institution of Mechanical Engineers, Part G: Journal of Aerospace Engineering",10.1177/09544100221149235,China,"""To satisfy the autonomous relative navigation demand of unmanned aerial vehicle (UAV) formation in a GPS-denied environment, an angle-only relative navigation algorithm is proposed."" [p.1]","""Accurate relative navigation information can be obtained in a short time using the inertial navigation equipment (inertial measurement unit, IMU) carried by the UAV, but the relative navigation error diverges over time as the IMU's error drifts."" [p.1]","""an angle-only relative navigation algorithm is proposed."" [p.1]",COOPERATIVE,"IMU, altimeter, magnetometer, pitot tube, optical camera",MIXED,NOT_REPORTED,Angle-only relative navigation,NOT_REPORTED,Tri-UAV formation,METHOD,SIM,EKF,"""The relative position accuracy achieved using gyros with a drift rate of 50°/h, accelerometers with 1 mg deviation, and optical cameras with 1° Gaussian white noise is within 10 m (3σ)."" [p.1]","| metric | value + unit | baseline value | page |
|--------|--------------|----------------|------|
| Relative position accuracy | <10 m (3σ) | NOT_REPORTED | p.1 |
| Gyro bias estimation error | <20°/h | NOT_REPORTED | p.8 |
| Accelerometer bias estimation error | <0.5 mg | NOT_REPORTED | p.8 |","""the CEKF algorithm shows a smaller estimation mean error and covariance error, which validates that the CEKF algorithm designed in this study possesses a higher estimation accuracy and better stability."" [p.13]","""When more UAVs will participate in the formation, the decentralized strategy and nonlinear estimation algorithm will become more complicated."" [p.13]","""This will be the focus of future research."" [p.13]","""National Natural Science Foundation of China (11802119, 12272168) and Foundation of Science and Technology on Space Intelligent Control Laboratory (6142208200303, 2021-JCJQ-LB-010-04)."" [p.13]",- No forbidden numbers encountered.,VERIFIED
REC_1451,Vision-model-based Real-time Localization of Unmanned Aerial Vehicle for Autonomous Structure Inspection under GPS-denied Environment,"Zhexiong Shang, Zhigang Shen",2019,NOT_REPORTED,NOT_REPORTED,USA (University of Nebraska-Lincoln),"""However, strong GPS signal is not always available, and it can degrade or fully loss underneath large structures or close to power lines, which can cause serious control issues or even UAV crashes."" [p.1]","""Therefore, approaches that can locate the inflight positions of UAV under GPS-denied environment is high demanded."" [p.1]","""a vision-model-based real-time self-positioning method is proposed to support autonomous aerial inspection without the need of GPS support."" [p.1]",VISION_OBJECT,"FPV camera, flow deck",INDOOR,NOT_REPORTED,NOT_REPORTED,NOT_REPORTED,Crazyflie 2.0 micro quadrotor,METHOD,REAL,NOT_REPORTED,"""The result showed that images collected with onboard camera during the aerial inspection process can be used for UAV indoor tracking and localization."" [p.6]","| metric | value + unit | baseline value | page |
|--------|--------------|----------------|------|
| 6D pose estimation | Visual tracking | NOT_REPORTED | p.6 |",NOT_REPORTED,"""Due to the geometrical complexity of the real world structures and the significant higher environmental noise of outdoor environment, the performance of this proposed method is expected to be negatively affected"" [p.7]","""which is upon further investigations in the future."" [p.7]",NOT_REPORTED,"- Title, year, venue, and DOI are not reported in the provided text. This is an anomaly.
- No forbidden numbers encountered.",VERIFIED
REC_1453,A Graph-Optimization-Based Tightly Coupled Multi-Source Positioning Method for UAVs in GNSS-Denied Environments,"Jia Lu, Zuyin Zhang, Yishen Qi, Ping Song",2026,Measurement,10.1016/j.measurement.2026.121787,China (Beijing Institute of Technology),"""Presently, Global Navigation Satellite Systems (GNSS) function as the predominant positioning methodology for Unmanned Aerial Vehicles (UAVs). However, in complex electromagnetic environments or adversarial scenarios, GNSS signals are highly susceptible to blockage, interference, or spoofing attacks. This hinders UAVs from acquiring precise positional data, jeopardizing flight safety and exerting a substantial negative influence on mission success rates."" [p.2]","""Consequently, achieving high-precision positioning for UAVs in GNSS-denied environments has become a critical technology and research focus for ensuring safe flight operations and mission success."" [p.2]","""To address UAV positioning in GNSS-denied environments, this study proposes a tightly coupled multi-source positioning method that integrates IMU, vision, and UWB."" [p.2]",HYBRID,"IMU, visual module, UWB ranging module",MIXED,NOT_REPORTED,Graph-optimization-based tightly coupled multi-source positioning,"EuRoC, HPatches",Drone platform,METHOD,BOTH,"VINS-Fusion, ORB-SLAM3","""In real flight experiments, the method achieves an RMSE of 0.480 m under high-dynamic conditions and 0.286 m under steady-state conditions, validating its sub-meter accuracy and applicability in real-world environments."" [p.2]","| metric | value + unit | baseline value | page |
|--------|--------------|----------------|------|
| Trajectory 1 RMSE (high dynamic) | 0.480 m | VINS-Fusion: diverged; ORB-SLAM3: diverged | 32, 34 |
| Trajectory 2 RMSE (low-altitude cruise) | 0.286 m | NOT_REPORTED | p.32 |
| Trajectory 1 Max error | 0.902 m | NOT_REPORTED | p.32 |
| Trajectory 2 Max error | 0.552 m | NOT_REPORTED | p.32 |
| EuRoC average RMSE | 0.0342 m | VINS-Fusion: 0.179 m; ORB-SLAM3: 0.0438 m | p.29 |
| Feature matching accuracy improvement | 5% | ORB | p.2 |","""Achieve a balanced trade-off between real-time performance, accuracy, and stability by setting N_min=7 and N_max=12."" [p.14]","""Trajectory 1 has a median error of approximately 0.44 m and a wide interquartile range of errors. The maximum error approaches 0.8 m, and there are numerous outliers. These results suggest significant error fluctuations, frequent sporadic deviations, and relatively unstable robustness performance under high-dynamic conditions."" [p.34]",NOT_REPORTED,"""This work was supported by National Defense Basic Scientific Research Program of China (JCKY2023602B019)."" [p.35","- Ground truth during real flight experiments was acquired via an onboard ZED-F9P RTK GNSS module.
- Electronic copy originally released as SSRN preprint abstract=5598844.",VERIFIED
REC_1454,Adaptive UAV Visual Localisation Based on Improved Gradient-Damping Newton Method,"Xunli Zhou, Xiaoge Zhang, Song Fu, Jiaming Liu, Xiong Liao",2026,NOT_REPORTED,10.3390/electronics15101974,China (Chengdu University),"""To address the challenge of visual localisation for UAVs operating in complex terrains under Global Navigation Satellite System (GNSS)-denied environments, this paper proposes an improved adaptive gradient-damped Newton approach to mitigate the trade-off between terrain non-convexity and computational real-time performance."" [p.1]","""monocular visual geolocalisation technology, which relies on matching airborne imagery with digital elevation models (DEM), has emerged as a research focus in the navigation field because of its robust anti-interference capability and passive detection characteristics"" [p.1]","""This paper proposes an improved adaptive gradient-damped Newton approach"" [p.1]",VISION_OBJECT,"Monocular camera, IMU, barometer",MIXED,NOT_REPORTED,Adaptive Gradient-Damped Newton Method,"DEM 3km×3km, 2m resolution",Micro UAV,METHOD,BOTH,"Grid search, Standard Newton's method, Trust-region algorithm","""Monte Carlo simulation results demonstrate that the proposed algorithm maintains submeter localisation accuracy while achieving approximately a three-fold improvement in computational efficiency compared with traditional grid-based methods, and a 27.4% increase in convergence speed relative to the standard Newton method."" [p.1]","| metric | value + unit | baseline value | page |
|--------|--------------|----------------|------|
| 3D positioning error (SEP50) | 0.32 m | NOT_REPORTED | p.10 |
| 3D positioning error (SEP95) | 0.50 m | NOT_REPORTED | p.10 |
| Computational efficiency improvement | ~3x | Grid search | p.1 |
| Convergence speed improvement | 27.4% | Standard Newton | p.1 |
| 3D RMSE (proposed) | 0.62 m | Baseline: 7.14 m | p.17 |","""By comparing various functional variants under complex nonlinear terrain (Figure 11), the study validates the advantages of the proposed method under intricate boundary conditions."" [p.17]","""the experiments were conducted in a localized campus environment, which may restrict generalization to larger and more diverse urban areas."" [p.13]","""Future work will prioritize deploying the proposed algorithm onto physical UAV platforms to conduct rigorous field flight tests in real-world complex terrains"" [p.18]","""Natural Science Foundation of Sichuan Province, China under Grants No. 24NSFSC2722, the National Natural Science Foundation of China under Grants No. 62406043."" [p.19]","- Title, venue, and DOI are not reported in the provided text. This is an anomaly. The year 2026 is inferred from the manuscript.
- No forbidden numbers encountered.",VERIFIED
REC_1455,Cross-Modal Images Matching Based Enhancement to MEMS INS for UAV Navigation in GNSS Denied Environments,"Songlai Han, Ming Zhao, Kai Wang, Jing Dong, Ang Su",2023,Applied Sciences,10.3390/app13148238,"China (Central South University, National University of Defense Technology)","""As is known, the GNSS signal might be blocked, cheated, or even shut down [4,5]. Under these circumstances, standalone INS generally cannot fulfill the navigation necessity, especially for the micro electro mechanical systems (MEMS) INS, which is widely used in the small- or medium-size UAVs [6]."" [p.1]","""If the UAVs fly at a proper altitude and have a good view of the ground, a vision-based approach can be used to enhance the performances of the MEMS INS, and an acceptable navigation accuracy might be achieved to ensure the reliable flying of UAV in GNSS denied circumstances [7]."" [p.1]","""In this paper, we proposed an airborne MEMS INS enhancing method based on cross-modal images matching, which can provide long range autonomous navigation for medium- and high-altitude aircraft under GNSS blocking environment."" [p.3]",HYBRID,"Visible light camera, infrared camera, MEMS IMU",MIXED,NOT_REPORTED,Cross-modal image matching-based MEMS INS enhancement,NOT_REPORTED,DJI M600Pro UAV,METHOD,REAL,HOP (HOG + Optical Flow + Particle Filter),"""It can be noted from Table 5 that both the CPR and positioning accuracy of HOP are significantly lower than those of CMM for all the flights."" [p.16]","| metric | value + unit | baseline value | page |
|--------|--------------|----------------|------|
| CMM CPR (Flight 1) | 99.8% | HOP: 95.5% | p.16 |
| CMM Positioning RMS Error (Flight 1) | 3.777 m | HOP: 18.986 m | p.16 |
| Coarse matching rate (infrared) | 12.6 Hz | NOT_REPORTED | p.16 |
| Coarse matching rate (visible) | 12.1 Hz | NOT_REPORTED | p.16 |
| MEMS INS North RMS Error (CMM) | 3.644 m | HOP: 20.155 m | p.17 |",NOT_REPORTED,"""The real-time image has to be rectified before the coarse image matching, which means the proposed method cannot be applied to the system with uncalibrated camera. In addition, the attitude of the camera with a standard error of less than 3 degrees is required for real-time image rectification."" [p.18]","""In the future work, we will focus on enhancing the precision of the positioning and improving the weather adaptability of the algorithm."" [p.18]","""National Natural Science Foundation of China with Grant number 61203199; and in part by the National Natural Science Foundation of China with Grant number 61802423."" [p.19]",- No forbidden numbers encountered.,VERIFIED
REC_1459,Automatic UAV inspection of tunnel infrastructure in GPS-denied underground environment,"Ran Zhang, Aohui Ouyang, Zili Li",2022,"European Workshop on Structural Health Monitoring (EWSHM 2022), Lecture Notes in Civil Engineering",10.1007/978-3-031-07258-1_53,"Ireland (University College Cork, iCRAG)","""However, the drone inspection of tunnel surface still faces many challenges. Compared with the open-air condition, the dark environment in confined underground tunnel space without GPS positioning signal is not suitable for UAV flight, owning to the decrease of drone manipulation precision and automatic flight interference from intrados."" [p.3]","""To this end, this paper proposed a UAV automatic data acquisition method with the help of visual positioning, which further developed the Mobile SDK of DJI UAV to control the UAV flight following a designated trajectory."" [p.3]","""In order to facilitate data acquisition, this article developed a mobile software development kit (MSDK) for drone using visual positioning and predefined controlling code"" [p.2]",VISION_OBJECT,"Camera, spotlight",UNDERGROUND,NOT_REPORTED,MSDK (Mobile Software Development Kit),NOT_REPORTED,DJI Mavic 2 Enterprise Dual (M2ED),SYSTEM,REAL,NO_BASELINE,"""the 40-m difference between the designated routine and actual routine was 1.9%"" [p.2]","| metric | value + unit | baseline value | page |
|--------|--------------|----------------|------|
| Route difference (bright tunnel) | 1.7% | NOT_REPORTED | p.9 |
| Route difference (dark tunnel) | 1.9% | NOT_REPORTED | p.9 |
| Calibrated frames (bright tunnel) | 989/1000 | NOT_REPORTED | p.9 |
| Calibrated frames (dark tunnel) | 1287/1969 | NOT_REPORTED | p.9 |",NOT_REPORTED,"""There's some loss of information during video stitching. Those uncalibrated frames are at the start and end of inspection and are missing data. This is inevitable data loss due to limited overlapping at the ends of the flying routes."" [p.9]","""In the next step, the tunnel defects (e.g., crack and leakage) in the 3D point cloud model can be automatically detected and classified using an advanced deep learning algorithm."" [p.10]",NOT_REPORTED,- No forbidden numbers encountered.,VERIFIED
REC_1463,Decentralised Multi-UAV Cooperative Searching Multi-Target in Cluttered and GPS-Denied Environments,"Xiaolong Zhu, Fernando Vanegas, Felipe Gonzalez",2022,2022 IEEE Aerospace Conference (AERO),10.1109/AERO53065.2022.9843665,Australia (Queensland University of Technology),"""Utilising a team of UAVs to efficiently and cooperatively locate a target in congested and GPS-denied environments remains a difficult challenge."" [p.2]","""In order to provide a possible solution for these applications, this paper presents a multi-UAV system that can be utilised for a team of UAVs to autonomously navigate, search and detect multiple targets in a cluttered and GPS-denied environment."" [p.2]","""The multi-UAV system uses a decentralised framework based on Decentralised Partially Observable Markov Decision Processes (Dec-POMDP) to formulate the decision-making process considering uncertainties in the environments and sensing."" [p.2]",COOPERATIVE,"Downward facing cameras, multi-orientation range sensors",INDOOR,NOT_REPORTED,Int-Dec-POMDP,NOT_REPORTED,Small-size quadcopter UAVs,SYSTEM,SIM,"Different reward value sets (Set A, B, C)","""The distinction between Set B and Set C is that the avoidance actions are either rewards or costs in the reward function, and the close-to-zero results of Set C demonstrate the utility and robustness of the collision avoidance function."" [p.8]","| metric | value + unit | baseline value | page |
|--------|--------------|----------------|------|
| Collision rate (Set C, Scenario 1) | 0% | Set A: 36%; Set B: 8% | p.8 |
| Collision rate (Set C, Scenario 2) | 4% | Set A: 44%; Set B: 12% | p.8 |
| Success rate (P+S1) | 90% | NOT_REPORTED | p.8 |
| Success rate (P+Q+S1) | 80% | NOT_REPORTED | p.8 |
| Time to find all targets (5 UAVs) | 342.9 sec | 2 UAVs: 640.5 sec | p.9 |","""Three types of experiments were conducted to evaluate and analyse the proposed multi-UAV system's performance."" [p.7]","""increasing the number of UAVs does not improve the performance of the multi-UAV system linearly and becomes marginal as the number of UAVs increases."" [p.9]","""Additional research avenues include identifying and integrating a cost-effective Simultaneous Localisation and Mapping (SLAM) system within the architecture of a multi-UAV system."" [p.9]","""Australian Research Council and Queensland University of Technology for funding this project (When every second counts: Multi-drone navigation in GPS-denied environments)."" [p.9]",- No forbidden numbers encountered.,VERIFIED
REC_1474,Robust UAV-Satellite Imagery Alignment via Cross-Domain Descriptor Learning and Homography Optimization,"Yang Xiao, Yunbo Wu, Chen Yang, Zhen Qin, Ziping Yu, Huilong Zheng",2026,NOT_REPORTED,10.1109/TGRS.2026.3689254,NOT_REPORTED,"""However, further progress in UAV-satellite image registration and alignment remains constrained by two fundamental issues. First, existing learning-based local feature matching methods are typically developed using training data with explicit geometric correspondences... In UAV-satellite registration, however, explicit camera correspondences are generally unavailable, which limits the availability of cross-domain supervision for training local matching models. Second, existing UAV-satellite datasets often exhibit varying degrees of geospatial misalignment among UAV images, GNSS ground truth, and satellite images."" [p.1]","""To address these issues, this work investigates how dense correspondences produced by dense matchers can be converted into trainable supervisory signals in the absence of explicit camera correspondences and pixel-level annotations."" [p.1]","""To address these issues, we present Co-Lo, a calibrated UAV-satellite dataset."" [p.1]",VISION_OBJECT,Camera,MIXED,NOT_REPORTED,Co-Lo,Co-Lo,UAV,DATASET,REAL,"SIFT, SP+SG, ALIKED+LG, XFeat+LG, LoFTR, ASpanFormer","""XFeat achieves an MMA@10 of 77.1%, which is 0.7pp higher than that of SP+SG, and an MHA@10 of 58.0%, which is 19.2pp higher."" [p.6]","| metric | value + unit | baseline value | page |
|--------|--------------|----------------|------|
| XFeat* MMA@10 (texture-sparse) | 77.1% | SP+SG: 76.4% | p.7 |
| XFeat* MHA@10 (texture-sparse) | 58.0% | SP+SG: 38.8% | p.7 |
| DLK* MHA@10 (texture-sparse) | 68.3% | SP+SG: 38.8% | p.7 |
| XFeat* MMA@10 (texture-rich) | 91.6% | SP+SG: 80.6% | p.12 |
| XFeat* MHA@10 (texture-rich) | 82.2% | SP+SG: 72.7% | p.12 |
| XFeat* MAE (AerialVL) | 0.62 m | ALIKED+LG: 0.68 m | p.7 |
| XFeat* Rmax (AerialVL) | 73.4% | SP+SG: 71.2% | p.7 |","""Ablation Study on XFeat*: 1) using SP as the keypoint detector... 2) removing the COCO20k synthetic data... 3) optimizing the descriptor using keypoint correspondences predicted by XFeat itself... 4) replacing the XFeat with a pretrained SP..."" [p.8]","""Although the weakly supervised cross-domain adaptation strategy improves descriptor training by establishing keypoint correspondences, several limitations remain. Correspondence Noise: When using the sampled RoMa correspondences as pseudo-labels, the average reprojection error is approximately 4px."" [p.10]","""In future work, we aim to establish more cross-domain keypoint correspondences for stable matching. Reducing the reprojection error will be crucial for enabling joint training of the keypoint detector and descriptor."" [p.10]",NOT_REPORTED,"- Title, venue, year, and DOI are not reported in the provided text. This is an anomaly.
- No forbidden numbers encountered.",VERIFIED
REC_1480,Pose Estimation for an Autonomous Vehicle using Monocular Vision,"Nikunj Kothari, Misha Gupta, Leena Vachhani, Hemendra Arya",2017,NOT_REPORTED,NOT_REPORTED,NOT_REPORTED,"""Accurate pose estimation of the autonomous vehicle still remains a significant challenge, especially in Global Positioning System (GPS) denied environments."" [p.1]","""The aim of this work is to provide a solution for the pose estimation of an autonomous vehicle using monocular vision alone so that even a small-size vehicle can perform pose estimation without the help of additional sensors."" [p.1]","""The proposed method estimates the robot's pose using individual images by constantly tracking four fixed feature points in a rectangular pattern, whose positions are known a priori."" [p.1]",VISION_OBJECT,Monocular camera (RPi camera),INDOOR,NOT_REPORTED,NOT_REPORTED (iterative pose estimation),NOT_REPORTED,"Differential drive robot, MAV",METHOD,BOTH,NOT_REPORTED,"""In the simulation of a differential drive robot, pose estimation error in robot's position in x and z directions are 3.7 × 10⁻⁴ relative units and 7.3 × 10⁻⁵ relative units respectively. The estimation error in robot's heading is 0.043°."" [p.2]","| metric | value + unit | baseline value | page |
|--------|--------------|----------------|------|
| Position error (simulation, x) | 3.7×10⁻⁴ relative units | NOT_REPORTED | p.2 |
| Position error (simulation, z) | 7.3×10⁻⁵ relative units | NOT_REPORTED | p.2 |
| Heading error (simulation) | 0.043° | NOT_REPORTED | p.2 |
| Position error (experimental) | <0.02 m | NOT_REPORTED | p.2 |
| Computation time | <0.1 sec | NOT_REPORTED | p.2 |",NOT_REPORTED,"""These equations have singularity at β = 90°. In practice when β = 90° it means the camera is looking perpendicularly to the window, hence no feature points will be detected."" [p.4]","""Future work involves implementing the proposed technique on an MAV for autonomous navigation in indoor environment. Experiments such as passing through a window/door are feasible using the proposed technique."" [p.7]",NOT_REPORTED,"- Title, authors, venue, year, and DOI are not reported in the provided text. This is an anomaly.
- No forbidden numbers encountered.",VERIFIED
REC_1502,A UAV-based explore-then-exploit system for autonomous indoor facility inspection and scene reconstruction,"Chuanxiang Gao, Xinyi Wang, Ruoyu Wang, Zuoquan Zhao, Yu Zhai, Xi Chen, Ben M. Chen",2023,NOT_REPORTED,10.1016/j.autcon.2023.104753,NOT_REPORTED,"""However, due to the lack of GPS signal indoor, the localization of UAVs is a big challenge to achieve fully autonomous inspection. Moreover, the narrow and complex indoor environment makes it difficult to guarantee flight safety."" [p.1]","""Traditional indoor facility inspections on pipelines and boilers are conducted manually and can be logistically challenging, labor- intensive, costly, and dangerous for the inspectors. With the maturity of unmanned technology, the unmanned aerial vehicle (UAV) is becoming a promising alternative..."" [p.1]","""This paper presents a UAV- based explore- then- exploit system to tackle these problems for autonomous indoor facility data collection and scene reconstruction."" [p.1]",NOT_REPORTED,"3D lidar (Velodyne 16), stereo camera (Intel RealSense D435i), 4K optical camera (DJI ACTION2)",INDOOR,NOT_REPORTED,NOT_REPORTED,NOT_REPORTED,"two UAVs (one protected for exploration, one small/light for exploitation)",SYSTEM,REAL,"Mellinger, Richter for trajectory generation","""The quantitative analysis shows that the positioning accuracy is centimeter- level and the reconstruction error is within 3 cm."" [p.1]","| metric | value + unit | baseline value | page |
| positioning accuracy | centimeter-level | NOT_REPORTED | p.1 |
| reconstruction error | within 3 cm | NOT_REPORTED | p.1 |",NOT_REPORTED,"""compared to UGV, UAV cannot carry many devices and the duration of UAV is much shorter. In addition, with the consideration of safety and the dynamic constraints of UAVs, they cannot fly very fast in the environment."" [p.12]","""In the future, we will extend our system to a multi- agent collaborative system to save inspection time."" [p.12]",NOT_REPORTED,No forbidden numbers. Paper is well-structured.,VERIFIED
REC_1512,Hierarchical Multi-Agent Navigation Through the 72-h Thermal Drift Cliff,"Mosab Alrashed, Humoud Aldaihani, Mohammad Alqattan",2026,Drones,https://doi.org/10.3390/drones10080561,NOT_REPORTED,"""Long- endurance unmanned aerial vehicle (UAV) missions beyond 72 consecutive flight hours face a reliability boundary at which thermal gyroscope drift drives the inertial navigation system (INS) position error into rapid nonlinear divergence at a predictable threshold \(t_{c}\) ."" [p.1]","""Long- duration unmanned aerial vehicles (UAVs)—defined here as platforms capable of multi- day sorties exceeding 48 consecutive flight hours—have become essential to autonomous environmental monitoring, persistent area surveillance, and high- altitude communication relay"" [p.1]","""This paper presents BAZ II, a simulation- validated multi- agent navigation system..."" [p.1]",NOT_REPORTED,"tactical-grade MEMS sensors, IMU",MIXED,NOT_REPORTED,NOT_REPORTED,NOT_REPORTED,23.8kg hexarotor,METHOD,SIM,"Swarm-SLAM, Kimera-Multi, D2SLAM","""the simulation- validated bifurcation at \(t_{c} = 72.9\pm 2.4\mathrm{h}\)"" [p.1]
""link availability from \(12.4\%\) to \(81.7\%\) under barrage jamming"" [p.1]
""cuts RF map error by \(48.6\%\)"" [p.1]","| metric | value + unit | baseline value | page |
| bifurcation threshold | 72.9 ± 2.4 h | NOT_REPORTED | p.1 |
| link availability under barrage jamming | 81.7% | 12.4% | p.1 |
| RF map error reduction | 48.6% | NOT_REPORTED | p.1 |
| localization budget | holds within 2 m | NOT_REPORTED | p.1 |","They have sensitivity analyses: ""Figure 3. Bifurcation parameter sensitivity"" [p.11], ""Figure 5. Collaborative SLAM sensitivity analyses"" [p.16], etc.","""Several limitations bound the scope of the present results... First, every result reported in this paper is obtained in simulation. No hardware- in- the- loop or field data are presented..."" [p.30]","""Translating it into an operational guarantee will require the hardware- in- the- loop and long- endurance field testing set out in Section 5.8..."" [p.31]",NOT_REPORTED,"Extensive paper. The header says ""Drones 2026, 10, 69"" but the DOI is 10.3390/drones10080561. Page 15 has an OCR repetition artifact.",VERIFIED
REC_1541,Visual-Thermal Landmarks and Inertial Fusion for Navigation in Degraded Visual Environments,"Shehryar Khattak, Christos Papachristos, Kostas Alexis",2019,NOT_REPORTED,NOT_REPORTED,NOT_REPORTED,"""These applications require robots to navigate through a variety of environments, while often encountering GPS- denied and visually degraded conditions making reliable pose estimation for the robot a major challenge."" [p.1]","""During the past decade, aerial robots have seen an unprecedented expansion in their utility as they take on more tasks which had typically been reserved for humans. With an ever widening domain of aerial robotic applications, including many mission critical tasks such as disaster response operations, search and rescue missions and infrastructure inspections taking place in GPS- denied environments, the need for reliable autonomous operation of aerial robots has become crucial."" [p.1]","""we present a multi- sensor fusion algorithm for reliable odometry estimation in GPS- denied and degraded visual environments."" [p.1]",NOT_REPORTED,"FLIR Tau 2 thermal camera, Pointgrey Chameleon 3 visible light CCD cameras, VectorNav VN-100 IMU",MIXED,NOT_REPORTED,NOT_REPORTED,NOT_REPORTED,DJI Matrice 100 quadrotor,METHOD,REAL,without mask,"""A final position error of \(0.4857\mathrm{m}\) was estimated for the robot navigation along the direction of the mine shaft."" [p.6]","| metric | value + unit | baseline value | page |
| final position error | 0.4857 m | NOT_REPORTED | p.6 |","ANOVA test on feature selection, p-value < 0.007185 (indoor), p-value < 0.00001 (mine). [p.5, p.6]",NOT_REPORTED,NOT_REPORTED,NOT_REPORTED,"No forbidden numbers. Some OCR issues like ""sate"" for state on p.5.",VERIFIED
REC_1557,Model-Based Cooperative Navigation for a Group of Flying Robots,"Ali Faghihinia, M.A. Amiri Atashgah, S.M. Mehdi Dehghan",2022,NOT_REPORTED,10.1109/TAES.2021.3136247,NOT_REPORTED,"""The growth of position errors in a GNSS- denied condition is such that the navigation methods are not reliable."" [p.1]","""A group of flying robots (FRs) is more robust than a single one, in which more complex missions can be performed [1]."" [p.1]","""a model- based cooperative navigation system for a group of quadrotors, while no absolute position data is accessible, is proposed."" [p.1]",NOT_REPORTED,"IMU, UWB (for relative range and bearing)",MIXED,NOT_REPORTED,NOT_REPORTED,NOT_REPORTED,group of quadrotors,METHOD,SIM,"MBC-EKF, MB-EKF, DFB-C-EKF","""RMSE of MBC- EKF is reduced \(97\%\) in the 2- D (horizontal) position and \(40\%\) in the vertical one, relative to the DFB- C- EKF... while it is \(42\%\) in the horizontal plane and \(73\%\) on the vertical one, relative to MB- EKF."" [p.10]","| metric | value + unit | baseline value | page |
| RMSE2D | 0.2170 m | 9.802 m (DFB-C-EKF) | p.10 |
| RMSEH | 1.3880 m | 5.2949 m (MB-EKF) | p.10 |",NOT_REPORTED,"""although there is no external source of absolute position data, the position errors and their covariance increase over time at a much slower rate relative to the CN."" [p.10]","""1) sensitivity analysis of the proposed method... 2) using of experimental and test data to validate the proposed method; 3) development of a model- based CN for a nonhomogeneous group; 4) development and implementation of a model- based SLAM."" [p.10]",NOT_REPORTED,No forbidden numbers.,VERIFIED
REC_1561,Characterization of mountain drainage patterns for GPS-denied UAS navigation augmentation,"Teng Wang, Koray Celik, Arun K. Somani",2015,Machine Vision and Applications,10.1007/s00138-015-0723-9,NOT_REPORTED,"""When GPS is unavailable, position, velocity and altitude (PVA) performance from other inertial and air data sensors is not sufficient, especially for small UASs."" [p.1]","""The use of UASs have been attracting much attention among geometrics and geospatial professionals recently. The applications of such UASs are diverse..."" [p.1]","""We present a novel approach to use mountain drainage patterns for GPS- denied navigation of small unmanned aerial systems"" [p.1]",NOT_REPORTED,down-looking fixed focus monocular imager,FOREST,NOT_REPORTED,NOT_REPORTED,GRRR data from USGS,small UAS (ScanEagle),METHOD,REAL,NO_BASELINE,"""the terrain matching pipeline in 0.056 s has the capability to enable real- time navigation of UAS systems."" [p.13]","| metric | value + unit | baseline value | page |
| false positive rate | 0.0124 | NOT_REPORTED | p.13 |
| false negative rate | 0 | NOT_REPORTED | p.13 |
| runtime | 0.056 s | NOT_REPORTED | p.13 |","""we test the robustness of matching threshold ""40"" over three different terrain areas"" [p.13]",NOT_REPORTED,"""speed performance of our terrain matching pipeline can be further improved by optimizing parallel data structure, which is part of our on- going work."" [p.13]",NOT_REPORTED,"OCR artifact on page 2: a huge block of ""1 1 1 1..."" which is unreadable. Also page 11 has a block of ""Correspondences ..."". I will note these in Notes.",VERIFIED
REC_1564,Ultra-wideband based cooperative relative localization algorithm and experiments for multiple unmanned aerial vehicles in GPS denied environments,"Kexin Guo, Zhirong Qiu, Wei Meng, Lihua Xie, Rodney Teo",2017,International Journal of Micro Air Vehicles,10.1177/1756829317695564,NOT_REPORTED,"""Inter-unmanned aerial vehicle (UAV) relative localization (RL) is the pre-requisite for UAV teaming and swarming in the case when absolute localization information such as information from global positioning system (GPS) is unavailable or inaccurate, which happens in indoor, urban, and forest environments."" [p.1]","""Therefore, RL is critically important in multi-UAV systems and there are pressing needs to study the inter-UAV RL problem."" [p.1]","""This article puts forward an indirect cooperative relative localization method to estimate the position of unmanned aerial vehicles (UAVs) relative to their neighbors based solely on distance and self-displacement measurements in GPS denied environments."" [p.1]",UWB,"UWB, IMU, GPS module",MIXED,NOT_REPORTED,UWB-based cooperative relative localization,NOT_REPORTED,Quadcopters,METHOD,BOTH,"Batista et al., Indiveri et al.","""the performance of Algorithm 2 is satisfactory if we consider the distance of 50 m and accuracy of 0.6 m in the worst case, with only a movement of 12 m."" [p.10]","| metric | value + unit | baseline value | page |
|--------|--------------|----------------|------|
| Launching point mean |x| error | 0.440 m | NOT_REPORTED | 13 |
| Launching point mean |y| error | 0.830 m | NOT_REPORTED | 13 |
| Landing point mean |x| error | 0.986 m | NOT_REPORTED | 13 |
| Landing point mean |y| error | 0.943 m | NOT_REPORTED | 13 |
| Simulation estimation error bound (noise-free) | within 0.6 m | NOT_REPORTED | p.10 |
| Simulation mean error (noise-corrupted) | within 1 m per direction | Batista et al.: 2–5 m; Indiveri et al.: dozens of meters | p.10 |","""Comparison with other methods. Here we compare the performance of our approach with that of Batista et al. and Indiveri et al. under the same setting"" [p.10]","""there still exists a possibility of RL estimate drift or even pointlessness over a long-time test, i.e. estimates getting worse and worse, or EKF divergence due to various unreasonable measurements or long-term data dropout."" [p.11]","""In the future, we shall extend the current result to 3D case under more general constraint, and an UWB based formation flight will be explored and tested."" [p.17]","""The author(s) received no financial support for the research, authorship, and/or publication of this article."" [p.17]",- No forbidden numbers encountered.,VERIFIED
REC_1573,Visual-based localization methods for unmanned aerial vehicles in landing operation on maritime vessel,"T-Th. Nguyen, Ch. Hames, Th. Dutrannois, T. Halleux, G. De Cubber, R. Haelterman, B. Janssens",2024,Acta IMEKO,10.21014/actaimeko.v13i4.1575,Belgium (Royal Military Academy),"""However, accurate localization of these UAVs in maritime environments especially during landing operation on maritime vessels remains a challenge, particularly in GNSS denied areas."" [p.1]","""This paper proposes two visual-based localization methods for UAVs during two different phases of landing operating on maritime vessels."" [p.1]","""The first method is used for estimating the UAV's position with respect to the vessel during the approach phase. It involves a visual UAV detection and tracking approach using the YOLO detector and OceanPlus tracker trained on a custom dataset. The UAV's position with respect to the vessel is estimated using stereo triangulation."" [p.1]",VISION_OBJECT,"Stereo camera, downward camera",MIXED,NOT_REPORTED,NOT_REPORTED (two visual-based localization methods),Custom synthetic dataset,DJI Matrice M300,METHOD,SIM,"ORB-SLAM3, OV2SLAM, VINS-Fusion, etc.","""our proposed method can detect and track the target UAV from up to 100 m with 4K stereo camera and can estimate the position of the UAV with less than 10 cm error during the critical landing phase."" [p.11]","| metric | value + unit | baseline value | page |
|--------|--------------|----------------|------|
| Approaching phase position error | <10 cm | NOT_REPORTED | p.1 |
| Stereo 720p ORB-SLAM3 ATE RMSE | 8.55 cm | NOT_REPORTED | p.10 |
| Stereo 376p ORB-SLAM3 ATE RMSE | 20.61 cm | NOT_REPORTED | p.10 |
| Mono 720p ORB-SLAM3 ATE RMSE | 13.38 cm | NOT_REPORTED | p.10 |
| Mono 376p ORB-SLAM3 ATE RMSE | 34.28 cm | NOT_REPORTED | p.10 |
| Tracking time stereo 720p | 163 ms | NOT_REPORTED | p.10 |
| Tracking time mono 376p | 54 ms | NOT_REPORTED | p.10 |","""Improvement: Merging map feature with monocular camera"" [p.11]","""Due to the nature of visual system, our methods depend on lighting conditions and visibility of the subject UAV or landing area, therefore, can't be used in all conditions."" [p.12]",NOT_REPORTED,"""The work presented in this paper was funded by the Royal Higher Institute for Defence of Belgium (project codes: DAP18/04 and MSP20/03)."" [p.1]",- No forbidden numbers encountered.,VERIFIED
REC_1576,Autonomous dynamic docking of UAV based on UWB-vision in GPS-denied environment,"Cheng Cheng, Xiuxian Li, Lihua Xie, Li Li",2022,Journal of the Franklin Institute,10.1016/j.jfranklin.2022.03.005,China (Tongji University); Singapore (Nanyang Technological University),"""Note that accurate odometry is generally difficult to obtain, especially for UAVs with low grade IMU. Therefore, this paper focuses on UAV docking on MP without the vehicle odometer in GPS-denied environments."" [p.1]","""This paper studies the autonomous docking between an Unmanned Aerial Vehicle (UAV) and a Mobile Platform (MP) based on UWB and vision sensors."" [p.1]","""an integrated estimation and control scheme is proposed, which is divided into three phases: hovering, approaching and landing."" [p.1]",HYBRID,"UWB (DWM1000), Intel RealSense T265, IMU (Pixhawk 4)",MIXED,NOT_REPORTED,UWB-vision integrated estimation and control,NOT_REPORTED,Hexacopter,METHOD,BOTH,NO_BASELINE,"""the UAV gradually approaches the MP using the control law proposed in this paper until the MP appears within the range of the UAV vision sensor and the range between the UAV and MP is within a preset value"" [p.13]","| metric | value + unit | baseline value | page |
|--------|--------------|----------------|------|
| UWB accuracy | <10 cm error within 100 m range | NOT_REPORTED | p.16 |
| Velocity estimate error | within 0.5 m from true value | NOT_REPORTED | p.11 |
| Landing error | <1 m | NOT_REPORTED | p.17 |",NOT_REPORTED,"""MP with non-zero acceleration is an interesting topic for future research."" [p.4]","""MP with non-zero acceleration is an interesting topic for future research."" [p.4]",NOT_REPORTED,- No forbidden numbers encountered.,VERIFIED
REC_1582,Overview of Mutual Localization Techniques Between Unmanned Aerial Vehicles in Swarm,"B. Czaja, K. Maslanka, P. Skokowski, J. Kelner",2019,NOT_REPORTED,10.12716/1001.19,Poland,"""Effective control of such a swarm, whether by a human operator or autonomously, requires maintaining safe distances between individual UAVs."" [p.1]","""The market for unmanned aerial vehicles (UAVs), along with their associated applications and services, has been developing at a rapid pace in recent years."" [p.1]","""This paper presents a comprehensive review of recent advancements in relative localization techniques within UAV swarms."" [p.1]",SURVEY,"optical, radio, acoustic",MIXED,NOT_REPORTED,Review of mutual localization techniques,NOT_REPORTED,UAV swarms,SURVEY,NOT_REPORTED,NOT_REPORTED,NOT_REPORTED,NOT_REPORTED,NOT_REPORTED,"""The literature seldom addresses radio and acoustic techniques that measure the angle of arrival, marking these methods as a niche research area."" [p.5]","""One initial issue to address concerning angular methods is choosing the array layout to achieve optimal directional parameters while maintaining a compact aperture."" [p.5]",NOT_REPORTED,No forbidden numbers appear. Venue not reported. DOI not reported.,VERIFIED
REC_1587,Landmark-Based Scale Estimation and Correction of Visual Inertial Odometry for VTOL UAVs in a GPS-Denied Environment,Lee J.-C.; Chen C.-C.; Shen C.-T.; Lai Y.-C.,2022,Sensors,10.3390/s22249654,Taiwan (National Cheng Kung University),"""However, VIO has problems of scale errors and long-term drift."" [p.1]","""This study proposes a method to correct the position errors of VIO without the help of GPS information for vertical takeoff and landing (VTOL) UAVs."" [p.1]","""The position of the UAV is estimated by VIO. Then, the accurate position is estimated by the extended Kalman filter (EKF) with the known landmark, which is used to obtain the scale correction using the least squares method."" [p.1]",HYBRID,"VI-sensor (MYNT EYE D-120), IMU",INDOOR,NOT_REPORTED,Landmark-aided VIO with scale correction,NOT_REPORTED,VTOL UAV,METHOD,REAL,"ROVIO, VINS-Mono","""The results show that the final estimated location of the proposed algorithm, ROVIO with landmark assistant to estimate the scale correction, is the closest to the ground truth among all the tested algorithms."" [p.11]","| metric | value + unit | baseline value | page |
|--------|--------------|----------------|------|
| Ground test RMSE (proposed) | 0.3432 m | ROVIO: 3.7469 m; ROVIO+GPS: 1.9756 m; ROVIO+Landmark: 2.1976 m | p.11 |
| Flight Case 1 target location (proposed) | 1.116 m | ROVIO: 1.6687 m; ROVIO+GPS: 1.4254 m; ROVIO+Landmark: 1.4596 m | p.13 |
| Flight Case 1 RMSE (proposed) | 1.7431 m | ROVIO: 3.2097 m; ROVIO+GPS: 2.2386 m; ROVIO+Landmark: 1.8626 m | p.13 |
| Flight Case 2 target location (proposed) | 2.4478 m | ROVIO: 7.1529 m; ROVIO+GPS: 6.1271 m; ROVIO+Landmark: 5.9645 m | p.13 |
| Flight Case 2 RMSE (proposed) | 5.1649 m | ROVIO: 8.4588 m; ROVIO+GPS: 6.0043 m; ROVIO+Landmark: 5.7631 m | p.13 |","""To examine how efficient the algorithm can solve the long-term drift problem, the final estimated location of the original ROVIO, ROVIO with the GPS-based scale estimation, ROVIO with the landmark-based scale estimation, and the proposed algorithm are compared with the ground truth."" [p.11]","""In the scale correction estimation process, the VI-sensor needs to be moved fully on three axes to successfully estimate the scale correction."" [p.14]","""1. Add more experiment designs to complete full movements in three axes. 2. Add external force estimation in the algorithm. 3. Use a GPS timestamp to synchronize the time of the camera and IMU. 4. Add external pose information in the measurement update process."" [p.14]","""This research was funded by the National Science Council (NSTC) under grant number MOST 111-2221-E-006-110- and MOST 111-2622-E-006-012-."" [p.14]",- Title and authors are not reported in the provided text. This is an anomaly.,VERIFIED
REC_1608,Long-Term Aerial Robot Localization based on Visual Odometry and Radio-based Ranging,"F.J. Pérez-Grau, F.R. Fabresse, F. Caballero, A. Viguria, A. Ollero",2016,2016 International Conference on Unmanned Aircraft Systems (ICUAS),10.5244/C.25.16,"Spain (University of Seville, CATEC)","""Visual odometry approaches have demonstrated to work very well for localization in GPS-denied areas, however they could quickly diverge depending on the environment."" [p.1]","""In order to achieve reliable long-term localization, it is a good practice to complement vision-based estimations with an additional source of information able to correct odometry drifts."" [p.1]","""This paper presents an approach that complements stereo visual odometry with distance measurements from several radio beacons located in an indoor scenario."" [p.1]",HYBRID,"VI-sensor, IMU, Nanotron range sensors",INDOOR,NOT_REPORTED,NOT_REPORTED (visual odometry + radio ranging),NOT_REPORTED,Aerial robot (AscTec?),METHOD,REAL,Visual odometry alone,"""the average error of the proposed approach is about 0.4 meters, while the odometry error grows with time"" [p.5]","| metric | value + unit | baseline value | page |
|--------|--------------|----------------|------|
| 3D localization error | 0.4 m RMS | Visual odometry: grows with time | p.5 |
| X RMS error | 0.4 m | NOT_REPORTED | p.5 |
| Y RMS error | 0.25 m | NOT_REPORTED | p.5 |
| Z RMS error | 0.25 m | NOT_REPORTED | p.5 |
| Computational time | 22 ms per stereo pair | NOT_REPORTED | p.6 |",NOT_REPORTED,"""Although the presented approach is able to estimate the robot localization with small errors, it can be improved with other localization inputs as visual place recognition."" [p.6]","""Visual appearance can be added on top of the current processing pipeline in order to recognize revisited locations."" [p.6]","""This work has been partially supported by the EuRoC project funded by the EU FP7 under grant agreement CPIP 608849; and the AEROMAIN (DPI2014-59383-C2-1-R) Spanish national project."" [p.6]",- No forbidden numbers encountered.,VERIFIED
REC_1612,Visual GPS-denied Multi-Agent Localization & Terrain Classification,"Eve Law, John Baillieul",2018,NOT_REPORTED,NOT_REPORTED,"USA (Draper, Boston University)","""As GPS becomes increasingly unreliable for future applications, localizing without it becomes more and more crucial, with computer vision seen as a key way forward."" [p.1]","""This work uses recent advances in machine learning (ML) to add significant capabilities to current autonomous vehicle visualization, enabling a host of new possibilities in applications ranging from indoor localization to space exploration."" [p.1]","""This paper will introduce a novel and minimalist approach to visual navigation and multi- agent communication using semantic machine learning classification and geometric constraints."" [p.1]",VISION_OBJECT,Camera (downward-looking),MIXED,NOT_REPORTED,Minimalist visual navigation and multi-agent communication using semantic ML classification,Places-CNN descriptor,UAV (parafoil system discussed as application),METHOD,SIM,Single agent,"""With 4 agents, sensing accuracy (p) of only 0.6 is more accurate than perfect set estimation (p = 1) with a single agent."" [p.4]","| metric | value + unit | baseline value | page |
|--------|--------------|----------------|------|
| Fraction of accurately estimated locations | ~30% (1 agent, p=0.8) | ~10% (1 agent, p=0.6) | p.5 |","""Higher sensor fidelity increases accuracy across the board. Increasing agents significantly improves estimation accuracy."" [p.4]","""The primary limiting factor in performance is the underlying machine learning techniques used to classify imagery from different cameras/viewpoints consistently."" [p.7]","""Future work could explore those approaches to improve upon the performance demonstrated here."" [p.7]","""Draper, Office of Naval Research (Grant Number N00014-17-1-2075)."" [p.10]",- Paper is an author's version. No forbidden numbers encountered.,VERIFIED
REC_1619,Robust Autonomous Flight in Constrained and Visually Degraded Shipboard Environments,"Zheng Fang, Shichao Yang, Sezal Jain, Geetesh Dubey, Stephan Roth, Silvio Maeta, Stephen Nuske, Yu Zhang, Sebastian Scherer",2016,Journal of Field Robotics,10.1002/rob.21670,"USA (CMU), China (Northeastern University)","""This paper addresses the problem of autonomous navigation of a micro aerial vehicle (MAV) for inspection and damage assessment inside a constrained shipboard environment, which might be perilous or inaccessible for humans, especially in emergency scenarios."" [p.1]","""The idea is that the drone will be released into a ship's potentially dark, smoke- filled hallways in the event of an emergency and will proceed to fly autonomously through the vessel, looking for fires, measuring heat, and locating any personnel who may be found along the way."" [p.1]","""we first propose a robust state estimation method that fuses estimates from a real- time odometry estimation algorithm and a particle filtering localization algorithm with other sensor information in a two- layer fusion framework. Then, an online motion- planning algorithm that combines trajectory optimization with a receding horizon control framework is proposed for fast obstacle avoidance."" [p.1]",HYBRID,"Forward-looking RGB-D camera (Asus Xtion), downward-looking optical flow camera (PX4Flow), point laser, sonar, thermal camera (FLIR-tau), IMU (MicroStrain)",INDOOR,NOT_REPORTED,Multisensor fusion framework for state estimation and online motion planning,NOT_REPORTED,Custom quadrotor (58cm x 58cm x 32cm),SYSTEM,REAL,NO_BASELINE,"""Table IX. Success rate of experiments. EnvironmentTotal runSucceedRateNormal44100%Dark7571.4%Smoky9555.5%"" [p.23]","| metric | value + unit | baseline value | page |
|--------|--------------|----------------|------|
| success rate (normal) | 100% | NOT_REPORTED | p.23 |
| success rate (dark) | 71.4% | NOT_REPORTED | p.23 |
| success rate (smoky) | 55.5% | NOT_REPORTED | p.23 |
| Localization mean error | 0.161 m | NOT_REPORTED | p.19 |",NOT_REPORTED,"""our system is still not an optimal design due to some existing constraints. First, our vehicle is still a little large for some narrow hatches... Second, for the sensor systems, we have not incorporated the thermal camera information... Third, the controller needs to take into account the aerodynamic disturbance force... Lastly, our visual odometry is fused with an IMU via a loosely coupled strategy."" [p.23-24]","""Future challenges will be to increase to robustness and safety of the vehicle while increasing flight time... we intend to move from a quadrotor design to a single/coaxial ducted rotor design... We plan on adding sensors that extend the range of environments that our robot can successfully navigate and inspect. On the software side, one important goal is to decrease the dependency on a prior map for state estimation..."" [p.25]","""Office of Naval Research (GS100000006), China Scholarship Council, Natural Science Foundation of China (No. 61573091)."" [p.25]","- OCR errors: ""Received 90 November 2015; accepted 98 June 2016"" (should be 30 and 08). No forbidden numbers encountered.",VERIFIED
REC_1637,A Virtual Testbed for Monocular Visual Navigation of Small Unmanned Aircraft Systems,"Kyung Kim, Robert C. Leishman, Scott L. Nyk",2019,Journal Title XX(X),10.1177/ToBeAssigned,USA (Air Force Institute of Technology),"""Major obstacles inhibiting the ability to analyze and compare visual navigation algorithms include conducting flight tests and gathering accurate truth data."" [p.1]","""This is critical for military operations which may involve environments where GPS signals are degraded or denied."" [p.1]","""This work presents a virtual testbed for conducting simulated flight tests over real- world terrain and analyzing the real- time performance of visual navigation algorithms at 31 Hz."" [p.1]",OTHER,Monocular camera (virtual and real Prosilica GT1290),MIXED,NOT_REPORTED,Virtual testbed for evaluating VO algorithms,NOT_REPORTED,Fixed-wing SUAS (simulated and real 1/3-scale Carbon Cub),SYSTEM,BOTH,"DSO, SVO, ORB-SLAM2","""Table 4 shows ORB-SLAM2 (ORB) has lowest position RMSE in most cases."" [p.10]","| metric | value + unit | baseline value | page |
|--------|--------------|----------------|------|
| ORB-SLAM2 position RMSE | 7.349 m | 126.387 m (DSO) | p.10 |","""ORB- SLAM2 was found to be the most flexible and robust algorithm in both simulation and real- world flights."" [p.12]","""gathering synchronized, accurate truth data at high frequencies is a difficult task in general and this is compounded for small flying vehicles, especially in outdoor environments."" [p.1]","""further work must be accomplished to draw better correlations and conclusions between the state estimates obtained from flight tests in the virtual environment and the real world"" [p.12]",NOT_REPORTED,"- OCR errors: ""Received 90 November 2015; accepted 98 June 2016"" (likely 30 and 08). No forbidden numbers encountered.",VERIFIED
REC_1640,Automatic landing of a low-cost quadrotor using monocular vision and Kalman filter in GPS-denied environments,"Mohammad Fattahi Sani, Maryam Shoaran, Ghader Karimian",2019,Turkish Journal of Electrical Engineering & Computer Sciences,10.3906/elk-1809-204,Iran (University of Tabriz),"""Although automatic landing of a quadrotor can be done using GPS feedback, the landing in GPS-denied areas is still an open research subject."" [p.2]","""Therefore, the necessity for developing fully automatic methods for safe, accurate, and independent landing of drones increases over time. This paper investigates the autolanding process by focusing on an accurate and continuous position estimation of the drone using a monocular vision system and the fusion with the inertial measurement unit and ultrasonic sensors' data."" [p.2]","""In order to overcome the closed loop instability caused by the communication and localization delays, we propose a method called 'movement slicing method'. This method divides the moves around the marker into moving and waiting slices and makes the landing process not only more accurate but also faster."" [p.2]",VISION_OBJECT,"Downward camera, IMU, ultrasonic, barometer",INDOOR,NOT_REPORTED,Movement slicing method with Kalman filter and PID control,NOT_REPORTED,Quadrotor,METHOD,REAL,"Carreira, Sharp et al., Ling, Lange et al.","""Furthermore, our proposed algorithm with the frame rate of 24 fps and the root mean square error (RMSE) of 2.5cm in position estimation has a more acceptable performance compared to 20fps frame rate and 1.37cm RMSE reported in [39]."" [p.16]","| metric | value + unit | baseline value | page |
|--------|--------------|----------------|------|
| Successful landings | 17 times (85%) | NOT_REPORTED | p.16 |
| Average landing time | 14.3 s | Carreira: 60 s; Ling: 17 s | 16, 17 |
| Average landing distance from marker center | 2.9 cm | NOT_REPORTED | p.16 |
| Best landing distance from marker center | 2.3 cm | NOT_REPORTED | p.16 |
| Position estimation RMSE | 2.5 cm | Patruno et al.: 1.37 cm | p.16 |
| Processing frequency | 24 Hz | Patruno et al.: 20 fps | p.16 |","""However, as Figure 12 shows the drone oscillates around the marker due to the drone's delay in executing the commands... However, as it is shown in Figure 13 when the movement slicing method is employed to solve the problem, the drone stops as soon as the marker is seen and performs the rest of the mission with the machine vision part."" [p.14]","""According to the experimental studies, controlling the quadrotor gets very difficult when it is closer than 20 cm to the ground. This behavior, which is caused by wind effect of the propellers, is called 'near ground effect'."" [p.12]","""In addition, the proposed algorithm can be implemented on a drone equipped with a powerful on-board computer in order to carry out all the computations on board, thereby improving the accuracy and the efficiency of the system."" [p.18]",NOT_REPORTED,"- Ground station computation via Wi-Fi link introduces closed-loop latencies addressed by the proposed movement slicing approach.
- Motors turned off when height <15 cm to avoid ground effect turbulence.",VERIFIED
REC_1642,UAV Based Target Finding and Tracking in GPS-Denied and Cluttered Environments,"Fernando Vanegas, Duncan Campbell, Markus Eich, Felipe Gonzalez",2016,2016 IEEE/RSJ International Conference on Intelligent Robots and Systems (IROS),https://doi.org/10.1109/IROS.2016.7759360,Australia (QUT),"""There are certain scenarios in which there is no GPS or there are structures and/or objects in the airspace that must be avoided and the UAV has to rely in its on- board sensors to localise itself."" [p.1]","""This type of scenarios present a challenge due to the uncertainties that are inherent to the perception and motion systems used by the UAV. An additional challenge is presented when a target must be found and followed due to the uncertainty in the target's motion."" [p.2]","""This mission is formulated as a Partially Observable Markov Decision Process (POMDP) and uses a modular framework that runs on the Robotic Operating System (ROS)."" [p.2]",VISION_OBJECT,"Downward-looking camera, front camera, IMU, ultrasonic, barometric sensor",INDOOR,NOT_REPORTED,POMDP-based target finding and tracking,NOT_REPORTED,Parrot AR Drone quadrotor,SYSTEM,BOTH,NO_BASELINE,"""Table IV Real flight results for Target finding problem"" [p.7]","| metric | value + unit | baseline value | page |
|--------|--------------|----------------|------|
| success rate (small loop) | 90% | NOT_REPORTED | p.7 |
| success rate (big loop) | 85% | NOT_REPORTED | p.7 |
| success rate (target escaping) | 55% | NOT_REPORTED | p.7 |",NOT_REPORTED,"""when the target's motion model is mostly deterministic... The system is capable of following a target when it is pursued by an UAV in some cases, even if the target is lost the UAV can search and reacquire the targets position in some cases."" [p.8]","""Current ongoing work focuses on outdoor testing and on exploration of the response of the system in an environment with windy conditions and on the exploration of different reward functions."" [p.8]",NOT_REPORTED,- Author's version. No forbidden numbers encountered.,VERIFIED
REC_1653,A Novel Scene Matching Algorithm via Deep Learning for Vision-based UAV Absolute Localization,"Yan Ren, Zhiqiang Wang",2022,"2022 International Conference on Machine Learning, Cloud Computing and Intelligent Mining (MLCCIM)",10.1109/MLCCIM55934.2022.00043,China (Shenyang Aerospace University),"""However, they are facing more and more intensive jamming and spoofing attacks."" [p.1]","""In this paper, a new framework of visual localization under a GNSS-denied environment is proposed."" [p.1]","""Firstly, a novel image preprocessing method based on information entropy and granular segmentation is presented which can significantly filtrate the Google tiles in the georeferenced area to parsimony set to reduce UAV localization time. Secondly, we introduce an end-to-end image matching method based on convolutional neural network and image preprocessing to realize UAV localization"" [p.1]",VISION_OBJECT,Camera (downward-looking),MIXED,NOT_REPORTED,2-channel CNN-based visual localization,"Google Maps tiles (50 tiles, 5 rows × 10 columns)",DJI Phantom 3 drone,METHOD,REAL,"SURF-based image matching, 2-channel network without preprocessing","""it can be seen that the proposed method obtained the highest accuracy with the least matching time."" [p.7]","| metric | value + unit | baseline value | page |
|--------|--------------|----------------|------|
| Localization error (DJI 0164) | (-0.0002°, -0.0032°) | NOT_REPORTED | p.7 |
| Localization error (DJI 0176) | (0.0046°, -0.0101°) | NOT_REPORTED | p.7 |
| Accuracy (proposed) | 100% | SURF: 50%; 2-channel: 50% | p.8 |
| Matching time (proposed) | 0.023 s | SURF: 0.245 s; 2-channel: 0.029 s | p.8 |","""we also investigate the efficacy of the preprocessing method proposed in this paper. We remove granularity segmentation and observe the accuracy of the same testing images. The accuracy drops from 100% to 50%."" [p.7]","""More efforts will be devoted to the promotion of the UAV localization method in four seasons (especially in winter) and night."" [p.7]","""More efforts will be devoted to the promotion of the UAV localization method in four seasons (especially in winter) and night."" [p.7]",NOT_REPORTED,- No forbidden numbers encountered.,VERIFIED
REC_1660,A Novel Ranging and IMU-Based Method for Relative Positioning of Two-MAV Formation in GNSS-Denied Environments,"Jia Cheng, Peng Ren, Tingxiang Deng",2023,Sensors,10.3390/s23094366,China (Xidian University),"""Especially in GNSS-denied environments, relying solely on the onboard Inertial Measurement Unit (IMU) of the Micro Aerial Vehicles (MAVs) for positioning is not practical."" [p.1]","""In this paper, we propose a novel cooperative relative positioning method for MAVs in GNSS-denied scenarios."" [p.1]","""Specifically, the system model framework is first constructed, and then the Extended Kalman Filter (EKF) algorithm, which is introduced for its ability to handle nonlinear systems, is employed to fuse inter-vehicle ranging and onboard IMU information, achieving joint position estimation of the MAVs."" [p.1]",HYBRID,"IMU, ranging sensor (UWB referenced)",MIXED,NOT_REPORTED,Ranging and IMU-based relative positioning,NOT_REPORTED,Two MAVs,METHOD,SIM,Existing method [32],"""The proposed method achieves a positioning accuracy of approximately 0.55 m, which is about 3.89 times higher than that of an existing positioning method."" [p.1]","| metric | value + unit | baseline value | page |
|--------|--------------|----------------|------|
| Positioning accuracy (proposed) | ~0.55 m | Existing method: ~2.14 m | p.17 |
| Improvement factor | 3.89× | NOT_REPORTED | p.17 |
| Mean error x (Trajectory 1) | ~1.22 m | Trajectory 2: 6.23 m | p.13 |
| Mean error y (Trajectory 1) | ~0.57 m | Trajectory 2: 3.86 m | p.13 |","""we investigate the impact of different ranging errors on the positioning accuracy and stability"" [p.15]","""there is still a certain gap between simulation and reality, mainly in the following aspects: 1. The presence of obstacles, wind conditions, and other environmental factors may affect the performance of MAVs in practical applications."" [p.18]","""actual verification will direct our research in the future."" [p.18]","""National Natural Science Foundation of China (Grant No. 61971320, 62001361) and in part by the Key Industrial Innovation Chain Project in Industrial Domain (Grant No. 2023-ZDLGY-50)."" [p.18]",- No forbidden numbers encountered.,VERIFIED
REC_1667,Autonomous Navigation for Micro Aerial Vehicles in Complex GNSS-denied Environments,"Matthias Nieuwenhuisen, David Droeschel, Marius Beul, Sven Behnke",2016,Journal of Intelligent and Robotic Systems,NOT_REPORTED,Germany,"""Narrow passages and fully closed rooms also prevent the use of global navigation satellite systems (GNSS) like GPS or GLONASS such that GNSS-based hovering or waypoint following is not an option."" [p.1]","""In order to safely navigate in such environments, an alternative is to make MAVs autonomous"" [p.2]","""We present a complete integrated system consisting of an MAV with a multimodal omnidirectional sensor setup, a laser-based 3D mapping and 6D localization, and a multilayered navigation approach"" [p.1]",SLAM,"continuously rotating 3D laser scanner, two stereo camera pairs, eight ultrasonic sensors",INDOOR,NOT_REPORTED,Multilayered navigation with local multiresolution mapping and planning,NOT_REPORTED,MAV with eight co-axial rotors,SYSTEM,REAL,NO_BASELINE,"""multiresolution: min 10 ms, max 60 ms (Case A max 40 ms)"" [p.17]","| metric | value + unit | baseline value | page |
| planning time multiresolution | 10–60 ms | uniform grid 210–720 ms | p.17 |","""we compared the computation times of our local planner when employing different planner representations"" [p.17]","""the MAV is repelled from a small pipe structure ... close to the MAV's view pose"" [p.19]",NOT_REPORTED,"""supported by grants BE 2556/7 and BE 2556/8 of German Research Foundation (DFG) and by the German Federal Ministry for Economic Affairs and Energy (BMWi) in the Autonomous for Industry 4.0 project InventAIRy."" [p.21]",No forbidden numbers appear.,VERIFIED
REC_1678,Position and Orientation from Asynchronous Lidar in GNSS Denied Environments,"Craig Glennie, Francisco Haces-Garcia",2026,"ISPRS Annals of the Photogrammetry, Remote Sensing and Spatial Information Sciences",10.5194/isprs-annals-XI-1-2026-151-2026,USA (University of Houston),"""GNSS systems prone to spoofing and jamming (Dovis, 2015), posing serious risks to position, navigation, timing (PNT) applications dependent on their accuracy and integrity."" [p.1]","""This study investigates the use of a distributed asynchronous lidar system for augmented position and orientation determination in Global Navigation Satellite Systems (GNSS) denied environments."" [p.1]","""An asynchronous lidar design is one in which the laser transmitter and detectors/receivers are disconnected and carried on separate platforms. This unique geometry offers observational redundancy that can be used to estimate the trajectory of the receiver platforms."" [p.1]",LIDAR,"Asynchronous lidar (laser transmitter and detectors), GNSS/IMU for each platform",MIXED,NOT_REPORTED,Asynchronous lidar geolocation,Laboratory demonstration data,"Multiple drones (one transmitter, multiple receivers)",METHOD,SIM,NOT_REPORTED,"""The results show that as long as the laser transmitter is operated above the GNSS denied environment, the system is able to simultaneously estimate position and orientation for multiple receiver drones, even for extended periods of GNSS outages."" [p.1]","| metric | value + unit | baseline value | page |
|--------|--------------|----------------|------|
| Single-epoch 3D residuals (no prior) | ~0.02–0.06 m | NOT_REPORTED | p.4 |
| Single-epoch 3D residuals (coarse orientation prior) | ~0.002–0.005 m | NOT_REPORTED | p.5 |
| Mobile geolocation residuals (straight) | ~0.01–0.02 m | NOT_REPORTED | p.6 |
| Mobile geolocation residuals (vertical) | ~0.03–0.05 m | NOT_REPORTED | p.6 |","""Experiment 2 demonstrates the value of coarse initial estimates of orientation to seed the least squares solution."" [p.5]","""a practical implementation of such a system may use additional transmitters for operational robustness."" [p.6]","""Field deployments of an asynchronous lidar system mounted on several UAS platforms are undergoing testing and development. Moreover, multiple transmitter systems are being investigated... Finally, the operational demonstration of spoofing detection using asynchronous lidar geolocation is also under investigation."" [p.6]",NOT_REPORTED,- No forbidden numbers encountered.,VERIFIED
REC_1715,"AUTONOMOUS TARGETED FLIGHT OF A ROTARY-WING MICRO AERIAL VEHICLE IN INDOOR, GPS-DENIED ENVIRONMENTS","Svetlana Potyagaylo, Omri Rand",2014,ICAS 2014 proceedings,NOT_REPORTED,Israel,"""In such missions, Global Positioning System (GPS) signals may be unavailable and a map of the environment is unknown prior to the flight."" [p.1]","""Nowadays, RW MAVs may be considered as an attractive autonomous platform for various indoor flight missions because of their small size, superior agility, high maneuverability, and hovering capability."" [p.1]","""We present a comprehensive approach for targeted autonomous flight of RW MAVs in a GPS-denied environment where the map of the environment is a priori unknown."" [p.1]",SLAM,single laser range scanner,INDOOR,NOT_REPORTED,Autonomous Indoor Targeted Flight System (AITFS),NOT_REPORTED,Rotary-Wing Micro Aerial Vehicle (RW MAV),SYSTEM,SIM,NO_BASELINE,"""The map quality for this case is approximately ME = 8.8 mm."" [p.7]","| metric | value + unit | baseline value | page |
| map quality ME | 8.8 mm | NOT_REPORTED | p.7 |
| admissible cost threshold | 30 mm | NOT_REPORTED | p.7 |",NOT_REPORTED,"""the problem of the SLAM algorithm failure and the problem when a goal location is unreachable."" [p.7]","""As part of future work, the AutomatedTFS will be fully validated with an aerial platform in real world environments."" [p.9]",NOT_REPORTED,"Pages 3, 6, and 7 contain corrupted repeated-number blocks. No forbidden numbers appear.",VERIFIED
